app,doctype_tecnico,es_actual,es_propuesta,entry_key,referencias,cambio_visible,impacto_cursos_docs,estado
erpnext,Account Closing Balance,Balance de Cierre de Cuenta,Saldo de Cierre de Cuenta,erpnext:3ec09984e0dded53,erpnext/accounts/doctype/account_closing_balance/account_closing_balance.json,sí,alto (nombre de DocType visible en menús/cursos),pendiente de consulta a clientes
erpnext,Accounting Dimension Filter,Filtro de dimensión contable,Filtro de Dimensión Contable,erpnext:7ffa28ba069ec431,erpnext/accounts/doctype/accounting_dimension_filter/accounting_dimension_filter.json,sí,alto (nombre de DocType visible en menús/cursos),pendiente de consulta a clientes
erpnext,Advance Payment Ledger Entry,Asiento contable de pago anticipado,Asiento de Libro Mayor de Anticipos de Pago,erpnext:bb2c08e3c66e1888,erpnext/accounts/doctype/advance_payment_ledger_entry/advance_payment_ledger_entry.json,sí,alto (nombre de DocType visible en menús/cursos),pendiente de consulta a clientes
erpnext,Advance Taxes And Charges,Impuestos y Cargos anticipados,Impuestos y Cargos Anticipados,erpnext:094f9b1fd7980c03,erpnext/accounts/doctype/advance_taxes_and_charges/advance_taxes_and_charges.json || erpnext/accounts/doctype/payment_entry/payment_entry.json,sí,alto (nombre de DocType visible en menús/cursos),pendiente de consulta a clientes
erpnext,Allowed To Transact With,Permitido para realizar Transacciones con,Permitido para Realizar Transacciones Con,erpnext:0108120ecc469080,erpnext/accounts/doctype/allowed_to_transact_with/allowed_to_transact_with.json,sí,alto (nombre de DocType visible en menús/cursos),pendiente de consulta a clientes
erpnext,Appointment Booking Slots,Ranuras de reserva de citas,Franjas de reserva de citas,erpnext:aa8370e85bd14f2d,erpnext/crm/doctype/appointment_booking_slots/appointment_booking_slots.json,sí,alto (nombre de DocType visible en menús/cursos),pendiente de consulta a clientes
erpnext,Asset Capitalization Asset Item,Capitalización de Activo Artículo de Activo,Artículo de Activo de Capitalización de Activos,erpnext:231f1252372e623c,erpnext/assets/doctype/asset_capitalization_asset_item/asset_capitalization_asset_item.json,sí,alto (nombre de DocType visible en menús/cursos),pendiente de consulta a clientes
erpnext,Asset Capitalization Service Item,Capitalización de Activo Artículo de Servicio,Artículo de Servicio de Capitalización de Activo,erpnext:e06f74bd1ea0dd7e,erpnext/assets/doctype/asset_capitalization_service_item/asset_capitalization_service_item.json,sí,alto (nombre de DocType visible en menús/cursos),pendiente de consulta a clientes
erpnext,Asset Capitalization Stock Item,Capitalización de Activo Articulo de Stock,Artículo de Inventario de Capitalización de Activos,erpnext:cf4cae9759f44b47,erpnext/assets/doctype/asset_capitalization_stock_item/asset_capitalization_stock_item.json,sí,alto (nombre de DocType visible en menús/cursos),pendiente de consulta a clientes
erpnext,Asset Depreciation Schedule,Calendario de depreciación de Activo,Calendario de Depreciación de Activos,erpnext:70294309cf403aac,erpnext/assets/doctype/asset_depreciation_schedule/asset_depreciation_schedule.json,sí,alto (nombre de DocType visible en menús/cursos),pendiente de consulta a clientes
erpnext,Asset Finance Book,Libro de Finanzas de Activos,Libro Financiero de Activos,erpnext:20a0480ac3476d77,erpnext/assets/doctype/asset_finance_book/asset_finance_book.json,sí,alto (nombre de DocType visible en menús/cursos),pendiente de consulta a clientes
erpnext,Asset Movement Item,Elemento de movimiento de activos,Artículo de Movimiento de Activo,erpnext:8bab53836aa1e718,erpnext/assets/doctype/asset_movement_item/asset_movement_item.json,sí,alto (nombre de DocType visible en menús/cursos),pendiente de consulta a clientes
erpnext,Asset Repair Purchase Invoice,Factura de compra Reparación de Activo,Factura de Compra de Reparación de Activo,erpnext:67557d663caab5bd,erpnext/assets/doctype/asset_repair_purchase_invoice/asset_repair_purchase_invoice.json,sí,alto (nombre de DocType visible en menús/cursos),pendiente de consulta a clientes
erpnext,Purchase Invoice Item,LdM,BOM,erpnext:3e2efa03840a7d08,erpnext/accounts/doctype/purchase_invoice_item/purchase_invoice_item.json || erpnext/buying/doctype/buying_settings/buying_settings.json || erpnext/buying/doctype/purchase_order_item/purchase_order_it,sí,alto (nombre de DocType visible en menús/cursos),pendiente de consulta a clientes
erpnext,Bom Item,Lista de materiales (LdM) del producto,Artículo de la lista de materiales (BOM),erpnext:98445e9b4c46de77,erpnext/manufacturing/doctype/bom_item/bom_item.json,sí,alto (nombre de DocType visible en menús/cursos),pendiente de consulta a clientes
erpnext,Bom Secondary Item,,Artículo Secundario de la Lista de Materiales,erpnext:04006c8ac7e498d7,erpnext/manufacturing/doctype/bom_secondary_item/bom_secondary_item.json || erpnext/stock/doctype/stock_entry_detail/stock_entry_detail.json || erpnext/stock/report/item_where_used/item_where_used.py:,sí,medio,pendiente de consulta a clientes
erpnext,Bank Account Balance,,Saldo de Cuenta Bancaria,erpnext:1f2e87599c9c9f2e,erpnext/accounts/doctype/bank_account_balance/bank_account_balance.json,sí,medio,pendiente de consulta a clientes
erpnext,Bank Clearance Detail,Detalle de liquidación bancaria,Detalle de Compensación Bancaria,erpnext:fabd232708b9f93d,erpnext/accounts/doctype/bank_clearance_detail/bank_clearance_detail.json,sí,alto (nombre de DocType visible en menús/cursos),pendiente de consulta a clientes
erpnext,Bank Reconciliation Tool,Herramienta de Reconciliación Bancaria,Herramienta de Conciliación Bancaria,erpnext:506c0fca17824948,erpnext/accounts/doctype/bank_reconciliation_tool/bank_reconciliation_tool.json || erpnext/accounts/workspace/invoicing/invoicing.json,sí,alto (nombre de DocType visible en menús/cursos),pendiente de consulta a clientes
erpnext,Bank Statement Import Log,,Registro de Importación de Extractos Bancarios,erpnext:79e5208284d76696,erpnext/accounts/doctype/bank_statement_import_log/bank_statement_import_log.json,sí,medio,pendiente de consulta a clientes
erpnext,Bank Statement Import Log Column Map,,Mapa de Columnas del Registro de Importación de Extractos Bancarios,erpnext:78133d321b0afb99,erpnext/accounts/doctype/bank_statement_import_log_column_map/bank_statement_import_log_column_map.json,sí,medio,pendiente de consulta a clientes
erpnext,Bank Transaction Rule,,Regla de Transacción Bancaria,erpnext:503c0e4fc7514aec,erpnext/accounts/doctype/bank_transaction_rule/bank_transaction_rule.json,sí,medio,pendiente de consulta a clientes
erpnext,Bank Transaction Rule Accounts,,Cuentas de Regla de Transacción Bancaria,erpnext:9401178df268b68f,erpnext/accounts/doctype/bank_transaction_rule_accounts/bank_transaction_rule_accounts.json,sí,medio,pendiente de consulta a clientes
erpnext,Bank Transaction Rule Description Conditions,,Condiciones de Descripción de Regla de Transacción Bancaria,erpnext:fb7eae3e1034fba7,erpnext/accounts/doctype/bank_transaction_rule_description_conditions/bank_transaction_rule_description_conditions.json,sí,medio,pendiente de consulta a clientes
erpnext,Bin,Papelera,Ubicación de inventario,erpnext:7333daa23b184227,erpnext/stock/doctype/bin/bin.json,sí,alto (nombre de DocType visible en menús/cursos),pendiente de consulta a clientes
erpnext,Bisect Accounting Statements,Dividir estados contables,Bisecar Estados Contables,erpnext:c51f7e34eab44fe0,erpnext/accounts/doctype/bisect_accounting_statements/bisect_accounting_statements.json,sí,alto (nombre de DocType visible en menús/cursos),pendiente de consulta a clientes
erpnext,Campaign Item,Artículos de campaña,Artículo de campaña,erpnext:e02cca56dfe6c170,erpnext/accounts/doctype/campaign_item/campaign_item.json,sí,alto (nombre de DocType visible en menús/cursos),pendiente de consulta a clientes
erpnext,Chart Of Accounts Importer,Importador de plan de cuentas,Importador de Catálogo de Cuentas,erpnext:242acaff9ba9514e,erpnext/accounts/doctype/chart_of_accounts_importer/chart_of_accounts_importer.json || erpnext/accounts/workspace/invoicing/invoicing.json || erpnext/setup/workspace/home/home.json,sí,alto (nombre de DocType visible en menús/cursos),pendiente de consulta a clientes
erpnext,Account Closing Balance,Centro de costos,Centro de Costos,erpnext:997a3b276e52376f,banking/src/components/features/BankReconciliation/BankEntryModalContent.tsx:567 || banking/src/components/features/BankReconciliation/BankEntryModalContent.tsx:626 || banking/src/components/features/,sí,alto (nombre de DocType visible en menús/cursos),pendiente de consulta a clientes
erpnext,Cost Center Allocation,Asignación de Centro de Costo,Asignación de Centro de Costos,erpnext:8e5674de293cd056,erpnext/accounts/doctype/cost_center_allocation/cost_center_allocation.json || erpnext/accounts/workspace/invoicing/invoicing.json || erpnext/workspace_sidebar/budget.json,sí,alto (nombre de DocType visible en menús/cursos),pendiente de consulta a clientes
erpnext,Coupon Code,Código promocional,Código de Cupón,erpnext:f66fd8dc64d8c50b,erpnext/accounts/doctype/coupon_code/coupon_code.json || erpnext/accounts/doctype/pos_invoice/pos_invoice.json || erpnext/accounts/doctype/sales_invoice/sales_invoice.json || erpnext/selling/doctype/q,sí,alto (nombre de DocType visible en menús/cursos),pendiente de consulta a clientes
erpnext,Currency Exchange Settings Result,Resultado de la configuración de cambio de moneda,Resultado de Configuración de Cambio de Moneda,erpnext:3d927b14d9862d73,erpnext/accounts/doctype/currency_exchange_settings_result/currency_exchange_settings_result.json,sí,alto (nombre de DocType visible en menús/cursos),pendiente de consulta a clientes
erpnext,Customer Group Item,Categoría de Cliente,Grupo de Clientes,erpnext:f48c1efeeac76915,erpnext/accounts/doctype/customer_group_item/customer_group_item.json || erpnext/accounts/doctype/loyalty_program/loyalty_program.json || erpnext/accounts/doctype/pos_customer_group/pos_customer_group,sí,alto (nombre de DocType visible en menús/cursos),pendiente de consulta a clientes
erpnext,Pos Invoice Item,Nota de entrega,Nota de Entrega,erpnext:ee6d55c05c2d5bbe,erpnext/accounts/doctype/pos_invoice_item/pos_invoice_item.json || erpnext/accounts/doctype/sales_invoice/sales_invoice.js:129 || erpnext/accounts/doctype/sales_invoice/sales_invoice.js:434 || erpnext,sí,alto (nombre de DocType visible en menús/cursos),pendiente de consulta a clientes
erpnext,Pos Invoice Item,Nota de entrega del producto,Nota de entrega del artículo,erpnext:af802f4eebd65b79,erpnext/accounts/doctype/pos_invoice_item/pos_invoice_item.json || erpnext/accounts/doctype/sales_invoice_item/sales_invoice_item.json || erpnext/stock/doctype/delivery_note/delivery_note.json || erpn,sí,alto (nombre de DocType visible en menús/cursos),pendiente de consulta a clientes
erpnext,Delivery Schedule Item,,Artículo de programa de entrega,erpnext:741ae7a43281c032,erpnext/selling/doctype/delivery_schedule_item/delivery_schedule_item.json,sí,medio,pendiente de consulta a clientes
erpnext,Asset,Programación de la depreciación,Programa de Depreciación,erpnext:e21630a5efcef64f,erpnext/assets/doctype/asset/asset.json || erpnext/assets/doctype/asset_depreciation_schedule/asset_depreciation_schedule.json || erpnext/assets/doctype/asset_shift_allocation/asset_shift_allocation.j,sí,alto (nombre de DocType visible en menús/cursos),pendiente de consulta a clientes
erpnext,Dunning,Tipo de reclamación,Tipo de Requerimiento de Cobro,erpnext:2779009dec3c8fd5,erpnext/accounts/doctype/dunning/dunning.json || erpnext/accounts/doctype/dunning_type/dunning_type.json || erpnext/workspace_sidebar/banking.json,sí,alto (nombre de DocType visible en menús/cursos),pendiente de consulta a clientes
erpnext,Account Closing Balance,Libro de finanzas,Libro Financiero,erpnext:29503dc9018a2b3d,erpnext/accounts/doctype/account_closing_balance/account_closing_balance.json || erpnext/accounts/doctype/finance_book/finance_book.json || erpnext/accounts/doctype/gl_entry/gl_entry.json || erpnext/a,sí,alto (nombre de DocType visible en menús/cursos),pendiente de consulta a clientes
erpnext,Financial Report Row,,Fila de Reporte Financiero,erpnext:01015fd7d32aca20,erpnext/accounts/doctype/financial_report_row/financial_report_row.json,sí,medio,pendiente de consulta a clientes
erpnext,Financial Report Template,,Plantilla de Reporte Financiero,erpnext:80474dd5846aff1a,erpnext/accounts/doctype/financial_report_template/financial_report_template.json || erpnext/workspace_sidebar/financial_reports.json,sí,medio,pendiente de consulta a clientes
erpnext,Fiscal Year,Año fiscal,Ejercicio Fiscal,erpnext:0dfcc058a0b911c9,erpnext/accounts/doctype/fiscal_year/fiscal_year.json || erpnext/accounts/doctype/gl_entry/gl_entry.json || erpnext/accounts/doctype/monthly_distribution/monthly_distribution.json || erpnext/accounts/,sí,alto (nombre de DocType visible en menús/cursos),pendiente de consulta a clientes
erpnext,Frappe Crm Allowed User,,Usuario permitido de Frappe CRM,erpnext:caa171e962b68028,erpnext/crm/doctype/frappe_crm_allowed_user/frappe_crm_allowed_user.json,sí,medio,pendiente de consulta a clientes
erpnext,Gl Entry,Entrada GL,Asiento de Libro Mayor,erpnext:dffb019dee414cf1,erpnext/accounts/doctype/gl_entry/gl_entry.json || erpnext/accounts/report/general_ledger/general_ledger.py:690,sí,alto (nombre de DocType visible en menús/cursos),pendiente de consulta a clientes
erpnext,Installation Note Item,Nota de instalación de elementos,Nota de instalación de artículos,erpnext:e7d97bf9ff179feb,erpnext/selling/doctype/installation_note_item/installation_note_item.json,sí,alto (nombre de DocType visible en menús/cursos),pendiente de consulta a clientes
erpnext,Pos Invoice Item,Producto,Artículo,erpnext:85573858947210d6,erpnext/accounts/doctype/pos_invoice_item/pos_invoice_item.json || erpnext/accounts/doctype/purchase_invoice_item/purchase_invoice_item.json || erpnext/accounts/doctype/sales_invoice_item/sales_invoic,sí,alto (nombre de DocType visible en menús/cursos),pendiente de consulta a clientes
erpnext,Item,Atributos del Producto,Atributo de Artículo,erpnext:7b4d6c6a59332d4f,erpnext/stock/doctype/item/item.json || erpnext/stock/doctype/item_attribute/item_attribute.json || erpnext/stock/doctype/item_variant/item_variant.json || erpnext/stock/workspace/stock/stock.json || ,sí,alto (nombre de DocType visible en menús/cursos),pendiente de consulta a clientes
erpnext,Item Attribute Value,Atributos del Producto,Atributos del Artículo,erpnext:e5ee2bd92747665b,erpnext/stock/doctype/item_attribute_value/item_attribute_value.json || erpnext/stock/doctype/item_variant/item_variant.json,sí,alto (nombre de DocType visible en menús/cursos),pendiente de consulta a clientes
erpnext,Item Customer Detail,Detalle del producto para el cliente,Detalle del artículo para el cliente,erpnext:fb60b8481cdb7b78,erpnext/stock/doctype/item_customer_detail/item_customer_detail.json,sí,alto (nombre de DocType visible en menús/cursos),pendiente de consulta a clientes
erpnext,Pos Invoice Item,Grupo de Productos,Grupo de Artículos,erpnext:161c4620dc909d80,erpnext/accounts/doctype/pos_invoice_item/pos_invoice_item.json || erpnext/accounts/doctype/pos_item_group/pos_item_group.json || erpnext/accounts/doctype/pricing_rule/pricing_rule.json || erpnext/acc,sí,alto (nombre de DocType visible en menús/cursos),pendiente de consulta a clientes
erpnext,Manufacturing (Workspace),,Tiempo de entrega del artículo,erpnext:a46faef968c8aa82,erpnext/manufacturing/workspace/manufacturing/manufacturing.json || erpnext/stock/doctype/item_lead_time/item_lead_time.json || erpnext/workspace_sidebar/manufacturing.json,sí,medio,pendiente de consulta a clientes
erpnext,Buying (Workspace),Precio de Productos,Precio del artículo,erpnext:063335254d23dd97,erpnext/buying/workspace/buying/buying.json || erpnext/selling/workspace/selling/selling.json || erpnext/stock/doctype/item_price/item_price.json || erpnext/stock/workspace/stock/stock.json || erpnext,sí,alto (nombre de DocType visible en menús/cursos),pendiente de consulta a clientes
erpnext,Item Quality Inspection Parameter,Parámetro de Inspección de Calidad del producto,Parámetro de inspección de calidad del artículo,erpnext:6aa3f4d2f137c7b9,erpnext/stock/doctype/item_quality_inspection_parameter/item_quality_inspection_parameter.json || erpnext/stock/doctype/quality_inspection_template/quality_inspection_template.json,sí,alto (nombre de DocType visible en menús/cursos),pendiente de consulta a clientes
erpnext,Item Reorder,Reabastecer producto,Reorden de artículo,erpnext:49fea26b5e51660b,erpnext/stock/doctype/item_reorder/item_reorder.json || erpnext/stock/doctype/material_request_item/material_request_item.json,sí,alto (nombre de DocType visible en menús/cursos),pendiente de consulta a clientes
erpnext,Item,Proveedor del Producto,Proveedor del Artículo,erpnext:9cd35c115a53e59f,erpnext/stock/doctype/item/item.json || erpnext/stock/doctype/item_supplier/item_supplier.json,sí,alto (nombre de DocType visible en menús/cursos),pendiente de consulta a clientes
erpnext,Item Group,Impuestos del Producto,Impuestos del Artículo,erpnext:b15d9d85508f56c1,erpnext/setup/doctype/item_group/item_group.json || erpnext/stock/doctype/item_tax/item_tax.json,sí,alto (nombre de DocType visible en menús/cursos),pendiente de consulta a clientes
erpnext,Item Variant,Variante del Producto,Variante del artículo,erpnext:243dd48fe834b4d9,erpnext/stock/doctype/item_variant/item_variant.json || erpnext/stock/report/item_where_used/item_where_used.py:385,sí,alto (nombre de DocType visible en menús/cursos),pendiente de consulta a clientes
erpnext,Item Website Specification,Especificación del producto en la WEB,Especificación del artículo en la WEB,erpnext:8f4087ae7bd14dcc,erpnext/stock/doctype/item_website_specification/item_website_specification.json,sí,alto (nombre de DocType visible en menús/cursos),pendiente de consulta a clientes
erpnext,Item Wise Tax Detail,Detalle de Impuestos,Detalle de Impuesto por Artículo,erpnext:b55b0c1e8c217695,erpnext/accounts/doctype/item_wise_tax_detail/item_wise_tax_detail.json,sí,alto (nombre de DocType visible en menús/cursos),pendiente de consulta a clientes
erpnext,Purchase Order Item,Tarjeta de trabajo,Vale de Trabajo,erpnext:53b06bbda4ed1218,erpnext/buying/doctype/purchase_order_item/purchase_order_item.json || erpnext/manufacturing/doctype/bom/bom.json || erpnext/manufacturing/doctype/job_card/job_card.json || erpnext/manufacturing/docty,sí,alto (nombre de DocType visible en menús/cursos),pendiente de consulta a clientes
erpnext,Job Card Item,Artículo de Tarjeta de Trabajo,Artículo de Vale de Trabajo,erpnext:ff64a2bf54a8ca60,erpnext/manufacturing/doctype/job_card_item/job_card_item.json || erpnext/stock/doctype/material_request_item/material_request_item.json || erpnext/stock/doctype/stock_entry_detail/stock_entry_detail.,sí,alto (nombre de DocType visible en menús/cursos),pendiente de consulta a clientes
erpnext,Job Card Operation,Ficha de trabajo Operación,Operación del Vale de Trabajo,erpnext:ee66148066b7639b,erpnext/manufacturing/doctype/job_card_operation/job_card_operation.json,sí,alto (nombre de DocType visible en menús/cursos),pendiente de consulta a clientes
erpnext,Job Card Scheduled Time,Ficha de trabajo Hora programada,Hora programada del Vale de Trabajo,erpnext:37b8b8a24310febe,erpnext/manufacturing/doctype/job_card_scheduled_time/job_card_scheduled_time.json,sí,alto (nombre de DocType visible en menús/cursos),pendiente de consulta a clientes
erpnext,Job Card Secondary Item,,Artículo secundario del vale de trabajo,erpnext:0aec483f13df3b01,erpnext/manufacturing/doctype/job_card_secondary_item/job_card_secondary_item.json,sí,medio,pendiente de consulta a clientes
erpnext,Job Card Time Log,Registro de tiempo de tarjeta de trabajo,Registro de tiempo de vale de trabajo,erpnext:f1dbad5ab061c78b,erpnext/manufacturing/doctype/job_card_time_log/job_card_time_log.json,sí,alto (nombre de DocType visible en menús/cursos),pendiente de consulta a clientes
erpnext,Accounts Settings,Asiento contable,Asiento Contable,erpnext:55f2af408d7ca165,erpnext/accounts/doctype/accounts_settings/accounts_settings.js:58 || erpnext/accounts/doctype/journal_entry/journal_entry.json || erpnext/accounts/doctype/journal_entry_account/journal_entry_account.,sí,alto (nombre de DocType visible en menús/cursos),pendiente de consulta a clientes
erpnext,Journal Entry Template,Plantilla de entrada de diario,Plantilla de Asiento Contable,erpnext:62139e3a1d0b9028,erpnext/accounts/doctype/journal_entry_template/journal_entry_template.json || erpnext/accounts/workspace/invoicing/invoicing.json || erpnext/workspace_sidebar/accounts_setup.json,sí,alto (nombre de DocType visible en menús/cursos),pendiente de consulta a clientes
erpnext,Journal Entry Template Account,Cuenta de plantilla de asiento de diario,Cuenta de Plantilla de Asiento Contable,erpnext:2b20e8df08ddbad4,erpnext/accounts/doctype/journal_entry_template_account/journal_entry_template_account.json,sí,alto (nombre de DocType visible en menús/cursos),pendiente de consulta a clientes
erpnext,Landed Cost Purchase Receipt,Recibo sobre costos de destino estimados,Recibo de compra de costos en destino,erpnext:1e260b154f0b5484,erpnext/stock/doctype/landed_cost_purchase_receipt/landed_cost_purchase_receipt.json,sí,alto (nombre de DocType visible en menús/cursos),pendiente de consulta a clientes
erpnext,Landed Cost Vendor Invoice,,Factura de proveedor de costos de destino estimados,erpnext:de134f6cd7964a21,erpnext/stock/doctype/landed_cost_vendor_invoice/landed_cost_vendor_invoice.json,sí,medio,pendiente de consulta a clientes
erpnext,Purchase Invoice,Comprobante de costos de destino estimados,Comprobante de Costos de Importación,erpnext:3e87e18b068c58e5,erpnext/accounts/doctype/purchase_invoice/purchase_invoice.js:671 || erpnext/stock/doctype/landed_cost_voucher/landed_cost_voucher.json || erpnext/stock/doctype/purchase_receipt/purchase_receipt.js:88,sí,alto (nombre de DocType visible en menús/cursos),pendiente de consulta a clientes
erpnext,Crm Settings,Iniciativa,Lead,erpnext:b5e83a634383effd,erpnext/crm/doctype/crm_settings/crm_settings.json || erpnext/crm/doctype/email_campaign/email_campaign.json || erpnext/crm/doctype/lead/lead.json || erpnext/crm/doctype/prospect_lead/prospect_lead.js,sí,alto (nombre de DocType visible en menús/cursos),pendiente de consulta a clientes
erpnext,Ledger Health,Estado del libro mayor,Salud del Libro Mayor,erpnext:959f5f2ffd5fea9c,erpnext/accounts/doctype/ledger_health/ledger_health.json,sí,alto (nombre de DocType visible en menús/cursos),pendiente de consulta a clientes
erpnext,Ledger Health Monitor,Monitor de estado del libro mayor,Monitor de Estado del Libro Mayor,erpnext:0f8ff5b9ab5551d2,erpnext/accounts/doctype/ledger_health_monitor/ledger_health_monitor.json,sí,alto (nombre de DocType visible en menús/cursos),pendiente de consulta a clientes
erpnext,Ledger Merge,Fusión de libro mayor,Fusión de Libro Mayor,erpnext:54d3278727ac1036,erpnext/accounts/doctype/ledger_merge/ledger_merge.json,sí,alto (nombre de DocType visible en menús/cursos),pendiente de consulta a clientes
erpnext,Ledger Merge Accounts,,Cuentas de Fusión de Libro Mayor,erpnext:870e820fe4d27098,erpnext/accounts/doctype/ledger_merge_accounts/ledger_merge_accounts.json,sí,medio,pendiente de consulta a clientes
erpnext,Loyalty Point Entry,Punto de fidelidad,Registro de Puntos de Fidelidad,erpnext:0f741f8840054e84,erpnext/accounts/doctype/loyalty_point_entry/loyalty_point_entry.json || erpnext/selling/workspace/selling/selling.json || erpnext/workspace_sidebar/selling.json,sí,alto (nombre de DocType visible en menús/cursos),pendiente de consulta a clientes
erpnext,Loyalty Point Entry Redemption,Redención de entrada al punto de lealtad,Canje de Registro de Puntos de Lealtad,erpnext:55b3ba19d65e204b,erpnext/accounts/doctype/loyalty_point_entry_redemption/loyalty_point_entry_redemption.json,sí,alto (nombre de DocType visible en menús/cursos),pendiente de consulta a clientes
erpnext,Loyalty Program Collection,Colección del Programa de Lealtad,Colección de Programa de Lealtad,erpnext:1ca12a58a45a79ea,erpnext/accounts/doctype/loyalty_program_collection/loyalty_program_collection.json,sí,alto (nombre de DocType visible en menús/cursos),pendiente de consulta a clientes
erpnext,Manufacturing Settings,Ajustes de Producción,Configuración de Producción,erpnext:9850f6f6f8db4b97,erpnext/manufacturing/doctype/manufacturing_settings/manufacturing_settings.json || erpnext/manufacturing/workspace/manufacturing/manufacturing.json || erpnext/workspace_sidebar/erpnext_settings.json,sí,alto (nombre de DocType visible en menús/cursos),pendiente de consulta a clientes
erpnext,Master Production Schedule,,Programa Maestro de Producción,erpnext:4a5caafac504cf54,erpnext/manufacturing/doctype/master_production_schedule/master_production_schedule.json || erpnext/manufacturing/workspace/manufacturing/manufacturing.json || erpnext/workspace_sidebar/manufacturing.,sí,medio,pendiente de consulta a clientes
erpnext,Master Production Schedule Item,,Artículo del Programa Maestro de Producción,erpnext:aba0cb5345bef6e7,erpnext/manufacturing/doctype/master_production_schedule_item/master_production_schedule_item.json,sí,medio,pendiente de consulta a clientes
erpnext,Purchase Invoice Item,Solicitud de Materiales,Solicitud de Material,erpnext:ac7959abcbef5440,erpnext/accounts/doctype/purchase_invoice_item/purchase_invoice_item.json || erpnext/buying/doctype/buying_settings/buying_settings.js:45 || erpnext/buying/doctype/purchase_order/purchase_order.js:528,sí,alto (nombre de DocType visible en menús/cursos),pendiente de consulta a clientes
erpnext,Purchase Invoice Item,Requisición de Materiales del Producto,Artículo de Solicitud de Material,erpnext:81ac8a4a7e85845f,erpnext/accounts/doctype/purchase_invoice_item/purchase_invoice_item.json || erpnext/buying/doctype/purchase_order_item/purchase_order_item.json || erpnext/buying/doctype/request_for_quotation_item/re,sí,alto (nombre de DocType visible en menús/cursos),pendiente de consulta a clientes
erpnext,Invoicing (Workspace),Modo de pago,Forma de Pago,erpnext:e60e6331dd088195,banking/src/components/features/BankReconciliation/RecordPaymentModalContent.tsx:234 || banking/src/components/features/BankReconciliation/RecordPaymentModalContent.tsx:433 || erpnext/accounts/doctype,sí,alto (nombre de DocType visible en menús/cursos),pendiente de consulta a clientes
erpnext,Mode Of Payment Account,Modo de pago a cuenta,Cuenta de Modo de Pago,erpnext:1362c3969432a64d,erpnext/accounts/doctype/mode_of_payment_account/mode_of_payment_account.json,sí,alto (nombre de DocType visible en menús/cursos),pendiente de consulta a clientes
erpnext,Monthly Distribution Percentage,Distribución mensual porcentual,Porcentaje de Distribución Mensual,erpnext:e924f6694528a88a,erpnext/accounts/doctype/monthly_distribution_percentage/monthly_distribution_percentage.json,sí,alto (nombre de DocType visible en menús/cursos),pendiente de consulta a clientes
erpnext,Account,Herramienta de Apertura de Creación de Facturas,Herramienta de Creación de Facturas de Apertura,erpnext:fbab3e4e969b5b60,erpnext/accounts/doctype/account/account_tree.js:201 || erpnext/accounts/doctype/opening_invoice_creation_tool/opening_invoice_creation_tool.json || erpnext/accounts/workspace/invoicing/invoicing.json,sí,alto (nombre de DocType visible en menús/cursos),pendiente de consulta a clientes
erpnext,Opening Invoice Creation Tool Item,Apertura de Elemento de Herramienta de Creación de Factura,Artículo de la Herramienta de Creación de Facturas de Apertura,erpnext:cf8a671f1835891a,erpnext/accounts/doctype/opening_invoice_creation_tool_item/opening_invoice_creation_tool_item.json,sí,alto (nombre de DocType visible en menús/cursos),pendiente de consulta a clientes
erpnext,Opportunity Item,Oportunidad Artículo,Artículo de la oportunidad,erpnext:d10c6254c96e89d3,erpnext/crm/doctype/opportunity_item/opportunity_item.json || erpnext/selling/doctype/quotation/quotation.json,sí,alto (nombre de DocType visible en menús/cursos),pendiente de consulta a clientes
erpnext,Pos Closing Entry,Entrada de cierre de PdV,Asiento de Cierre de PdV,erpnext:36c62080f08a1b44,erpnext/accounts/doctype/pos_closing_entry/pos_closing_entry.json || erpnext/accounts/doctype/pos_invoice_merge_log/pos_invoice_merge_log.json || erpnext/accounts/doctype/pos_opening_entry/pos_opening,sí,alto (nombre de DocType visible en menús/cursos),pendiente de consulta a clientes
erpnext,Pos Closing Entry Detail,Detalle de entrada de cierre de POS,Detalle de Entrada de Cierre de POS,erpnext:e139125e2cced513,erpnext/accounts/doctype/pos_closing_entry_detail/pos_closing_entry_detail.json,sí,alto (nombre de DocType visible en menús/cursos),pendiente de consulta a clientes
erpnext,Pos Closing Entry Taxes,Impuestos de entrada al cierre de POS,Impuestos del Asiento de Cierre de PdV,erpnext:533fe35d001b377d,erpnext/accounts/doctype/pos_closing_entry_taxes/pos_closing_entry_taxes.json,sí,alto (nombre de DocType visible en menús/cursos),pendiente de consulta a clientes
erpnext,Pos Invoice Item,Artículo de factura POS,Artículo de Factura POS,erpnext:b921367072a3e550,erpnext/accounts/doctype/pos_invoice_item/pos_invoice_item.json || erpnext/accounts/doctype/sales_invoice_item/sales_invoice_item.json,sí,alto (nombre de DocType visible en menús/cursos),pendiente de consulta a clientes
erpnext,Pos Invoice Reference,Referencia de factura de punto de venta,Referencia de Factura PdV,erpnext:7d65e6c5c5d7703c,erpnext/accounts/doctype/pos_invoice_reference/pos_invoice_reference.json,sí,alto (nombre de DocType visible en menús/cursos),pendiente de consulta a clientes
erpnext,Pos Item Group,Grupo de Productos PdV,Grupo de Artículos de Punto de Venta,erpnext:67f59c05520d98b1,erpnext/accounts/doctype/pos_item_group/pos_item_group.json,sí,alto (nombre de DocType visible en menús/cursos),pendiente de consulta a clientes
erpnext,Pos Payment Method,Método de Pago PdV,Método de Pago de PDV,erpnext:f99e5e3b77862e15,erpnext/accounts/doctype/pos_payment_method/pos_payment_method.json,sí,alto (nombre de DocType visible en menús/cursos),pendiente de consulta a clientes
erpnext,Pos Profile User,Usuario de Perfil PdV,Usuario del Perfil de POS,erpnext:eeffd9c612c6c248,erpnext/accounts/doctype/pos_profile_user/pos_profile_user.json,sí,alto (nombre de DocType visible en menús/cursos),pendiente de consulta a clientes
erpnext,Party Account,Cuenta asignada,Cuenta del Tercero,erpnext:a3522e8a2479d5c5,erpnext/accounts/doctype/party_account/party_account.json || erpnext/accounts/report/accounts_receivable/accounts_receivable.py:1161,sí,alto (nombre de DocType visible en menús/cursos),pendiente de consulta a clientes
erpnext,Party Link,Enlace de terceros,Vínculo de Tercero,erpnext:02d21c363edcbfee,erpnext/accounts/doctype/party_link/party_link.json,sí,alto (nombre de DocType visible en menús/cursos),pendiente de consulta a clientes
erpnext,Unreconcile Payment Entries,Tipo de entidad,Tipo de tercero,erpnext:2490aae87154417d,banking/src/components/features/BankReconciliation/BankEntryModalContent.tsx:590 || banking/src/components/features/BankReconciliation/RecordPaymentModalContent.tsx:170 || banking/src/components/featu,sí,alto (nombre de DocType visible en menús/cursos),pendiente de consulta a clientes
erpnext,Invoicing (Workspace),Entrada de pago,Registro de Pago,erpnext:0aed1c03c043195a,banking/src/components/features/BankReconciliation/Rules/RuleForm.tsx:271 || erpnext/accounts/doctype/accounts_settings/accounts_settings.js:59 || erpnext/accounts/doctype/bank_clearance_detail/bank_c,sí,alto (nombre de DocType visible en menús/cursos),pendiente de consulta a clientes
erpnext,Payment Entry Deduction,Deducción de Entrada de Pago,Deducción de Registro de Pago,erpnext:c7968ecc73b2d96a,erpnext/accounts/doctype/payment_entry_deduction/payment_entry_deduction.json,sí,alto (nombre de DocType visible en menús/cursos),pendiente de consulta a clientes
erpnext,Payment Entry Reference,Referencia de Entrada de Pago,Referencia de Registro de Pago,erpnext:c9ded2efbc2944f0,erpnext/accounts/doctype/payment_entry_reference/payment_entry_reference.json,sí,alto (nombre de DocType visible en menús/cursos),pendiente de consulta a clientes
erpnext,Payment Ledger Entry,,Registro del Libro Mayor de Pagos,erpnext:0d25949e150ccaab,erpnext/accounts/doctype/payment_ledger_entry/payment_ledger_entry.json,sí,medio,pendiente de consulta a clientes
erpnext,Payment Reconciliation Allocation,Asignación de conciliación de pagos,Asignación de Conciliación de Pagos,erpnext:59f9f4ee212cfb4b,erpnext/accounts/doctype/payment_reconciliation_allocation/payment_reconciliation_allocation.json,sí,alto (nombre de DocType visible en menús/cursos),pendiente de consulta a clientes
erpnext,Payment Reconciliation Invoice,Factura para reconciliación de pago,Factura de Conciliación de Pago,erpnext:c543d3d76c5710fc,erpnext/accounts/doctype/payment_reconciliation_invoice/payment_reconciliation_invoice.json,sí,alto (nombre de DocType visible en menús/cursos),pendiente de consulta a clientes
erpnext,Payment Reconciliation Payment,Pago para reconciliación de saldo,Pago de Conciliación de Pagos,erpnext:d0fe8bf834a1afac,erpnext/accounts/doctype/payment_reconciliation_payment/payment_reconciliation_payment.json,sí,alto (nombre de DocType visible en menús/cursos),pendiente de consulta a clientes
erpnext,Overdue Payment,Calendario de Pago,Calendario de Pagos,erpnext:a86d41c113a8a3fc,erpnext/accounts/doctype/overdue_payment/overdue_payment.json || erpnext/accounts/doctype/payment_reference/payment_reference.json || erpnext/accounts/doctype/payment_schedule/payment_schedule.json ||,sí,alto (nombre de DocType visible en menús/cursos),pendiente de consulta a clientes
erpnext,Overdue Payment,Plazo de pago,Condición de Pago,erpnext:0fe258836ee5fcc8,erpnext/accounts/doctype/overdue_payment/overdue_payment.json || erpnext/accounts/doctype/payment_entry_reference/payment_entry_reference.json || erpnext/accounts/doctype/payment_reference/payment_ref,sí,alto (nombre de DocType visible en menús/cursos),pendiente de consulta a clientes
erpnext,Payment Terms Template,Plantilla de Términos de Pago,Plantilla de Condiciones de Pago,erpnext:b7982ac54dd8c030,erpnext/accounts/doctype/payment_terms_template/payment_terms_template.json || erpnext/accounts/doctype/pos_invoice/pos_invoice.json || erpnext/accounts/doctype/process_statement_of_accounts/process_s,sí,alto (nombre de DocType visible en menús/cursos),pendiente de consulta a clientes
erpnext,Pegged Currencies,,Monedas Vinculadas,erpnext:b5fa1804c4704307,erpnext/accounts/doctype/pegged_currencies/pegged_currencies.json,sí,medio,pendiente de consulta a clientes
erpnext,Pegged Currency Details,,Detalles de Moneda Vinculada,erpnext:3d84e1fa2051dac8,erpnext/accounts/doctype/pegged_currency_details/pegged_currency_details.json,sí,medio,pendiente de consulta a clientes
erpnext,Account Closing Balance,Cierre de período,Comprobante de Cierre de Período,erpnext:e38eeb971f92a918,erpnext/accounts/doctype/account_closing_balance/account_closing_balance.json || erpnext/accounts/doctype/period_closing_voucher/period_closing_voucher.json || erpnext/accounts/workspace/invoicing/inv,sí,alto (nombre de DocType visible en menús/cursos),pendiente de consulta a clientes
erpnext,Sales Order,Lista de selección,Lista de surtido,erpnext:d281917ba6ea621e,erpnext/selling/doctype/sales_order/sales_order.js:1028 || erpnext/stock/doctype/delivery_note/delivery_note.js:199 || erpnext/stock/doctype/material_request/material_request.js:156 || erpnext/stock/d,sí,alto (nombre de DocType visible en menús/cursos),pendiente de consulta a clientes
erpnext,Sales Invoice Item,Seleccionar elemento de lista,Artículo de Lista de Surtido,erpnext:0732ad28fa3e3cf0,erpnext/accounts/doctype/sales_invoice_item/sales_invoice_item.json || erpnext/stock/doctype/delivery_note_item/delivery_note_item.json || erpnext/stock/doctype/pick_list_item/pick_list_item.json || e,sí,alto (nombre de DocType visible en menús/cursos),pendiente de consulta a clientes
erpnext,Invoicing (Workspace),Configuración de cuadros,Configuración de Plaid,erpnext:16ee248d0196c8a7,erpnext/accounts/workspace/invoicing/invoicing.json || erpnext/erpnext_integrations/doctype/plaid_settings/plaid_settings.json || erpnext/workspace_sidebar/banking.json,sí,alto (nombre de DocType visible en menús/cursos),pendiente de consulta a clientes
erpnext,Pricing Rule Item Group,Grupo de elementos de regla de precios,Grupo de Artículos de Regla de Precios,erpnext:378d8fea3ba60a59,erpnext/accounts/doctype/pricing_rule_item_group/pricing_rule_item_group.json || erpnext/accounts/doctype/promotional_scheme/promotional_scheme.json,sí,alto (nombre de DocType visible en menús/cursos),pendiente de consulta a clientes
erpnext,Process Payment Reconciliation Log,Registro de conciliación de procesos de pago,Registro de Conciliación de Pagos por Proceso,erpnext:1ba8f2a19b53da8c,erpnext/accounts/doctype/process_payment_reconciliation_log/process_payment_reconciliation_log.json,sí,alto (nombre de DocType visible en menús/cursos),pendiente de consulta a clientes
erpnext,Process Payment Reconciliation Log Allocations,Asignaciones del registro de conciliación de pagos del proceso,Asignaciones del Registro de Conciliación de Pagos del Proceso,erpnext:2879d40a4edc5a67,erpnext/accounts/doctype/process_payment_reconciliation_log_allocations/process_payment_reconciliation_log_allocations.json,sí,alto (nombre de DocType visible en menús/cursos),pendiente de consulta a clientes
erpnext,Process Period Closing Voucher,,Procesar Comprobante de Cierre de Período,erpnext:6a979b4c74570e15,erpnext/accounts/doctype/process_period_closing_voucher/process_period_closing_voucher.json,sí,medio,pendiente de consulta a clientes
erpnext,Process Period Closing Voucher Detail,,Detalle del Comprobante de Cierre de Período en Proceso,erpnext:ef9f71f03c4b0234,erpnext/accounts/doctype/process_period_closing_voucher_detail/process_period_closing_voucher_detail.json,sí,medio,pendiente de consulta a clientes
erpnext,Process Statement Of Accounts,Estado de cuentas de proceso,Procesar Estado de Cuenta,erpnext:3980f18c7ecc2472,erpnext/accounts/doctype/process_statement_of_accounts/process_statement_of_accounts.json,sí,alto (nombre de DocType visible en menús/cursos),pendiente de consulta a clientes
erpnext,Process Statement Of Accounts Cc,,Procesar Estado de Cuenta CC,erpnext:689e602f7c7f909b,erpnext/accounts/doctype/process_statement_of_accounts_cc/process_statement_of_accounts_cc.json,sí,medio,pendiente de consulta a clientes
erpnext,Process Subscription,Proceso de suscripción,Procesar Suscripción,erpnext:8b5b819af191ced6,erpnext/accounts/doctype/process_subscription/process_subscription.json,sí,alto (nombre de DocType visible en menús/cursos),pendiente de consulta a clientes
erpnext,Production Plan,,Referencia de artículo del plan de producción,erpnext:e619c235ced96dfa,erpnext/manufacturing/doctype/production_plan/production_plan.json || erpnext/manufacturing/doctype/production_plan_item_reference/production_plan_item_reference.json,sí,medio,pendiente de consulta a clientes
erpnext,Purchase Order Item,Plan de producción Elemento de subensamblaje,Plan de producción Artículo de subensamblaje,erpnext:d48e4f9adc3ce60c,erpnext/buying/doctype/purchase_order_item/purchase_order_item.json || erpnext/manufacturing/doctype/production_plan_sub_assembly_item/production_plan_sub_assembly_item.json || erpnext/manufacturing/d,sí,alto (nombre de DocType visible en menús/cursos),pendiente de consulta a clientes
erpnext,Promotional Scheme,Esquema promocional Descuento del producto,Descuento de Producto de Esquema Promocional,erpnext:555b8ffe28745236,erpnext/accounts/doctype/promotional_scheme/promotional_scheme.json || erpnext/accounts/doctype/promotional_scheme_product_discount/promotional_scheme_product_discount.json,sí,alto (nombre de DocType visible en menús/cursos),pendiente de consulta a clientes
erpnext,Prospect Lead,Prospecto de cliente potencial,Lead del prospecto,erpnext:b4f07b1690ab08e3,erpnext/crm/doctype/prospect_lead/prospect_lead.json,sí,alto (nombre de DocType visible en menús/cursos),pendiente de consulta a clientes
erpnext,Prospect Opportunity,,Oportunidad de prospecto,erpnext:d17bd457c6cff357,erpnext/crm/doctype/prospect_opportunity/prospect_opportunity.json,sí,medio,pendiente de consulta a clientes
erpnext,Purchase Invoice Advance,Factura de compra anticipada,Anticipo de Factura de Compra,erpnext:86957c9ca8a0619f,erpnext/accounts/doctype/purchase_invoice_advance/purchase_invoice_advance.json,sí,alto (nombre de DocType visible en menús/cursos),pendiente de consulta a clientes
erpnext,Purchase Invoice Item,Producto de la Factura de Compra,Artículo de la Factura de Compra,erpnext:a0b2ffda7e5e3a9e,erpnext/accounts/doctype/purchase_invoice_item/purchase_invoice_item.json || erpnext/assets/doctype/asset/asset.json || erpnext/stock/doctype/purchase_receipt_item/purchase_receipt_item.json,sí,alto (nombre de DocType visible en menús/cursos),pendiente de consulta a clientes
erpnext,Accounts Settings,Orden de compra (OC),Orden de Compra,erpnext:4ed6fb690429f3ad,erpnext/accounts/doctype/accounts_settings/accounts_settings.js:61 || erpnext/accounts/doctype/journal_entry_account/journal_entry_account.json || erpnext/accounts/doctype/purchase_invoice/purchase_in,sí,alto (nombre de DocType visible en menús/cursos),pendiente de consulta a clientes
erpnext,Purchase Invoice Item,Producto de la orden de compra,Artículo de la orden de compra,erpnext:3e4c305f49bdbc09,erpnext/accounts/doctype/purchase_invoice_item/purchase_invoice_item.json || erpnext/accounts/doctype/sales_invoice_item/sales_invoice_item.json || erpnext/buying/doctype/purchase_order_item/purchase_,sí,alto (nombre de DocType visible en menús/cursos),pendiente de consulta a clientes
erpnext,Purchase Order Item Supplied,Producto suministrado desde orden de compra,Artículo suministrado de la orden de compra,erpnext:63a3948c429c828f,erpnext/buying/doctype/purchase_order_item_supplied/purchase_order_item_supplied.json,sí,alto (nombre de DocType visible en menús/cursos),pendiente de consulta a clientes
erpnext,Asset,Recibo de compra del producto,Artículo de Recibo de Compra,erpnext:d72f6a00be408a31,erpnext/assets/doctype/asset/asset.json || erpnext/assets/doctype/asset_capitalization_stock_item/asset_capitalization_stock_item.json || erpnext/stock/doctype/landed_cost_item/landed_cost_item.json |,sí,alto (nombre de DocType visible en menús/cursos),pendiente de consulta a clientes
erpnext,Purchase Invoice,Impuestos y cargos sobre compras,Impuestos y Cargos de Compra,erpnext:5f920724d5073982,erpnext/accounts/doctype/purchase_invoice/purchase_invoice.json || erpnext/accounts/doctype/purchase_taxes_and_charges/purchase_taxes_and_charges.json || erpnext/accounts/doctype/purchase_taxes_and_ch,sí,alto (nombre de DocType visible en menús/cursos),pendiente de consulta a clientes
erpnext,Payment Entry,Plantilla de impuestos (compras),Plantilla de Impuestos y Cargos de Compra,erpnext:42bded9aa17ff5e9,erpnext/accounts/doctype/payment_entry/payment_entry.json || erpnext/accounts/doctype/purchase_invoice/purchase_invoice.json || erpnext/accounts/doctype/purchase_taxes_and_charges_template/purchase_ta,sí,alto (nombre de DocType visible en menús/cursos),pendiente de consulta a clientes
erpnext,Quality Goal Objective,Objetivo de calidad Objetivo,Objetivo de la meta de calidad,erpnext:ac94a9f36a122327,erpnext/quality_management/doctype/quality_goal_objective/quality_goal_objective.json,sí,alto (nombre de DocType visible en menús/cursos),pendiente de consulta a clientes
erpnext,Pos Invoice Item,Inspeccion de calidad,Inspección de Calidad,erpnext:59ab313375b9bf3a,erpnext/accounts/doctype/pos_invoice_item/pos_invoice_item.json || erpnext/accounts/doctype/purchase_invoice_item/purchase_invoice_item.json || erpnext/accounts/doctype/sales_invoice_item/sales_invoic,sí,alto (nombre de DocType visible en menús/cursos),pendiente de consulta a clientes
erpnext,Quick Stock Balance,Balance de stock rápido,Saldo rápido de inventario,erpnext:8922b55fdcbcdbbb,erpnext/stock/doctype/quick_stock_balance/quick_stock_balance.json || erpnext/stock/workspace/stock/stock.json || erpnext/workspace_sidebar/stock.json,sí,alto (nombre de DocType visible en menús/cursos),pendiente de consulta a clientes
erpnext,Quotation Item,Ítem de Presupuesto,Artículo de Presupuesto,erpnext:b236f25b1d193eee,erpnext/selling/doctype/quotation_item/quotation_item.json,sí,alto (nombre de DocType visible en menús/cursos),pendiente de consulta a clientes
erpnext,Repost Accounting Ledger,,Reprocesar libro contable,erpnext:d19424ebd8132a45,erpnext/accounts/doctype/repost_accounting_ledger/repost_accounting_ledger.json || erpnext/workspace_sidebar/invoicing.json || erpnext/workspace_sidebar/payments.json,sí,medio,pendiente de consulta a clientes
erpnext,Repost Accounting Ledger Items,,Elementos de Recontabilización del Libro Mayor,erpnext:770c452a3e909b60,erpnext/accounts/doctype/repost_accounting_ledger_items/repost_accounting_ledger_items.json,sí,medio,pendiente de consulta a clientes
erpnext,Repost Allowed Types,,Tipos Permitidos para Reprocesamiento,erpnext:6344d9024373bc3b,erpnext/accounts/doctype/repost_allowed_types/repost_allowed_types.json,sí,medio,pendiente de consulta a clientes
erpnext,Repost Item Valuation,,Reprocesar valoración de artículo,erpnext:0b4a1973e4c00af4,erpnext/stock/doctype/repost_item_valuation/repost_item_valuation.json || erpnext/workspace_sidebar/stock.json,sí,medio,pendiente de consulta a clientes
erpnext,Repost Payment Ledger,Traspaso del Libro de Pagos,Reprocesar libro mayor de pagos,erpnext:0cf2689638b639b2,erpnext/accounts/doctype/repost_payment_ledger/repost_payment_ledger.json || erpnext/workspace_sidebar/invoicing.json || erpnext/workspace_sidebar/payments.json,sí,alto (nombre de DocType visible en menús/cursos),pendiente de consulta a clientes
erpnext,Repost Payment Ledger Items,,Elementos de Reprocesamiento del Libro de Pagos,erpnext:7fd4361c9bd0f34a,erpnext/accounts/doctype/repost_payment_ledger_items/repost_payment_ledger_items.json,sí,medio,pendiente de consulta a clientes
erpnext,Request For Quotation Item,Ítems de Solicitud de Presupuesto,Artículos de Solicitud de Presupuesto,erpnext:8af46abee8b690b1,erpnext/buying/doctype/request_for_quotation_item/request_for_quotation_item.json || erpnext/buying/doctype/supplier_quotation_item/supplier_quotation_item.json,sí,alto (nombre de DocType visible en menús/cursos),pendiente de consulta a clientes
erpnext,Sla Fulfilled On Status,,Estado de cumplimiento del SLA,erpnext:f01be0c1a171d121,erpnext/support/doctype/sla_fulfilled_on_status/sla_fulfilled_on_status.json,sí,medio,pendiente de consulta a clientes
erpnext,Master Production Schedule,,Pronóstico de Ventas,erpnext:1e8c7d7b11a614be,erpnext/manufacturing/doctype/master_production_schedule/master_production_schedule.json || erpnext/manufacturing/doctype/sales_forecast/sales_forecast.json || erpnext/manufacturing/workspace/manufact,sí,medio,pendiente de consulta a clientes
erpnext,Sales Forecast Item,,Artículo de Pronóstico de Ventas,erpnext:0d1df5cbb1a8f407,erpnext/manufacturing/doctype/sales_forecast_item/sales_forecast_item.json,sí,medio,pendiente de consulta a clientes
erpnext,Sales Invoice Advance,Factura de ventas anticipada,Anticipo de Factura de Venta,erpnext:b01f518ff7ac6062,erpnext/accounts/doctype/sales_invoice_advance/sales_invoice_advance.json,sí,alto (nombre de DocType visible en menús/cursos),pendiente de consulta a clientes
erpnext,Purchase Invoice Item,Producto de factura de venta,Artículo de Factura de Venta,erpnext:677903386cd75322,erpnext/accounts/doctype/purchase_invoice_item/purchase_invoice_item.json || erpnext/accounts/doctype/sales_invoice_item/sales_invoice_item.json,sí,alto (nombre de DocType visible en menús/cursos),pendiente de consulta a clientes
erpnext,Sales Invoice Reference,,Referencia de Factura de Venta,erpnext:d5682cbf5a5acc41,erpnext/accounts/doctype/sales_invoice_reference/sales_invoice_reference.json,sí,medio,pendiente de consulta a clientes
erpnext,Journal Entry Account,Orden de venta (OV),Orden de Venta,erpnext:bbe180aaaf8e0a5a,erpnext/accounts/doctype/journal_entry_account/journal_entry_account.json || erpnext/accounts/doctype/pos_invoice_item/pos_invoice_item.json || erpnext/accounts/doctype/sales_invoice/sales_invoice.js:,sí,alto (nombre de DocType visible en menús/cursos),pendiente de consulta a clientes
erpnext,Process Statement Of Accounts,Persona de ventas,Vendedor,erpnext:a0463e235978d239,erpnext/accounts/doctype/process_statement_of_accounts/process_statement_of_accounts.json || erpnext/accounts/doctype/process_statement_of_accounts/process_statement_of_accounts_accounts_receivable.ht,sí,alto (nombre de DocType visible en menús/cursos),pendiente de consulta a clientes
erpnext,Payment Entry,Plantilla de impuestos (ventas),Plantilla de Impuestos y Cargos de Venta,erpnext:f1b16da0b2854d10,erpnext/accounts/doctype/payment_entry/payment_entry.json || erpnext/accounts/doctype/pos_invoice/pos_invoice.json || erpnext/accounts/doctype/sales_invoice/sales_invoice.json || erpnext/accounts/doct,sí,alto (nombre de DocType visible en menús/cursos),pendiente de consulta a clientes
erpnext,Pos Invoice Item,Número de serie,Número de Serie,erpnext:231c9158eb973f9a,erpnext/accounts/doctype/pos_invoice_item/pos_invoice_item.json || erpnext/accounts/doctype/purchase_invoice_item/purchase_invoice_item.json || erpnext/accounts/doctype/sales_invoice_item/sales_invoic,sí,alto (nombre de DocType visible en menús/cursos),pendiente de consulta a clientes
erpnext,Share Balance,Balance de Acciones,Saldo de Acciones,erpnext:b9724d7a5d897b5b,erpnext/accounts/doctype/share_balance/share_balance.json || erpnext/accounts/doctype/shareholder/shareholder.js:21 || erpnext/accounts/doctype/shareholder/shareholder.json || erpnext/accounts/report/,sí,alto (nombre de DocType visible en menús/cursos),pendiente de consulta a clientes
erpnext,Share Transfer,Transferir Acciones,Transferencia de Acciones,erpnext:6e82ada9ce7a1ba9,erpnext/accounts/doctype/share_transfer/share_transfer.json || erpnext/accounts/report/share_ledger/share_ledger.py:59 || erpnext/accounts/workspace/invoicing/invoicing.json || erpnext/workspace_sideb,sí,alto (nombre de DocType visible en menús/cursos),pendiente de consulta a clientes
erpnext,Share Balance,Tipo de acción,Tipo de Acción,erpnext:fb354a839e7ed78b,erpnext/accounts/doctype/share_balance/share_balance.json || erpnext/accounts/doctype/share_transfer/share_transfer.json || erpnext/accounts/doctype/share_type/share_type.json || erpnext/accounts/repo,sí,alto (nombre de DocType visible en menús/cursos),pendiente de consulta a clientes
erpnext,Shipping Rule Condition,Regla de envío,Condición de Regla de Envío,erpnext:8213ae14981098c3,erpnext/accounts/doctype/shipping_rule_condition/shipping_rule_condition.json,sí,alto (nombre de DocType visible en menús/cursos),pendiente de consulta a clientes
erpnext,Shipping Rule Country,Regla de envio del país,País de Regla de Envío,erpnext:7161a45e59c34484,erpnext/accounts/doctype/shipping_rule_country/shipping_rule_country.json,sí,alto (nombre de DocType visible en menús/cursos),pendiente de consulta a clientes
erpnext,South Africa Vat Account,Cuenta de impuesto de Sudáfrica,Cuenta de IVA de Sudáfrica,erpnext:8ae07c1f62f649c9,erpnext/accounts/doctype/south_africa_vat_account/south_africa_vat_account.json,sí,alto (nombre de DocType visible en menús/cursos),pendiente de consulta a clientes
erpnext,South Africa Vat Settings,Configuración del impuesto de Sudáfrica,Configuración de IVA de Sudáfrica,erpnext:3ad6e46c704298ac,erpnext/regional/doctype/south_africa_vat_settings/south_africa_vat_settings.json,sí,alto (nombre de DocType visible en menús/cursos),pendiente de consulta a clientes
erpnext,Stock Closing Balance,,Saldo de cierre de existencias,erpnext:46d909265bdc0b42,erpnext/stock/doctype/stock_closing_balance/stock_closing_balance.json,sí,medio,pendiente de consulta a clientes
erpnext,Stock Closing Balance,,Asiento de cierre de inventario,erpnext:ca4d9f569fc28361,erpnext/stock/doctype/stock_closing_balance/stock_closing_balance.json || erpnext/stock/doctype/stock_closing_entry/stock_closing_entry.json,sí,medio,pendiente de consulta a clientes
erpnext,Journal Entry,Entradas de inventario,Movimiento de Inventario,erpnext:25ba813a0b7abeaa,erpnext/accounts/doctype/journal_entry/journal_entry.json || erpnext/manufacturing/workspace/manufacturing/manufacturing.json || erpnext/stock/doctype/landed_cost_item/landed_cost_item.json || erpnext,sí,alto (nombre de DocType visible en menús/cursos),pendiente de consulta a clientes
erpnext,Stock Entry Detail,Detalles de entrada de inventario,Detalle del movimiento de inventario,erpnext:0dddb3add7fa15fe,erpnext/stock/doctype/stock_entry_detail/stock_entry_detail.json,sí,alto (nombre de DocType visible en menús/cursos),pendiente de consulta a clientes
erpnext,Stock Entry,Tipo de entrada de stock,Tipo de Movimiento de Inventario,erpnext:af5d15a6c0823820,erpnext/stock/doctype/stock_entry/stock_entry.json || erpnext/stock/doctype/stock_entry_type/stock_entry_type.json,sí,alto (nombre de DocType visible en menús/cursos),pendiente de consulta a clientes
erpnext,Stock Reconciliation Item,Elemento de reconciliación de inventarios,Artículo de conciliación de inventario,erpnext:512511e666813dd9,erpnext/stock/doctype/stock_reconciliation_item/stock_reconciliation_item.json,sí,alto (nombre de DocType visible en menús/cursos),pendiente de consulta a clientes
erpnext,Stock Reposting Settings,Configuración de ajuste de valoración de stock,Configuración de reprocesamiento de inventario,erpnext:021ea26bb6774371,erpnext/stock/doctype/stock_reposting_settings/stock_reposting_settings.json || erpnext/workspace_sidebar/erpnext_settings.json || erpnext/workspace_sidebar/stock.json,sí,alto (nombre de DocType visible en menús/cursos),pendiente de consulta a clientes
erpnext,(este),Entrada de reserva de stock,Entrada de reserva de inventario,erpnext:a8818fca4d03f9ed,erpnext/public/js/stock_reservation.js:309 || erpnext/selling/doctype/sales_order/sales_order.js:475 || erpnext/stock/doctype/stock_reservation_entry/stock_reservation_entry.json || erpnext/stock/doct,sí,alto (nombre de DocType visible en menús/cursos),pendiente de consulta a clientes
erpnext,Work Order,,Orden de Entrada de Subcontratación,erpnext:c29ec425fe797401,erpnext/manufacturing/doctype/work_order/work_order.json || erpnext/selling/doctype/sales_order/sales_order.js:1011 || erpnext/stock/doctype/stock_entry/stock_entry.json || erpnext/stock/doctype/stock,sí,medio,pendiente de consulta a clientes
erpnext,Work Order,,Artículo de la Orden de Entrada de Subcontratación,erpnext:fb838f6bf1cd2997,erpnext/manufacturing/doctype/work_order/work_order.json || erpnext/subcontracting/doctype/subcontracting_inward_order_item/subcontracting_inward_order_item.json,sí,medio,pendiente de consulta a clientes
erpnext,Subcontracting Inward Order Received Item,,Artículo recibido de la orden de entrada de subcontratación,erpnext:0d075c080c7b451f,erpnext/subcontracting/doctype/subcontracting_inward_order_received_item/subcontracting_inward_order_received_item.json,sí,medio,pendiente de consulta a clientes
erpnext,Subcontracting Inward Order Secondary Item,,Artículo secundario de la orden de entrada de subcontratación,erpnext:5995f30cc6dd8c6e,erpnext/subcontracting/doctype/subcontracting_inward_order_secondary_item/subcontracting_inward_order_secondary_item.json,sí,medio,pendiente de consulta a clientes
erpnext,Subcontracting Inward Order Service Item,,Artículo de servicio de la orden de entrada de subcontratación,erpnext:93e7fc33a707ef55,erpnext/subcontracting/doctype/subcontracting_inward_order_service_item/subcontracting_inward_order_service_item.json,sí,medio,pendiente de consulta a clientes
erpnext,Supplier Item,Producto del Proveedor,Artículo del Proveedor,erpnext:6a4656e4ab6e91c4,erpnext/accounts/doctype/supplier_item/supplier_item.json,sí,alto (nombre de DocType visible en menús/cursos),pendiente de consulta a clientes
erpnext,Supplier Number At Customer,,Número de proveedor en el cliente,erpnext:b1039d1bdd9260f9,erpnext/selling/doctype/supplier_number_at_customer/supplier_number_at_customer.json,sí,medio,pendiente de consulta a clientes
erpnext,Purchase Order Item,Ítem de Presupuesto de Proveedor,Artículo de Presupuesto de Proveedor,erpnext:35fab048d41b6257,erpnext/buying/doctype/purchase_order_item/purchase_order_item.json || erpnext/buying/doctype/supplier_quotation_item/supplier_quotation_item.json,sí,alto (nombre de DocType visible en menús/cursos),pendiente de consulta a clientes
erpnext,Support Search Source,Soporte Search Source,Fuente de búsqueda de soporte,erpnext:3455800e66710c36,erpnext/support/doctype/support_search_source/support_search_source.json,sí,alto (nombre de DocType visible en menús/cursos),pendiente de consulta a clientes
erpnext,Pos Invoice,Categoría de impuestos,Categoría de Impuesto,erpnext:5a9703e3da3642a9,erpnext/accounts/doctype/pos_invoice/pos_invoice.json || erpnext/accounts/doctype/pos_profile/pos_profile.json || erpnext/accounts/doctype/purchase_invoice/purchase_invoice.json || erpnext/accounts/do,sí,alto (nombre de DocType visible en menús/cursos),pendiente de consulta a clientes
erpnext,Payment Entry,,Registro de Retención de Impuestos,erpnext:09ec1fda655aae59,erpnext/accounts/doctype/payment_entry/payment_entry.json || erpnext/accounts/doctype/purchase_invoice/purchase_invoice.json || erpnext/accounts/doctype/sales_invoice/sales_invoice.json || erpnext/acc,sí,medio,pendiente de consulta a clientes
erpnext,Journal Entry,,Grupo de Retención de Impuestos,erpnext:bb620c25fb50edc8,erpnext/accounts/doctype/journal_entry/journal_entry.json || erpnext/accounts/doctype/payment_entry/payment_entry.json || erpnext/accounts/doctype/purchase_invoice/purchase_invoice.json || erpnext/acc,sí,medio,pendiente de consulta a clientes
erpnext,Sales Invoice Timesheet,Detalle de Tabla de Tiempo,Detalle de Hoja de Tiempo,erpnext:ebdafd5272086d7d,erpnext/accounts/doctype/sales_invoice_timesheet/sales_invoice_timesheet.json || erpnext/projects/doctype/timesheet_detail/timesheet_detail.json,sí,alto (nombre de DocType visible en menús/cursos),pendiente de consulta a clientes
erpnext,Transaction Deletion Record,,Registro de eliminación de transacciones,erpnext:ba21b9d329f927ca,erpnext/setup/doctype/transaction_deletion_record/transaction_deletion_record.json,sí,medio,pendiente de consulta a clientes
erpnext,Transaction Deletion Record Details,,Detalles del Registro de Eliminación de Transacciones,erpnext:6797efb404662483,erpnext/accounts/doctype/transaction_deletion_record_details/transaction_deletion_record_details.json,sí,medio,pendiente de consulta a clientes
erpnext,Transaction Deletion Record Item,,Artículo del registro de eliminación de transacciones,erpnext:335cd63ce820f267,erpnext/setup/doctype/transaction_deletion_record_item/transaction_deletion_record_item.json,sí,medio,pendiente de consulta a clientes
erpnext,Transaction Deletion Record To Delete,,Registro de eliminación de transacciones por eliminar,erpnext:e81504f34d996114,erpnext/setup/doctype/transaction_deletion_record_to_delete/transaction_deletion_record_to_delete.json,sí,medio,pendiente de consulta a clientes
erpnext,Uae Vat Account,,Cuenta de IVA de EAU,erpnext:4f320e8052571c49,erpnext/regional/doctype/uae_vat_account/uae_vat_account.json,sí,medio,pendiente de consulta a clientes
erpnext,Uae Vat Settings,,Configuración de IVA de EAU,erpnext:a003659c9bfdfe24,erpnext/regional/doctype/uae_vat_settings/uae_vat_settings.json,sí,medio,pendiente de consulta a clientes
erpnext,Unreconcile Payment Entries,,Desconciliar Registros de Pago,erpnext:ba29923003668093,erpnext/accounts/doctype/unreconcile_payment_entries/unreconcile_payment_entries.json,sí,medio,pendiente de consulta a clientes
erpnext,Voice Call Settings,,Configuración de llamadas de voz,erpnext:e49fae0115ec3200,erpnext/telephony/doctype/voice_call_settings/voice_call_settings.json,sí,medio,pendiente de consulta a clientes
erpnext,Website Item Group,Grupo de productos en el sitio web,Grupo de artículos del sitio web,erpnext:1c29920e919d2a77,erpnext/setup/doctype/website_item_group/website_item_group.json,sí,alto (nombre de DocType visible en menús/cursos),pendiente de consulta a clientes
erpnext,Bom,Orden de trabajo,Orden de Trabajo,erpnext:403ddad6d869b743,erpnext/manufacturing/doctype/bom/bom.js:258 || erpnext/manufacturing/doctype/bom/bom.json || erpnext/manufacturing/doctype/job_card/job_card.json || erpnext/manufacturing/doctype/work_order/work_orde,sí,alto (nombre de DocType visible en menús/cursos),pendiente de consulta a clientes
erpnext,Work Order Additional Item,,Artículo adicional de la orden de trabajo,erpnext:2bb099a77fdd6d9e,erpnext/manufacturing/doctype/work_order_additional_item/work_order_additional_item.json,sí,medio,pendiente de consulta a clientes
erpnext,Work Order Item,Artículo de Órden de Trabajo,Artículo de la orden de trabajo,erpnext:d371a3dc03bea32b,erpnext/manufacturing/doctype/work_order_item/work_order_item.json,sí,alto (nombre de DocType visible en menús/cursos),pendiente de consulta a clientes
erpnext,Work Order Operation,Operación de Órden de Trabajo,Operación de la orden de trabajo,erpnext:15a86d3c953b8f77,erpnext/manufacturing/doctype/work_order_operation/work_order_operation.json,sí,alto (nombre de DocType visible en menús/cursos),pendiente de consulta a clientes
erpnext,Workstation Cost,,Costo de Estación de Trabajo,erpnext:3112fd509e2d77da,erpnext/manufacturing/doctype/workstation_cost/workstation_cost.json,sí,medio,pendiente de consulta a clientes
erpnext,Workstation Operating Component,,Componente operativo de la estación de trabajo,erpnext:f39747a4e7322340,erpnext/manufacturing/doctype/workstation_operating_component/workstation_operating_component.json,sí,medio,pendiente de consulta a clientes
erpnext,Workstation Operating Component Account,,Cuenta de componente operativo de estación de trabajo,erpnext:6232c54c15eb080a,erpnext/manufacturing/doctype/workstation_operating_component_account/workstation_operating_component_account.json,sí,medio,pendiente de consulta a clientes
frappe,About Us Settings,,Configuración de «Quiénes somos»,frappe:a1e5912a71bb0fdf,frappe/website/doctype/about_us_settings/about_us_settings.json || frappe/website/workspace/website/website.json,sí,medio,pendiente de consulta a clientes
frappe,About Us Team Member,Miembro del Equipo Acerca de Nosotros,Miembro del equipo de «Quiénes somos»,frappe:63e582f555cfb3cb,frappe/website/doctype/about_us_team_member/about_us_team_member.json,sí,alto (nombre de DocType visible en menús/cursos),pendiente de consulta a clientes
frappe,Activity Log,Registro de Actividad,Registro de actividad,frappe:18eadb246a1e9903,frappe/core/doctype/activity_log/activity_log.json || frappe/core/workspace/build/build.json || frappe/core/workspace/users/users.json || frappe/workspace_sidebar/users.json,sí,alto (nombre de DocType visible en menús/cursos),pendiente de consulta a clientes
frappe,Amended Document Naming Settings,Modificación de la Configuración de los Nombres de los Documentos,Configuración de nombres de documentos enmendados,frappe:32be66627a1e6d89,frappe/core/doctype/amended_document_naming_settings/amended_document_naming_settings.json,sí,alto (nombre de DocType visible en menús/cursos),pendiente de consulta a clientes
frappe,Auto Email Report,,Reporte automático por correo electrónico,frappe:99d0ebada6d31863,frappe/email/doctype/auto_email_report/auto_email_report.json || frappe/workspace_sidebar/automation.json,sí,medio,pendiente de consulta a clientes
frappe,Auto Repeat User,,Usuario de repetición automática,frappe:a8dcdfc75a144d85,frappe/automation/doctype/auto_repeat_user/auto_repeat_user.json,sí,medio,pendiente de consulta a clientes
frappe,Communication,Comunicaciones,Comunicación,frappe:b107063e52868a86,frappe/core/doctype/communication/communication.json || frappe/email/doctype/email_flag_queue/email_flag_queue.json || frappe/email/doctype/email_queue/email_queue.json || frappe/tests/test_translate.,sí,alto (nombre de DocType visible en menús/cursos),pendiente de consulta a clientes
frappe,Company History,Historia de la compañía,Historia de la empresa,frappe:47e0348ee05044d6,frappe/website/doctype/company_history/company_history.json || frappe/www/about.html:29,sí,alto (nombre de DocType visible en menús/cursos),pendiente de consulta a clientes
frappe,Contact Phone,Teléfono de Contacto,Teléfono de contacto,frappe:8dc133fe125ac627,frappe/contacts/doctype/contact_phone/contact_phone.json,sí,alto (nombre de DocType visible en menús/cursos),pendiente de consulta a clientes
frappe,Contact Us Settings,,Configuración de «Contáctanos»,frappe:97e031a3eafcba41,frappe/website/doctype/contact_us_settings/contact_us_settings.json || frappe/website/workspace/website/website.json,sí,medio,pendiente de consulta a clientes
frappe,Docfield,Divisa / Moneda,Moneda,frappe:1a17e4820dfb315c,frappe/core/doctype/docfield/docfield.json || frappe/core/doctype/report_column/report_column.json || frappe/core/doctype/report_filter/report_filter.json || frappe/core/doctype/system_settings/system,sí,alto (nombre de DocType visible en menús/cursos),pendiente de consulta a clientes
frappe,Build (Workspace),Campo Personalizado,Campo personalizado,frappe:011be8e835f2a4c9,frappe/core/workspace/build/build.json || frappe/custom/doctype/custom_field/custom_field.json || frappe/workspace_sidebar/build.json,sí,alto (nombre de DocType visible en menús/cursos),pendiente de consulta a clientes
frappe,Custom Role,Rol Personalizado,Rol personalizado,frappe:76858243b82932ba,frappe/core/doctype/custom_role/custom_role.json,sí,alto (nombre de DocType visible en menús/cursos),pendiente de consulta a clientes
frappe,Auto Repeat,Personalizar Formulario,Personalizar formulario,frappe:3d7d60a255d41e8a,frappe/automation/doctype/auto_repeat/auto_repeat.js:34 || frappe/core/doctype/doctype/doctype.js:61 || frappe/core/workspace/build/build.json || frappe/custom/doctype/customize_form/customize_form.js,sí,alto (nombre de DocType visible en menús/cursos),pendiente de consulta a clientes
frappe,Build (Workspace),Gráfico del Tablero,Gráfico de tablero,frappe:3530a8181e183b1a,frappe/core/workspace/build/build.json || frappe/desk/doctype/dashboard_chart/dashboard_chart.json || frappe/desk/doctype/dashboard_chart_source/dashboard_chart_source.js:8,sí,alto (nombre de DocType visible en menús/cursos),pendiente de consulta a clientes
frappe,Dashboard Chart Link,Enlace gráfico del tablero,Enlace de gráfico del tablero,frappe:e8bb23be05d91100,frappe/desk/doctype/dashboard_chart_link/dashboard_chart_link.json,sí,alto (nombre de DocType visible en menús/cursos),pendiente de consulta a clientes
frappe,Dashboard Chart Source,Origen gráfico del tablero,Origen del gráfico del tablero,frappe:fb3ae1ce75d91823,frappe/desk/doctype/dashboard_chart_source/dashboard_chart_source.json,sí,alto (nombre de DocType visible en menús/cursos),pendiente de consulta a clientes
frappe,Data Export,Exportación de Datos,Exportación de datos,frappe:ab330869713948df,frappe/core/doctype/data_export/data_export.json || frappe/workspace_sidebar/data.json,sí,alto (nombre de DocType visible en menús/cursos),pendiente de consulta a clientes
frappe,Data Import,Importación de Datos,Importación de datos,frappe:be6b9dc470f06301,frappe/core/doctype/data_import/data_import.json || frappe/core/doctype/data_import_log/data_import_log.json || frappe/workspace_sidebar/data.json,sí,alto (nombre de DocType visible en menús/cursos),pendiente de consulta a clientes
frappe,Deleted Document,Documento Eliminado,Documento eliminado,frappe:68ae4b607ee2c85c,frappe/core/doctype/deleted_document/deleted_document.json || frappe/workspace_sidebar/data.json,sí,alto (nombre de DocType visible en menús/cursos),pendiente de consulta a clientes
frappe,Desktop Icon,Icono de escritorio,Ícono de escritorio,frappe:412770ec77031a8f,frappe/desk/doctype/desktop_icon/desktop_icon.json,sí,alto (nombre de DocType visible en menús/cursos),pendiente de consulta a clientes
frappe,Desktop Layout,,Diseño de escritorio,frappe:f7485dd51aad7836,frappe/desk/doctype/desktop_layout/desktop_layout.json,sí,medio,pendiente de consulta a clientes
frappe,Doctype Layout Field,DocType capo de diseño,Campo de diseño de DocType Layout,frappe:c1b5183f2a861fea,frappe/custom/doctype/doctype_layout_field/doctype_layout_field.json,sí,alto (nombre de DocType visible en menús/cursos),pendiente de consulta a clientes
frappe,Doctype State,DocType Estado,Estado de DocType,frappe:911f66903b92525f,frappe/core/doctype/doctype_state/doctype_state.json || frappe/custom/doctype/property_setter/property_setter.json,sí,alto (nombre de DocType visible en menús/cursos),pendiente de consulta a clientes
frappe,User,Seguir documento,Seguimiento de documentos,frappe:abad7f0d226152e1,frappe/core/doctype/user/user.json || frappe/email/doctype/document_follow/document_follow.json,sí,alto (nombre de DocType visible en menús/cursos),pendiente de consulta a clientes
frappe,Document Naming Rule,Regla de denominación de documentos,Regla de nomenclatura de documentos,frappe:6c383159f56381a9,frappe/core/doctype/document_naming_rule/document_naming_rule.json,sí,alto (nombre de DocType visible en menús/cursos),pendiente de consulta a clientes
frappe,Document Naming Settings,Configuración de Nombres de documentos,Configuración de nombres de documentos,frappe:bbdc3c65ae94ab0d,frappe/core/doctype/document_naming_settings/document_naming_settings.json,sí,alto (nombre de DocType visible en menús/cursos),pendiente de consulta a clientes
frappe,Domain Settings,Configuraciones de Dominio,Configuración de dominio,frappe:8995dd15927ea265,frappe/core/doctype/domain_settings/domain_settings.json,sí,alto (nombre de DocType visible en menús/cursos),pendiente de consulta a clientes
frappe,Email Domain,,Dominio de correo electrónico,frappe:85af53400258c2ba,frappe/email/doctype/email_domain/email_domain.json || frappe/workspace_sidebar/email.json,sí,medio,pendiente de consulta a clientes
frappe,Email Flag Queue,Señal de la bandera del correo electrónico,Cola de marcas de correo electrónico,frappe:2ac4c5898d60791d,frappe/email/doctype/email_flag_queue/email_flag_queue.json,sí,alto (nombre de DocType visible en menús/cursos),pendiente de consulta a clientes
frappe,Email Group Member,Miembro de Grupo de Correo Electrónico,Miembro de grupo de correo electrónico,frappe:3376918d54f3e558,frappe/email/doctype/email_group_member/email_group_member.json,sí,alto (nombre de DocType visible en menús/cursos),pendiente de consulta a clientes
frappe,Email Queue Recipient,Cola de correo electrónico de destinatarios,Destinatario de la cola de correo electrónico,frappe:a3775dbd03a334e8,frappe/email/doctype/email_queue_recipient/email_queue_recipient.json,sí,alto (nombre de DocType visible en menús/cursos),pendiente de consulta a clientes
frappe,Communication,Plantilla de Correo Electrónico,Plantilla de correo electrónico,frappe:d1654cde9f61cc3b,frappe/core/doctype/communication/communication.json || frappe/email/doctype/email_template/email_template.json || frappe/public/js/frappe/views/communication.js:99 || frappe/workspace_sidebar/email.j,sí,alto (nombre de DocType visible en menús/cursos),pendiente de consulta a clientes
frappe,Error Log,Registro de Errores,Registro de errores,frappe:97c8fff7e2b9c8e8,frappe/core/doctype/error_log/error_log.json || frappe/workspace_sidebar/system.json,sí,alto (nombre de DocType visible en menús/cursos),pendiente de consulta a clientes
frappe,Event Notifications,,Notificaciones de eventos,frappe:3cfef0f5073e1813,frappe/desk/doctype/event_notifications/event_notifications.json,sí,medio,pendiente de consulta a clientes
frappe,Event,Participantes del Evento,Participantes del evento,frappe:8c2032411db89d78,frappe/desk/doctype/event/event.json || frappe/desk/doctype/event_participants/event_participants.json,sí,alto (nombre de DocType visible en menús/cursos),pendiente de consulta a clientes
frappe,Form Tour Step,Formulario de paso de visita,Paso de recorrido guiado,frappe:c88e23cc7b9b0a88,frappe/desk/doctype/form_tour_step/form_tour_step.json,sí,alto (nombre de DocType visible en menús/cursos),pendiente de consulta a clientes
frappe,Geolocation Settings,Ajustes de geolocalización,Configuración de geolocalización,frappe:25705c4a853f7c42,frappe/integrations/doctype/geolocation_settings/geolocation_settings.json,sí,alto (nombre de DocType visible en menús/cursos),pendiente de consulta a clientes
frappe,Event,Calendario de Google,Google Calendar,frappe:ceb255fec05f4fb2,frappe/desk/doctype/event/event.json || frappe/integrations/doctype/google_calendar/google_calendar.json || frappe/integrations/workspace/integrations/integrations.json,sí,alto (nombre de DocType visible en menús/cursos),pendiente de consulta a clientes
frappe,Help Category,Categoría de Ayuda,Categoría de ayuda,frappe:c4cb379e21a5ff2d,frappe/website/doctype/help_category/help_category.json || frappe/website/workspace/website/website.json,sí,alto (nombre de DocType visible en menús/cursos),pendiente de consulta a clientes
frappe,Kanban Board,,Tablero Kanban,frappe:dbeeab8084e0a57d,frappe/desk/doctype/kanban_board/kanban_board.json || frappe/desk/doctype/workspace_shortcut/workspace_shortcut.json || frappe/public/js/frappe/widgets/widget_dialog.js:511,sí,medio,pendiente de consulta a clientes
frappe,Ldap Group Mapping,Mapeo de grupo LDAP,Asignación de grupos LDAP,frappe:dddb843e29549bc4,frappe/integrations/doctype/ldap_group_mapping/ldap_group_mapping.json,sí,alto (nombre de DocType visible en menús/cursos),pendiente de consulta a clientes
frappe,Ldap Settings,Configuraciones LDAP,Configuración de LDAP,frappe:3a3c3970e1fb48d0,frappe/integrations/doctype/ldap_settings/ldap_settings.json || frappe/integrations/workspace/integrations/integrations.json || frappe/workspace_sidebar/integrations.json,sí,alto (nombre de DocType visible en menús/cursos),pendiente de consulta a clientes
frappe,List Filter,Filtro de Lista,Filtro de lista,frappe:141ca3e3538568ab,frappe/desk/doctype/list_filter/list_filter.json,sí,alto (nombre de DocType visible en menús/cursos),pendiente de consulta a clientes
frappe,Milestone,Evento importante,Hito,frappe:a431c995f1af9d0c,frappe/automation/doctype/milestone/milestone.json || frappe/workspace_sidebar/automation.json,sí,alto (nombre de DocType visible en menús/cursos),pendiente de consulta a clientes
frappe,Milestone,Rastreador de Hitos,Seguimiento de hitos,frappe:fc7f994de3b4110d,frappe/automation/doctype/milestone/milestone.json || frappe/automation/doctype/milestone_tracker/milestone_tracker.json,sí,alto (nombre de DocType visible en menús/cursos),pendiente de consulta a clientes
frappe,Module Def,Módulo Def,Definición de módulo,frappe:5bfbaf5ec9412154,frappe/core/doctype/module_def/module_def.json || frappe/core/workspace/build/build.json || frappe/workspace_sidebar/build.json,sí,alto (nombre de DocType visible en menús/cursos),pendiente de consulta a clientes
frappe,Module Profile,Perfil del Módulo,Perfil del módulo,frappe:f36e836193ed7c7e,frappe/core/doctype/module_profile/module_profile.json || frappe/core/doctype/user/user.json,sí,alto (nombre de DocType visible en menús/cursos),pendiente de consulta a clientes
frappe,Auto Repeat,,Nota,frappe:c4cab123b8c5aa3c,frappe/automation/doctype/auto_repeat/auto_repeat.py:438 || frappe/desk/doctype/note/note.json,sí,medio,pendiente de consulta a clientes
frappe,Auto Repeat,,Notificación,frappe:ede24ff84e6f921c,frappe/automation/doctype/auto_repeat/auto_repeat.json || frappe/core/doctype/communication/mixins.py:158 || frappe/desk/doctype/event_notifications/event_notifications.json || frappe/email/doctype/no,sí,medio,pendiente de consulta a clientes
frappe,Notification Recipient,Receptor de Notificaciones,Destinatario de notificación,frappe:1f01aece10b9be5a,frappe/email/doctype/notification_recipient/notification_recipient.json,sí,alto (nombre de DocType visible en menús/cursos),pendiente de consulta a clientes
frappe,Notification Settings,,Configuración de notificaciones,frappe:aadbfab4d885c3c0,frappe/desk/doctype/notification_settings/notification_settings.json || frappe/public/js/frappe/ui/notifications/notifications.js:41 || frappe/workspace_sidebar/system.json,sí,medio,pendiente de consulta a clientes
frappe,Notification Subscribed Document,Notificación de documento suscrito,Documento suscrito a notificaciones,frappe:9df0ef18b813e66b,frappe/desk/doctype/notification_subscribed_document/notification_subscribed_document.json,sí,alto (nombre de DocType visible en menús/cursos),pendiente de consulta a clientes
frappe,Number Card Link,Enlace de tarjeta numérica,Enlace de tarjeta de números,frappe:6e686d0c48c8302c,frappe/desk/doctype/number_card_link/number_card_link.json,sí,alto (nombre de DocType visible en menús/cursos),pendiente de consulta a clientes
frappe,Oauth Settings,,Configuración de OAuth,frappe:39926774f128347f,frappe/integrations/doctype/oauth_settings/oauth_settings.json,sí,medio,pendiente de consulta a clientes
frappe,Package Import,Importación de Paquetes,Importación de paquetes,frappe:0b84daac5700c494,frappe/core/doctype/package_import/package_import.json || frappe/core/workspace/build/build.json,sí,alto (nombre de DocType visible en menús/cursos),pendiente de consulta a clientes
frappe,Package Release,Versión del Paquete,Versión del paquete,frappe:5a02c0af1381131e,frappe/core/doctype/package_release/package_release.json,sí,alto (nombre de DocType visible en menús/cursos),pendiente de consulta a clientes
frappe,Permission Inspector,Supervisor de Permisos,Inspector de permisos,frappe:1b654e76f7d5eed5,frappe/core/doctype/permission_inspector/permission_inspector.json || frappe/workspace_sidebar/users.json,sí,alto (nombre de DocType visible en menús/cursos),pendiente de consulta a clientes
frappe,Permission Inspector,Tipo de Permiso,Tipo de permiso,frappe:7528c9f587812b38,frappe/core/doctype/permission_inspector/permission_inspector.json || frappe/core/doctype/permission_type/permission_type.json,sí,alto (nombre de DocType visible en menús/cursos),pendiente de consulta a clientes
frappe,Prepared Report,Informe Preparado,Reporte preparado,frappe:83934d8ee92fd3af,frappe/core/doctype/prepared_report/prepared_report.json || frappe/core/doctype/report/report.json || frappe/core/report/prepared_report_analytics/prepared_report_analytics.py:32,sí,alto (nombre de DocType visible en menús/cursos),pendiente de consulta a clientes
frappe,Auto Repeat,Formatos de Impresión,Formato de impresión,frappe:04fae93477dc080a,frappe/automation/doctype/auto_repeat/auto_repeat.json || frappe/core/workspace/build/build.json || frappe/email/doctype/notification/notification.json || frappe/printing/doctype/print_format/print_fo,sí,alto (nombre de DocType visible en menús/cursos),pendiente de consulta a clientes
frappe,Print Format Field Template,Formato de impresión de Plantilla de campo,Plantilla de campo de formato de impresión,frappe:6c8d1c9afd5dcb9b,frappe/printing/doctype/print_format_field_template/print_format_field_template.json,sí,alto (nombre de DocType visible en menús/cursos),pendiente de consulta a clientes
frappe,Print Heading,,Encabezado de impresión,frappe:1069c3a312d50708,frappe/printing/doctype/print_heading/print_heading.json || frappe/workspace_sidebar/printing.json,sí,medio,pendiente de consulta a clientes
frappe,Print Settings,Ajustes de Impresión,Configuración de impresión,frappe:18105175306a35fb,frappe/printing/doctype/print_settings/print_settings.json || frappe/printing/doctype/print_style/print_style.js:6 || frappe/printing/page/print/print.js:181 || frappe/public/js/frappe/form/print_util,sí,alto (nombre de DocType visible en menús/cursos),pendiente de consulta a clientes
frappe,Print Settings,,Estilo de impresión,frappe:c3bfe316ca59bcf3,frappe/printing/doctype/print_settings/print_settings.json || frappe/printing/doctype/print_style/print_style.json,sí,medio,pendiente de consulta a clientes
frappe,Property Setter,Fijador de Propiedades,Configurador de propiedades,frappe:8453a0c42105298c,frappe/custom/doctype/property_setter/property_setter.json || frappe/workspace_sidebar/build.json,sí,alto (nombre de DocType visible en menús/cursos),pendiente de consulta a clientes
frappe,Push Notification Settings,Configuración de Notificaciones Push,Configuración de notificaciones push,frappe:ff8c86632c1e3ddb,frappe/integrations/doctype/push_notification_settings/push_notification_settings.json || frappe/integrations/workspace/integrations/integrations.json,sí,alto (nombre de DocType visible en menús/cursos),pendiente de consulta a clientes
frappe,Connected App,Parámetros de Consulta,Parámetros de consulta,frappe:f929c890b2b9ad63,frappe/integrations/doctype/connected_app/connected_app.json || frappe/integrations/doctype/query_parameters/query_parameters.json,sí,alto (nombre de DocType visible en menús/cursos),pendiente de consulta a clientes
frappe,Recorder Query,Consultas registradas,Consulta del grabador,frappe:767c624439aa6f12,frappe/core/doctype/recorder_query/recorder_query.json,sí,alto (nombre de DocType visible en menús/cursos),pendiente de consulta a clientes
frappe,Recorder Suggested Index,Registro del Índice sugerido,Índice sugerido por el Recorder,frappe:3794c637beeb1de3,frappe/core/doctype/recorder_suggested_index/recorder_suggested_index.json,sí,alto (nombre de DocType visible en menús/cursos),pendiente de consulta a clientes
frappe,Reply To Address,,Dirección de respuesta,frappe:cacf79a3254680a4,frappe/email/doctype/reply_to_address/reply_to_address.json,sí,medio,pendiente de consulta a clientes
frappe,Custom Docperm,,Reporte,frappe:597b927248550095,frappe/core/doctype/custom_docperm/custom_docperm.json || frappe/core/doctype/custom_role/custom_role.json || frappe/core/doctype/docperm/docperm.json || frappe/core/doctype/report/report.json || frap,sí,medio,pendiente de consulta a clientes
frappe,Report Column,Columna de informe,Columna de reporte,frappe:3e23456a29ce6667,frappe/core/doctype/report_column/report_column.json,sí,alto (nombre de DocType visible en menús/cursos),pendiente de consulta a clientes
frappe,Report Filter,Filtro de informe,Filtro de reporte,frappe:9308665b3a2870d2,frappe/core/doctype/report_filter/report_filter.json,sí,alto (nombre de DocType visible en menús/cursos),pendiente de consulta a clientes
frappe,Role Permission For Page And Report,Permiso para la función Página e Informe,Permiso de rol para página y reporte,frappe:577347391e8ab44c,frappe/core/doctype/role_permission_for_page_and_report/role_permission_for_page_and_report.json || frappe/core/workspace/users/users.json,sí,alto (nombre de DocType visible en menús/cursos),pendiente de consulta a clientes
frappe,Role Profile,Perfil de Rol,Perfil de rol,frappe:6093cf7819a4e176,frappe/core/doctype/role_profile/role_profile.json || frappe/core/doctype/user/user.json || frappe/core/doctype/user_role_profile/user_role_profile.json,sí,alto (nombre de DocType visible en menús/cursos),pendiente de consulta a clientes
frappe,Route History,Historia de la Ruta,Historial de rutas,frappe:0be09dac2722bbe6,frappe/desk/doctype/route_history/route_history.json,sí,alto (nombre de DocType visible en menús/cursos),pendiente de consulta a clientes
frappe,Sms Parameter,Parámetros SMS,Parámetro SMS,frappe:2c325bfd8cd5fb5a,frappe/core/doctype/sms_parameter/sms_parameter.json,sí,alto (nombre de DocType visible en menús/cursos),pendiente de consulta a clientes
frappe,Sms Settings,,Configuración de SMS,frappe:cde98439607f9f33,frappe/core/doctype/sms_settings/sms_settings.json || frappe/integrations/workspace/integrations/integrations.json,sí,medio,pendiente de consulta a clientes
frappe,Contact,Saludo.,Saludo,frappe:815952370011d1da,frappe/contacts/doctype/contact/contact.json || frappe/contacts/doctype/salutation/salutation.json,sí,alto (nombre de DocType visible en menús/cursos),pendiente de consulta a clientes
frappe,Security Settings Contact,,Contacto de configuración de seguridad,frappe:7c11b5b9a475403c,frappe/core/doctype/security_settings_contact/security_settings_contact.json,sí,medio,pendiente de consulta a clientes
frappe,Security Settings Language,,Idioma de configuración de seguridad,frappe:9742ff2074bf00ba,frappe/core/doctype/security_settings_language/security_settings_language.json,sí,medio,pendiente de consulta a clientes
frappe,Social Login Key,Clave de Acceso Social,Clave de inicio de sesión social,frappe:b8a6795bf9f56039,frappe/integrations/doctype/social_login_key/social_login_key.json || frappe/integrations/workspace/integrations/integrations.json || frappe/workspace_sidebar/integrations.json,sí,alto (nombre de DocType visible en menús/cursos),pendiente de consulta a clientes
frappe,System Health Report,Reporte de Salud del Sistema,Reporte de salud del sistema,frappe:2b691db31b828f99,frappe/desk/doctype/system_health_report/system_health_report.json,sí,alto (nombre de DocType visible en menús/cursos),pendiente de consulta a clientes
frappe,System Health Report Errors,Errores en el informe de salud del sistema,Errores del reporte de estado del sistema,frappe:e22a4b449f4e4ab5,frappe/desk/doctype/system_health_report_errors/system_health_report_errors.json,sí,alto (nombre de DocType visible en menús/cursos),pendiente de consulta a clientes
frappe,System Health Report Failing Jobs,Informe de salud del sistema Trabajos que fallan,Trabajos fallidos del reporte de salud del sistema,frappe:ed0646bc7542008a,frappe/desk/doctype/system_health_report_failing_jobs/system_health_report_failing_jobs.json,sí,alto (nombre de DocType visible en menús/cursos),pendiente de consulta a clientes
frappe,System Health Report Queue,Informe sobre la salud del sistema Cola,Cola del informe de salud del sistema,frappe:554defbc7a02e796,frappe/desk/doctype/system_health_report_queue/system_health_report_queue.json,sí,alto (nombre de DocType visible en menús/cursos),pendiente de consulta a clientes
frappe,System Health Report Tables,Informe sobre la salud del sistema Tablas,Tablas del reporte de salud del sistema,frappe:56155a13928a6659,frappe/desk/doctype/system_health_report_tables/system_health_report_tables.json,sí,alto (nombre de DocType visible en menús/cursos),pendiente de consulta a clientes
frappe,System Health Report Workers,Informe sobre la salud del sistema Workers,Informe de salud del sistema (workers),frappe:bea9fad9801ab76f,frappe/desk/doctype/system_health_report_workers/system_health_report_workers.json,sí,alto (nombre de DocType visible en menús/cursos),pendiente de consulta a clientes
frappe,System Settings,,Configuración del sistema,frappe:0af42e8a2a0dd83a,frappe/core/doctype/system_settings/system_settings.json,sí,medio,pendiente de consulta a clientes
frappe,Tag,,Etiqueta,frappe:72edc74bc847fbf9,frappe/desk/doctype/tag/tag.json,sí,medio,pendiente de consulta a clientes
frappe,Assignment Rule,Tareas,Tarea pendiente,frappe:d0cb918cb22485ca,frappe/automation/doctype/assignment_rule/assignment_rule.py:55 || frappe/desk/doctype/todo/todo.json || frappe/desk/report/todo/todo.json,sí,alto (nombre de DocType visible en menús/cursos),pendiente de consulta a clientes
frappe,Top Bar Item,Elemento de la Barra Superior,Elemento de la barra superior,frappe:ba6323d39dee8be8,frappe/website/doctype/top_bar_item/top_bar_item.json,sí,alto (nombre de DocType visible en menús/cursos),pendiente de consulta a clientes
frappe,Unhandled Email,Cuenta de Correo Electrónico no Manejado,Correo electrónico no gestionado,frappe:85a86e7c8e953f30,frappe/email/doctype/unhandled_email/unhandled_email.json || frappe/workspace_sidebar/email.json,sí,alto (nombre de DocType visible en menús/cursos),pendiente de consulta a clientes
frappe,Assignment Rule User,,Usuario,frappe:7b885c2568146680,frappe/automation/doctype/assignment_rule_user/assignment_rule_user.json || frappe/automation/doctype/auto_repeat_user/auto_repeat_user.json || frappe/automation/doctype/reminder/reminder.json || frap,sí,medio,pendiente de consulta a clientes
frappe,Report,Informe de actividad de usuario,Reporte de actividad de usuario,frappe:32160a78ae94a46b,frappe/core/doctype/report/user_activity_report.json,sí,alto (nombre de DocType visible en menús/cursos),pendiente de consulta a clientes
frappe,Report,Informe de actividad del usuario sin ordenar,Reporte de actividad del usuario sin ordenar,frappe:a4f91603ffdca8ea,frappe/core/doctype/report/user_activity_report_without_sort.json,sí,alto (nombre de DocType visible en menús/cursos),pendiente de consulta a clientes
frappe,User Document Type,Documento de tipo Usuario,Tipo de documento de usuario,frappe:beaef4b40f2a1906,frappe/core/doctype/user_document_type/user_document_type.json,sí,alto (nombre de DocType visible en menús/cursos),pendiente de consulta a clientes
frappe,User Email,Correo electrónico del Usuario,Correo electrónico del usuario,frappe:7bf01af365b5a89a,frappe/core/doctype/user_email/user_email.json,sí,alto (nombre de DocType visible en menús/cursos),pendiente de consulta a clientes
frappe,User Group Member,Miembro del Grupo de Usuario,Miembro del grupo de usuarios,frappe:e8c2394d5f54cc51,frappe/core/doctype/user_group_member/user_group_member.json,sí,alto (nombre de DocType visible en menús/cursos),pendiente de consulta a clientes
frappe,User Invitation,,Invitación de usuario,frappe:a3313fc3f00103f5,frappe/core/doctype/user_invitation/user_invitation.json,sí,medio,pendiente de consulta a clientes
frappe,User Permission,Permiso de Usuario,Permiso de usuario,frappe:52dbe0e46404004e,frappe/core/doctype/user_permission/user_permission.json || frappe/workspace_sidebar/users.json,sí,alto (nombre de DocType visible en menús/cursos),pendiente de consulta a clientes
frappe,User Role,Rol del Usuario,Rol del usuario,frappe:9ce2ebb31ecf46c9,frappe/core/doctype/user_role/user_role.json || frappe/integrations/doctype/ldap_group_mapping/ldap_group_mapping.json,sí,alto (nombre de DocType visible en menús/cursos),pendiente de consulta a clientes
frappe,User Role Profile,Perfil de Rol de Usuario,Perfil de rol de usuario,frappe:0cb22e6c6e8b9ed1,frappe/core/doctype/user_role_profile/user_role_profile.json,sí,alto (nombre de DocType visible en menús/cursos),pendiente de consulta a clientes
frappe,User Session Display,,Visualización de sesión de usuario,frappe:560f1c06939da909,frappe/core/doctype/user_session_display/user_session_display.json,sí,medio,pendiente de consulta a clientes
frappe,User Social Login,Inicio de Sesión Social del Usuario,Inicio de sesión social del usuario,frappe:265991f5be54ea61,frappe/core/doctype/user_social_login/user_social_login.json,sí,alto (nombre de DocType visible en menús/cursos),pendiente de consulta a clientes
frappe,User Type,Módulo User Type,Módulo de tipo de usuario,frappe:3d9f86e7dcd42ef8,frappe/core/doctype/user_type/user_type.json || frappe/core/doctype/user_type_module/user_type_module.json,sí,alto (nombre de DocType visible en menús/cursos),pendiente de consulta a clientes
frappe,Web Form,Formulario Web,Formulario web,frappe:b556bec053e305bd,frappe/website/doctype/web_form/web_form.json || frappe/workspace_sidebar/website.json,sí,alto (nombre de DocType visible en menús/cursos),pendiente de consulta a clientes
frappe,Web Form List Column,Columna de Lista de Formularios Web,Columna de lista de formulario web,frappe:0d98a2862d8cfb5d,frappe/website/doctype/web_form_list_column/web_form_list_column.json,sí,alto (nombre de DocType visible en menús/cursos),pendiente de consulta a clientes
frappe,Web Page Block,Plantilla Web,Plantilla web,frappe:76b01fa7bccd7679,frappe/website/doctype/web_page_block/web_page_block.json || frappe/website/doctype/web_template/web_template.json,sí,alto (nombre de DocType visible en menús/cursos),pendiente de consulta a clientes
frappe,Webhook Header,Encabezado del Webhook,Encabezado del webhook,frappe:eaeac1553cf185e0,frappe/integrations/doctype/webhook_header/webhook_header.json,sí,alto (nombre de DocType visible en menús/cursos),pendiente de consulta a clientes
frappe,Website Script,,Script del sitio web,frappe:c58104f6c34eb586,frappe/website/doctype/website_script/website_script.json || frappe/website/workspace/website/website.json || frappe/workspace_sidebar/website.json,sí,medio,pendiente de consulta a clientes
frappe,Website Settings,,Configuración del sitio web,frappe:3d1454f035573a6c,frappe/website/doctype/website_settings/website_settings.json || frappe/website/workspace/website/website.json,sí,medio,pendiente de consulta a clientes
frappe,Web Form,Barra Lateral página web,Barra lateral del sitio web,frappe:91bb585d3b31b2b9,frappe/website/doctype/web_form/web_form.json || frappe/website/doctype/web_page/web_page.json || frappe/website/doctype/website_sidebar/website_sidebar.json,sí,alto (nombre de DocType visible en menús/cursos),pendiente de consulta a clientes
frappe,Website Sidebar Item,Artículo de barra lateral del Sitio web,Elemento de barra lateral del sitio web,frappe:ad4e7af3f348eed6,frappe/website/doctype/website_sidebar_item/website_sidebar_item.json,sí,alto (nombre de DocType visible en menús/cursos),pendiente de consulta a clientes
frappe,Website Slideshow Item,Elemento de la Presentación de la Página Web,Elemento de presentación de la página web,frappe:7f24e799c5fcb324,frappe/website/doctype/website_slideshow_item/website_slideshow_item.json,sí,alto (nombre de DocType visible en menús/cursos),pendiente de consulta a clientes
frappe,Website Settings,,Tema del sitio web,frappe:8b06c375580d3ab0,frappe/website/doctype/website_settings/website_settings.json || frappe/website/doctype/website_theme/website_theme.json || frappe/website/workspace/website/website.json || frappe/workspace_sidebar/we,sí,medio,pendiente de consulta a clientes
frappe,Website Theme Ignore App,Aplicación de ignorar tema del sitio web,Ignorar App de Tema del Sitio Web,frappe:3ebd3e5bc40add60,frappe/website/doctype/website_theme_ignore_app/website_theme_ignore_app.json,sí,alto (nombre de DocType visible en menús/cursos),pendiente de consulta a clientes
frappe,Comment,,Flujo de trabajo,frappe:55232189a1f5065a,frappe/core/doctype/comment/comment.json || frappe/core/doctype/doctype/doctype.json || frappe/public/js/workflow_builder/store.js:130 || frappe/workflow/doctype/workflow/workflow.json || frappe/works,sí,medio,pendiente de consulta a clientes
frappe,Workflow Action,,Acción de flujo de trabajo,frappe:05969a4bf04088e1,frappe/workflow/doctype/workflow_action/workflow_action.json || frappe/workflow/doctype/workflow_action/workflow_action.py:482,sí,medio,pendiente de consulta a clientes
frappe,Workflow Action Master,Flujo de trabajo de Acción Maestro,Maestro de acciones de flujo de trabajo,frappe:f7b780e6b6777fdd,frappe/workflow/doctype/workflow_action_master/workflow_action_master.json,sí,alto (nombre de DocType visible en menús/cursos),pendiente de consulta a clientes
frappe,Workflow Action Permitted Role,Acción de flujo de trabajo Rol permitido,Rol permitido para acción de flujo de trabajo,frappe:3cc35b2283a7e66f,frappe/workflow/doctype/workflow_action_permitted_role/workflow_action_permitted_role.json,sí,alto (nombre de DocType visible en menús/cursos),pendiente de consulta a clientes
frappe,Workflow Document State,Estado de los Documentos del Flujo de Trabajo,Estado del documento del flujo de trabajo,frappe:5f2a09753c50efb8,frappe/workflow/doctype/workflow_document_state/workflow_document_state.json,sí,alto (nombre de DocType visible en menús/cursos),pendiente de consulta a clientes
frappe,Workflow Action,,Estado del flujo de trabajo,frappe:0b5b568a9e673f51,frappe/workflow/doctype/workflow_action/workflow_action.json || frappe/workflow/doctype/workflow_state/workflow_state.json,sí,medio,pendiente de consulta a clientes
frappe,Workflow Transition,La transición del Flujo de Trabajo,Transición de flujo de trabajo,frappe:e6af7045f9e5f4db,frappe/workflow/doctype/workflow_transition/workflow_transition.json,sí,alto (nombre de DocType visible en menús/cursos),pendiente de consulta a clientes
frappe,Workflow Transition Task,,Tarea de transición de flujo de trabajo,frappe:a6a7eb722f815a8e,frappe/workflow/doctype/workflow_transition_task/workflow_transition_task.json,sí,medio,pendiente de consulta a clientes
frappe,Workflow Transition Tasks,,Tareas de transición de flujo de trabajo,frappe:2bc6c9402a13bad9,frappe/workflow/doctype/workflow_transition_tasks/workflow_transition_tasks.json,sí,medio,pendiente de consulta a clientes
frappe,User,Área de Trabajo,Área de trabajo,frappe:f3b530cac0cf42e1,frappe/core/doctype/user/user.json || frappe/core/workspace/build/build.json || frappe/desk/doctype/workspace/workspace.json || frappe/desk/doctype/workspace_sidebar_item/workspace_sidebar_item.json |,sí,alto (nombre de DocType visible en menús/cursos),pendiente de consulta a clientes
frappe,Workspace Chart,Gráfico del Área de Trabajo,Gráfico del espacio de trabajo,frappe:1c3ac1d7ea10073f,frappe/desk/doctype/workspace_chart/workspace_chart.json,sí,alto (nombre de DocType visible en menús/cursos),pendiente de consulta a clientes
frappe,Workspace Link,Enlace del Área de Trabajo,Enlace de área de trabajo,frappe:1d715a84445292af,frappe/desk/doctype/workspace_link/workspace_link.json,sí,alto (nombre de DocType visible en menús/cursos),pendiente de consulta a clientes
frappe,Workspace Number Card,Tarjeta de número del Área de Trabajo,Tarjeta numérica del área de trabajo,frappe:3fdc48f13949e006,frappe/desk/doctype/workspace_number_card/workspace_number_card.json,sí,alto (nombre de DocType visible en menús/cursos),pendiente de consulta a clientes
frappe,Workspace Shortcut,Acceso directo del Espacio del Trabajo,Acceso directo del área de trabajo,frappe:baeae0444d5204b1,frappe/desk/doctype/workspace_shortcut/workspace_shortcut.json,sí,alto (nombre de DocType visible en menús/cursos),pendiente de consulta a clientes
hrms,Appointment Letter,Carta de cita,Carta de Nombramiento,hrms:6a53a95d7149039d,hrms/hr/doctype/appointment_letter/appointment_letter.json || hrms/hr/workspace/recruitment/recruitment.json || hrms/workspace_sidebar/recruitment.json,sí,alto (nombre de DocType visible en menús/cursos),pendiente de consulta a clientes
hrms,Appointment Letter,Plantilla de carta de cita,Plantilla de Carta de Nombramiento,hrms:31b9ad7110e4c652,hrms/hr/doctype/appointment_letter/appointment_letter.json || hrms/hr/doctype/appointment_letter_template/appointment_letter_template.json || hrms/hr/workspace/recruitment/recruitment.json || hrms/wor,sí,alto (nombre de DocType visible en menús/cursos),pendiente de consulta a clientes
hrms,Appraisal,Evaluación,Evaluación de Desempeño,hrms:f9a7175139835f23,hrms/hr/doctype/appraisal/appraisal.json || hrms/hr/doctype/employee_performance_feedback/employee_performance_feedback.json || hrms/hr/report/appraisal_overview/appraisal_overview.py:44 || hrms/works,sí,alto (nombre de DocType visible en menús/cursos),pendiente de consulta a clientes
hrms,Appraisal Kra,,KRA de Evaluación,hrms:1a5f4b8cb0924394,hrms/hr/doctype/appraisal_kra/appraisal_kra.json,sí,medio,pendiente de consulta a clientes
hrms,Appraisal,,Plantilla de Evaluación,hrms:896aa35a5a6f9a04,hrms/hr/doctype/appraisal/appraisal.json || hrms/hr/doctype/appraisal_template/appraisal_template.json || hrms/hr/doctype/appraisee/appraisee.json || hrms/setup.py:164 || hrms/workspace_sidebar/perfor,sí,medio,pendiente de consulta a clientes
hrms,Appraisal Template Goal,Objetivo de la plantilla de evaluación,Objetivo de la Plantilla de Evaluación,hrms:453da323a9b99753,hrms/hr/doctype/appraisal_template_goal/appraisal_template_goal.json,sí,alto (nombre de DocType visible en menús/cursos),pendiente de consulta a clientes
hrms,Appraisee,,Evaluado,hrms:52cc060d3c10656a,hrms/hr/doctype/appraisee/appraisee.json,sí,medio,pendiente de consulta a clientes
hrms,Arrear,,Retroactivo,hrms:256f783daf7c5c58,hrms/payroll/doctype/arrear/arrear.json,sí,medio,pendiente de consulta a clientes
hrms,Bulk Salary Structure Assignment,,Asignación Masiva de Estructura Salarial,hrms:89190a7a5a15a3d9,hrms/payroll/doctype/bulk_salary_structure_assignment/bulk_salary_structure_assignment.json || hrms/payroll/doctype/salary_structure/salary_structure_list.js:3 || hrms/payroll/workspace/payroll/payrol,sí,medio,pendiente de consulta a clientes
hrms,Daily Work Summary,Grupo de resumen de trabajo diario,Grupo de Resumen de Trabajo Diario,hrms:f6e6b51e6aff3ad7,hrms/hr/doctype/daily_work_summary/daily_work_summary.json || hrms/hr/doctype/daily_work_summary_group/daily_work_summary_group.json || hrms/hr/page/team_updates/team_updates.js:12 || hrms/hr/workspac,sí,alto (nombre de DocType visible en menús/cursos),pendiente de consulta a clientes
hrms,Daily Work Summary Group User,Resumen de Trabajo Diario de Grupo Usuario,Usuario del Grupo de Resumen de Trabajo Diario,hrms:8a1ac237175fc050,hrms/hr/doctype/daily_work_summary_group_user/daily_work_summary_group_user.json,sí,alto (nombre de DocType visible en menús/cursos),pendiente de consulta a clientes
hrms,Designation Skill,Habilidad de designación,Habilidad del Puesto,hrms:e100f1ba5221a393,hrms/hr/doctype/designation_skill/designation_skill.json,sí,alto (nombre de DocType visible en menús/cursos),pendiente de consulta a clientes
hrms,Earned Leave Schedule,,Programa de Ausencias Devengadas,hrms:1986d74ede5fd47c,hrms/hr/doctype/earned_leave_schedule/earned_leave_schedule.json || hrms/hr/doctype/leave_allocation/leave_allocation.json,sí,medio,pendiente de consulta a clientes
hrms,Employee Benefit Application,Solicitud de Beneficios para Empleados,Solicitud de Prestaciones del Empleado,hrms:313fb791a725359d,hrms/payroll/doctype/employee_benefit_application/employee_benefit_application.json || hrms/payroll/workspace/tax_&_benefits/tax_&_benefits.json,sí,alto (nombre de DocType visible en menús/cursos),pendiente de consulta a clientes
hrms,Employee Benefit Claim,Reclamo de Beneficio del Empleado,Reclamación de prestación del empleado,hrms:377d151c14d84463,hrms/payroll/doctype/employee_benefit_claim/employee_benefit_claim.json || hrms/payroll/workspace/tax_&_benefits/tax_&_benefits.json,sí,alto (nombre de DocType visible en menús/cursos),pendiente de consulta a clientes
hrms,Employee Benefit Detail,,Detalle de Prestación del Empleado,hrms:6f396721dcc05bc4,hrms/payroll/doctype/employee_benefit_detail/employee_benefit_detail.json,sí,medio,pendiente de consulta a clientes
hrms,Employee Benefit Ledger,,Libro Mayor de Prestaciones del Empleado,hrms:f3d006718cec56f3,hrms/payroll/doctype/employee_benefit_ledger/employee_benefit_ledger.json,sí,medio,pendiente de consulta a clientes
hrms,Employee Boarding Activity,Actividad de Embarque de Empleados,Actividad de Incorporación del Empleado,hrms:8a2600ebce30083b,hrms/hr/doctype/employee_boarding_activity/employee_boarding_activity.json,sí,alto (nombre de DocType visible en menús/cursos),pendiente de consulta a clientes
hrms,Employee Checkin,Registro de empleados,Registro de Entrada/Salida,hrms:0af75aae03f8b718,hrms/hr/doctype/employee_checkin/employee_checkin.json || hrms/hr/workspace/hr_setup/hr_setup.json || hrms/hr/workspace/shift_&_attendance/shift_&_attendance.json || hrms/workspace_sidebar/shift_&_att,sí,alto (nombre de DocType visible en menús/cursos),pendiente de consulta a clientes
hrms,Employee Cost Center,,Centro de Costos del Empleado,hrms:432441d1862863fc,hrms/payroll/doctype/employee_cost_center/employee_cost_center.json,sí,medio,pendiente de consulta a clientes
hrms,Employee Feedback Criteria,,Criterios de Retroalimentación del Empleado,hrms:178d9dd050449a3c,hrms/hr/doctype/employee_feedback_criteria/employee_feedback_criteria.json || hrms/workspace_sidebar/performance.json,sí,medio,pendiente de consulta a clientes
hrms,Employee Feedback Rating,,Calificación de Retroalimentación del Empleado,hrms:fbd6d6545bc8e785,hrms/hr/doctype/employee_feedback_rating/employee_feedback_rating.json,sí,medio,pendiente de consulta a clientes
hrms,Employee Attendance Tool,Grado del Empleado,Categoría del Empleado,hrms:1301ab522342fe8c,hrms/hr/doctype/employee_attendance_tool/employee_attendance_tool.json || hrms/hr/doctype/employee_grade/employee_grade.json || hrms/hr/doctype/employee_onboarding/employee_onboarding.json || hrms/hr/,sí,alto (nombre de DocType visible en menús/cursos),pendiente de consulta a clientes
hrms,Employee Grievance,,Queja del Empleado,hrms:9ee01a52a7c5b58f,hrms/hr/doctype/employee_grievance/employee_grievance.json || hrms/hr/workspace/tenure/tenure.json || hrms/workspace_sidebar/tenure.json,sí,medio,pendiente de consulta a clientes
hrms,Employee Onboarding,Empleado de Abordo,Incorporación del empleado,hrms:9f455fecdd8ffea6,hrms/hr/doctype/employee_onboarding/employee_onboarding.json || hrms/hr/workspace/tenure/tenure.json || hrms/workspace_sidebar/tenure.json,sí,alto (nombre de DocType visible en menús/cursos),pendiente de consulta a clientes
hrms,Employee Onboarding,Plantilla de Incorporación del Empleado,Plantilla de incorporación del empleado,hrms:4d21981cc62596bd,hrms/hr/doctype/employee_onboarding/employee_onboarding.json || hrms/hr/doctype/employee_onboarding_template/employee_onboarding_template.json || hrms/hr/workspace/tenure/tenure.json,sí,alto (nombre de DocType visible en menús/cursos),pendiente de consulta a clientes
hrms,Employee Performance Feedback,,Retroalimentación de Desempeño del Empleado,hrms:9f502759a23b6731,hrms/hr/doctype/employee_performance_feedback/employee_performance_feedback.json || hrms/workspace_sidebar/performance.json,sí,medio,pendiente de consulta a clientes
hrms,Employee Referral,Recomendación de empleados,Recomendación de Empleado,hrms:ccfe8fef740f9975,hrms/hr/doctype/employee_referral/employee_referral.json || hrms/hr/doctype/job_applicant/job_applicant.json || hrms/hr/doctype/job_requisition/job_requisition.js:18 || hrms/hr/workspace/recruitment/r,sí,alto (nombre de DocType visible en menús/cursos),pendiente de consulta a clientes
hrms,Employee Separation,Separación de Empleados,Baja del empleado,hrms:a6b5f6e98c12e5f3,hrms/hr/doctype/employee_separation/employee_separation.json || hrms/workspace_sidebar/tenure.json,sí,alto (nombre de DocType visible en menús/cursos),pendiente de consulta a clientes
hrms,Employee Separation,Plantilla de Separación de Empleados,Plantilla de baja del empleado,hrms:1e4c0f90efce5aca,hrms/hr/doctype/employee_separation/employee_separation.json || hrms/hr/doctype/employee_separation_template/employee_separation_template.json,sí,alto (nombre de DocType visible en menús/cursos),pendiente de consulta a clientes
hrms,Employee Training,Formación de los empleados,Capacitación del Empleado,hrms:e3823f192d642f3f,hrms/hr/doctype/employee_training/employee_training.json,sí,alto (nombre de DocType visible en menús/cursos),pendiente de consulta a clientes
hrms,Employee Attendance Tool,,Tipo de Empleo,hrms:e96444c1a90f4369,hrms/hr/doctype/employee_attendance_tool/employee_attendance_tool.json || hrms/hr/doctype/employment_type/employment_type.json || hrms/hr/doctype/job_opening/job_opening.json || hrms/hr/doctype/job_op,sí,medio,pendiente de consulta a clientes
hrms,Exit Interview,,Entrevista de Salida,hrms:69631ee011807883,hrms/hr/doctype/exit_interview/exit_interview.json || hrms/hr/report/employee_exits/employee_exits.py:39,sí,medio,pendiente de consulta a clientes
hrms,Expected Skill Set,,Conjunto de Habilidades Esperadas,hrms:f3be81ecc713206b,hrms/hr/doctype/expected_skill_set/expected_skill_set.json,sí,medio,pendiente de consulta a clientes
hrms,Expense Claim Account,Cuenta de Gastos,Cuenta de Reembolso de Gastos,hrms:e5f1d6ef4481bb8f,hrms/hr/doctype/expense_claim_account/expense_claim_account.json,sí,alto (nombre de DocType visible en menús/cursos),pendiente de consulta a clientes
hrms,Expense Claim Advance,Anticipo de Adelanto de Gastos,Anticipo de Reembolso de Gastos,hrms:9cfece08e7426a13,hrms/hr/doctype/expense_claim_advance/expense_claim_advance.json,sí,alto (nombre de DocType visible en menús/cursos),pendiente de consulta a clientes
hrms,Expense Claim Detail,Detalle de reembolso de gastos,Detalle de Reembolso de Gastos,hrms:3e90f827a82aa4ae,hrms/hr/doctype/expense_claim_detail/expense_claim_detail.json,sí,alto (nombre de DocType visible en menús/cursos),pendiente de consulta a clientes
hrms,Expense Claim,Tipo de gasto,Tipo de Reembolso de Gastos,hrms:05bc0f3492dc9c82,hrms/hr/doctype/expense_claim/expense_claim.py:612 || hrms/hr/doctype/expense_claim_detail/expense_claim_detail.json || hrms/hr/doctype/expense_claim_type/expense_claim_type.json || hrms/hr/workspace/,sí,alto (nombre de DocType visible en menús/cursos),pendiente de consulta a clientes
hrms,Expense Claim,Gastos Impuestos y Cargos,Impuestos y Cargos del Reembolso,hrms:2ecdb62ab5217dd7,hrms/hr/doctype/expense_claim/expense_claim.json || hrms/hr/doctype/expense_taxes_and_charges/expense_taxes_and_charges.json,sí,alto (nombre de DocType visible en menús/cursos),pendiente de consulta a clientes
hrms,Full And Final Asset,,Activo del finiquito,hrms:8c4f8f5aa245dbfd,hrms/hr/doctype/full_and_final_asset/full_and_final_asset.json,sí,medio,pendiente de consulta a clientes
hrms,Full And Final Outstanding Statement,,Estado de saldos pendientes del finiquito,hrms:146956d4bf96f2b4,hrms/hr/doctype/full_and_final_outstanding_statement/full_and_final_outstanding_statement.json,sí,medio,pendiente de consulta a clientes
hrms,Gratuity,,Gratificación,hrms:4583838e89352a3a,hrms/payroll/doctype/gratuity/gratuity.json || hrms/payroll/doctype/gratuity_rule/gratuity_rule.json || hrms/payroll/doctype/gratuity_rule/gratuity_rule_dashboard.py:7,sí,medio,pendiente de consulta a clientes
hrms,Gratuity Applicable Component,,Concepto Aplicable a Gratificación,hrms:3476ea9e5764ee1a,hrms/payroll/doctype/gratuity_applicable_component/gratuity_applicable_component.json,sí,medio,pendiente de consulta a clientes
hrms,Gratuity,,Regla de Gratificación,hrms:59a87ec7e32064ff,hrms/payroll/doctype/gratuity/gratuity.json || hrms/payroll/doctype/gratuity_rule/gratuity_rule.json,sí,medio,pendiente de consulta a clientes
hrms,Gratuity Rule Slab,,Escala de Regla de Gratificación,hrms:dc6ae8d233ad0f8f,hrms/payroll/doctype/gratuity_rule_slab/gratuity_rule_slab.json,sí,medio,pendiente de consulta a clientes
hrms,Employee Grievance,,Tipo de Queja,hrms:496b59498488b94f,hrms/hr/doctype/employee_grievance/employee_grievance.json || hrms/hr/doctype/grievance_type/grievance_type.json || hrms/hr/workspace/tenure/tenure.json || hrms/workspace_sidebar/tenure.json,sí,medio,pendiente de consulta a clientes
hrms,Hr Settings,Configuración de recursos humanos (RRHH),Configuración de RRHH,hrms:f90a8e30a544b227,hrms/hr/doctype/hr_settings/hr_settings.json || hrms/hr/doctype/leave_application/leave_application.py:179 || hrms/hr/workspace/hr_setup/hr_setup.json,sí,alto (nombre de DocType visible en menús/cursos),pendiente de consulta a clientes
hrms,Holiday List Assignment,,Asignación de Calendario de Días Festivos,hrms:383c70c01fff1937,hrms/hr/doctype/holiday_list_assignment/holiday_list_assignment.json || hrms/workspace_sidebar/leaves.json,sí,medio,pendiente de consulta a clientes
hrms,Bulk Salary Structure Assignment,Losa de impuesto sobre la renta,Tarifa de ISR,hrms:38ff4c45cf576bcc,hrms/payroll/doctype/bulk_salary_structure_assignment/bulk_salary_structure_assignment.json || hrms/payroll/doctype/income_tax_slab/income_tax_slab.json || hrms/payroll/doctype/salary_structure/salary,sí,alto (nombre de DocType visible en menús/cursos),pendiente de consulta a clientes
hrms,Income Tax Slab Other Charges,Impuesto sobre la renta Otros cargos de losa,Otros cargos de la tarifa de ISR,hrms:cbd5a7d25d5afbe9,hrms/payroll/doctype/income_tax_slab_other_charges/income_tax_slab_other_charges.json,sí,alto (nombre de DocType visible en menús/cursos),pendiente de consulta a clientes
hrms,Interview,,Entrevista,hrms:38573246957e3e88,hrms/hr/doctype/interview/interview.json || hrms/hr/doctype/interview_feedback/interview_feedback.json || hrms/hr/doctype/job_applicant/job_applicant_dashboard.html:7 || hrms/hr/workspace/recruitment/,sí,medio,pendiente de consulta a clientes
hrms,Interview Detail,,Detalle de Entrevista,hrms:da9b886c7208c6e4,hrms/hr/doctype/interview_detail/interview_detail.json,sí,medio,pendiente de consulta a clientes
hrms,Interview Feedback,,Retroalimentación de Entrevista,hrms:2b218e6e78f6806d,hrms/hr/doctype/interview_feedback/interview_feedback.json || hrms/hr/doctype/interview_feedback/interview_feedback.py:61 || hrms/hr/workspace/recruitment/recruitment.json,sí,medio,pendiente de consulta a clientes
hrms,Interview,,Tipo de Entrevista,hrms:ffdf0d5e0840798c,hrms/hr/doctype/interview/interview.json || hrms/hr/doctype/interview_feedback/interview_feedback.json || hrms/hr/doctype/interview_type/interview_type.json || hrms/hr/doctype/job_applicant/job_applic,sí,medio,pendiente de consulta a clientes
hrms,Interview,,Entrevistador,hrms:795e0fa6b32445be,hrms/hr/doctype/interview/interview.json || hrms/hr/doctype/interview_detail/interview_detail.json || hrms/hr/doctype/interview_feedback/interview_feedback.json || hrms/hr/doctype/interview_type/inter,sí,medio,pendiente de consulta a clientes
hrms,Appointment Letter,,Candidato,hrms:7ad8561901e2c108,hrms/hr/doctype/appointment_letter/appointment_letter.json || hrms/hr/doctype/employee_onboarding/employee_onboarding.json || hrms/hr/doctype/interview/interview.json || hrms/hr/doctype/interview_feed,sí,medio,pendiente de consulta a clientes
hrms,Job Applicant Source,Fuente del Solicitante de Empleo,Fuente del Candidato,hrms:31e3636291aa66fa,hrms/hr/doctype/job_applicant_source/job_applicant_source.json,sí,alto (nombre de DocType visible en menús/cursos),pendiente de consulta a clientes
hrms,Employee Onboarding,Oferta de trabajo,Oferta de Empleo,hrms:fffd49514f0fb6a3,hrms/hr/doctype/employee_onboarding/employee_onboarding.json || hrms/hr/doctype/job_offer/job_offer.json || hrms/hr/report/recruitment_analytics/recruitment_analytics.py:52 || hrms/hr/workspace/recrui,sí,alto (nombre de DocType visible en menús/cursos),pendiente de consulta a clientes
hrms,Job Offer Term,Término de Oferta de Trabajo,Condición de Oferta de Trabajo,hrms:736c0012648f1671,hrms/hr/doctype/job_offer_term/job_offer_term.json,sí,alto (nombre de DocType visible en menús/cursos),pendiente de consulta a clientes
hrms,Job Offer,,Plantilla de Términos de Oferta de Empleo,hrms:13ccd49a1ef08d0c,hrms/hr/doctype/job_offer/job_offer.json || hrms/hr/doctype/job_offer_term_template/job_offer_term_template.json || hrms/workspace_sidebar/recruitment.json,sí,medio,pendiente de consulta a clientes
hrms,Interview,Oportunidad de empleo,Vacante,hrms:9434521b337d648c,hrms/hr/doctype/interview/interview.json || hrms/hr/doctype/job_applicant/job_applicant.json || hrms/hr/doctype/job_opening/job_opening.json || hrms/hr/doctype/job_requisition/job_requisition.js:54 ||,sí,alto (nombre de DocType visible en menús/cursos),pendiente de consulta a clientes
hrms,Job Opening,,Plantilla de Vacante,hrms:4e6b35d4f2eab1ed,hrms/hr/doctype/job_opening/job_opening.json || hrms/hr/doctype/job_opening_template/job_opening_template.json || hrms/workspace_sidebar/recruitment.json,sí,medio,pendiente de consulta a clientes
hrms,Job Opening,,Requisición de Personal,hrms:db0be40becfd4dac,hrms/hr/doctype/job_opening/job_opening.json || hrms/hr/doctype/job_requisition/job_requisition.json || hrms/hr/workspace/recruitment/recruitment.json || hrms/workspace_sidebar/recruitment.json,sí,medio,pendiente de consulta a clientes
hrms,Appraisal Kra,,KRA,hrms:a53503dcb17eac81,hrms/hr/doctype/appraisal_kra/appraisal_kra.json || hrms/hr/doctype/appraisal_template_goal/appraisal_template_goal.json || hrms/hr/doctype/goal/goal.json || hrms/hr/doctype/goal/goal_tree.js:134 || h,sí,medio,pendiente de consulta a clientes
hrms,Leave Adjustment,,Ajuste de Ausencias,hrms:f4a20d3ea54d5a32,hrms/hr/doctype/leave_adjustment/leave_adjustment.json,sí,medio,pendiente de consulta a clientes
hrms,Compensatory Leave Request,Asignación de vacaciones,Asignación de Ausencias,hrms:9cc6d2f90d3a096d,hrms/hr/doctype/compensatory_leave_request/compensatory_leave_request.json || hrms/hr/doctype/leave_allocation/leave_allocation.json || hrms/hr/doctype/leave_encashment/leave_encashment.json || hrms/h,sí,alto (nombre de DocType visible en menús/cursos),pendiente de consulta a clientes
hrms,Attendance,Solicitud de vacaciones,Solicitud de Ausencia,hrms:8b84d6716e2e796c,hrms/hr/doctype/attendance/attendance.json || hrms/hr/doctype/leave_application/leave_application.json || hrms/hr/workspace/hr_setup/hr_setup.json || hrms/hr/workspace/leaves/leaves.json || hrms/works,sí,alto (nombre de DocType visible en menús/cursos),pendiente de consulta a clientes
hrms,Leave Block List,,Lista de Bloqueo de Ausencias,hrms:7b77f5762aa1953b,hrms/hr/doctype/leave_block_list/leave_block_list.json || hrms/hr/workspace/leaves/leaves.json || hrms/setup.py:127 || hrms/workspace_sidebar/leaves.json,sí,medio,pendiente de consulta a clientes
hrms,Leave Block List Allow,Permitir Lista de Bloqueo de Vacaciones,Permitir Lista de Bloqueo de Ausencias,hrms:aca01ecf92ce0798,hrms/hr/doctype/leave_block_list_allow/leave_block_list_allow.json,sí,alto (nombre de DocType visible en menús/cursos),pendiente de consulta a clientes
hrms,Leave Block List Date,Fecha de Lista de Bloqueo de Vacaciones,Fecha de Lista de Bloqueo de Ausencias,hrms:b02ed55479f09a8e,hrms/hr/doctype/leave_block_list_date/leave_block_list_date.json,sí,alto (nombre de DocType visible en menús/cursos),pendiente de consulta a clientes
hrms,Leave Encashment,Dejar el Encargo,Pago de ausencias,hrms:c3794bb1c55ab85b,hrms/hr/doctype/leave_encashment/leave_encashment.json || hrms/hr/workspace/leaves/leaves.json || hrms/workspace_sidebar/leaves.json,sí,alto (nombre de DocType visible en menús/cursos),pendiente de consulta a clientes
hrms,Leave Ledger Entry,Dejar entrada de libro mayor,Asiento del Libro Mayor de Ausencias,hrms:e04be6417f3e7170,hrms/hr/doctype/leave_ledger_entry/leave_ledger_entry.json || hrms/hr/report/leave_ledger/leave_ledger.py:21,sí,alto (nombre de DocType visible en menús/cursos),pendiente de consulta a clientes
hrms,Leave Allocation,Período de vacaciones,Período de Ausencias,hrms:a580561f9ff1b706,hrms/hr/doctype/leave_allocation/leave_allocation.json || hrms/hr/doctype/leave_control_panel/leave_control_panel.json || hrms/hr/doctype/leave_encashment/leave_encashment.json || hrms/hr/doctype/leav,sí,alto (nombre de DocType visible en menús/cursos),pendiente de consulta a clientes
hrms,Leave Allocation,Política de vacaciones,Política de Ausencias,hrms:7696c3b1dd4e1a93,hrms/hr/doctype/leave_allocation/leave_allocation.json || hrms/hr/doctype/leave_control_panel/leave_control_panel.json || hrms/hr/doctype/leave_policy/leave_policy.json || hrms/hr/doctype/leave_policy,sí,alto (nombre de DocType visible en menús/cursos),pendiente de consulta a clientes
hrms,Earned Leave Schedule,,Asignación de Política de Ausencias,hrms:21ac43d97d496834,hrms/hr/doctype/earned_leave_schedule/earned_leave_schedule.json || hrms/hr/doctype/leave_allocation/leave_allocation.json || hrms/hr/doctype/leave_policy_assignment/leave_policy_assignment.json || hr,sí,medio,pendiente de consulta a clientes
hrms,Leave Policy Detail,Dejar detalles de la política,Detalle de la Política de Ausencias,hrms:bebb49ad88954507,hrms/hr/doctype/leave_policy_detail/leave_policy_detail.json,sí,alto (nombre de DocType visible en menús/cursos),pendiente de consulta a clientes
hrms,Leaves (Workspace),Tipo de Vacaciones,Tipo de Ausencia,hrms:ea49d24c80386550,frontend/src/views/leave/List.vue:41 || hrms/hr/doctype/attendance/attendance.json || hrms/hr/doctype/compensatory_leave_request/compensatory_leave_request.json || hrms/hr/doctype/employee_attendance_,sí,alto (nombre de DocType visible en menús/cursos),pendiente de consulta a clientes
hrms,Job Offer Term,Términos de la oferta,Término de la Oferta,hrms:a3b0621ab82ab437,hrms/hr/doctype/job_offer_term/job_offer_term.json || hrms/hr/doctype/offer_term/offer_term.json,sí,alto (nombre de DocType visible en menús/cursos),pendiente de consulta a clientes
hrms,Overtime Details,,Detalles de Tiempo Extra,hrms:5e2048afc2753c49,hrms/hr/doctype/overtime_details/overtime_details.json || hrms/hr/doctype/overtime_slip/overtime_slip.json,sí,medio,pendiente de consulta a clientes
hrms,Overtime Salary Component,,Concepto de Nómina de Tiempo Extra,hrms:9827b694157d0efd,hrms/hr/doctype/overtime_salary_component/overtime_salary_component.json || hrms/hr/doctype/overtime_type/overtime_type.json,sí,medio,pendiente de consulta a clientes
hrms,Overtime Slip,,Recibo de Tiempo Extra,hrms:169566f6e5d529cd,hrms/hr/doctype/overtime_slip/overtime_slip.json || hrms/hr/workspace/shift_&_attendance/shift_&_attendance.json || hrms/workspace_sidebar/shift_&_attendance.json,sí,medio,pendiente de consulta a clientes
hrms,Attendance,,Tipo de Tiempo Extra,hrms:046f9086a09017c6,hrms/hr/doctype/attendance/attendance.json || hrms/hr/doctype/employee_checkin/employee_checkin.json || hrms/hr/doctype/overtime_details/overtime_details.json || hrms/hr/doctype/overtime_type/overtime,sí,medio,pendiente de consulta a clientes
hrms,Pwa Notification,,Notificación PWA,hrms:d475913bad4344c5,hrms/hr/doctype/pwa_notification/pwa_notification.json,sí,medio,pendiente de consulta a clientes
hrms,Payroll Correction,,Corrección de Nómina,hrms:65cab37dcf08a5c2,hrms/payroll/doctype/payroll_correction/payroll_correction.json,sí,medio,pendiente de consulta a clientes
hrms,Payroll Correction Child,,Detalle de Corrección de Nómina,hrms:a01e44d8bf484b73,hrms/payroll/doctype/payroll_correction_child/payroll_correction_child.json,sí,medio,pendiente de consulta a clientes
hrms,Overtime Salary Component,Componente Salarial,Concepto de Nómina,hrms:4c3e4651ba4eae9f,hrms/hr/doctype/overtime_salary_component/overtime_salary_component.json || hrms/payroll/doctype/additional_salary/additional_salary.json || hrms/payroll/doctype/employee_benefit_ledger/employee_benef,sí,alto (nombre de DocType visible en menús/cursos),pendiente de consulta a clientes
hrms,Salary Component Account,Cuenta Nómina Componente,Cuenta de Concepto de Nómina,hrms:05afb3d96c1cfbfd,hrms/payroll/doctype/salary_component_account/salary_component_account.json,sí,alto (nombre de DocType visible en menús/cursos),pendiente de consulta a clientes
hrms,Salary Detail,Detalle de Sueldos,Detalle de Nómina,hrms:3da9409abd9f0cc3,hrms/payroll/doctype/salary_detail/salary_detail.json,sí,alto (nombre de DocType visible en menús/cursos),pendiente de consulta a clientes
hrms,Leave Application,,Recibo de Nómina,hrms:db78efae0c9945f3,hrms/hr/doctype/leave_application/leave_application.json || hrms/hr/doctype/overtime_slip/overtime_slip.json || hrms/payroll/doctype/employee_benefit_ledger/employee_benefit_ledger.json || hrms/payrol,sí,medio,pendiente de consulta a clientes
hrms,Salary Slip Leave,,Ausencia de Recibo de Nómina,hrms:977afcf1cb0576b2,hrms/payroll/doctype/salary_slip_leave/salary_slip_leave.json,sí,medio,pendiente de consulta a clientes
hrms,Salary Slip,Registro de Horas de Nómina,Hoja de Tiempo de Recibo de Nómina,hrms:024bdafe8f309f5c,hrms/payroll/doctype/salary_slip/salary_slip.json || hrms/payroll/doctype/salary_slip_timesheet/salary_slip_timesheet.json,sí,alto (nombre de DocType visible en menús/cursos),pendiente de consulta a clientes
hrms,Arrear,Estructura salarial,Estructura Salarial,hrms:88bd856d5dc540a1,hrms/payroll/doctype/arrear/arrear.json || hrms/payroll/doctype/bulk_salary_structure_assignment/bulk_salary_structure_assignment.json || hrms/payroll/doctype/salary_component/salary_component.js:31 |,sí,alto (nombre de DocType visible en menús/cursos),pendiente de consulta a clientes
hrms,Salary Slip,,Retención de Salario,hrms:434749b8f9124ce4,hrms/payroll/doctype/salary_slip/salary_slip.json || hrms/payroll/doctype/salary_withholding/salary_withholding.json || hrms/payroll/workspace/payroll/payroll.json || hrms/workspace_sidebar/payroll.js,sí,medio,pendiente de consulta a clientes
hrms,Salary Slip,,Ciclo de Retención de Salario,hrms:70502afaf5ac3805,hrms/payroll/doctype/salary_slip/salary_slip.json || hrms/payroll/doctype/salary_withholding_cycle/salary_withholding_cycle.json,sí,medio,pendiente de consulta a clientes
hrms,Shift Assignment Tool,,Herramienta de Asignación de Turnos,hrms:9bf28da8c07e4b50,hrms/hr/doctype/shift_assignment_tool/shift_assignment_tool.json || hrms/hr/workspace/shift_&_attendance/shift_&_attendance.json || hrms/public/js/utils/index.js:240 || hrms/public/js/utils/index.js:2,sí,medio,pendiente de consulta a clientes
hrms,Shift Assignment,,Ubicación del Turno,hrms:bc0460e4975ccb7e,hrms/hr/doctype/shift_assignment/shift_assignment.json || hrms/hr/doctype/shift_assignment_tool/shift_assignment_tool.json || hrms/hr/doctype/shift_location/shift_location.json || hrms/hr/doctype/shif,sí,medio,pendiente de consulta a clientes
hrms,Shift Assignment Tool,,Horario de Turno,hrms:4a2c080193dcb91f,hrms/hr/doctype/shift_assignment_tool/shift_assignment_tool.json || hrms/hr/doctype/shift_schedule/shift_schedule.json || hrms/hr/doctype/shift_schedule_assignment/shift_schedule_assignment.json || hr,sí,medio,pendiente de consulta a clientes
hrms,Shift Assignment,,Asignación de Horario de Turno,hrms:98b6df0f51674100,hrms/hr/doctype/shift_assignment/shift_assignment.json || hrms/hr/doctype/shift_schedule_assignment/shift_schedule_assignment.json || hrms/hr/workspace/shift_&_attendance/shift_&_attendance.json,sí,medio,pendiente de consulta a clientes
hrms,Shift & Attendance (Workspace),Tipo de Cambio,Tipo de Turno,hrms:00b1c3b8fe668fef,frontend/src/views/attendance/ShiftAssignmentList.vue:24 || frontend/src/views/attendance/ShiftRequestList.vue:42 || hrms/hr/doctype/shift_assignment/shift_assignment.json || hrms/hr/doctype/shift_ass,sí,alto (nombre de DocType visible en menús/cursos),pendiente de consulta a clientes
hrms,Interview,,Evaluación de Habilidades,hrms:8f25cb6febef521c,hrms/hr/doctype/interview/interview.js:138 || hrms/hr/doctype/interview_feedback/interview_feedback.json || hrms/hr/doctype/skill_assessment/skill_assessment.json,sí,medio,pendiente de consulta a clientes
hrms,Taxable Salary Slab,Losa Salarial Imponible,Tramo Salarial Gravable,hrms:3136d345982d501c,hrms/payroll/doctype/taxable_salary_slab/taxable_salary_slab.json,sí,alto (nombre de DocType visible en menús/cursos),pendiente de consulta a clientes
hrms,Training Event Employee,Evento de Formación de los trabajadores,Empleado del Evento de Capacitación,hrms:feded9b6fb62097d,hrms/hr/doctype/training_event_employee/training_event_employee.json,sí,alto (nombre de DocType visible en menús/cursos),pendiente de consulta a clientes
hrms,Training Event,Comentarios del entrenamiento,Retroalimentación de Capacitación,hrms:7a3d682925c162ad,hrms/hr/doctype/training_event/training_event.js:16 || hrms/hr/doctype/training_feedback/training_feedback.json || hrms/hr/workspace/tenure/tenure.json || hrms/workspace_sidebar/tenure.json,sí,alto (nombre de DocType visible en menús/cursos),pendiente de consulta a clientes
hrms,Training Event,Programa de Entrenamiento,Programa de Capacitación,hrms:6f573fc70e4db2d6,hrms/hr/doctype/training_event/training_event.json || hrms/hr/doctype/training_program/training_program.json || hrms/hr/workspace/tenure/tenure.json || hrms/workspace_sidebar/tenure.json,sí,alto (nombre de DocType visible en menús/cursos),pendiente de consulta a clientes
hrms,Training Event,Resultado del entrenamiento,Resultado de Capacitación,hrms:0fd32d481ec320d8,hrms/hr/doctype/training_event/training_event.js:10 || hrms/hr/doctype/training_result/training_result.json || hrms/hr/workspace/tenure/tenure.json || hrms/workspace_sidebar/tenure.json,sí,alto (nombre de DocType visible en menús/cursos),pendiente de consulta a clientes
hrms,Training Result Employee,Resultado del Entrenamiento del Empleado,Empleado de Resultado de Capacitación,hrms:5cdac7e3c234b044,hrms/hr/doctype/training_result_employee/training_result_employee.json,sí,alto (nombre de DocType visible en menús/cursos),pendiente de consulta a clientes
hrms,Travel Request Costing,Costo de Solicitud de Viaje,Costeo de Solicitud de Viaje,hrms:fbf81814b33fab68,hrms/hr/doctype/travel_request_costing/travel_request_costing.json,sí,alto (nombre de DocType visible en menús/cursos),pendiente de consulta a clientes
hrms,Expense Claim,Bitácora del Vehiculo,Bitácora del Vehículo,hrms:9166752adbd524e8,hrms/hr/doctype/expense_claim/expense_claim.json || hrms/hr/doctype/vehicle_log/vehicle_log.json || hrms/hr/report/vehicle_expenses/vehicle_expenses.py:37 || hrms/hr/workspace/expenses/expenses.json |,sí,alto (nombre de DocType visible en menús/cursos),pendiente de consulta a clientes
hrms,Vehicle Service Item,,Artículo de Servicio del Vehículo,hrms:c61333aa538c809f,hrms/hr/doctype/vehicle_service_item/vehicle_service_item.json || hrms/hr/workspace/expenses/expenses.json,sí,medio,pendiente de consulta a clientes
