entry_key,app,origin_app,module,all_modules,cross_module,functional_domain,source_text,msgid,msgid_plural,msgctxt,current_translation,current_plural_translations,proposed_translation,proposed_plural_translations,context,field_or_action,user_role,source_reference,all_source_references,po_reference,source_kind,doctype_or_view,extracted_comments,placeholders_source,placeholders_current,placeholders_proposed,placeholder_status,flags,pluralization,status,review_status,human_authored,core_candidate,mexico_specific,client_specific,human_notes,historical_reference,historical_translation,notes
helpdesk:7fe198ea7721f99d,helpdesk,helpdesk,src,src,,Src, commented, commented,,,,, comentó,,,,,desk/src/components/CommentBox.vue:14,desk/src/components/CommentBox.vue:14,desk/src/components/CommentBox.vue:14,client-js,,[],,,,,,,traducción propuesta,revisado inicial Helpdesk,sí,sí,,,Conserva espacio inicial del origen.,,,
helpdesk:2dc26ae01a1515ef,helpdesk,helpdesk,api,api,,Api,% SLA Fulfilled,% SLA Fulfilled,,,% de ANS cumplido,,% de SLA cumplido,,,,,helpdesk/api/dashboard.py:182,helpdesk/api/dashboard.py:182,helpdesk/api/dashboard.py:181,python,,[],,,,,,,existente mejorable,revisado inicial Helpdesk,sí,sí,,,Revertir ANS->SLA (protegido).,,,
helpdesk:217bacd6b377cdbf,helpdesk,helpdesk,api,api,,Api,% of tickets created that were resolved within SLA,% of tickets created that were resolved within SLA,,,% de tickets creados que se resolvieron dentro del SLA,,% de tickets creados que se resolvieron dentro del SLA,,,,,helpdesk/api/dashboard.py:187,helpdesk/api/dashboard.py:187,helpdesk/api/dashboard.py:186,python,,[],,,,,python-format,,existente correcta,revisado inicial Helpdesk,sí,sí,,,SLA correcto; ticket como préstamo.,,,
helpdesk:b5baa880bf24b6e7,helpdesk,helpdesk,src,src,,Src,%100%,%100%,,,,,%100%,,,,,desk/src/components/view-controls/Filter.vue:416,desk/src/components/view-controls/Filter.vue:416,,client-js,,[],,,,,,,igual al inglés válida,revisado inicial Helpdesk,sí,,,,Texto de ejemplo/placeholder de filtro; no se traduce.,,,"POT-only: en el universo fresco, sin traducir"
helpdesk:9eb060bb11b207f9,helpdesk,helpdesk,src,src,,Src,%John%,%John%,,,,,%John%,,,,,desk/src/components/view-controls/Filter.vue:416,desk/src/components/view-controls/Filter.vue:416,,client-js,,[],,,,,,,igual al inglés válida,revisado inicial Helpdesk,sí,,,,Ejemplo de patrón de búsqueda; no se traduce.,,,"POT-only: en el universo fresco, sin traducir"
helpdesk:f3988e25f3f7fc66,helpdesk,helpdesk,src,src,,Src,({0}s),({0}s),,,,,({0}s),,,,,desk/src/pages/SearchAgent.vue:120,desk/src/pages/SearchAgent.vue:120,desk/src/pages/SearchAgent.vue:120,client-js,,[],{0},,{0},ok,,,igual al inglés válida,revisado inicial Helpdesk,sí,,,,Formato con pluralización dinámica; se preserva '{0}s' sin traducir. {0} preservado.,,,
helpdesk:4bace5f72605b62a,helpdesk,helpdesk,helpdesk,helpdesk,,Helpdesk,- Default Ticket Status<br>,- Default Ticket Status<br>,,,- Estado predeterminado del ticket<br>,,- Estado predeterminado del ticket<br>,,,,,helpdesk/helpdesk/doctype/hd_ticket_status/hd_ticket_status.py:114,helpdesk/helpdesk/doctype/hd_ticket_status/hd_ticket_status.py:114,helpdesk/helpdesk/doctype/hd_ticket_status/hd_ticket_status.py:114,doctype-controller,Hd Ticket Status,[],,,,,,,existente correcta,revisado inicial Helpdesk,sí,sí,,,"Ticket en oración->minúscula, correcto. <br> preservado.",,,
helpdesk:95e1bcc50b22c3d9,helpdesk,helpdesk,helpdesk,helpdesk,,Helpdesk,- Ticket Reopen Status<br>,- Ticket Reopen Status<br>,,,- Estado de reapertura del ticket<br>,,- Estado de reapertura del ticket<br>,,,,,helpdesk/helpdesk/doctype/hd_ticket_status/hd_ticket_status.py:116,helpdesk/helpdesk/doctype/hd_ticket_status/hd_ticket_status.py:116,helpdesk/helpdesk/doctype/hd_ticket_status/hd_ticket_status.py:116,doctype-controller,Hd Ticket Status,[],,,,,,,existente correcta,revisado inicial Helpdesk,sí,sí,,,Correcta. <br> preservado.,,,
helpdesk:58fb3ce537c69a85,helpdesk,helpdesk,helpdesk,helpdesk,,Helpdesk,- {0} as Default Status<br>,- {0} as Default Status<br>,,,- {0} como estado predeterminado<br>,,- {0} como estado predeterminado<br>,,,,,helpdesk/helpdesk/doctype/hd_ticket_status/hd_ticket_status.py:92,helpdesk/helpdesk/doctype/hd_ticket_status/hd_ticket_status.py:92,helpdesk/helpdesk/doctype/hd_ticket_status/hd_ticket_status.py:92,doctype-controller,Hd Ticket Status,[],{0},{0},{0},ok,,,existente correcta,revisado inicial Helpdesk,sí,sí,,,Correcta. {0} y <br> preservados.,,,
helpdesk:2d2c2e85d3caafdf,helpdesk,helpdesk,helpdesk,helpdesk,,Helpdesk,- {0} as Reopen Status<br>,- {0} as Reopen Status<br>,,,- {0} como estado de reapertura<br>,,- {0} como estado de reapertura<br>,,,,,helpdesk/helpdesk/doctype/hd_ticket_status/hd_ticket_status.py:94,helpdesk/helpdesk/doctype/hd_ticket_status/hd_ticket_status.py:94,helpdesk/helpdesk/doctype/hd_ticket_status/hd_ticket_status.py:94,doctype-controller,Hd Ticket Status,[],{0},{0},{0},ok,,,existente correcta,revisado inicial Helpdesk,sí,sí,,,Correcta. {0} y <br> preservados.,,,
helpdesk:c7b9f5b2b147a8d9,helpdesk,helpdesk,helpdesk,helpdesk,,Helpdesk,"0 is no feedback, 1 is Like, 2 is Dislike","0 is no feedback, 1 is Like, 2 is Dislike",,,"0 es Sin comentarios, 1 es Me gusta, 2 es No me gusta",,"0 es Sin comentarios, 1 es Me gusta, 2 es No me gusta",,Description of the 'Feedback' (Select) field in DocType 'HD Article Feedback',descripción,,helpdesk/helpdesk/doctype/hd_article_feedback/hd_article_feedback.json,helpdesk/helpdesk/doctype/hd_article_feedback/hd_article_feedback.json,helpdesk/helpdesk/doctype/hd_article_feedback/hd_article_feedback.json,doctype-json,Hd Article Feedback,"[""Description of the 'Feedback' (Select) field in DocType 'HD Article Feedback'""]",,,,,,,existente correcta,revisado inicial Helpdesk,sí,sí,,,Feedback→comentarios; Like/Dislike→Me gusta/No me gusta.,,,
helpdesk:1b935605539e620d,helpdesk,helpdesk,src,src,,Src,01/01/2022,01/01/2022,,,,,01/01/2022,,,,,desk/src/components/view-controls/Filter.vue:421,desk/src/components/view-controls/Filter.vue:421,,client-js,,[],,,,,,,igual al inglés válida,revisado inicial Helpdesk,sí,,,,Fecha de ejemplo; no se traduce.,,,"POT-only: en el universo fresco, sin traducir"
helpdesk:f2d3c8ee3cffa824,helpdesk,helpdesk,src,src,,Src,01/01/2022 to 01/31/2022,01/01/2022 to 01/31/2022,,,,,01/01/2022 to 01/31/2022,,,,,desk/src/components/view-controls/Filter.vue:411,desk/src/components/view-controls/Filter.vue:411,,client-js,,[],,,,,,,igual al inglés válida,revisado inicial Helpdesk,sí,,,,Rango de fechas de ejemplo (placeholder); no se traduce.,,,"POT-only: en el universo fresco, sin traducir"
helpdesk:5ca5ec6ebe269ded,helpdesk,helpdesk,src,src,,Src,1 Year,1 Year,,,,,1 año,,,,,desk/src/pages/home/components/AvgTimeMetrics.vue:178,desk/src/pages/home/components/AvgTimeMetrics.vue:178 || desk/src/pages/home/components/AvgTimeMetrics.vue:196,desk/src/pages/home/components/AvgTimeMetrics.vue:178 || desk/src/pages/home/components/AvgTimeMetrics.vue:196,client-js,,[],,,,,,,traducción propuesta,revisado inicial Helpdesk,sí,sí,,,Rango de tiempo.,,,
helpdesk:2c930f324fab59b6,helpdesk,helpdesk,src,src,,Src,1 hour ago,1 hour ago,,,,,Hace una hora,,,,,desk/src/utils.ts:151,desk/src/utils.ts:151,,client-js,,[],,,,,,,traducción propuesta,revisado inicial Helpdesk,sí,sí,,,Coincide con crossapp '1 hour ago'.,,,"POT-only: en el universo fresco, sin traducir"
helpdesk:6c25d8dbcbbcc7ab,helpdesk,helpdesk,src,src,,Src,1 minute ago,1 minute ago,,,,,Hace un minuto,,,,,desk/src/utils.ts:148,desk/src/utils.ts:148,,client-js,,[],,,,,,,traducción propuesta,revisado inicial Helpdesk,sí,sí,,,Coincide con crossapp '1 minute ago'.,,,"POT-only: en el universo fresco, sin traducir"
helpdesk:d57afa8fdc222a38,helpdesk,helpdesk,src,src,,Src,1 month ago,1 month ago,,,,,Hace 1 mes,,,,,desk/src/utils.ts:184,desk/src/utils.ts:184,,client-js,,[],,,,,,,traducción propuesta,revisado inicial Helpdesk,sí,sí,,,Coincide con crossapp '1 month ago'.,,,"POT-only: en el universo fresco, sin traducir"
helpdesk:ec71eba39658746f,helpdesk,helpdesk,src,src,,Src,1 week ago,1 week ago,,,,,Hace 1 semana,,,,,desk/src/utils.ts:180,desk/src/utils.ts:180,,client-js,,[],,,,,,,traducción propuesta,revisado inicial Helpdesk,sí,sí,,,Coincide con crossapp '1 week ago'.,,,"POT-only: en el universo fresco, sin traducir"
helpdesk:9643b27c07d74535,helpdesk,helpdesk,src,src,,Src,1 year ago,1 year ago,,,,,Hace 1 año,,,,,desk/src/utils.ts:188,desk/src/utils.ts:188,,client-js,,[],,,,,,,traducción propuesta,revisado inicial Helpdesk,sí,sí,,,Coincide con crossapp '1 year ago'.,,,"POT-only: en el universo fresco, sin traducir"
helpdesk:04b9af068782ace2,helpdesk,helpdesk,src,src,,Src,100+,100+,,,,,100+,,,,,desk/src/pages/PersonaForm.vue:108,desk/src/pages/PersonaForm.vue:108,,client-js,,[],,,,,,,igual al inglés válida,revisado inicial Helpdesk,sí,sí,,,Rango numérico; sin traducción.,,,"POT-only: en el universo fresco, sin traducir"
helpdesk:38556b5d61cf1359,helpdesk,helpdesk,src,src,,Src,"100, 200, 300","100, 200, 300",,,,,"100, 200, 300",,,,,desk/src/components/view-controls/Filter.vue:413,desk/src/components/view-controls/Filter.vue:413,,client-js,,[],,,,,,,igual al inglés válida,revisado inicial Helpdesk,sí,,,,Ejemplo numérico; no se traduce.,,,"POT-only: en el universo fresco, sin traducir"
helpdesk:372128c875aa2174,helpdesk,helpdesk,src,src,,Src,1000,1000,,,,,1000,,,,,desk/src/components/view-controls/Filter.vue:420,desk/src/components/view-controls/Filter.vue:420,,client-js,,[],,,,,,,igual al inglés válida,revisado inicial Helpdesk,sí,,,,Ejemplo numérico; no se traduce.,,,"POT-only: en el universo fresco, sin traducir"
helpdesk:f605a9c2ab4448f8,helpdesk,helpdesk,src,src,,Src,11–25,11–25,,,,,11–25,,,,,desk/src/pages/PersonaForm.vue:105,desk/src/pages/PersonaForm.vue:105,,client-js,,[],,,,,,,igual al inglés válida,revisado inicial Helpdesk,sí,sí,,,Rango numérico; guion largo preservado.,,,"POT-only: en el universo fresco, sin traducir"
helpdesk:15739b16700ea77d,helpdesk,helpdesk,src,src,,Src,123-456-7890,123-456-7890,,,,,123-456-7890,,,,,desk/src/composables/contact.ts:452,desk/src/composables/contact.ts:452,,client-js,,[],,,,,,,igual al inglés válida,revisado inicial Helpdesk,sí,sí,,,Placeholder de número telefónico; no se traduce.,,,"POT-only: en el universo fresco, sin traducir"
helpdesk:ca6f8e7aabd59322,helpdesk,helpdesk,src,src,,Src,1–5,1–5,,,,,1–5,,,,,desk/src/pages/PersonaForm.vue:103,desk/src/pages/PersonaForm.vue:103,,client-js,,[],,,,,,,igual al inglés válida,revisado inicial Helpdesk,sí,sí,,,Rango numérico; guion largo preservado.,,,"POT-only: en el universo fresco, sin traducir"
helpdesk:878b28aea2028ea7,helpdesk,helpdesk,src,src,,Src,26–50,26–50,,,,,26–50,,,,,desk/src/pages/PersonaForm.vue:106,desk/src/pages/PersonaForm.vue:106,,client-js,,[],,,,,,,igual al inglés válida,revisado inicial Helpdesk,sí,sí,,,Rango numérico; guion largo preservado.,,,"POT-only: en el universo fresco, sin traducir"
helpdesk:2ab8464b43a469f5,helpdesk,helpdesk,src,src,,Src,3 Months,3 Months,,,,,3 meses,,,,,desk/src/pages/home/components/AvgTimeMetrics.vue:176,desk/src/pages/home/components/AvgTimeMetrics.vue:176 || desk/src/pages/home/components/AvgTimeMetrics.vue:188,desk/src/pages/home/components/AvgTimeMetrics.vue:176 || desk/src/pages/home/components/AvgTimeMetrics.vue:188,client-js,,[],,,,,,,traducción propuesta,revisado inicial Helpdesk,sí,sí,,,,,,
helpdesk:ef9a761072b589d8,helpdesk,helpdesk,src,src,,Src,51–100,51–100,,,,,51–100,,,,,desk/src/pages/PersonaForm.vue:107,desk/src/pages/PersonaForm.vue:107,,client-js,,[],,,,,,,igual al inglés válida,revisado inicial Helpdesk,sí,sí,,,Rango numérico; guion largo preservado.,,,"POT-only: en el universo fresco, sin traducir"
helpdesk:da51b425dfb27e57,helpdesk,helpdesk,src,src,,Src,6 Months,6 Months,,,,,6 meses,,,,,desk/src/pages/home/components/AvgTimeMetrics.vue:177,desk/src/pages/home/components/AvgTimeMetrics.vue:177 || desk/src/pages/home/components/AvgTimeMetrics.vue:183 || desk/src/pages/home/components/AvgTimeMetrics.vue:192,desk/src/pages/home/components/AvgTimeMetrics.vue:177 || desk/src/pages/home/components/AvgTimeMetrics.vue:183 || desk/src/pages/home/components/AvgTimeMetrics.vue:192,client-js,,[],,,,,,,traducción propuesta,revisado inicial Helpdesk,sí,sí,,,,,,
helpdesk:ccdc7084734329d8,helpdesk,helpdesk,src,src,,Src,6–10,6–10,,,,,6–10,,,,,desk/src/pages/PersonaForm.vue:104,desk/src/pages/PersonaForm.vue:104,,client-js,,[],,,,,,,igual al inglés válida,revisado inicial Helpdesk,sí,sí,,,Rango numérico; guion largo preservado.,,,"POT-only: en el universo fresco, sin traducir"
helpdesk:55fd842c1c170ff1,helpdesk,helpdesk,helpdesk,helpdesk,,Helpdesk,<br>Please update HD Settings to use a different status before disabling this status.,<br>Please update HD Settings to use a different status before disabling this status.,,,<br>Actualice la configuración de HD para usar un estado diferente antes de deshabilitar este estado.,,<br>Actualice la configuración de HD para usar un estado diferente antes de deshabilitar este estado.,,,,,helpdesk/helpdesk/doctype/hd_ticket_status/hd_ticket_status.py:117,helpdesk/helpdesk/doctype/hd_ticket_status/hd_ticket_status.py:117,helpdesk/helpdesk/doctype/hd_ticket_status/hd_ticket_status.py:117,doctype-controller,Hd Ticket Status,[],,,,,,,existente correcta,revisado inicial Helpdesk,sí,sí,,,Correcta. <br> preservado.,,,
helpdesk:99c4e1bf372eecb1,helpdesk,helpdesk,helpdesk,helpdesk,,Helpdesk,<br>Please update the SLA(s) to use a different status before disabling this status.,<br>Please update the SLA(s) to use a different status before disabling this status.,,,<br>Actualice los ANS(s) para usar un estado diferente antes de deshabilitar este estado.,,<br>Actualice los SLA para usar un estado diferente antes de deshabilitar este estado.,,,,,helpdesk/helpdesk/doctype/hd_ticket_status/hd_ticket_status.py:95,helpdesk/helpdesk/doctype/hd_ticket_status/hd_ticket_status.py:95,helpdesk/helpdesk/doctype/hd_ticket_status/hd_ticket_status.py:95,doctype-controller,Hd Ticket Status,[],,,,,,,existente mejorable,revisado inicial Helpdesk,sí,sí,,,Revertido ANS->SLA. 'SLA(s)' simplificado a 'los SLA'. <br> preservado.,,,
helpdesk:5a1b85c32cb73daf,helpdesk,helpdesk,helpdesk,helpdesk,,Helpdesk,"<div class=""ql-editor read-mode""><p>Let us know if we solved your issue well. It’ll help us serve you better next time.</p></div>","<div class=""ql-editor read-mode""><p>Let us know if we solved your issue well. It’ll help us serve you better next time.</p></div>",,,"<div class=""ql-editor read-mode""><p>Avísanos si hemos solucionado bien tu problema. Nos ayudará a brindarte un mejor servicio la próxima vez.</p></div>",,"<div class=""ql-editor read-mode""><p>Indíquenos si resolvimos bien su problema. Nos ayudará a brindarle un mejor servicio la próxima vez.</p></div>",,Introduction text of the email-feedback Web Form,,,helpdesk/helpdesk/web_form/email_feedback/email_feedback.json,helpdesk/helpdesk/web_form/email_feedback/email_feedback.json,helpdesk/helpdesk/web_form/email_feedback/email_feedback.json,code,,"[""Introduction text of the email-feedback Web Form""]",,,,,,,existente mejorable,revisado inicial Helpdesk + pase dirigido,sí,,,,Reescrito a impersonal/usted; se preservan HTML y estructura.,,,
helpdesk:858e58fee0899277,helpdesk,helpdesk,helpdesk,helpdesk,,Helpdesk,"<span class=""h3"" style=""""><a href=""/helpdesk"">Visit Helpdesk</a></span>","<span class=""h3"" style=""""><a href=""/helpdesk"">Visit Helpdesk</a></span>",,,"<span class=""h3"" style=""""><a href=""/helpdesk"">Visite el Helpdesk</a></span>",,"<span class=""h3"" style=""""><a href=""/helpdesk"">Visite el Helpdesk</a></span>",,Header text in the Helpdesk Workspace,elemento de workspace,,helpdesk/helpdesk/workspace/helpdesk/helpdesk.json,helpdesk/helpdesk/workspace/helpdesk/helpdesk.json,helpdesk/helpdesk/workspace/helpdesk/helpdesk.json,workspace,Helpdesk (Workspace),"[""Header text in the Helpdesk Workspace""]",,,,,,,existente correcta,revisado inicial Helpdesk,sí,sí,,,HTML preservado; Helpdesk como nombre de producto.,,,
helpdesk:1be093b3a70f99db,helpdesk,helpdesk,helpdesk,helpdesk,,Helpdesk,"<span class=""h4"">Helpdesk Configuration<br></span>","<span class=""h4"">Helpdesk Configuration<br></span>",,,"<span class=""h4"">Configuración del Helpdesk<br></span>",,"<span class=""h4"">Configuración del Helpdesk<br></span>",,Paragraph text in the Helpdesk Workspace,elemento de workspace,,helpdesk/helpdesk/workspace/helpdesk/helpdesk.json,helpdesk/helpdesk/workspace/helpdesk/helpdesk.json,helpdesk/helpdesk/workspace/helpdesk/helpdesk.json,workspace,Helpdesk (Workspace),"[""Paragraph text in the Helpdesk Workspace""]",,,,,,,existente correcta,revisado inicial Helpdesk,sí,sí,,,HTML preservado.,,,
helpdesk:ee757bdd0b7a1b76,helpdesk,helpdesk,src,src,,Src,A Frappe partner or consultant,A Frappe partner or consultant,,,,,Un socio o consultor de Frappe,,,,,desk/src/pages/PersonaForm.vue:216,desk/src/pages/PersonaForm.vue:216,,client-js,,[],,,,,,,traducción propuesta,revisado inicial Helpdesk,sí,sí,,,Frappe nombre propio; opción de encuesta.,,,"POT-only: en el universo fresco, sin traducir"
helpdesk:487173f7a4ecced3,helpdesk,helpdesk,src,src,,Src,A friend or colleague,A friend or colleague,,,,,Un amigo o colega,,,,,desk/src/pages/PersonaForm.vue:215,desk/src/pages/PersonaForm.vue:215,,client-js,,[],,,,,,,traducción propuesta,revisado inicial Helpdesk,sí,sí,,,Opción de encuesta.,,,"POT-only: en el universo fresco, sin traducir"
helpdesk:cea5f2457e93828a,helpdesk,helpdesk,src,src,,Src,A short description,A short description,,,Una breve descripción,,Una breve descripción,,,,,desk/src/pages/ticket/TicketNew.vue:69,desk/src/pages/ticket/TicketNew.vue:69,desk/src/pages/ticket/TicketNew.vue:69,client-js,,[],,,,,,,existente correcta,revisado inicial Helpdesk,sí,sí,,,Natural MX.,,,
helpdesk:c000796bbde139c7,helpdesk,helpdesk,src,src,,Src,A workday with this name already exists,A workday with this name already exists,,,,,Ya existe una jornada laboral con este nombre,,,,,desk/src/components/Settings/Sla/Modals/WorkDayModal.vue:268,desk/src/components/Settings/Sla/Modals/WorkDayModal.vue:268,desk/src/components/Settings/Sla/Modals/WorkDayModal.vue:268,client-js,,[],,,,,,,traducción propuesta,revisado inicial Helpdesk,sí,sí,,,Workday=jornada laboral (glosario).,,,
helpdesk:618cce5f0dc8fa1f,helpdesk,helpdesk,src,src,,Src,API Key,API Key,,,,,Clave de API,,,,,desk/src/components/Settings/emailConfig.ts:81,desk/src/components/Settings/emailConfig.ts:81,,client-js,,[],,,,,,,traducción propuesta,revisado inicial Helpdesk,sí,sí,,,crossapp: API Key→Clave de API.,,,"POT-only: en el universo fresco, sin traducir"
helpdesk:4104c5d0ac1de10e,helpdesk,helpdesk,src,src,,Src,API Key is required,API Key is required,,,,,La Clave de API es obligatoria,,,,,desk/src/components/Settings/emailConfig.ts:261,desk/src/components/Settings/emailConfig.ts:261,,client-js,,[],,,,,,,traducción propuesta,revisado inicial Helpdesk,sí,sí,,,API Key→Clave de API (crossapp).,,,"POT-only: en el universo fresco, sin traducir"
helpdesk:eaed343838b7128f,helpdesk,helpdesk,src,src,,Src,API Secret,API Secret,,,,,Clave Secreta de API,,,,,desk/src/components/Settings/emailConfig.ts:87,desk/src/components/Settings/emailConfig.ts:87,,client-js,,[],,,,,,,traducción propuesta,revisado inicial Helpdesk,sí,sí,,,crossapp: API Secret→Clave Secreta de API.,,,"POT-only: en el universo fresco, sin traducir"
helpdesk:8aa508ad2577c079,helpdesk,helpdesk,src,src,,Src,API Secret is required,API Secret is required,,,,,La Clave Secreta de API es obligatoria,,,,,desk/src/components/Settings/emailConfig.ts:264,desk/src/components/Settings/emailConfig.ts:264,,client-js,,[],,,,,,,traducción propuesta,revisado inicial Helpdesk,sí,sí,,,API Secret→Clave Secreta de API (crossapp).,,,"POT-only: en el universo fresco, sin traducir"
helpdesk:38e782269494ccde,helpdesk,helpdesk,src,src,,Src,Access all team tickets,Access all team tickets,,,Acceder a todos los tickets del equipo,,Acceder a todos los tickets del equipo,,,,,desk/src/components/Settings/Teams/TeamEdit.vue:274,desk/src/components/Settings/Teams/TeamEdit.vue:274,desk/src/components/Settings/Teams/TeamEdit.vue:263,client-js,,[],,,,,,,existente correcta,revisado inicial Helpdesk,sí,sí,,,Correcta.,,,
helpdesk:1ffbef98f5e7e81c,helpdesk,helpdesk,api,api,,Api,Access denied,Access denied,,,Acceso denegado,,Acceso denegado,,,,,helpdesk/api/knowledge_base.py:15,helpdesk/api/knowledge_base.py:15,helpdesk/api/knowledge_base.py:15,python,,[],,,,,,,existente correcta,revisado inicial Helpdesk,sí,sí,,,,,,
helpdesk:a520f9d8ae18a848,helpdesk,helpdesk,src,src,,Src,Access only this team's tickets,Access only this team's tickets,,,Acceder solo a los tickets de este equipo,,Acceder solo a los tickets de este equipo,,,,,desk/src/components/Settings/Teams/TeamEdit.vue:273,desk/src/components/Settings/Teams/TeamEdit.vue:273,desk/src/components/Settings/Teams/TeamEdit.vue:262,client-js,,[],,,,,,,existente correcta,revisado inicial Helpdesk,sí,sí,,,Correcta.,,,
helpdesk:63e40bcdc056002e,helpdesk,helpdesk,src,src,,Src,Account,Account,,,Cuenta,,Cuenta,,,,,desk/src/components/Settings/SettingsModal.vue:19,desk/src/components/Settings/SettingsModal.vue:19,desk/src/components/Settings/SettingsModal.vue:19,client-js,,[],,,,,,,existente correcta,revisado inicial Helpdesk,sí,sí,,,Cross-app: Account->Cuenta.,,,
helpdesk:e2dc2493b0d2c9c1,helpdesk,helpdesk,src,src,,Src,Account Info & Security,Account Info & Security,,,,,Información de cuenta y seguridad,,,,,desk/src/components/Settings/Profile/Profile.vue:79,desk/src/components/Settings/Profile/Profile.vue:79,desk/src/components/Settings/Profile/Profile.vue:102,client-js,,[],,,,,,,traducción propuesta,revisado inicial Helpdesk,sí,sí,,,Account Info & Security.,,,
helpdesk:7a9387775bc5a4ee,helpdesk,helpdesk,src,src,,Src,Account name,Account name,,,,,Nombre de la cuenta,,,,,desk/src/components/Settings/emailConfig.ts:14,desk/src/components/Settings/emailConfig.ts:14,,client-js,,[],,,,,,,traducción propuesta,revisado inicial Helpdesk,sí,sí,,,,,,"POT-only: en el universo fresco, sin traducir"
helpdesk:dc303ace81ff51a0,helpdesk,helpdesk,src,src,,Src,Account name is required,Account name is required,,,,,El nombre de la cuenta es obligatorio,,,,,desk/src/components/Settings/emailConfig.ts:250,desk/src/components/Settings/emailConfig.ts:250,,client-js,,[],,,,,,,traducción propuesta,revisado inicial Helpdesk,sí,sí,,,,,,"POT-only: en el universo fresco, sin traducir"
helpdesk:79d802d195e8c15f,helpdesk,helpdesk,helpdesk,helpdesk;src,sí,Helpdesk,Acknowledgement,Acknowledgement,,,Acuse de recibo,,Acuse de recibo,,Label of the acknowledgement_section (Section Break) field in DocType 'HD Settings',etiqueta de campo/elemento,,desk/src/components/Settings/EmailNotifications/NotificationList.vue:72,desk/src/components/Settings/EmailNotifications/NotificationList.vue:72 || helpdesk/helpdesk/doctype/hd_settings/hd_settings.json,desk/src/components/Settings/EmailNotifications/NotificationList.vue:72 || helpdesk/helpdesk/doctype/hd_settings/hd_settings.json,client-js,HD Settings,"[""Label of the acknowledgement_section (Section Break) field in DocType 'HD Settings'""]",,,,,,,existente correcta,revisado inicial Helpdesk,sí,sí,,,Acknowledgement; término correcto MX.,,,
helpdesk:449211532f437e93,helpdesk,helpdesk,helpdesk,helpdesk,,Helpdesk,Action,Action,,,Acción,,Acción,,Label of the action (Small Text) field in DocType 'HD Ticket Activity',etiqueta de campo/elemento,,helpdesk/helpdesk/doctype/hd_ticket_activity/hd_ticket_activity.json,helpdesk/helpdesk/doctype/hd_ticket_activity/hd_ticket_activity.json,helpdesk/helpdesk/doctype/hd_ticket_activity/hd_ticket_activity.json,doctype-json,Hd Ticket Activity,"[""Label of the action (Small Text) field in DocType 'HD Ticket Activity'""]",,,,,,,existente correcta,revisado inicial Helpdesk,sí,sí,,,Cross-app aprobado.,,,
helpdesk:29daa16b227a1656,helpdesk,helpdesk,helpdesk,helpdesk,,Helpdesk,Action Required,Action Required,,,Acción requerida,,Acción requerida,,,,,helpdesk/helpdesk/doctype/hd_ticket_priority/hd_ticket_priority.py:24,helpdesk/helpdesk/doctype/hd_ticket_priority/hd_ticket_priority.py:24,helpdesk/helpdesk/doctype/hd_ticket_priority/hd_ticket_priority.py:24,doctype-controller,Hd Ticket Priority,[],,,,,,,existente correcta,revisado inicial Helpdesk,sí,sí,,,Natural MX.,,,
helpdesk:5a55ec4b5c919db2,helpdesk,helpdesk,src,src,,Src,Actions,Actions,,,,,Acciones,,,,,desk/src/pages/contact/Contact.vue:305,desk/src/pages/contact/Contact.vue:305,,client-js,,[],,,,,,,traducción propuesta,revisado inicial Helpdesk,sí,sí,,,Actions→Acciones (crossapp).,,,"POT-only: en el universo fresco, sin traducir"
helpdesk:2996fdd14ac4a166,helpdesk,helpdesk,helpdesk,helpdesk;src,sí,Helpdesk,Active,Active,,,Activo,,Activo,,Option for the 'Category' (Select) field in DocType 'HD Agent Status',opción de campo select,,desk/src/components/Settings/Assignment Rules/AssignmentSchedule.vue:42,desk/src/components/Settings/Assignment Rules/AssignmentSchedule.vue:42 || helpdesk/helpdesk/doctype/hd_agent_status/hd_agent_status.json,desk/src/components/Settings/Assignment || Rules/AssignmentSchedule.vue:42 || helpdesk/helpdesk/doctype/hd_agent_status/hd_agent_status.json,client-js,HD Agent Status,"[""Option for the 'Category' (Select) field in DocType 'HD Agent Status'""]",,,,,,,existente correcta,revisado inicial Helpdesk,sí,sí,,,Cross-app: Active->Activo.,,,
helpdesk:352f65a1cabf0829,helpdesk,helpdesk,src,src,,Src,Active now,Active now,,,,,Activo ahora,,,,,desk/src/components/ticket-agent/AssignTo.vue:379,desk/src/components/ticket-agent/AssignTo.vue:379,desk/src/components/ticket-agent/AssignTo.vue:404,client-js,,[],,,,,,,traducción propuesta,revisado inicial Helpdesk,sí,sí,,,,,,
helpdesk:c413d513bf4666cc,helpdesk,helpdesk,helpdesk,helpdesk,,Helpdesk,"Active: The agent is available and working.<br>
Away: The agent is temporarily unreachable.<br>
Unavailable: The agent is off and unavailable.","Active: The agent is available and working.<br>
Away: The agent is temporarily unreachable.<br>
Unavailable: The agent is off and unavailable.",,,,,"Activo: El agente está disponible y trabajando.<br>
Ausente: El agente no está disponible temporalmente.<br>
No disponible: El agente está apagado y no disponible.",,Description of the 'Category' (Select) field in DocType 'HD Agent Status',descripción,,helpdesk/helpdesk/doctype/hd_agent_status/hd_agent_status.json,helpdesk/helpdesk/doctype/hd_agent_status/hd_agent_status.json,helpdesk/helpdesk/doctype/hd_agent_status/hd_agent_status.json,doctype-json,Hd Agent Status,"[""Description of the 'Category' (Select) field in DocType 'HD Agent Status'""]",,,,,,,traducción propuesta,revisado inicial Helpdesk,sí,sí,,,Descripción de estados de agente; se preservan los <br> y \n.,,,
helpdesk:b136e8ae5971412b,helpdesk,helpdesk,src,src,,Src,Activity,Activity,,,Actividad,,Actividad,,,,,desk/src/pages/ticket/MobileTicketAgent.vue:450,desk/src/pages/ticket/MobileTicketAgent.vue:450 || desk/src/pages/ticket/TicketCustomer.vue:182,desk/src/pages/ticket/MobileTicketAgent.vue:448 || desk/src/pages/ticket/TicketCustomer.vue:182,client-js,,[],,,,,,,existente correcta,revisado inicial Helpdesk,sí,sí,,,Cross-app aprobado.,,,
helpdesk:ad4b910fb39e3ac7,helpdesk,helpdesk,src,src,,Src,Add Assignee,Add Assignee,,,Añadir responsable,,Agregar asignado,,,,,desk/src/components/Settings/Assignment Rules/AssigneeSearch.vue:9,desk/src/components/Settings/Assignment Rules/AssigneeSearch.vue:9,desk/src/components/Settings/Assignment || Rules/AssigneeSearch.vue:9,client-js,,[],,,,,,,existente mejorable,revisado inicial Helpdesk,sí,sí,,,Assignee->Asignado (glosario); 'responsable' inconsistente. 'Agregar' registro MX.,,,
helpdesk:102182bbad37a553,helpdesk,helpdesk,src,src,,Src,Add Category,Add Category,,,,,Agregar categoría,,,,,desk/src/pages/knowledge-base/Article.vue:636,desk/src/pages/knowledge-base/Article.vue:636,desk/src/pages/knowledge-base/Article.vue:643,client-js,,[],,,,,,,traducción propuesta,revisado inicial Helpdesk,sí,sí,,,MX 'Agregar'.,,,
helpdesk:5e0dbafbbf598d4e,helpdesk,helpdesk,src,src,,Src,Add Email,Add Email,,,,,Agregar correo,,,,,desk/src/components/Settings/Profile/UserEmailSettings.vue:104,desk/src/components/Settings/Profile/UserEmailSettings.vue:104 || desk/src/components/contact/EditContactDialog.vue:68,desk/src/components/Settings/Profile/UserEmailSettings.vue:91,client-js,,[],,,,,,,traducción propuesta,revisado inicial Helpdesk,sí,sí,,,Add Email; MX 'Agregar'.,,,
helpdesk:4692d098e4ba20be,helpdesk,helpdesk,src,src,,Src,Add Filter...,Add Filter...,,,Añadir filtro...,,Añadir filtro...,,,,,desk/src/components/view-controls/filter/Filter.vue:120,desk/src/components/view-controls/filter/Filter.vue:120,desk/src/components/view-controls/filter/Filter.vue:90,client-js,,[],,,,,,,existente correcta,revisado inicial Helpdesk,sí,sí,,,Filters->Filtros.,,,
helpdesk:536580ba20a1f549,helpdesk,helpdesk,src,src,,Src,Add Holiday,Add Holiday,,,Agregar día festivo,,Agregar día festivo,,,,,desk/src/components/Settings/Holiday/HolidayView.vue:182,desk/src/components/Settings/Holiday/HolidayView.vue:182,desk/src/components/Settings/Holiday/HolidayView.vue:163,client-js,,[],,,,,,,existente correcta,revisado inicial Helpdesk,sí,sí,,,Add Holiday; 'Agregar' natural MX.,,,
helpdesk:73b73334b4b9dcc5,helpdesk,helpdesk,src,src,,Src,Add New Article,Add New Article,,,Agregar nuevo artículo,,Agregar nuevo artículo,,,,,desk/src/pages/knowledge-base/KnowledgeBaseAgent.vue:128,desk/src/pages/knowledge-base/KnowledgeBaseAgent.vue:128,desk/src/pages/knowledge-base/KnowledgeBaseAgent.vue:132,client-js,,[],,,,,,,existente correcta,revisado inicial Helpdesk,sí,sí,,,Article->artículo; 'Agregar' MX.,,,
helpdesk:4078aec8d3ea1c47,helpdesk,helpdesk,src,src,,Src,Add Phone,Add Phone,,,,,Agregar teléfono,,,,,desk/src/components/contact/EditContactDialog.vue:97,desk/src/components/contact/EditContactDialog.vue:97,,client-js,,[],,,,,,,traducción propuesta,revisado inicial Helpdesk,sí,sí,,,Add Phone; 'agregar' natural MX.,,,"POT-only: en el universo fresco, sin traducir"
helpdesk:88263a7e42155547,helpdesk,helpdesk,helpdesk,helpdesk,,Helpdesk,Add Weekly Holidays,Add Weekly Holidays,,,Añadir Vacaciones Semanales,,Añadir Vacaciones Semanales,,Label of the add_weekly_holidays (Section Break) field in DocType 'HD Service Holiday List',etiqueta de campo/elemento,,helpdesk/helpdesk/doctype/hd_service_holiday_list/hd_service_holiday_list.json,helpdesk/helpdesk/doctype/hd_service_holiday_list/hd_service_holiday_list.json,helpdesk/helpdesk/doctype/hd_service_holiday_list/hd_service_holiday_list.json,doctype-json,Hd Service Holiday List,"[""Label of the add_weekly_holidays (Section Break) field in DocType 'HD Service Holiday List'""]",,,,,,,existente correcta,revisado inicial Helpdesk,sí,sí,,,Cross-app Add Weekly Holidays.,,,
helpdesk:3adb6dc04a00ab35,helpdesk,helpdesk,src,src,,Src,Add a comment on a ticket,Add a comment on a ticket,,,Agregar un comentario en un ticket,,Agregar un comentario en un ticket,,,,,desk/src/components/layouts/Sidebar.vue:297,desk/src/components/layouts/Sidebar.vue:297,desk/src/components/layouts/Sidebar.vue:507,client-js,,[],,,,,,,existente correcta,revisado inicial Helpdesk,sí,sí,,,Ticket minúscula en oración.,,,
helpdesk:190c8469d4486ba3,helpdesk,helpdesk,src,src,,Src,Add a condition,Add a condition,,,Añadir una condición,,Agregar una condición,,,,,desk/src/components/Settings/Assignment Rules/AssignmentRulesSection.vue:17,desk/src/components/Settings/Assignment Rules/AssignmentRulesSection.vue:17,desk/src/components/Settings/Assignment || Rules/AssignmentRulesSection.vue:17,client-js,,[],,,,,,,existente mejorable,revisado inicial Helpdesk,sí,sí,,,'Añadir'->'Agregar' registro MX; sentido correcto.,,,
helpdesk:94eea09bc4646d10,helpdesk,helpdesk,src,src,,Src,Add a custom condition,Add a custom condition,,,Añadir una condición personalizada,,Añadir una condición personalizada,,,,,desk/src/components/Settings/Sla/SlaAssignmentConditions.vue:14,desk/src/components/Settings/Sla/SlaAssignmentConditions.vue:14,desk/src/components/Settings/Sla/SlaAssignmentConditions.vue:14,client-js,,[],,,,,,,existente correcta,revisado inicial Helpdesk,sí,sí,,,Correcta y natural MX.,,,
helpdesk:38c2c559341d7163,helpdesk,helpdesk,src,src,,Src,Add a few words so we can continue,Add a few words so we can continue,,,,,Agregue unas palabras para poder continuar,,,,,desk/src/components/Questionnaire.vue:265,desk/src/components/Questionnaire.vue:265,,client-js,,[],,,,,,,traducción propuesta,revisado inicial Helpdesk + pase dirigido,sí,,,,Imperativo usted.,,,"POT-only: en el universo fresco, sin traducir"
helpdesk:e4c5fbb926d2e0b3,helpdesk,helpdesk,src,src,,Src,Add charts to get started,Add charts to get started,,,,,Agregue gráficas para comenzar,,,,,desk/src/pages/home/Home.vue:91,desk/src/pages/home/Home.vue:91,desk/src/pages/home/Home.vue:91,client-js,,[],,,,,,,traducción propuesta,revisado inicial Helpdesk,sí,sí,,,MX: 'gráficas'; 'comenzar'.,,,
helpdesk:16e6e0427d07ed76,helpdesk,helpdesk,src,src,,Src,Add condition,Add condition,,,Añadir condición,,Agregar condición,,,,,desk/src/components/Settings/Assignment Rules/AssignmentRulesSection.vue:29,desk/src/components/Settings/Assignment Rules/AssignmentRulesSection.vue:29 || desk/src/components/Settings/Assignment Rules/AssignmentRulesSection.vue:66 || desk/src/components/Settings/Sla/SlaAssignmentConditions.vue:25,desk/src/components/Settings/Assignment || Rules/AssignmentRulesSection.vue:29 || Rules/AssignmentRulesSection.vue:66 || desk/src/components/Settings/Sla/SlaAssignmentConditions.vue:25,client-js,,[],,,,,,,existente mejorable,revisado inicial Helpdesk,sí,sí,,,'Añadir'->'Agregar' registro MX.,,,
helpdesk:aa3b1889e2514826,helpdesk,helpdesk,src,src,,Src,Add condition group,Add condition group,,,Añadir grupo de condiciones,,Agregar grupo de condiciones,,,,,desk/src/components/Settings/Assignment Rules/AssignmentRulesSection.vue:72,desk/src/components/Settings/Assignment Rules/AssignmentRulesSection.vue:72,desk/src/components/Settings/Assignment || Rules/AssignmentRulesSection.vue:72,client-js,,[],,,,,,,existente mejorable,revisado inicial Helpdesk,sí,sí,,,'Añadir'->'Agregar' registro MX.,,,
helpdesk:60f2b73e809a164d,helpdesk,helpdesk,src,src,,Src,Add filter,Add filter,,,Añadir filtro,,Añadir filtro,,,,,desk/src/components/view-controls/filter/Filter.vue:89,desk/src/components/view-controls/filter/Filter.vue:89,desk/src/components/view-controls/filter/Filter.vue:60,client-js,,[],,,,,,,existente correcta,revisado inicial Helpdesk,sí,sí,,,,,,
helpdesk:54e48ec501019b7e,helpdesk,helpdesk,src,src,,Src,Add holidays here to make sure they’re excluded from SLA calculations.,Add holidays here to make sure they’re excluded from SLA calculations.,,,Agrega las vacaciones aquí para asegurarte de que se excluyan de los cálculos del ANS.,,Agregue aquí los días festivos para asegurarse de que se excluyan de los cálculos del SLA.,,,,,desk/src/components/Settings/Holiday/HolidayView.vue:155,desk/src/components/Settings/Holiday/HolidayView.vue:155,desk/src/components/Settings/Holiday/HolidayView.vue:136,client-js,,[],,,,,,,existente mejorable,revisado inicial Helpdesk + pase dirigido,sí,,,,Impersonal/usted; SLA en inglés.,,,
helpdesk:5819448fd5740fe0,helpdesk,helpdesk,src,src,,Src,Add members to this team to get started.,Add members to this team to get started.,,,Agrega miembros a este equipo para comenzar.,,Agregue miembros a este equipo para comenzar.,,,,,desk/src/components/Settings/Teams/TeamEdit.vue:108,desk/src/components/Settings/Teams/TeamEdit.vue:108,desk/src/components/Settings/Teams/TeamEdit.vue:97,client-js,,[],,,,,,,existente mejorable,revisado inicial Helpdesk + pase dirigido,sí,,,,Imperativo usted.,,,
helpdesk:1b2fa3008aafd722,helpdesk,helpdesk,src,src,,Src,Add one to get started.,Add one to get started.,,,Agrega uno para comenzar.,,Agregue uno para comenzar.,,,,,desk/src/components/Settings/Assignment Rules/AssignmentRulesListView.vue:23,desk/src/components/Settings/Assignment Rules/AssignmentRulesListView.vue:23 || desk/src/components/Settings/EmailAccountList.vue:52 || desk/src/components/Settings/Holiday/HolidayList.vue:23 || desk/src/components/Settings/SavedReplies/SavedRepliesList.vue:73 || desk/src/components/Settings/Sla/SlaPolicyList.vue:23,desk/src/components/Settings/Assignment || Rules/AssignmentRulesListView.vue:23 || desk/src/components/Settings/EmailAccountList.vue:47 || desk/src/components/Settings/Holiday/HolidayList.vue:23 || desk/src/components/Settings/SavedReplies/SavedRepliesList.vue:92 || desk/src/components/Settings/Sla/SlaPolicyList.vue:23,client-js,,[],,,,,,,existente mejorable,revisado inicial Helpdesk + pase dirigido,sí,,,,Imperativo usted.,,,
helpdesk:267ba88d15abe72f,helpdesk,helpdesk,src,src,,Src,Add recurring holidays such as weekends.,Add recurring holidays such as weekends.,,,Agrega vacaciones recurrentes como fines de semana.,,Agregue días festivos recurrentes como los fines de semana.,,,,,desk/src/components/Settings/Holiday/HolidayView.vue:136,desk/src/components/Settings/Holiday/HolidayView.vue:136,desk/src/components/Settings/Holiday/HolidayView.vue:117,client-js,,[],,,,,,,existente mejorable,revisado inicial Helpdesk + pase dirigido,sí,,,,Imperativo usted.,,,
helpdesk:363dc44cdf7ca5ae,helpdesk,helpdesk,src,src,,Src,Add time targets around support milestones like first reply and resolution times.,Add time targets around support milestones like first reply and resolution times.,,,"Agrega objetivos de tiempo para hitos de soporte, como la primera respuesta y los tiempos de resolución.",,"Agregue objetivos de tiempo para hitos de soporte, como la primera respuesta y los tiempos de resolución.",,,,,desk/src/components/Settings/Sla/SlaPolicyView.vue:192,desk/src/components/Settings/Sla/SlaPolicyView.vue:192,desk/src/components/Settings/Sla/SlaPolicyView.vue:183,client-js,,[],,,,,,,existente mejorable,revisado inicial Helpdesk + pase dirigido,sí,,,,Imperativo usted.,,,
helpdesk:4de967a1816fb2bf,helpdesk,helpdesk,helpdesk,helpdesk,,Helpdesk,Add to Holidays,Add to Holidays,,,Agregar a Vacaciones,,Agregar a Vacaciones,,Label of the get_weekly_off_dates (Button) field in DocType 'HD Service Holiday List',etiqueta de campo/elemento,,helpdesk/helpdesk/doctype/hd_service_holiday_list/hd_service_holiday_list.json,helpdesk/helpdesk/doctype/hd_service_holiday_list/hd_service_holiday_list.json,helpdesk/helpdesk/doctype/hd_service_holiday_list/hd_service_holiday_list.json,doctype-json,Hd Service Holiday List,"[""Label of the get_weekly_off_dates (Button) field in DocType 'HD Service Holiday List'""]",,,,,,,existente correcta,revisado inicial Helpdesk,sí,sí,,,Cross-app Add to Holidays.,,,
helpdesk:8a360eb0f044ac13,helpdesk,helpdesk,src,src,,Src,Add to recipients,Add to recipients,,,,,Agregar a destinatarios,,,,,desk/src/components/EmailEditor.vue:37,desk/src/components/EmailEditor.vue:37 || desk/src/components/EmailEditor.vue:77 || desk/src/components/EmailEditor.vue:95,,client-js,,[],,,,,,,traducción propuesta,revisado inicial Helpdesk,sí,sí,,,recipients→destinatarios; MX 'Agregar'.,,,"POT-only: en el universo fresco, sin traducir"
helpdesk:59d8f22a66f10fc1,helpdesk,helpdesk,src,src,,Src,"Add, manage agents and assign roles to them.","Add, manage agents and assign roles to them.",,,"Agregue, administre agentes y asígneles roles.",,Agregue y administre agentes y asígneles roles.,,,,,desk/src/components/Settings/Agents.vue:4,desk/src/components/Settings/Agents.vue:4,desk/src/components/Settings/Agents.vue:4,client-js,,[],,,,,,,existente mejorable,revisado inicial Helpdesk + pase dirigido,sí,,,,Imperativo usted uniforme.,,,
helpdesk:f65600cdb5ddc8e6,helpdesk,helpdesk,helpdesk,helpdesk,,Helpdesk,Additional Information,Additional Information,,,Información Adicional,,Información Adicional,,Label of the about (Code) field in DocType 'HD Ticket Template',etiqueta de campo/elemento,,helpdesk/helpdesk/doctype/hd_ticket_template/hd_ticket_template.json,helpdesk/helpdesk/doctype/hd_ticket_template/hd_ticket_template.json,helpdesk/helpdesk/doctype/hd_ticket_template/hd_ticket_template.json,doctype-json,Hd Ticket Template,"[""Label of the about (Code) field in DocType 'HD Ticket Template'""]",,,,,,,existente correcta,revisado inicial Helpdesk,sí,sí,,,Cross-app: Additional Information->Información Adicional.,,,
helpdesk:0e8dafbc4fbb65c5,helpdesk,helpdesk,helpdesk,helpdesk,,Helpdesk,Administrator,Administrator,,,Administrador,,Administrador,,Name of a role,nombre de rol,,helpdesk/helpdesk/doctype/hd_customer/hd_customer.json,helpdesk/helpdesk/doctype/hd_customer/hd_customer.json || helpdesk/helpdesk/doctype/hd_team/hd_team.json || helpdesk/helpdesk/doctype/hd_view/hd_view.json,helpdesk/helpdesk/doctype/hd_customer/hd_customer.json || helpdesk/helpdesk/doctype/hd_team/hd_team.json || helpdesk/helpdesk/doctype/hd_view/hd_view.json,doctype-json,Hd Customer,"[""Name of a role""]",,,,,,,existente correcta,revisado inicial Helpdesk,sí,sí,,,Administrator→Administrador (crossapp).,,,
helpdesk:68def96dfb1649ad,helpdesk,helpdesk,helpdesk,helpdesk;src,sí,Mesa de Ayuda,Agent,Agent,,,Agente,,Agente,,Mesa de Ayuda,DocType/rol,soporte,desk/src/components/layouts/Sidebar.vue:402,desk/src/components/layouts/Sidebar.vue:402 || desk/src/pages/dashboard/Dashboard.vue:70 || helpdesk/helpdesk/doctype/hd_agent/hd_agent.json || helpdesk/helpdesk/doctype/hd_agent_status/hd_agent_status.json || helpdesk/helpdesk/doctype/hd_article/hd_article.json || helpdesk/helpdesk/doctype/hd_article_category/hd_article_category.json || helpdesk/helpdesk/doctype/hd_customer/hd_customer.json || helpdesk/helpdesk/doctype/hd_field_layout/hd_field_layout.json || helpdesk/helpdesk/doctype/hd_notification/hd_notification.json || helpdesk/helpdesk/doctype/hd_saved_reply/hd_saved_reply.json || helpdesk/helpdesk/doctype/hd_settings/hd_settings.json || helpdesk/helpdesk/doctype/hd_team/hd_team.json || helpdesk/helpdesk/doctype/hd_ticket/hd_ticket.json || helpdesk/helpdesk/doctype/hd_ticket_activity/hd_ticket_activity.json || helpdesk/helpdesk/doctype/hd_ticket_comment/hd_ticket_comment.json || helpdesk/helpdesk/doctype/hd_ticket_feedback_option/hd_ticket_feedback_option.json || helpdesk/helpdesk/doctype/hd_ticket_priority/hd_ticket_priority.json || helpdesk/helpdesk/doctype/hd_ticket_status/hd_ticket_status.json || helpdesk/helpdesk/doctype/hd_ticket_template/hd_ticket_template.json || helpdesk/helpdesk/doctype/hd_ticket_type/hd_ticket_type.json || helpdesk/helpdesk/doctype/hd_view/hd_view.json || helpdesk/helpdesk/workspace/helpdesk/helpdesk.json,desk/src/components/layouts/Sidebar.vue:612 || desk/src/pages/dashboard/Dashboard.vue:70 || helpdesk/helpdesk/doctype/hd_action/hd_action.json || helpdesk/helpdesk/doctype/hd_agent/hd_agent.json || helpdesk/helpdesk/doctype/hd_agent_status/hd_agent_status.json || helpdesk/helpdesk/doctype/hd_article/hd_article.json || helpdesk/helpdesk/doctype/hd_article_category/hd_article_category.json || helpdesk/helpdesk/doctype/hd_customer/hd_customer.json || helpdesk/helpdesk/doctype/hd_escalation_rule/hd_escalation_rule.json || helpdesk/helpdesk/doctype/hd_field_layout/hd_field_layout.json || helpdesk/helpdesk/doctype/hd_notification/hd_notification.json || helpdesk/helpdesk/doctype/hd_saved_reply/hd_saved_reply.json || helpdesk/helpdesk/doctype/hd_settings/hd_settings.json || helpdesk/helpdesk/doctype/hd_team/hd_team.json || helpdesk/helpdesk/doctype/hd_ticket/hd_ticket.json || helpdesk/helpdesk/doctype/hd_ticket_activity/hd_ticket_activity.json || helpdesk/helpdesk/doctype/hd_ticket_comment/hd_ticket_comment.json || helpdesk/helpdesk/doctype/hd_ticket_feedback_option/hd_ticket_feedback_option.json || helpdesk/helpdesk/doctype/hd_ticket_priority/hd_ticket_priority.json || helpdesk/helpdesk/doctype/hd_ticket_template/hd_ticket_template.json || helpdesk/helpdesk/doctype/hd_ticket_type/hd_ticket_type.json || helpdesk/helpdesk/doctype/hd_view/hd_view.json || helpdesk/helpdesk/workspace/helpdesk/helpdesk.json,client-js,Helpdesk (Workspace),"[""Label of a Link in the Helpdesk Workspace"", ""Name of a role""]",,,,,,,existente correcta,revisado inicial Helpdesk,sí,sí,,,"LOCKED: decisión humana previa, preservada verbatim.",,,
helpdesk:f5b8a7da5b5d0aba,helpdesk,helpdesk,helpdesk,helpdesk,,Helpdesk,Agent Configuration,Agent Configuration,,,Configuración del Agente,,Configuración del Agente,,Label of a Card Break in the Helpdesk Workspace,etiqueta de campo/elemento,,helpdesk/helpdesk/workspace/helpdesk/helpdesk.json,helpdesk/helpdesk/workspace/helpdesk/helpdesk.json,helpdesk/helpdesk/workspace/helpdesk/helpdesk.json,workspace,Helpdesk (Workspace),"[""Label of a Card Break in the Helpdesk Workspace""]",,,,,,,existente correcta,revisado inicial Helpdesk,sí,sí,,,Agent->Agente.,,,
helpdesk:2ebe868f445770a5,helpdesk,helpdesk,src,src,,Src,Agent Dashboard,Agent Dashboard,,,,,Tablero del agente,,,,,desk/src/pages/dashboard/Dashboard.vue:248,desk/src/pages/dashboard/Dashboard.vue:248,desk/src/pages/dashboard/Dashboard.vue:248,client-js,,[],,,,,,,traducción propuesta,revisado inicial Helpdesk,sí,sí,,,Dashboard->Tablero (crossapp); Agent->Agente.,,,
helpdesk:c038f9f55604c159,helpdesk,helpdesk,helpdesk,helpdesk,,Helpdesk,Agent Manager,Agent Manager,,,Administrador de Agentes,,Administrador de Agentes,,Name of a role,nombre de rol,,helpdesk/helpdesk/doctype/erpnext_hd_settings/erpnext_hd_settings.json,helpdesk/helpdesk/doctype/erpnext_hd_settings/erpnext_hd_settings.json || helpdesk/helpdesk/doctype/hd_agent_status/hd_agent_status.json || helpdesk/helpdesk/doctype/hd_customer/hd_customer.json || helpdesk/helpdesk/doctype/hd_field_layout/hd_field_layout.json || helpdesk/helpdesk/doctype/hd_form_script/hd_form_script.json || helpdesk/helpdesk/doctype/hd_saved_reply/hd_saved_reply.json || helpdesk/helpdesk/doctype/hd_service_holiday_list/hd_service_holiday_list.json || helpdesk/helpdesk/doctype/hd_service_level_agreement/hd_service_level_agreement.json || helpdesk/helpdesk/doctype/hd_settings/hd_settings.json || helpdesk/helpdesk/doctype/hd_ticket/hd_ticket.json || helpdesk/helpdesk/doctype/hd_ticket_priority/hd_ticket_priority.json || helpdesk/helpdesk/doctype/hd_ticket_status/hd_ticket_status.json || helpdesk/helpdesk/doctype/hd_ticket_template/hd_ticket_template.json || helpdesk/helpdesk/doctype/hd_view/hd_view.json,helpdesk/helpdesk/doctype/erpnext_hd_settings/erpnext_hd_settings.json || helpdesk/helpdesk/doctype/hd_agent_status/hd_agent_status.json || helpdesk/helpdesk/doctype/hd_field_layout/hd_field_layout.json || helpdesk/helpdesk/doctype/hd_form_script/hd_form_script.json || helpdesk/helpdesk/doctype/hd_saved_reply/hd_saved_reply.json || helpdesk/helpdesk/doctype/hd_service_holiday_list/hd_service_holiday_list.json || helpdesk/helpdesk/doctype/hd_service_level_agreement/hd_service_level_agreement.json || helpdesk/helpdesk/doctype/hd_settings/hd_settings.json || helpdesk/helpdesk/doctype/hd_ticket/hd_ticket.json || helpdesk/helpdesk/doctype/hd_ticket_status/hd_ticket_status.json || helpdesk/helpdesk/doctype/hd_view/hd_view.json,doctype-json,Erpnext Hd Settings,"[""Name of a role""]",,,,,,,existente correcta,revisado inicial Helpdesk,sí,sí,,,Nombre de rol; Agentes conforme a glosario cerrado.,,,
helpdesk:cd94e25989776c47,helpdesk,helpdesk,helpdesk,helpdesk,,Helpdesk,Agent Name,Agent Name,,,Nombre del Agente,,Nombre del Agente,,Label of the agent_name (Data) field in DocType 'HD Agent',etiqueta de campo/elemento,,helpdesk/helpdesk/doctype/hd_agent/hd_agent.json,helpdesk/helpdesk/doctype/hd_agent/hd_agent.json,helpdesk/helpdesk/doctype/hd_agent/hd_agent.json,doctype-json,Hd Agent,"[""Label of the agent_name (Data) field in DocType 'HD Agent'""]",,,,,,,existente correcta,revisado inicial Helpdesk,sí,sí,,,Agent→Agente (glosario).,,,
helpdesk:1b60db42e2fc1cf7,helpdesk,helpdesk,helpdesk,helpdesk,,Helpdesk,Agent Status,Agent Status,,,,,Estado del Agente,,Label of the agent_status (Data) field in DocType 'HD Agent Status',etiqueta de campo/elemento,,helpdesk/helpdesk/doctype/hd_agent_status/hd_agent_status.json,helpdesk/helpdesk/doctype/hd_agent_status/hd_agent_status.json,helpdesk/helpdesk/doctype/hd_agent_status/hd_agent_status.json,doctype-json,Hd Agent Status,"[""Label of the agent_status (Data) field in DocType 'HD Agent Status'""]",,,,,,,traducción propuesta,revisado inicial Helpdesk,sí,sí,,,"Etiqueta campo agent_status; Status→Estado, Agent→Agente.",,,
helpdesk:61b318b893cbed01,helpdesk,helpdesk,src,src,,Src,Agent name,Agent name,,,,,Nombre del agente,,,,,desk/src/components/Settings/Agents.vue:109,desk/src/components/Settings/Agents.vue:109,desk/src/components/Settings/Agents.vue:109,client-js,,[],,,,,,,traducción propuesta,revisado inicial Helpdesk,sí,sí,,,Vacío en upstream; etiqueta de campo. Agent->Agente.,,,
helpdesk:1eb8225d06265be0,helpdesk,helpdesk,src,src,,Src,Agents,Agents,,,Agentes,,Agentes,,,,,desk/src/components/Settings/Agents.vue:3,desk/src/components/Settings/Agents.vue:3 || desk/src/components/Settings/settingsModal.ts:90,desk/src/components/Settings/Agents.vue:3,client-js,,[],,,,,,,existente correcta,revisado inicial Helpdesk,sí,sí,,,Cross-app: Agents->Agentes.,,,
helpdesk:bb94f123ee077121,helpdesk,helpdesk,src,src,,Src,Agents will no longer be able to view and create saved replies with global scope.,Agents will no longer be able to view and create saved replies with global scope.,,,Los agentes ya no podrán ver ni crear respuestas guardadas con alcance global.,,Los agentes ya no podrán ver ni crear respuestas guardadas con alcance global.,,,,,desk/src/components/Settings/General/components/TicketSettings.vue:70,desk/src/components/Settings/General/components/TicketSettings.vue:70,desk/src/components/Settings/General/components/TicketSettings.vue:70,client-js,,[],,,,,,,existente correcta,revisado inicial Helpdesk,sí,sí,,,,,,
helpdesk:b524dc51a72a78a2,helpdesk,helpdesk,src,src,,Src,All,All,,,Todos,,Todos,,,,,desk/src/components/SavedRepliesSelectorModal.vue:175,desk/src/components/SavedRepliesSelectorModal.vue:175 || desk/src/components/Settings/SavedReplies/SavedRepliesList.vue:302 || desk/src/components/contact/FeedbackList.vue:118 || desk/src/components/ticket/TicketSplitModal.vue:6,desk/src/components/SavedRepliesSelectorModal.vue:165 || desk/src/components/Settings/SavedReplies/SavedRepliesList.vue:323 || desk/src/components/ticket/TicketSplitModal.vue:6 || helpdesk/helpdesk/doctype/hd_article/hd_article.json || helpdesk/helpdesk/doctype/hd_article_category/hd_article_category.json || helpdesk/helpdesk/doctype/hd_article_feedback/hd_article_feedback.json || helpdesk/helpdesk/doctype/hd_form_script/hd_form_script.json || helpdesk/helpdesk/doctype/hd_team/hd_team.json || helpdesk/helpdesk/doctype/hd_ticket/hd_ticket.json || helpdesk/helpdesk/doctype/hd_ticket_feedback_option/hd_ticket_feedback_option.json || helpdesk/helpdesk/doctype/hd_ticket_priority/hd_ticket_priority.json || helpdesk/helpdesk/doctype/hd_ticket_status/hd_ticket_status.json || helpdesk/helpdesk/doctype/hd_ticket_template/hd_ticket_template.json || helpdesk/helpdesk/doctype/hd_ticket_type/hd_ticket_type.json,client-js,,[],,,,,,,existente correcta,revisado inicial Helpdesk,sí,sí,,,crossapp All->Todos.,,,
helpdesk:b7af9c65df0cfc58,helpdesk,helpdesk,src,src,,Src,All SLAs on track,All SLAs on track,,,,,Todos los SLA en cumplimiento,,,,,desk/src/pages/home/components/PendingTickets.vue:251,desk/src/pages/home/components/PendingTickets.vue:251,desk/src/pages/home/components/PendingTickets.vue:253,client-js,,[],,,,,,,traducción propuesta,revisado inicial Helpdesk,sí,sí,,,SLAs→SLA (protegido); 'on track'→'en cumplimiento'.,,,
helpdesk:a9d2fb54f2bda560,helpdesk,helpdesk,src,src,,Src,All Time,All Time,,,,,Todo el tiempo,,,,,desk/src/pages/home/components/RecentFeedback.vue:354,desk/src/pages/home/components/RecentFeedback.vue:354 || desk/src/pages/home/components/RecentFeedback.vue:392 || desk/src/pages/home/components/RecentFeedback.vue:400,desk/src/pages/home/components/RecentFeedback.vue:360 || desk/src/pages/home/components/RecentFeedback.vue:398 || desk/src/pages/home/components/RecentFeedback.vue:406,client-js,,[],,,,,,,traducción propuesta,revisado inicial Helpdesk,sí,sí,,,All Time; filtro de rango temporal.,,,
helpdesk:0d5ccfea952f05c2,helpdesk,helpdesk,src,src,,Src,All articles from this category will move to General category.,All articles from this category will move to General category.,,,Todos los artículos de esta categoría se moverán a la categoría General.,,Todos los artículos de esta categoría se moverán a la categoría General.,,,,,desk/src/pages/knowledge-base/KnowledgeBaseAgent.vue:318,desk/src/pages/knowledge-base/KnowledgeBaseAgent.vue:318,desk/src/pages/knowledge-base/KnowledgeBaseAgent.vue:322,client-js,,[],,,,,,,existente correcta,revisado inicial Helpdesk,sí,sí,,,Correcta.,,,
helpdesk:cf5502a94cfe6a54,helpdesk,helpdesk,src,src,,Src,All comments and emails from both tickets will be merged into the selected ticket,All comments and emails from both tickets will be merged into the selected ticket,,,,,Todos los comentarios y correos de ambos tickets se combinarán en el ticket seleccionado,,,,,desk/src/components/ticket/TicketMergeModal.vue:7,desk/src/components/ticket/TicketMergeModal.vue:7,desk/src/components/ticket/TicketMergeModal.vue:7,client-js,,[],,,,,,,traducción propuesta,revisado inicial Helpdesk,sí,sí,,,Ticket protegido; 'combinar' consistente con merge.,,,
helpdesk:6de98316130fff3d,helpdesk,helpdesk,src,src,,Src,All your assigned tickets have been responded to,All your assigned tickets have been responded to,,,,,Ya respondiste todos los tickets que tienes asignados,,,,,desk/src/pages/home/components/PendingTickets.vue:260,desk/src/pages/home/components/PendingTickets.vue:260,desk/src/pages/home/components/PendingTickets.vue:262,client-js,,[],,,,,,,traducción propuesta,revisado inicial Helpdesk,sí,sí,,,Tickets protegido; MX natural.,,,
helpdesk:a5d5d72ba0b8f091,helpdesk,helpdesk,helpdesk,helpdesk;src,sí,Helpdesk,Allow anyone to create tickets,Allow anyone to create tickets,,,Permitir que cualquiera cree tickets,,Permitir que cualquiera cree tickets,,Label of the allow_anyone_to_create_tickets (Check) field in DocType 'HD Settings',etiqueta de campo/elemento,,desk/src/components/Settings/General/components/TicketSettings.vue:109,desk/src/components/Settings/General/components/TicketSettings.vue:109 || helpdesk/helpdesk/doctype/hd_settings/hd_settings.json,desk/src/components/Settings/General/components/TicketSettings.vue:109 || helpdesk/helpdesk/doctype/hd_settings/hd_settings.json,client-js,HD Settings,"[""Label of the allow_anyone_to_create_tickets (Check) field in DocType 'HD Settings'""]",,,,,,,existente correcta,revisado inicial Helpdesk,sí,sí,,,Tickets protegido; natural.,,,
helpdesk:eeb2b2b5e3fc8c40,helpdesk,helpdesk,helpdesk,helpdesk,,Helpdesk,Allow users to react to comments with emojis,Allow users to react to comments with emojis,,,Permitir que los usuarios reaccionen a los comentarios con emojis,,Permitir que los usuarios reaccionen a los comentarios con emojis,,Description of the 'Enable comment reactions' (Check) field in DocType 'HD Settings',descripción,,helpdesk/helpdesk/doctype/hd_settings/hd_settings.json,helpdesk/helpdesk/doctype/hd_settings/hd_settings.json,helpdesk/helpdesk/doctype/hd_settings/hd_settings.json,doctype-json,Hd Settings,"[""Description of the 'Enable comment reactions' (Check) field in DocType 'HD Settings'""]",,,,,,,existente correcta,revisado inicial Helpdesk,sí,sí,,,Correcta y natural.,,,
helpdesk:c508b0f28c923af5,helpdesk,helpdesk,src,src,,Src,Allow users to react to comments with emojis.,Allow users to react to comments with emojis.,,,Permitir que los usuarios reaccionen a los comentarios con emojis.,,Permitir que los usuarios reaccionen a los comentarios con emojis.,,,,,desk/src/components/Settings/General/components/TicketSettings.vue:26,desk/src/components/Settings/General/components/TicketSettings.vue:26,desk/src/components/Settings/General/components/TicketSettings.vue:26,client-js,,[],,,,,,,existente correcta,revisado inicial Helpdesk,sí,sí,,,,,,
helpdesk:a10029827f7428f3,helpdesk,helpdesk,helpdesk,helpdesk,,Helpdesk,Amber,Amber,,,,,Ámbar,,Option for the 'Color' (Select) field in DocType 'HD Agent Status',opción de campo select,,helpdesk/helpdesk/doctype/hd_agent_status/hd_agent_status.json,helpdesk/helpdesk/doctype/hd_agent_status/hd_agent_status.json || helpdesk/helpdesk/doctype/hd_ticket_status/hd_ticket_status.json,helpdesk/helpdesk/doctype/hd_agent_status/hd_agent_status.json || helpdesk/helpdesk/doctype/hd_ticket_status/hd_ticket_status.json,doctype-json,Hd Agent Status,"[""Option for the 'Color' (Select) field in DocType 'HD Agent Status'"", ""Option for the 'Color' (Select) field in DocType 'HD Ticket Status'""]",,,,,,,traducción propuesta,revisado inicial Helpdesk,sí,sí,,,Color Amber→Ámbar.,,,
helpdesk:41994259e6d73135,helpdesk,helpdesk,src,src,,Src,An event or conference,An event or conference,,,,,Un evento o conferencia,,,,,desk/src/pages/PersonaForm.vue:217,desk/src/pages/PersonaForm.vue:217,,client-js,,[],,,,,,,traducción propuesta,revisado inicial Helpdesk,sí,sí,,,Opción de encuesta.,,,"POT-only: en el universo fresco, sin traducir"
helpdesk:4c13b0967501b822,helpdesk,helpdesk,src,src,,Src,"Another Frappe product (ERPNext, Frappe Cloud, etc.)","Another Frappe product (ERPNext, Frappe Cloud, etc.)",,,,,"Otro producto de Frappe (ERPNext, Frappe Cloud, etc.)",,,,,desk/src/pages/PersonaForm.vue:209,desk/src/pages/PersonaForm.vue:209,,client-js,,[],,,,,,,traducción propuesta,revisado inicial Helpdesk,sí,sí,,,Nombres propios conservados.,,,"POT-only: en el universo fresco, sin traducir"
helpdesk:c092cd7fbcd7feb7,helpdesk,helpdesk,src,src,,Src,Anyone will be able to create tickets without any permission. e.g. from webform.,Anyone will be able to create tickets without any permission. e.g. from webform.,,,"Cualquiera podrá crear tickets sin ningún permiso, por ejemplo desde un formulario web.",,"Cualquiera podrá crear tickets sin ningún permiso, por ejemplo desde un formulario web.",,,,,desk/src/components/Settings/General/components/TicketSettings.vue:113,desk/src/components/Settings/General/components/TicketSettings.vue:113,desk/src/components/Settings/General/components/TicketSettings.vue:113,client-js,,[],,,,,,,existente correcta,revisado inicial Helpdesk,sí,sí,,,,,,
helpdesk:204ac4203f072746,helpdesk,helpdesk,src,src,,Src,App Settings,App Settings,,,,,Configuración de la aplicación,,,,,desk/src/components/Settings/settingsModal.ts:81,desk/src/components/Settings/settingsModal.ts:81,,client-js,,[],,,,,,,traducción propuesta,revisado inicial Helpdesk,sí,sí,,,App Settings.,,,"POT-only: en el universo fresco, sin traducir"
helpdesk:88b2c169c69c0e03,helpdesk,helpdesk,src,src,,Src,Appearance,Appearance,,,,,Apariencia,,,,,desk/src/components/Settings/Preferences/Preferences.vue:26,desk/src/components/Settings/Preferences/Preferences.vue:26,desk/src/components/Settings/Preferences/Preferences.vue:26,client-js,,[],,,,,,,traducción propuesta,revisado inicial Helpdesk,sí,sí,,,Appearance (sección de preferencias).,,,
helpdesk:8b22fdb4a5936dc3,helpdesk,helpdesk,src,src,,Src,Appears in the left sidebar. Recommended size is minimum 32x32 px in PNG or SVG.,Appears in the left sidebar. Recommended size is minimum 32x32 px in PNG or SVG.,,,Aparece en la barra lateral izquierda. El tamaño recomendado es mínimo 32x32 px en PNG o SVG.,,Aparece en la barra lateral izquierda. El tamaño recomendado es mínimo 32x32 px en PNG o SVG.,,,,,desk/src/components/Settings/General/components/Branding.vue:17,desk/src/components/Settings/General/components/Branding.vue:17,desk/src/components/Settings/General/components/Branding.vue:17,client-js,,[],,,,,,,existente correcta,revisado inicial Helpdesk,sí,sí,,,Ayuda de branding.,,,
helpdesk:f0dcc7aef713d93c,helpdesk,helpdesk,helpdesk,helpdesk,,Helpdesk,Appears next to the title in your browser tab. Recommended size is minimum 32x32 px in PNG or ICO,Appears next to the title in your browser tab. Recommended size is minimum 32x32 px in PNG or ICO,,,Aparece junto al título en la pestaña del navegador. El tamaño recomendado es mínimo 32x32 px en PNG o ICO,,Aparece junto al título en la pestaña del navegador. El tamaño recomendado es mínimo 32x32 px en PNG o ICO,,Description of the 'Favicon' (Attach Image) field in DocType 'HD Settings',descripción,,helpdesk/helpdesk/doctype/hd_settings/hd_settings.json,helpdesk/helpdesk/doctype/hd_settings/hd_settings.json,helpdesk/helpdesk/doctype/hd_settings/hd_settings.json,doctype-json,Hd Settings,"[""Description of the 'Favicon' (Attach Image) field in DocType 'HD Settings'""]",,,,,,,existente correcta,revisado inicial Helpdesk,sí,sí,,,Descripción de favicon; correcta.,,,
helpdesk:a6bc7b88411827f4,helpdesk,helpdesk,src,src,,Src,Appears next to the title in your browser tab. Recommended size is minimum 32x32 px in PNG or ICO.,Appears next to the title in your browser tab. Recommended size is minimum 32x32 px in PNG or ICO.,,,Aparece junto al título en la pestaña del navegador. El tamaño recomendado es mínimo 32x32 px en PNG o ICO.,,Aparece junto al título en la pestaña del navegador. El tamaño recomendado es mínimo 32x32 px en PNG o ICO.,,,,,desk/src/components/Settings/General/components/Branding.vue:29,desk/src/components/Settings/General/components/Branding.vue:29,desk/src/components/Settings/General/components/Branding.vue:29,client-js,,[],,,,,,,existente correcta,revisado inicial Helpdesk,sí,sí,,,Ayuda de favicon.,,,
helpdesk:e2428f6697ab827b,helpdesk,helpdesk,helpdesk,helpdesk,,Helpdesk,Apply SLA for Resolution Time,Apply SLA for Resolution Time,,,Aplicar ANS para el tiempo de resolución,,Aplicar SLA para el tiempo de resolución,,Label of the apply_sla_for_resolution (Check) field in DocType 'HD Service Level Agreement',etiqueta de campo/elemento,,helpdesk/helpdesk/doctype/hd_service_level_agreement/hd_service_level_agreement.json,helpdesk/helpdesk/doctype/hd_service_level_agreement/hd_service_level_agreement.json,helpdesk/helpdesk/doctype/hd_service_level_agreement/hd_service_level_agreement.json,doctype-json,Hd Service Level Agreement,"[""Label of the apply_sla_for_resolution (Check) field in DocType 'HD Service Level Agreement'""]",,,,,,,existente mejorable,revisado inicial Helpdesk,sí,sí,,,Cross-app aprobado; revertido ANS->SLA.,,,
helpdesk:379b55880ad70445,helpdesk,helpdesk,helpdesk,helpdesk,,Helpdesk,Apply To,Apply To,,,Aplicar a,,Aplicar a,,Label of the apply_to (Select) field in DocType 'HD Form Script',etiqueta de campo/elemento,,helpdesk/helpdesk/doctype/hd_form_script/hd_form_script.json,helpdesk/helpdesk/doctype/hd_form_script/hd_form_script.json,helpdesk/helpdesk/doctype/hd_form_script/hd_form_script.json,doctype-json,Hd Form Script,"[""Label of the apply_to (Select) field in DocType 'HD Form Script'""]",,,,,,,existente correcta,revisado inicial Helpdesk,sí,sí,,,crossapp 'Apply To'='Aplicar a'.,,,
helpdesk:365bee0004695576,helpdesk,helpdesk,helpdesk,helpdesk,,Helpdesk,Apply on new page,Apply on new page,,,Aplicar en nueva página,,Aplicar en nueva página,,Label of the apply_on_new_page (Check) field in DocType 'HD Form Script',etiqueta de campo/elemento,,helpdesk/helpdesk/doctype/hd_form_script/hd_form_script.json,helpdesk/helpdesk/doctype/hd_form_script/hd_form_script.json,helpdesk/helpdesk/doctype/hd_form_script/hd_form_script.json,doctype-json,Hd Form Script,"[""Label of the apply_on_new_page (Check) field in DocType 'HD Form Script'""]",,,,,,,existente correcta,revisado inicial Helpdesk,sí,sí,,,,,,
helpdesk:958040067c2ac5a2,helpdesk,helpdesk,helpdesk,helpdesk,,Helpdesk,Apply outside working hours,Apply outside working hours,,,Aplicar fuera del horario laboral,,Aplicar fuera del horario laboral,,Label of the enable_outside_hours_banner (Check) field in DocType 'HD Settings',etiqueta de campo/elemento,,helpdesk/helpdesk/doctype/hd_settings/hd_settings.json,helpdesk/helpdesk/doctype/hd_settings/hd_settings.json,helpdesk/helpdesk/doctype/hd_settings/hd_settings.json,doctype-json,Hd Settings,"[""Label of the enable_outside_hours_banner (Check) field in DocType 'HD Settings'""]",,,,,,,existente correcta,revisado inicial Helpdesk,sí,sí,,,Natural para MX.,,,
helpdesk:40d0816ac2fa4523,helpdesk,helpdesk,helpdesk,helpdesk,,Helpdesk,Apply to customer portal,Apply to customer portal,,,Solicitar acceso al portal de clientes,,Aplicar al portal del cliente,,Label of the apply_to_customer_portal (Check) field in DocType 'HD Form Script',etiqueta de campo/elemento,,helpdesk/helpdesk/doctype/hd_form_script/hd_form_script.json,helpdesk/helpdesk/doctype/hd_form_script/hd_form_script.json,helpdesk/helpdesk/doctype/hd_form_script/hd_form_script.json,doctype-json,Hd Form Script,"[""Label of the apply_to_customer_portal (Check) field in DocType 'HD Form Script'""]",,,,,,,existente mejorable,revisado inicial Helpdesk,sí,sí,,,Falso: upstream decía 'Solicitar acceso al portal'; msgid es 'Apply to customer portal'.,,,
helpdesk:545413f06a51a868,helpdesk,helpdesk,helpdesk,helpdesk;src,sí,Helpdesk,Archived,Archived,,,Archivado,,Archivado,,Option for the 'Status' (Select) field in DocType 'HD Article',opción de campo select,,desk/src/pages/knowledge-base/KnowledgeBaseAgent.vue:447,desk/src/pages/knowledge-base/KnowledgeBaseAgent.vue:447 || helpdesk/helpdesk/doctype/hd_article/hd_article.json,desk/src/pages/knowledge-base/KnowledgeBaseAgent.vue:451 || helpdesk/helpdesk/doctype/hd_article/hd_article.json,client-js,HD Article,"[""Option for the 'Status' (Select) field in DocType 'HD Article'""]",,,,,,,existente correcta,revisado inicial Helpdesk,sí,sí,,,Cross-app: Archived->Archivado.,,,
helpdesk:9c725208dd503bd2,helpdesk,helpdesk,src,src,,Src,Are you sure you want to change tabs? Unsaved changes will be lost.,Are you sure you want to change tabs? Unsaved changes will be lost.,,,¿Seguro que quieres cambiar de pestaña? Los cambios no guardados se perderán.,,¿Seguro que quieres cambiar de pestaña? Los cambios no guardados se perderán.,,,,,desk/src/components/Settings/SettingsModal.vue:74,desk/src/components/Settings/SettingsModal.vue:74,desk/src/components/Settings/SettingsModal.vue:74,client-js,,[],,,,,,,existente correcta,revisado inicial Helpdesk,sí,sí,,,Confirmación de cambio de pestaña.,,,
helpdesk:eeb067e2992929f0,helpdesk,helpdesk,src,src,,Src,Are you sure you want to close this ticket?,Are you sure you want to close this ticket?,,,¿Seguro que deseas cerrar este ticket?,,¿Seguro que deseas cerrar este ticket?,,,,,desk/src/pages/ticket/TicketCustomer.vue:314,desk/src/pages/ticket/TicketCustomer.vue:314,desk/src/pages/ticket/TicketCustomer.vue:314,client-js,,[],,,,,,,existente correcta,revisado inicial Helpdesk,sí,sí,,,Ticket protegido; tuteo MX natural.,,,
helpdesk:3933f750841c00dd,helpdesk,helpdesk,src,src,,Src,Are you sure you want to delete these articles?,Are you sure you want to delete these articles?,,,¿Seguro que deseas eliminar estos artículos?,,¿Seguro que deseas eliminar estos artículos?,,,,,desk/src/pages/knowledge-base/KnowledgeBaseAgent.vue:201,desk/src/pages/knowledge-base/KnowledgeBaseAgent.vue:201,desk/src/pages/knowledge-base/KnowledgeBaseAgent.vue:205,client-js,,[],,,,,,,existente correcta,revisado inicial Helpdesk,sí,sí,,,Correcta.,,,
helpdesk:8d1129b270107860,helpdesk,helpdesk,src,src,,Src,Are you sure you want to delete this contact? The contact will be permanently deleted and unlinked from any associated customers and tickets.,Are you sure you want to delete this contact? The contact will be permanently deleted and unlinked from any associated customers and tickets.,,,,,¿Seguro que deseas eliminar este contacto? El contacto se eliminará de forma permanente y se desvinculará de los clientes y tickets asociados.,,,,,desk/src/pages/contact/Contact.vue:104,desk/src/pages/contact/Contact.vue:104,,client-js,,[],,,,,,,traducción propuesta,revisado inicial Helpdesk,sí,sí,,,tickets protegido; customers→clientes.,,,"POT-only: en el universo fresco, sin traducir"
helpdesk:c4afa79f84761495,helpdesk,helpdesk,src,src,,Src,Are you sure you want to delete this customer? The reference to this customer will be removed from all the related tickets.,Are you sure you want to delete this customer? The reference to this customer will be removed from all the related tickets.,,,,,¿Seguro que deseas eliminar este cliente? La referencia a este cliente se eliminará de todos los tickets relacionados.,,,,,desk/src/pages/customer/Customer.vue:96,desk/src/pages/customer/Customer.vue:96,,client-js,,[],,,,,,,traducción propuesta,revisado inicial Helpdesk,sí,sí,,,customer→cliente; tickets protegido.,,,"POT-only: en el universo fresco, sin traducir"
helpdesk:e8d9331e8e642867,helpdesk,helpdesk,src,src,,Src,Are you sure you want to delete this ticket? This is an irreversible action and cannot be undone.,Are you sure you want to delete this ticket? This is an irreversible action and cannot be undone.,,,,,¿Seguro que desea eliminar este ticket? Esta es una acción irreversible y no se puede deshacer.,,,,,desk/src/components/ticket-agent/TicketHeader.vue:204,desk/src/components/ticket-agent/TicketHeader.vue:204,desk/src/components/ticket-agent/TicketHeader.vue:204,client-js,,[],,,,,,,traducción propuesta,revisado inicial Helpdesk,sí,sí,,,,,,
helpdesk:236c2258745dc202,helpdesk,helpdesk,src,src,,Src,Are you sure you want to delete this view?,Are you sure you want to delete this view?,,,¿Seguro que deseas eliminar esta vista?,,¿Seguro que deseas eliminar esta vista?,,,,,desk/src/composables/useView.ts:302,desk/src/composables/useView.ts:302,desk/src/pages/ticket/Tickets.vue:541,client-js,,[],,,,,,,existente correcta,revisado inicial Helpdesk,sí,sí,,,Tuteo natural MX.,,,
helpdesk:c9a9ff6e6374463b,helpdesk,helpdesk,src,src,,Src,Are you sure you want to delete {0} item(s)?,Are you sure you want to delete {0} item(s)?,,,,,¿Seguro que deseas eliminar {0} elemento(s)?,,,,,desk/src/components/ListViewBuilder.vue:238,desk/src/components/ListViewBuilder.vue:238,,client-js,,[],{0},,{0},ok,,,traducción propuesta,revisado inicial Helpdesk,sí,sí,,,Placeholder {0} preservado.,,,"POT-only: en el universo fresco, sin traducir"
helpdesk:2eb777394edf4311,helpdesk,helpdesk,src,src,,Src,Are you sure you want to discard changes?,Are you sure you want to discard changes?,,,¿Seguro que deseas descartar los cambios?,,¿Seguro que deseas descartar los cambios?,,,,,desk/src/pages/knowledge-base/Article.vue:147,desk/src/pages/knowledge-base/Article.vue:147,desk/src/pages/knowledge-base/Article.vue:147,client-js,,[],,,,,,,existente correcta,revisado inicial Helpdesk,sí,sí,,,Discard→descartar; natural.,,,
helpdesk:b210775d89de7766,helpdesk,helpdesk,src,src,,Src,Are you sure you want to discard this article?,Are you sure you want to discard this article?,,,¿Seguro que deseas descartar este artículo?,,¿Seguro que deseas descartar este artículo?,,,,,desk/src/pages/knowledge-base/NewArticle.vue:145,desk/src/pages/knowledge-base/NewArticle.vue:145,desk/src/pages/knowledge-base/NewArticle.vue:144,client-js,,[],,,,,,,existente correcta,revisado inicial Helpdesk,sí,sí,,,Article→artículo; natural.,,,
helpdesk:74edef96046bb60a,helpdesk,helpdesk,src,src,,Src,Are you sure you want to go back? Unsaved changes will be lost.,Are you sure you want to go back? Unsaved changes will be lost.,,,¿Estás seguro de volver atrás? Los cambios no guardados se perderán.,,¿Estás seguro de volver atrás? Los cambios no guardados se perderán.,,,,,desk/src/components/Settings/Assignment Rules/AssignmentRuleView.vue:460,desk/src/components/Settings/Assignment Rules/AssignmentRuleView.vue:460 || desk/src/components/Settings/EmailNotifications/Notification.vue:103 || desk/src/components/Settings/FieldDependency/FieldDependency.vue:77 || desk/src/components/Settings/Holiday/HolidayView.vue:211 || desk/src/components/Settings/Profile/UserEmailSettings.vue:233 || desk/src/components/Settings/SavedReplies/SavedReplyView.vue:288 || desk/src/components/Settings/Sla/SlaPolicyView.vue:365 || desk/src/components/Settings/Teams/NewTeam.vue:118 || desk/src/components/Settings/Telephony/ExotelSettings.vue:226 || desk/src/components/Settings/Telephony/TwilioSettings.vue:195,desk/src/components/Settings/Assignment || Rules/AssignmentRuleView.vue:450 || desk/src/components/Settings/EmailNotifications/Notification.vue:103 || desk/src/components/Settings/FieldDependency/FieldDependency.vue:68 || desk/src/components/Settings/Holiday/HolidayView.vue:192 || desk/src/components/Settings/Profile/UserEmailSettings.vue:218 || desk/src/components/Settings/SavedReplies/SavedReplyView.vue:280 || desk/src/components/Settings/Sla/SlaPolicyView.vue:355 || desk/src/components/Settings/Teams/NewTeam.vue:109 || desk/src/components/Settings/Telephony/ExotelSettings.vue:215 || desk/src/components/Settings/Telephony/TwilioSettings.vue:184,client-js,,[],,,,,,,existente correcta,revisado inicial Helpdesk,sí,sí,,,Correcta y natural.,,,
helpdesk:7e95e0c1517339eb,helpdesk,helpdesk,src,src,,Src,Are you sure you want to leave? Unsaved changes will be lost.,Are you sure you want to leave? Unsaved changes will be lost.,,,¿Seguro que deseas salir? Se perderán los cambios no guardados.,,¿Seguro que deseas salir? Se perderán los cambios no guardados.,,,,,desk/src/components/Settings/Assignment Rules/AssigneeSearch.vue:164,desk/src/components/Settings/Assignment Rules/AssigneeSearch.vue:164,desk/src/components/Settings/Assignment || Rules/AssigneeSearch.vue:165,client-js,,[],,,,,,,existente correcta,revisado inicial Helpdesk,sí,sí,,,Correcta y natural.,,,
helpdesk:4060a2be072e0456,helpdesk,helpdesk,src,src,,Src,Are you sure you want to remove the logo?,Are you sure you want to remove the logo?,,,¿Seguro que deseas eliminar el logo?,,¿Seguro que deseas eliminar el logo?,,,,,desk/src/components/Settings/General/components/Branding.vue:111,desk/src/components/Settings/General/components/Branding.vue:111,desk/src/components/Settings/General/components/Branding.vue:111,client-js,,[],,,,,,,existente correcta,revisado inicial Helpdesk,sí,sí,,,Confirmación; Logo->logo (cross-app).,,,
helpdesk:d8e9996c39f36465,helpdesk,helpdesk,src,src,,Src,Are you sure you want to remove this contact from the customer?,Are you sure you want to remove this contact from the customer?,,,,,¿Seguro que deseas quitar este contacto del cliente?,,,,,desk/src/components/customer/ContactCard.vue:295,desk/src/components/customer/ContactCard.vue:295,,client-js,,[],,,,,,,traducción propuesta,revisado inicial Helpdesk,sí,sí,,,Customer→Cliente; Contact→contacto.,,,"POT-only: en el universo fresco, sin traducir"
helpdesk:e8f775274a83d8d8,helpdesk,helpdesk,src,src,,Src,Are you sure you want to reset the content? Current content will be overridden.,Are you sure you want to reset the content? Current content will be overridden.,,,¿Seguro que quieres restablecer el contenido? Se sobrescribirá el contenido actual.,,¿Seguro que quieres restablecer el contenido? Se sobrescribirá el contenido actual.,,,,,desk/src/components/Settings/EmailNotifications/Notification.vue:116,desk/src/components/Settings/EmailNotifications/Notification.vue:116,desk/src/components/Settings/EmailNotifications/Notification.vue:116,client-js,,[],,,,,,,existente correcta,revisado inicial Helpdesk,sí,sí,,,,,,
helpdesk:5b5dea0285acc1fe,helpdesk,helpdesk,helpdesk,helpdesk;src,sí,Helpdesk,Article,Article,,,Artículo,,Artículo,,Label of the article (Link) field in DocType 'HD Article Feedback',etiqueta de campo/elemento,,desk/src/pages/knowledge-base/KnowledgeBaseAgent.vue:110,desk/src/pages/knowledge-base/KnowledgeBaseAgent.vue:110 || helpdesk/helpdesk/doctype/hd_article_feedback/hd_article_feedback.json,desk/src/pages/knowledge-base/KnowledgeBaseAgent.vue:114 || helpdesk/helpdesk/doctype/hd_article_feedback/hd_article_feedback.json,client-js,HD Article Feedback,"[""Label of the article (Link) field in DocType 'HD Article Feedback'""]",,,,,,,existente correcta,revisado inicial Helpdesk,sí,sí,,,Article→Artículo (glosario).,,,
helpdesk:55ba9ca8e47a6255,helpdesk,helpdesk,src,src,,Src,Article body cannot be set as empty.,Article body cannot be set as empty.,,,,,El cuerpo del artículo no puede quedar vacío.,,,,,desk/src/pages/knowledge-base/Article.vue:512,desk/src/pages/knowledge-base/Article.vue:512,desk/src/pages/knowledge-base/Article.vue:519,client-js,,[],,,,,,,traducción propuesta,revisado inicial Helpdesk,sí,sí,,,Article→artículo.,,,
helpdesk:1024e1b7330ba4eb,helpdesk,helpdesk,src,src,,Src,Article created successfully.,Article created successfully.,,,,,Artículo creado correctamente.,,,,,desk/src/pages/knowledge-base/NewArticle.vue:118,desk/src/pages/knowledge-base/NewArticle.vue:118,desk/src/pages/knowledge-base/NewArticle.vue:117,client-js,,[],,,,,,,traducción propuesta,revisado inicial Helpdesk,sí,sí,,,,,,
helpdesk:972f2de23ccc72b0,helpdesk,helpdesk,src,src,,Src,Article deleted successfully.,Article deleted successfully.,,,,,Artículo eliminado correctamente.,,,,,desk/src/pages/knowledge-base/Article.vue:551,desk/src/pages/knowledge-base/Article.vue:551,desk/src/pages/knowledge-base/Article.vue:558,client-js,,[],,,,,,,traducción propuesta,revisado inicial Helpdesk,sí,sí,,,Article→Artículo.,,,
helpdesk:05fe98e843dedd9c,helpdesk,helpdesk,src,src,,Src,Article has been successfully moved.,Article has been successfully moved.,,,,,El artículo se movió correctamente.,,,,,desk/src/pages/knowledge-base/Article.vue:464,desk/src/pages/knowledge-base/Article.vue:464,,client-js,,[],,,,,,,traducción propuesta,revisado inicial Helpdesk,sí,sí,,,,,,"POT-only: en el universo fresco, sin traducir"
helpdesk:70b8acd1272799a5,helpdesk,helpdesk,src,src,,Src,Article link copied to clipboard,Article link copied to clipboard,,,Enlace del artículo copiado al portapapeles,,Enlace del artículo copiado al portapapeles,,,,,desk/src/pages/knowledge-base/Article.vue:647,desk/src/pages/knowledge-base/Article.vue:647,desk/src/pages/knowledge-base/Article.vue:654,client-js,,[],,,,,,,existente correcta,revisado inicial Helpdesk,sí,sí,,,Correcta; Article→artículo.,,,
helpdesk:17a88e85c662c088,helpdesk,helpdesk,src,src,,Src,Article title cannot be set as empty,Article title cannot be set as empty,,,,,El título del artículo no puede quedar vacío,,,,,desk/src/pages/knowledge-base/Article.vue:507,desk/src/pages/knowledge-base/Article.vue:507,desk/src/pages/knowledge-base/Article.vue:514,client-js,,[],,,,,,,traducción propuesta,revisado inicial Helpdesk,sí,sí,,,Title→título; Article→artículo.,,,
helpdesk:9b2d3c13eb2a0c30,helpdesk,helpdesk,src,src,,Src,Article updated successfully.,Article updated successfully.,,,,,Artículo actualizado correctamente.,,,,,desk/src/pages/knowledge-base/Article.vue:538,desk/src/pages/knowledge-base/Article.vue:538,desk/src/pages/knowledge-base/Article.vue:545,client-js,,[],,,,,,,traducción propuesta,revisado inicial Helpdesk,sí,sí,,,,,,
helpdesk:da83319ef388436c,helpdesk,helpdesk,src,src,,Src,Articles deleted successfully.,Articles deleted successfully.,,,,,Artículos eliminados correctamente.,,,,,desk/src/pages/knowledge-base/KnowledgeBaseAgent.vue:355,desk/src/pages/knowledge-base/KnowledgeBaseAgent.vue:355,desk/src/pages/knowledge-base/KnowledgeBaseAgent.vue:359,client-js,,[],,,,,,,traducción propuesta,revisado inicial Helpdesk,sí,sí,,,Vacío en upstream.,,,
helpdesk:e01ed1f0228ba36e,helpdesk,helpdesk,src,src,,Src,Articles moved successfully.,Articles moved successfully.,,,,,Artículos movidos correctamente.,,,,,desk/src/pages/knowledge-base/KnowledgeBaseAgent.vue:231,desk/src/pages/knowledge-base/KnowledgeBaseAgent.vue:231,desk/src/pages/knowledge-base/KnowledgeBaseAgent.vue:235,client-js,,[],,,,,,,traducción propuesta,revisado inicial Helpdesk,sí,sí,,,Vacío en upstream.,,,
helpdesk:bd13be2f5775ab2c,helpdesk,helpdesk,src,src,,Src,Assign a ticket to an agent,Assign a ticket to an agent,,,Asignar un ticket a un agente,,Asignar un ticket a un agente,,,,,desk/src/components/layouts/Sidebar.vue:272,desk/src/components/layouts/Sidebar.vue:272,desk/src/components/layouts/Sidebar.vue:482,client-js,,[],,,,,,,existente correcta,revisado inicial Helpdesk,sí,sí,,,Ticket/agente.,,,
helpdesk:f41b704b5ba7eb70,helpdesk,helpdesk,src,src,,Src,Assign ticket,Assign ticket,,,Asignar ticket,,Asignar ticket,,,,,desk/src/components/modals/ShortcutsModal.vue:90,desk/src/components/modals/ShortcutsModal.vue:90,desk/src/components/modals/ShortcutsModal.vue:90,client-js,,[],,,,,,,existente correcta,revisado inicial Helpdesk,sí,sí,,,Ticket minúscula en oración.,,,
helpdesk:d3845dfd730c45f2,helpdesk,helpdesk,src,src,,Src,Assign yourself,Assign yourself,,,,,Asignárselo a usted mismo,,,,,desk/src/components/ticket-agent/AssignTo.vue:39,desk/src/components/ticket-agent/AssignTo.vue:39,desk/src/components/ticket-agent/AssignTo.vue:39,client-js,,[],,,,,,,traducción propuesta,revisado inicial Helpdesk + pase dirigido,sí,,,,Reformulado a usted.,,,
helpdesk:b04797ea008a456e,helpdesk,helpdesk,helpdesk,helpdesk;src,sí,Helpdesk,Assigned To,Assigned To,,,Asignado a,,Asignado a,,,,,desk/src/components/customer/TicketsTab.vue:232,desk/src/components/customer/TicketsTab.vue:232 || helpdesk/helpdesk/report/ticket_analytics/ticket_analytics.js:62 || helpdesk/helpdesk/report/ticket_summary/ticket_summary.js:49,helpdesk/helpdesk/report/ticket_analytics/ticket_analytics.js:62 || helpdesk/helpdesk/report/ticket_summary/ticket_summary.js:49,client-js,,[],,,,,,,existente correcta,revisado inicial Helpdesk,sí,sí,,,Cross-app Assigned To.,,,
helpdesk:73c73ae4ce4787ff,helpdesk,helpdesk,src,src,,Src,Assignee,Assignee,,,Asignado,,Asignado,,,,,desk/src/components/ticket-agent/AssignTo.vue:11,desk/src/components/ticket-agent/AssignTo.vue:11,desk/src/components/ticket-agent/AssignTo.vue:11,client-js,,[],,,,,,,existente correcta,revisado inicial Helpdesk,sí,sí,,,Cross-app Assignee->Asignado.,,,
helpdesk:b501a455c94406bc,helpdesk,helpdesk,src,src,,Src,Assignee Rules,Assignee Rules,,,Reglas de asignación,,Reglas de asignación,,,,,desk/src/components/Settings/Assignment Rules/AssigneeRules.vue:5,desk/src/components/Settings/Assignment Rules/AssigneeRules.vue:5,desk/src/components/Settings/Assignment || Rules/AssigneeRules.vue:5,client-js,,[],,,,,,,existente correcta,revisado inicial Helpdesk,sí,sí,,,Cross-app: Assignment Rules->Reglas de asignación.,,,
helpdesk:ac424d76ab79d73b,helpdesk,helpdesk,src,src,,Src,Assignee's updated successfully.,Assignee's updated successfully.,,,,,Asignado actualizado correctamente.,,,,,desk/src/components/ticket-agent/AssignTo.vue:497,desk/src/components/ticket-agent/AssignTo.vue:497,desk/src/components/ticket-agent/AssignTo.vue:522,client-js,,[],,,,,,,traducción propuesta,revisado inicial Helpdesk,sí,sí,,,Assignee singular.,,,
helpdesk:3d88efafb093b631,helpdesk,helpdesk,src,src,,Src,Assignees,Assignees,,,Gestores asignados,,Asignados,,,,,desk/src/components/Settings/Assignment Rules/AssigneeRules.vue:75,desk/src/components/Settings/Assignment Rules/AssigneeRules.vue:75,desk/src/components/Settings/Assignment || Rules/AssigneeRules.vue:75,client-js,,[],,,,,,,existente mejorable,revisado inicial Helpdesk,sí,sí,,,Cross-app Assignee->Asignado; 'Gestores asignados' es interpretación libre innecesaria.,,,
helpdesk:2a9a3c5a2a9fb973,helpdesk,helpdesk,src,src,,Src,Assignees updated successfully.,Assignees updated successfully.,,,,,Asignados actualizados correctamente.,,,,,desk/src/components/ticket-agent/AssignTo.vue:579,desk/src/components/ticket-agent/AssignTo.vue:579,desk/src/components/ticket-agent/AssignTo.vue:604,client-js,,[],,,,,,,traducción propuesta,revisado inicial Helpdesk,sí,sí,,,Assignees plural.,,,
helpdesk:f590931a9228e64a,helpdesk,helpdesk,src,src,,Src,Assigning tickets,Assigning tickets,,,,,Asignar tickets,,,,,desk/src/pages/PersonaForm.vue:192,desk/src/pages/PersonaForm.vue:192,,client-js,,[],,,,,,,traducción propuesta,revisado inicial Helpdesk,sí,sí,,,Ticket protegido; opción.,,,"POT-only: en el universo fresco, sin traducir"
helpdesk:22b6096753b58e1f,helpdesk,helpdesk,helpdesk,helpdesk,,Helpdesk,Assignment,Assignment,,,Asignación,,Asignación,,Option for the 'Type' (Select) field in DocType 'HD Notification',opción de campo select,,helpdesk/helpdesk/doctype/hd_notification/hd_notification.json,helpdesk/helpdesk/doctype/hd_notification/hd_notification.json,helpdesk/helpdesk/doctype/hd_notification/hd_notification.json,doctype-json,Hd Notification,"[""Option for the 'Type' (Select) field in DocType 'HD Notification'""]",,,,,,,existente correcta,revisado inicial Helpdesk,sí,sí,,,Assignment->Asignación (glosario).,,,
helpdesk:8da64f1363d6d533,helpdesk,helpdesk,src,src,,Src,Assignment Condition,Assignment Condition,,,,,Condición de asignación,,,,,desk/src/components/Settings/Assignment Rules/AssignmentRuleView.vue:131,desk/src/components/Settings/Assignment Rules/AssignmentRuleView.vue:131,desk/src/components/Settings/Assignment || Rules/AssignmentRuleView.vue:122,client-js,,[],,,,,,,traducción propuesta,revisado inicial Helpdesk,sí,sí,,,Vacío en upstream. Assignment->Asignación (glosario).,,,
helpdesk:4fb69f7853904235,helpdesk,helpdesk,helpdesk,helpdesk;src,sí,Helpdesk,Assignment Conditions,Assignment Conditions,,,Condiciones de asignación,,Condiciones de asignación,,Label of the filters_section (Section Break) field in DocType 'HD Service Level Agreement',etiqueta de campo/elemento,,desk/src/components/Settings/Sla/SlaPolicyView.vue:75,desk/src/components/Settings/Sla/SlaPolicyView.vue:75 || helpdesk/helpdesk/doctype/hd_service_level_agreement/hd_service_level_agreement.json,desk/src/components/Settings/Sla/SlaPolicyView.vue:66 || helpdesk/helpdesk/doctype/hd_service_level_agreement/hd_service_level_agreement.json,client-js,HD Service Level Agreement,"[""Label of the filters_section (Section Break) field in DocType 'HD Service Level Agreement'""]",,,,,,,existente correcta,revisado inicial Helpdesk,sí,sí,,,Cross-app Assignment Conditions.,,,
helpdesk:9411729fe302efa2,helpdesk,helpdesk,helpdesk,helpdesk,,Helpdesk,Assignment Rule,Assignment Rule,,,Regla de asignación,,Regla de asignación,,Label of a Link in the Helpdesk Workspace,etiqueta de campo/elemento,,helpdesk/helpdesk/doctype/hd_team/hd_team.json,helpdesk/helpdesk/doctype/hd_team/hd_team.json || helpdesk/helpdesk/workspace/helpdesk/helpdesk.json,helpdesk/helpdesk/doctype/hd_team/hd_team.json || helpdesk/helpdesk/workspace/helpdesk/helpdesk.json,doctype-json,Hd Team,"[""Label of a Link in the Helpdesk Workspace"", ""Label of the assignment_rule (Link) field in DocType 'HD Team'""]",,,,,,,existente correcta,revisado inicial Helpdesk,sí,sí,,,Assignment Rule→Regla de asignación (crossapp).,,,
helpdesk:5b1f7d0d05b81128,helpdesk,helpdesk,src,helpdesk;src,sí,Src,Assignment Rules,Assignment Rules,,,Reglas de asignación,,Reglas de asignación,,Label of the assignment_rules_section (Section Break) field in DocType 'HD Settings',etiqueta de campo/elemento,,desk/src/components/Settings/Assignment Rules/AssignmentRulesList.vue:5,desk/src/components/Settings/Assignment Rules/AssignmentRulesList.vue:5 || desk/src/components/Settings/settingsModal.ts:120 || helpdesk/helpdesk/doctype/hd_settings/hd_settings.json,desk/src/components/Settings/Assignment || Rules/AssignmentRulesList.vue:5 || helpdesk/helpdesk/doctype/hd_settings/hd_settings.json,client-js,HD Settings,"[""Label of the assignment_rules_section (Section Break) field in DocType 'HD Settings'""]",,,,,,,existente correcta,revisado inicial Helpdesk,sí,sí,,,Assignment Rules→Reglas de asignación (crossapp).,,,
helpdesk:618d6b51ca587851,helpdesk,helpdesk,src,src,,Src,Assignment Rules automatically route tickets to the right team members based on predefined conditions.,Assignment Rules automatically route tickets to the right team members based on predefined conditions.,,,Las reglas de asignación dirigen automáticamente los tickets a los miembros adecuados del equipo según condiciones predefinidas.,,Las reglas de asignación dirigen automáticamente los tickets a los miembros adecuados del equipo según condiciones predefinidas.,,,,,desk/src/components/Settings/Assignment Rules/AssignmentRulesList.vue:11,desk/src/components/Settings/Assignment Rules/AssignmentRulesList.vue:11,desk/src/components/Settings/Assignment || Rules/AssignmentRulesList.vue:11,client-js,,[],,,,,,,existente correcta,revisado inicial Helpdesk,sí,sí,,,"Correcta; Team->equipo, tickets préstamo.",,,
helpdesk:54575f2a2b6b4424,helpdesk,helpdesk,src,src,,Src,Assignment Schedule,Assignment Schedule,,,Calendario de tareas,,Programación de asignación,,,,,desk/src/components/Settings/Assignment Rules/AssignmentRuleView.vue:285,desk/src/components/Settings/Assignment Rules/AssignmentRuleView.vue:285,desk/src/components/Settings/Assignment || Rules/AssignmentRuleView.vue:276,client-js,,[],,,,,,,existente mejorable,revisado inicial Helpdesk,sí,sí,,,'Calendario de tareas' es interpretación errónea; Assignment Schedule = programación (días/horas) de la regla de asignación.,,,
helpdesk:191379e4696d5633,helpdesk,helpdesk,src,src,,Src,Assignment rule,Assignment rule,,,Regla de asignación,,Regla de asignación,,,,,desk/src/components/Settings/Assignment Rules/AssignmentRulesListView.vue:29,desk/src/components/Settings/Assignment Rules/AssignmentRulesListView.vue:29,desk/src/components/Settings/Assignment || Rules/AssignmentRulesListView.vue:29,client-js,,[],,,,,,,existente correcta,revisado inicial Helpdesk,sí,sí,,,Correcta.,,,
helpdesk:dfffa38fc243205d,helpdesk,helpdesk,src,src,,Src,Assignment rule created successfully.,Assignment rule created successfully.,,,,,Regla de asignación creada correctamente.,,,,,desk/src/components/Settings/Assignment Rules/AssignmentRuleView.vue:555,desk/src/components/Settings/Assignment Rules/AssignmentRuleView.vue:555,desk/src/components/Settings/Assignment || Rules/AssignmentRuleView.vue:545,client-js,,[],,,,,,,traducción propuesta,revisado inicial Helpdesk,sí,sí,,,Vacío en upstream.,,,
helpdesk:73227efc3d235496,helpdesk,helpdesk,src,src,,Src,Assignment rule deleted successfully.,Assignment rule deleted successfully.,,,,,Regla de asignación eliminada correctamente.,,,,,desk/src/components/Settings/Assignment Rules/AssignmentRuleListItem.vue:130,desk/src/components/Settings/Assignment Rules/AssignmentRuleListItem.vue:130,desk/src/components/Settings/Assignment || Rules/AssignmentRuleListItem.vue:130,client-js,,[],,,,,,,traducción propuesta,revisado inicial Helpdesk,sí,sí,,,Vacío en upstream. Assignment rule->Regla de asignación.,,,
helpdesk:8c947b5448b658bc,helpdesk,helpdesk,src,src,,Src,Assignment rule duplicated successfully.,Assignment rule duplicated successfully.,,,,,Regla de asignación duplicada correctamente.,,,,,desk/src/components/Settings/Assignment Rules/AssignmentRuleListItem.vue:173,desk/src/components/Settings/Assignment Rules/AssignmentRuleListItem.vue:173,desk/src/components/Settings/Assignment || Rules/AssignmentRuleListItem.vue:173,client-js,,[],,,,,,,traducción propuesta,revisado inicial Helpdesk,sí,sí,,,Vacío en upstream.,,,
helpdesk:374a000183aee826,helpdesk,helpdesk,src,src,,Src,Assignment rule updated successfully.,Assignment rule updated successfully.,,,,,Regla de asignación actualizada correctamente.,,,,,desk/src/components/Settings/Assignment Rules/AssignmentRuleView.vue:642,desk/src/components/Settings/Assignment Rules/AssignmentRuleView.vue:642,desk/src/components/Settings/Assignment || Rules/AssignmentRuleView.vue:632,client-js,,[],,,,,,,traducción propuesta,revisado inicial Helpdesk,sí,sí,,,Vacío en upstream.,,,
helpdesk:6df4239e25575656,helpdesk,helpdesk,src,src,,Src,Assignment rule {0} updated successfully.,Assignment rule {0} updated successfully.,,,,,Regla de asignación {0} actualizada correctamente.,,,,,desk/src/components/Settings/Assignment Rules/AssignmentRuleListItem.vue:226,desk/src/components/Settings/Assignment Rules/AssignmentRuleListItem.vue:226,desk/src/components/Settings/Assignment || Rules/AssignmentRuleListItem.vue:226,client-js,,[],{0},,{0},ok,,,traducción propuesta,revisado inicial Helpdesk,sí,sí,,,Vacío en upstream. {0} preservado.,,,
helpdesk:e3d63085a25cad48,helpdesk,helpdesk,src,src,,Src,At least one email address is required,At least one email address is required,,,,,Se requiere al menos un correo electrónico,,,,,desk/src/composables/contact.ts:226,desk/src/composables/contact.ts:226,,client-js,,[],,,,,,,traducción propuesta,revisado inicial Helpdesk,sí,sí,,,At least one email address is required.,,,"POT-only: en el universo fresco, sin traducir"
helpdesk:79869b806ef6ec0c,helpdesk,helpdesk,src,src,,Src,At least one email address must be marked as primary,At least one email address must be marked as primary,,,,,Al menos un correo electrónico debe marcarse como principal,,,,,desk/src/composables/contact.ts:235,desk/src/composables/contact.ts:235,,client-js,,[],,,,,,,traducción propuesta,revisado inicial Helpdesk,sí,sí,,,marked as primary→marcarse como principal.,,,"POT-only: en el universo fresco, sin traducir"
helpdesk:5d701151236e6815,helpdesk,helpdesk,helpdesk,helpdesk,,Helpdesk,At least one enabled Active status is required.,At least one enabled Active status is required.,,,,,Se requiere al menos un estado Activo habilitado.,,,,,helpdesk/helpdesk/doctype/hd_agent_status/hd_agent_status.py:24,helpdesk/helpdesk/doctype/hd_agent_status/hd_agent_status.py:24 || helpdesk/helpdesk/doctype/hd_agent_status/hd_agent_status.py:28,helpdesk/helpdesk/doctype/hd_agent_status/hd_agent_status.py:24 || helpdesk/helpdesk/doctype/hd_agent_status/hd_agent_status.py:28,doctype-controller,Hd Agent Status,[],,,,,,,traducción propuesta,revisado inicial Helpdesk,sí,sí,,,Validación de estados de agente.,,,
helpdesk:2e3c64a6cecfbd5b,helpdesk,helpdesk,helpdesk,helpdesk,,Helpdesk,At least one enabled status for <u>{0}</u> category must be enabled.,At least one enabled status for <u>{0}</u> category must be enabled.,,,Al menos un estado habilitado para la categoría <u>{0}</u> debe estar habilitado.,,Al menos un estado habilitado para la categoría <u>{0}</u> debe estar habilitado.,,,,,helpdesk/helpdesk/doctype/hd_ticket_status/hd_ticket_status.py:73,helpdesk/helpdesk/doctype/hd_ticket_status/hd_ticket_status.py:73,helpdesk/helpdesk/doctype/hd_ticket_status/hd_ticket_status.py:73,doctype-controller,Hd Ticket Status,[],{0},{0},{0},ok,,,existente correcta,revisado inicial Helpdesk,sí,sí,,,Correcta. {0} y <u></u> preservados.,,,
helpdesk:e81fc635367531a5,helpdesk,helpdesk,helpdesk,helpdesk,,Helpdesk,At least one feedback option must be enabled for rating {0},At least one feedback option must be enabled for rating {0},,,Al menos una opción de retroalimentación debe estar habilitada para la calificación {0},,Debe habilitarse al menos una opción de comentarios para la calificación {0},,,,,helpdesk/helpdesk/doctype/hd_ticket_feedback_option/hd_ticket_feedback_option.py:38,helpdesk/helpdesk/doctype/hd_ticket_feedback_option/hd_ticket_feedback_option.py:38,helpdesk/helpdesk/doctype/hd_ticket_feedback_option/hd_ticket_feedback_option.py:38,doctype-controller,Hd Ticket Feedback Option,[],{0},{0},{0},ok,,,existente mejorable,revisado inicial Helpdesk,sí,sí,,,feedback→comentarios (glosario); rating→calificación; placeholder {0} preservado.,,,
helpdesk:ff829066e4d1bd40,helpdesk,helpdesk,src,src,,Src,At least one priority is required.,At least one priority is required.,,,,,Se requiere al menos una prioridad.,,,,,desk/src/stores/sla.ts:144,desk/src/stores/sla.ts:144,,client-js,,[],,,,,,,traducción propuesta,revisado inicial Helpdesk,sí,sí,,,,,,"POT-only: en el universo fresco, sin traducir"
helpdesk:b7987446d4dbe112,helpdesk,helpdesk,src,src,,Src,At least one team is required,At least one team is required,,,Se requiere al menos un equipo,,Se requiere al menos un equipo,,,,,desk/src/components/Settings/SavedReplies/SavedReplyView.vue:426,desk/src/components/Settings/SavedReplies/SavedReplyView.vue:426,desk/src/components/Settings/SavedReplies/SavedReplyView.vue:418,client-js,,[],,,,,,,existente correcta,revisado inicial Helpdesk,sí,sí,,,Team->equipo.,,,
helpdesk:1b502b8173218a1d,helpdesk,helpdesk,helpdesk,helpdesk,,Helpdesk,Attachment,Attachment,,,Adjunto,,Adjunto,,Label of a field in the tickets Web Form,etiqueta de campo/elemento,,helpdesk/helpdesk/doctype/hd_ticket/hd_ticket.json,helpdesk/helpdesk/doctype/hd_ticket/hd_ticket.json || helpdesk/helpdesk/web_form/tickets/tickets.json,helpdesk/helpdesk/doctype/hd_ticket/hd_ticket.json || helpdesk/helpdesk/web_form/tickets/tickets.json,doctype-json,Hd Ticket,"[""Label of a field in the tickets Web Form"", ""Label of the attachment (Attach) field in DocType 'HD Ticket'""]",,,,,,,existente correcta,revisado inicial Helpdesk,sí,sí,,,Cross-app aprobado.,,,
helpdesk:f75469f6db03e978,helpdesk,helpdesk,helpdesk,helpdesk,,Helpdesk,Author,Author,,,Autor,,Autor,,Label of the author (Link) field in DocType 'HD Article',etiqueta de campo/elemento,,helpdesk/helpdesk/doctype/hd_article/hd_article.json,helpdesk/helpdesk/doctype/hd_article/hd_article.json,helpdesk/helpdesk/doctype/hd_article/hd_article.json,doctype-json,Hd Article,"[""Label of the author (Link) field in DocType 'HD Article'""]",,,,,,,existente correcta,revisado inicial Helpdesk,sí,sí,,,crossapp: Author→Autor.,,,
helpdesk:8e3cba41773a5474,helpdesk,helpdesk,helpdesk,helpdesk;src,sí,Helpdesk,Auto update status,Auto update status,,,Estado de actualización automática,,Actualizar estado automáticamente,,Label of the auto_update_status (Check) field in DocType 'HD Settings',etiqueta de campo/elemento,,desk/src/components/Settings/General/components/TicketSettings.vue:80,desk/src/components/Settings/General/components/TicketSettings.vue:80 || helpdesk/helpdesk/doctype/hd_settings/hd_settings.json,desk/src/components/Settings/General/components/TicketSettings.vue:80 || helpdesk/helpdesk/doctype/hd_settings/hd_settings.json,client-js,HD Settings,"[""Label of the auto_update_status (Check) field in DocType 'HD Settings'""]",,,,,,,existente mejorable,revisado inicial Helpdesk,sí,sí,,,'Estado de actualización automática' invierte el sentido; es acción de auto-actualizar el estado. Status→estado.,,,
helpdesk:38bb59863eb2063e,helpdesk,helpdesk,helpdesk,helpdesk;src,sí,Helpdesk,Auto-close after (Days),Auto-close after (Days),,,Cierre automático después de (Days),,Cierre automático después de (días),,Label of the auto_close_after_days (Int) field in DocType 'HD Settings',etiqueta de campo/elemento,,desk/src/components/Settings/General/components/TicketSettings.vue:176,desk/src/components/Settings/General/components/TicketSettings.vue:176 || helpdesk/helpdesk/doctype/hd_settings/hd_settings.json,desk/src/components/Settings/General/components/TicketSettings.vue:176 || helpdesk/helpdesk/doctype/hd_settings/hd_settings.json,client-js,HD Settings,"[""Label of the auto_close_after_days (Int) field in DocType 'HD Settings'""]",,,,,,,existente mejorable,revisado inicial Helpdesk,sí,sí,,,'(Days)' quedó sin traducir en el upstream; corregido a '(días)'.,,,
helpdesk:df6bb12ba30d745d,helpdesk,helpdesk,src,src,,Src,Auto-close tickets that remain in a status for the specified number of days.,Auto-close tickets that remain in a status for the specified number of days.,,,Cerrar automáticamente los tickets que permanezcan en un estado durante el número especificado de días.,,Cerrar automáticamente los tickets que permanezcan en un estado durante el número especificado de días.,,,,,desk/src/components/Settings/General/components/TicketSettings.vue:148,desk/src/components/Settings/General/components/TicketSettings.vue:148,desk/src/components/Settings/General/components/TicketSettings.vue:148,client-js,,[],,,,,,,existente correcta,revisado inicial Helpdesk,sí,sí,,,,,,
helpdesk:597667392821a6f7,helpdesk,helpdesk,helpdesk,helpdesk,,Helpdesk,Auto-generated from the portal view — do not edit directly unless you know what you're doing! ,Auto-generated from the portal view — do not edit directly unless you know what you're doing! ,,,Generado automáticamente desde la vista del portal: ¡no lo edite directamente a menos que sepa lo que está haciendo! ,,Generado automáticamente desde la vista del portal: ¡no lo edite directamente a menos que sepa lo que está haciendo! ,,Description of the 'Condition' (Code) field in DocType 'HD Service Level Agreement',descripción,,helpdesk/helpdesk/doctype/hd_service_level_agreement/hd_service_level_agreement.json,helpdesk/helpdesk/doctype/hd_service_level_agreement/hd_service_level_agreement.json,helpdesk/helpdesk/doctype/hd_service_level_agreement/hd_service_level_agreement.json,doctype-json,Hd Service Level Agreement,"[""Description of the 'Condition' (Code) field in DocType 'HD Service Level Agreement'""]",,,,,,,existente correcta,revisado inicial Helpdesk,sí,sí,,,Conserva espacio final del origen.,,,
helpdesk:468c6201f40f8c0d,helpdesk,helpdesk,helpdesk,helpdesk,,Helpdesk,Auto-set customer from contact,Auto-set customer from contact,,,,,Asignar cliente automáticamente desde el contacto,,Label of the auto_set_customer_from_contact (Check) field in DocType 'HD Settings',etiqueta de campo/elemento,,helpdesk/helpdesk/doctype/hd_settings/hd_settings.json,helpdesk/helpdesk/doctype/hd_settings/hd_settings.json,,doctype-json,Hd Settings,"[""Label of the auto_set_customer_from_contact (Check) field in DocType 'HD Settings'""]",,,,,,,traducción propuesta,revisado inicial Helpdesk,sí,sí,,,"Auto-set customer from contact; Customer=Cliente, Contact=Contacto.",,,"POT-only: en el universo fresco, sin traducir"
helpdesk:2f60724bfd034076,helpdesk,helpdesk,helpdesk,helpdesk,,Helpdesk,Automatically Close Tickets when,Automatically Close Tickets when,,,Cerrar Tickets automáticamente cuando,,Cerrar Tickets automáticamente cuando,,Label of the auto_close_tickets (Check) field in DocType 'HD Settings',etiqueta de campo/elemento,,helpdesk/helpdesk/doctype/hd_settings/hd_settings.json,helpdesk/helpdesk/doctype/hd_settings/hd_settings.json,helpdesk/helpdesk/doctype/hd_settings/hd_settings.json,doctype-json,Hd Settings,"[""Label of the auto_close_tickets (Check) field in DocType 'HD Settings'""]",,,,,,,existente correcta,revisado inicial Helpdesk,sí,sí,,,Ticket protegido en inglés; correcta.,,,
helpdesk:77a64c8ec22428a3,helpdesk,helpdesk,src,src,,Src,Automatically close stale tickets,Automatically close stale tickets,,,Cerrar automáticamente los tickets inactivos,,Cerrar automáticamente los tickets inactivos,,,,,desk/src/components/Settings/General/components/TicketSettings.vue:145,desk/src/components/Settings/General/components/TicketSettings.vue:145,desk/src/components/Settings/General/components/TicketSettings.vue:145,client-js,,[],,,,,,,existente correcta,revisado inicial Helpdesk,sí,sí,,,'stale'->inactivos natural MX.,,,
helpdesk:db219dab75ca0179,helpdesk,helpdesk,helpdesk,helpdesk,,Helpdesk,Automatically set the customer on a ticket based on the contact's linked customer(s),Automatically set the customer on a ticket based on the contact's linked customer(s),,,,,Establecer automáticamente el cliente de un ticket con base en el cliente o clientes vinculados al contacto,,Description of the 'Auto-set customer from contact' (Check) field in DocType 'HD Settings',descripción,,helpdesk/helpdesk/doctype/hd_settings/hd_settings.json,helpdesk/helpdesk/doctype/hd_settings/hd_settings.json,,doctype-json,Hd Settings,"[""Description of the 'Auto-set customer from contact' (Check) field in DocType 'HD Settings'""]",,,,,,,traducción propuesta,revisado inicial Helpdesk,sí,sí,,,"Customer=cliente, Contact=contacto, ticket protegido minúscula en oración.",,,"POT-only: en el universo fresco, sin traducir"
helpdesk:3d7ad5ab24b5829f,helpdesk,helpdesk,helpdesk,helpdesk,,Helpdesk,Automation,Automation,,,Automatización,,Automatización,,Label of a Card Break in the Helpdesk Workspace,etiqueta de campo/elemento,,helpdesk/helpdesk/workspace/helpdesk/helpdesk.json,helpdesk/helpdesk/workspace/helpdesk/helpdesk.json,helpdesk/helpdesk/workspace/helpdesk/helpdesk.json,workspace,Helpdesk (Workspace),"[""Label of a Card Break in the Helpdesk Workspace""]",,,,,,,existente correcta,revisado inicial Helpdesk,sí,sí,,,crossapp 'Automation'='Automatización'.,,,
helpdesk:24d32ba681cf3fa6,helpdesk,helpdesk,helpdesk,helpdesk;src,sí,Helpdesk,Availability,Availability,,,,,Disponibilidad,,Label of the availability (Link) field in DocType 'HD Agent',etiqueta de campo/elemento,,desk/src/components/Settings/Profile/Profile.vue:88,desk/src/components/Settings/Profile/Profile.vue:88 || helpdesk/helpdesk/doctype/hd_agent/hd_agent.json,desk/src/components/Settings/Profile/Profile.vue:111 || helpdesk/helpdesk/doctype/hd_agent/hd_agent.json,client-js,HD Agent,"[""Label of the availability (Link) field in DocType 'HD Agent'""]",,,,,,,traducción propuesta,revisado inicial Helpdesk,sí,sí,,,Vacío en upstream. Etiqueta de campo Availability.,,,
helpdesk:19e362de7bfb7df0,helpdesk,helpdesk,helpdesk,helpdesk,,Helpdesk,Availability Changed On,Availability Changed On,,,,,Disponibilidad Cambiada El,,Label of the availability_changed_on (Datetime) field in DocType 'HD Agent',etiqueta de campo/elemento,,helpdesk/helpdesk/doctype/hd_agent/hd_agent.json,helpdesk/helpdesk/doctype/hd_agent/hd_agent.json,helpdesk/helpdesk/doctype/hd_agent/hd_agent.json,doctype-json,Hd Agent,"[""Label of the availability_changed_on (Datetime) field in DocType 'HD Agent'""]",,,,,,,traducción propuesta,revisado inicial Helpdesk,sí,sí,,,Etiqueta datetime: cuándo cambió la disponibilidad del agente.,,,
helpdesk:18d4efb74d873ad8,helpdesk,helpdesk,src,src,,Src,Average First Response,Average First Response,,,,,Primera respuesta promedio,,,,,desk/src/pages/home/components/ChartItem.vue:6,desk/src/pages/home/components/ChartItem.vue:6,desk/src/pages/home/components/ChartItem.vue:6,client-js,,[],,,,,,,traducción propuesta,revisado inicial Helpdesk,sí,sí,,,Título de gráfica.,,,
helpdesk:163b0cde742ae2ac,helpdesk,helpdesk,src,src,,Src,Average First Response Time,Average First Response Time,,,,,Tiempo promedio de primera respuesta,,,,,desk/src/pages/home/Home.vue:317,desk/src/pages/home/Home.vue:317,desk/src/pages/home/Home.vue:317,client-js,,[],,,,,,,traducción propuesta,revisado inicial Helpdesk,sí,sí,,,First Response Time->Tiempo de Primera Respuesta; aquí en oración.,,,
helpdesk:8813227ecd9822ea,helpdesk,helpdesk,src,src,,Src,Average Resolution,Average Resolution,,,,,Resolución promedio,,,,,desk/src/pages/home/components/ChartItem.vue:16,desk/src/pages/home/components/ChartItem.vue:16,desk/src/pages/home/components/ChartItem.vue:16,client-js,,[],,,,,,,traducción propuesta,revisado inicial Helpdesk,sí,sí,,,Resolution->Resolución.,,,
helpdesk:ab813232c1a82ab3,helpdesk,helpdesk,src,src,,Src,Average Resolution Time,Average Resolution Time,,,,,Tiempo promedio de resolución,,,,,desk/src/pages/home/Home.vue:329,desk/src/pages/home/Home.vue:329,desk/src/pages/home/Home.vue:329,client-js,,[],,,,,,,traducción propuesta,revisado inicial Helpdesk,sí,sí,,,Resolution->Resolución.,,,
helpdesk:87c54a263282ea29,helpdesk,helpdesk,helpdesk,helpdesk,,Helpdesk,Average Response Time,Average Response Time,,,Tiempo promedio de respuesta,,Tiempo promedio de respuesta,,Label of the avg_response_time (Duration) field in DocType 'HD Ticket',etiqueta de campo/elemento,,helpdesk/helpdesk/doctype/hd_ticket/hd_ticket.json,helpdesk/helpdesk/doctype/hd_ticket/hd_ticket.json,helpdesk/helpdesk/doctype/hd_ticket/hd_ticket.json,doctype-json,Hd Ticket,"[""Label of the avg_response_time (Duration) field in DocType 'HD Ticket'""]",,,,,,,existente correcta,revisado inicial Helpdesk,sí,sí,,,Cross-app aprobado.,,,
helpdesk:7c46bc795c5eb344,helpdesk,helpdesk,src,src,,Src,Average Time Metrics,Average Time Metrics,,,,,Métricas de tiempo promedio,,,,,desk/src/pages/home/Home.vue:305,desk/src/pages/home/Home.vue:305 || desk/src/pages/home/components/AvgTimeMetrics.vue:5,desk/src/pages/home/Home.vue:305 || desk/src/pages/home/components/AvgTimeMetrics.vue:5,client-js,,[],,,,,,,traducción propuesta,revisado inicial Helpdesk,sí,sí,,,,,,
helpdesk:b3088c4f602ccc64,helpdesk,helpdesk,api,api,,Api,Average feedback rating per day is around {0} stars,Average feedback rating per day is around {0} stars,,,La calificación promedio de retroalimentación por día es aproximadamente {0} estrellas,,La calificación promedio de comentarios por día es de alrededor de {0} estrellas,,,,,helpdesk/api/dashboard.py:374,helpdesk/api/dashboard.py:374,helpdesk/api/dashboard.py:364,python,,[],{0},{0},{0},ok,,,existente mejorable,revisado inicial Helpdesk,sí,sí,,,Feedback->Comentarios; naturalizado MX.,,,
helpdesk:64d6ecd414da8b6a,helpdesk,helpdesk,src,src,,Src,Average response and resolution metrics not available,Average response and resolution metrics not available,,,,,Métricas promedio de respuesta y resolución no disponibles,,,,,desk/src/pages/home/components/AvgTimeMetrics.vue:107,desk/src/pages/home/components/AvgTimeMetrics.vue:107,desk/src/pages/home/components/AvgTimeMetrics.vue:107,client-js,,[],,,,,,,traducción propuesta,revisado inicial Helpdesk,sí,sí,,,"Response->Respuesta, Resolution->Resolución.",,,
helpdesk:43d2dca22c81eada,helpdesk,helpdesk,api,api,,Api,Average tickets per day is around {0},Average tickets per day is around {0},,,El promedio de tickets por día es aproximadamente {0},,El promedio de tickets por día es aproximadamente {0},,,,,helpdesk/api/dashboard.py:293,helpdesk/api/dashboard.py:293,helpdesk/api/dashboard.py:286,python,,[],{0},{0},{0},ok,,,existente correcta,revisado inicial Helpdesk,sí,sí,,,,,,
helpdesk:24353be743153354,helpdesk,helpdesk,api,api,,Api,Avg. Feedback Rating,Avg. Feedback Rating,,,Calificación promedio de retroalimentación,,Calificación promedio de comentarios,,,,,helpdesk/api/dashboard.py:238,helpdesk/api/dashboard.py:238,helpdesk/api/dashboard.py:231,python,,[],,,,,,,existente mejorable,revisado inicial Helpdesk,sí,sí,,,Feedback->Comentarios.,,,
helpdesk:20aeca41674d6c44,helpdesk,helpdesk,src,src,,Src,Avg. Feedback Received,Avg. Feedback Received,,,,,Comentarios prom. recibidos,,,,,desk/src/components/customer/TicketStats.vue:13,desk/src/components/customer/TicketStats.vue:13,,client-js,,[],,,,,,,traducción propuesta,revisado inicial Helpdesk,sí,sí,,,Avg.->prom.; Feedback->Comentarios.,,,"POT-only: en el universo fresco, sin traducir"
helpdesk:4ce77ad5ef5a7b55,helpdesk,helpdesk,api,api,,Api,Avg. First Response,Avg. First Response,,,Prom. primera respuesta,,Prom. primera respuesta,,,,,helpdesk/api/dashboard.py:197,helpdesk/api/dashboard.py:197,helpdesk/api/dashboard.py:196,python,,[],,,,,,,existente correcta,revisado inicial Helpdesk,sí,sí,,,,,,
helpdesk:43705e28b5c7dba7,helpdesk,helpdesk,src,src,,Src,Avg. First Response Time,Avg. First Response Time,,,,,Tiempo prom. de primera respuesta,,,,,desk/src/components/customer/TicketStats.vue:49,desk/src/components/customer/TicketStats.vue:49,,client-js,,[],,,,,,,traducción propuesta,revisado inicial Helpdesk,sí,sí,,,Avg.->prom.; First Response Time cross-app.,,,"POT-only: en el universo fresco, sin traducir"
helpdesk:358f0c41e0985dff,helpdesk,helpdesk,api,api,,Api,Avg. Resolution,Avg. Resolution,,,Tiempo promedio de resolución,,Tiempo promedio de resolución,,,,,helpdesk/api/dashboard.py:216,helpdesk/api/dashboard.py:216,helpdesk/api/dashboard.py:215,python,,[],,,,,,,existente correcta,revisado inicial Helpdesk,sí,sí,,,,,,
helpdesk:8017db238c2175f0,helpdesk,helpdesk,src,src,,Src,Avg. Resolution Time,Avg. Resolution Time,,,,,Tiempo prom. de resolución,,,,,desk/src/components/customer/TicketStats.vue:62,desk/src/components/customer/TicketStats.vue:62,,client-js,,[],,,,,,,traducción propuesta,revisado inicial Helpdesk,sí,sí,,,Avg.->prom.,,,"POT-only: en el universo fresco, sin traducir"
helpdesk:b9e7d50090c1830b,helpdesk,helpdesk,api,api,,Api,Avg. feedback rating for tickets resolved in this period,Avg. feedback rating for tickets resolved in this period,,,,,Calificación promedio de comentarios de los tickets resueltos en este periodo,,,,,helpdesk/api/dashboard.py:243,helpdesk/api/dashboard.py:243,,python,,[],,,,,,,traducción propuesta,revisado inicial Helpdesk,sí,sí,,,Feedback->Comentarios.,,,"POT-only: en el universo fresco, sin traducir"
helpdesk:fad3546ccf47d187,helpdesk,helpdesk,src,src,,Src,Avg. first response time,Avg. first response time,,,,,Tiempo prom. de primera respuesta,,,,,desk/src/pages/home/components/AvgTimeMetrics.vue:121,desk/src/pages/home/components/AvgTimeMetrics.vue:121 || desk/src/pages/home/components/AvgTimeMetrics.vue:290,desk/src/pages/home/components/AvgTimeMetrics.vue:121 || desk/src/pages/home/components/AvgTimeMetrics.vue:290,client-js,,[],,,,,,,traducción propuesta,revisado inicial Helpdesk,sí,sí,,,Abreviación 'prom.' refleja 'Avg.'.,,,
helpdesk:775b71b8724475b6,helpdesk,helpdesk,src,src,,Src,Avg. resolution time,Avg. resolution time,,,,,Tiempo prom. de resolución,,,,,desk/src/pages/home/components/AvgTimeMetrics.vue:130,desk/src/pages/home/components/AvgTimeMetrics.vue:130 || desk/src/pages/home/components/AvgTimeMetrics.vue:298,desk/src/pages/home/components/AvgTimeMetrics.vue:130 || desk/src/pages/home/components/AvgTimeMetrics.vue:298,client-js,,[],,,,,,,traducción propuesta,revisado inicial Helpdesk,sí,sí,,,,,,
helpdesk:3126871ebfb81287,helpdesk,helpdesk,api,api,,Api,Avg. time taken to first respond to a ticket,Avg. time taken to first respond to a ticket,,,Tiempo promedio hasta la primera respuesta a un ticket,,Tiempo promedio hasta la primera respuesta a un ticket,,,,,helpdesk/api/dashboard.py:203,helpdesk/api/dashboard.py:203,helpdesk/api/dashboard.py:202,python,,[],,,,,,,existente correcta,revisado inicial Helpdesk,sí,sí,,,,,,
helpdesk:f64eff050dceafa7,helpdesk,helpdesk,api,api,,Api,Avg. time taken to resolve a ticket,Avg. time taken to resolve a ticket,,,Tiempo promedio para resolver un ticket,,Tiempo promedio para resolver un ticket,,,,,helpdesk/api/dashboard.py:222,helpdesk/api/dashboard.py:222,helpdesk/api/dashboard.py:221,python,,[],,,,,,,existente correcta,revisado inicial Helpdesk,sí,sí,,,,,,
helpdesk:f3a737d520089651,helpdesk,helpdesk,helpdesk,helpdesk,,Helpdesk,Away,Away,,,,,Ausente,,Option for the 'Category' (Select) field in DocType 'HD Agent Status',opción de campo select,,helpdesk/helpdesk/doctype/hd_agent_status/hd_agent_status.json,helpdesk/helpdesk/doctype/hd_agent_status/hd_agent_status.json,helpdesk/helpdesk/doctype/hd_agent_status/hd_agent_status.json,doctype-json,Hd Agent Status,"[""Option for the 'Category' (Select) field in DocType 'HD Agent Status'""]",,,,,,,traducción propuesta,revisado inicial Helpdesk,sí,sí,,,Estado de agente Away→Ausente.,,,
helpdesk:ac92cb5cbc518b9e,helpdesk,helpdesk,src,src,,Src,Back,Back,,,Atrás,,Atrás,,,,,desk/src/components/Settings/EmailAdd.vue:146,desk/src/components/Settings/EmailAdd.vue:146 || desk/src/components/Settings/EmailEdit.vue:136,desk/src/components/Settings/EmailAdd.vue:145 || desk/src/components/Settings/EmailEdit.vue:134,client-js,,[],,,,,,,existente correcta,revisado inicial Helpdesk,sí,sí,,,crossapp: Back→Atrás.,,,
helpdesk:d1583b10d38ba40d,helpdesk,helpdesk,src,src,,Src,Back to Tickets,Back to Tickets,,,,,Volver a Tickets,,,,,desk/src/pages/InvalidPage.vue:25,desk/src/pages/InvalidPage.vue:25 || desk/src/pages/ticket/TicketAgent.vue:44,desk/src/pages/InvalidPage.vue:25 || desk/src/pages/ticket/TicketAgent.vue:44,client-js,,[],,,,,,,traducción propuesta,revisado inicial Helpdesk,sí,sí,,,Back to Tickets; Ticket protegido.,,,
helpdesk:c61e4a91501ee70e,helpdesk,helpdesk,helpdesk,helpdesk,,Helpdesk,Base Support Rotation,Base Support Rotation,,,Rotación del soporte de base,,Rotación de soporte base,,Label of the base_support_rotation (Link) field in DocType 'HD Settings',etiqueta de campo/elemento,,helpdesk/helpdesk/doctype/hd_settings/hd_settings.json,helpdesk/helpdesk/doctype/hd_settings/hd_settings.json,helpdesk/helpdesk/doctype/hd_settings/hd_settings.json,doctype-json,Hd Settings,"[""Label of the base_support_rotation (Link) field in DocType 'HD Settings'""]",,,,,,,existente mejorable,revisado inicial Helpdesk,sí,sí,,,'Rotación del soporte de base' literal; 'Rotación de soporte base' más natural.,,,
helpdesk:81e6473bf4450f70,helpdesk,helpdesk,helpdesk,helpdesk,,Helpdesk,Based On,Based On,,,Basado en,,Basado en,,,,,helpdesk/helpdesk/report/ticket_analytics/ticket_analytics.js:9,helpdesk/helpdesk/report/ticket_analytics/ticket_analytics.js:9 || helpdesk/helpdesk/report/ticket_summary/ticket_summary.js:9,helpdesk/helpdesk/report/ticket_analytics/ticket_analytics.js:9 || helpdesk/helpdesk/report/ticket_summary/ticket_summary.js:9,report,,[],,,,,,,existente correcta,revisado inicial Helpdesk,sí,sí,,,Cross-app aprobado.,,,
helpdesk:850949a0059a6398,helpdesk,helpdesk,helpdesk,helpdesk,,Helpdesk,"Based on your HR Policy, select your leave allocation period's end date","Based on your HR Policy, select your leave allocation period's end date",,,"Basándose en su política de RRHH, seleccione la fecha de finalización del período de asignación de vacaciones",,"Basándose en su política de RRHH, seleccione la fecha de finalización del período de asignación de vacaciones",,,,,helpdesk/helpdesk/doctype/hd_service_holiday_list/hd_service_holiday_list.js:34,helpdesk/helpdesk/doctype/hd_service_holiday_list/hd_service_holiday_list.js:34,helpdesk/helpdesk/doctype/hd_service_holiday_list/hd_service_holiday_list.js:34,doctype-controller,Hd Service Holiday List,[],,,,,,,existente correcta,revisado inicial Helpdesk,sí,sí,,,Cross-app aprobado exacto.,,,
helpdesk:0b68f57c8862bed1,helpdesk,helpdesk,helpdesk,helpdesk,,Helpdesk,"Based on your HR Policy, select your leave allocation period's start date","Based on your HR Policy, select your leave allocation period's start date",,,"Basándose en su política de RRHH, seleccione la fecha de inicio de su período de asignación de vacaciones",,"Basándose en su política de RRHH, seleccione la fecha de inicio de su período de asignación de vacaciones",,,,,helpdesk/helpdesk/doctype/hd_service_holiday_list/hd_service_holiday_list.js:27,helpdesk/helpdesk/doctype/hd_service_holiday_list/hd_service_holiday_list.js:27,helpdesk/helpdesk/doctype/hd_service_holiday_list/hd_service_holiday_list.js:27,doctype-controller,Hd Service Holiday List,[],,,,,,,existente correcta,revisado inicial Helpdesk,sí,sí,,,Cross-app aprobado exacto.,,,
helpdesk:d51f3d6697b49d14,helpdesk,helpdesk,src,src,,Src,Bcc,Bcc,,,,,Bcc,,,,,desk/src/components/EmailEditor.vue:51,desk/src/components/EmailEditor.vue:51,desk/src/components/EmailEditor.vue:53,client-js,,[],,,,,,,igual al inglés válida,revisado inicial Helpdesk,sí,sí,,,Sigla estándar de correo; se conserva.,,,
helpdesk:a09065308d3b09d6,helpdesk,helpdesk,src,src,,Src,Bcc:,Bcc:,,,,,Bcc:,,,,,desk/src/components/EmailEditor.vue:85,desk/src/components/EmailEditor.vue:85,desk/src/components/EmailEditor.vue:83,client-js,,[],,,,,,,igual al inglés válida,revisado inicial Helpdesk,sí,sí,,,Sigla estándar de correo.,,,
helpdesk:f896b7f648f67560,helpdesk,helpdesk,src,src,,Src,Bio,Bio,,,,,Biografía,,,,,desk/src/components/Settings/SavedReplies/savedReplies.ts:90,desk/src/components/Settings/SavedReplies/savedReplies.ts:90,,client-js,,[],,,,,,,traducción propuesta,revisado inicial Helpdesk,sí,sí,,,Cross-app: Bio->Biografía.,,,"POT-only: en el universo fresco, sin traducir"
helpdesk:7b6f157b185224c5,helpdesk,helpdesk,helpdesk,helpdesk,,Helpdesk,Black,Black,,,Negro,,Negro,,Option for the 'Color' (Select) field in DocType 'HD Ticket Status',opción de campo select,,helpdesk/helpdesk/doctype/hd_ticket_status/hd_ticket_status.json,helpdesk/helpdesk/doctype/hd_ticket_status/hd_ticket_status.json,helpdesk/helpdesk/doctype/hd_ticket_status/hd_ticket_status.json,doctype-json,Hd Ticket Status,"[""Option for the 'Color' (Select) field in DocType 'HD Ticket Status'""]",,,,,,,existente correcta,revisado inicial Helpdesk,sí,sí,,,Cross-app aprobado.,,,
helpdesk:79ec6a35368e10f7,helpdesk,helpdesk,helpdesk,helpdesk,,Helpdesk,Blue,Blue,,,Azul,,Azul,,Option for the 'Color' (Select) field in DocType 'HD Agent Status',opción de campo select,,helpdesk/helpdesk/doctype/hd_agent_status/hd_agent_status.json,helpdesk/helpdesk/doctype/hd_agent_status/hd_agent_status.json || helpdesk/helpdesk/doctype/hd_ticket_status/hd_ticket_status.json,helpdesk/helpdesk/doctype/hd_agent_status/hd_agent_status.json || helpdesk/helpdesk/doctype/hd_ticket_status/hd_ticket_status.json,doctype-json,Hd Agent Status,"[""Option for the 'Color' (Select) field in DocType 'HD Agent Status'"", ""Option for the 'Color' (Select) field in DocType 'HD Ticket Status'""]",,,,,,,existente correcta,revisado inicial Helpdesk,sí,sí,,,Blue→Azul (crossapp).,,,
helpdesk:851c7b5c9a8e2769,helpdesk,helpdesk,src,src,,Src,Brand name,Brand name,,,Nombre de la marca,,Nombre de la marca,,,,,desk/src/components/Settings/General/components/Branding.vue:10,desk/src/components/Settings/General/components/Branding.vue:10,desk/src/components/Settings/General/components/Branding.vue:10,client-js,,[],,,,,,,existente correcta,revisado inicial Helpdesk,sí,sí,,,Brand name.,,,
helpdesk:03f6c4ccddc79383,helpdesk,helpdesk,helpdesk,helpdesk;src,sí,Helpdesk,Branding,Branding,,,Personalización de marca,,Personalización de marca,,Label of the branding_tab (Tab Break) field in DocType 'HD Settings',etiqueta de campo/elemento,,desk/src/components/Settings/General/components/Branding.vue:4,desk/src/components/Settings/General/components/Branding.vue:4 || helpdesk/helpdesk/doctype/hd_settings/hd_settings.json,desk/src/components/Settings/General/components/Branding.vue:4 || helpdesk/helpdesk/doctype/hd_settings/hd_settings.json,client-js,HD Settings,"[""Label of the branding_tab (Tab Break) field in DocType 'HD Settings'""]",,,,,,,existente correcta,revisado inicial Helpdesk,sí,sí,,,Branding; natural para MX.,,,
helpdesk:3f97ba0895214818,helpdesk,helpdesk,src,src,,Src,Bulk Operation Failed,Bulk Operation Failed,,,Operación masiva fallida,,Operación masiva fallida,,,,,desk/src/components/ListViewBuilder.vue:270,desk/src/components/ListViewBuilder.vue:270,desk/src/components/ListViewBuilder.vue:270,client-js,,[],,,,,,,existente correcta,revisado inicial Helpdesk,sí,sí,,,crossapp.,,,
helpdesk:1697127693a934b3,helpdesk,helpdesk,src,src,,Src,Bulk Operation Successful,Bulk Operation Successful,,,Operación masiva exitosa,,Operación masiva exitosa,,,,,desk/src/components/ListViewBuilder.vue:273,desk/src/components/ListViewBuilder.vue:273,desk/src/components/ListViewBuilder.vue:273,client-js,,[],,,,,,,existente correcta,revisado inicial Helpdesk,sí,sí,,,crossapp.,,,
helpdesk:37d9b43e613cba8d,helpdesk,helpdesk,src,src,,Src,Bulk Reply,Bulk Reply,,,,,Respuesta masiva,,,,,desk/src/components/ticket-agent/BulkReplyModal.vue:5,desk/src/components/ticket-agent/BulkReplyModal.vue:5 || desk/src/pages/ticket/Tickets.vue:115,desk/src/components/ticket-agent/BulkReplyModal.vue:2 || desk/src/pages/ticket/Tickets.vue:122,client-js,,[],,,,,,,traducción propuesta,revisado inicial Helpdesk,sí,sí,,,Bulk Reply.,,,
helpdesk:812e60178f923e17,helpdesk,helpdesk,src,src,,Src,Bulk reply sent successfully to 1 ticket.,Bulk reply sent successfully to 1 ticket.,,,,,Respuesta masiva enviada correctamente a 1 ticket.,,,,,desk/src/components/ticket-agent/BulkReplyModal.vue:111,desk/src/components/ticket-agent/BulkReplyModal.vue:111,desk/src/components/ticket-agent/BulkReplyModal.vue:105,client-js,,[],,,,,,,traducción propuesta,revisado inicial Helpdesk,sí,sí,,,,,,
helpdesk:0afc41a88122dd48,helpdesk,helpdesk,src,src,,Src,Bulk reply sent successfully to {0} tickets.,Bulk reply sent successfully to {0} tickets.,,,,,Respuesta masiva enviada correctamente a {0} tickets.,,,,,desk/src/components/ticket-agent/BulkReplyModal.vue:112,desk/src/components/ticket-agent/BulkReplyModal.vue:112 || desk/src/components/ticket-agent/BulkReplyModal.vue:114,desk/src/components/ticket-agent/BulkReplyModal.vue:106,client-js,,[],{0},,{0},ok,,,traducción propuesta,revisado inicial Helpdesk,sí,sí,,,{0} preservado.,,,
helpdesk:57450512b5f48478,helpdesk,helpdesk,src,src,,Src,Business Holidays,Business Holidays,,,Días festivos de la empresa,,Días festivos de la empresa,,,,,desk/src/components/Settings/Holiday/Holidays.vue:3,desk/src/components/Settings/Holiday/Holidays.vue:3 || desk/src/components/Settings/settingsModal.ts:114,desk/src/components/Settings/Holiday/Holidays.vue:3,client-js,,[],,,,,,,existente correcta,revisado inicial Helpdesk,sí,sí,,,Business Holidays.,,,
helpdesk:232e6d6f81f7cbfe,helpdesk,helpdesk,src,src,,Src,Busy,Busy,,,Ocupado,,Ocupado,,,,,desk/src/pages/call-logs/CallLogModal.vue:210,desk/src/pages/call-logs/CallLogModal.vue:210,desk/src/pages/call-logs/CallLogModal.vue:210,client-js,,[],,,,,,,existente correcta,revisado inicial Helpdesk,sí,sí,,,Crossapp: Busy=Ocupado (estado de llamada).,,,
helpdesk:94d40adb52fe338a,helpdesk,helpdesk,src,src,,Src,CSV,CSV,,,CSV,,CSV,,,,,desk/src/components/ticket/ExportModal.vue:15,desk/src/components/ticket/ExportModal.vue:15,desk/src/components/ticket/ExportModal.vue:15,client-js,,[],,,,,,,igual al inglés válida,revisado inicial Helpdesk,sí,sí,,,Sigla/formato.,,,
helpdesk:7edb3d7d7bdff28b,helpdesk,helpdesk,src,src,,Src,Call Details,Call Details,,,Detalles de la llamada,,Detalles de la llamada,,,,,desk/src/pages/call-logs/CallLogDetailModal.vue:8,desk/src/pages/call-logs/CallLogDetailModal.vue:8,desk/src/pages/call-logs/CallLogDetailModal.vue:8,client-js,,[],,,,,,,existente correcta,revisado inicial Helpdesk,sí,sí,,,Crossapp: Call Details=Detalles de la llamada.,,,
helpdesk:95d7b2bd2210c963,helpdesk,helpdesk,src,src,,Src,Call Logs,Call Logs,,,Registros de llamadas,,Registros de llamadas,,,,,desk/src/components/layouts/AppSidebar.vue:199,desk/src/components/layouts/AppSidebar.vue:199 || desk/src/components/layouts/layoutSettings.ts:42,desk/src/components/layouts/Sidebar.vue:288,client-js,,[],,,,,,,existente correcta,revisado inicial Helpdesk,sí,sí,,,,,,
helpdesk:1611a4661bfcc882,helpdesk,helpdesk,src,src,,Src,Call Received By,Call Received By,,,Llamada recibida por,,Llamada recibida por,,,,,desk/src/pages/call-logs/CallLogModal.vue:81,desk/src/pages/call-logs/CallLogModal.vue:81,desk/src/pages/call-logs/CallLogModal.vue:81,client-js,,[],,,,,,,existente correcta,revisado inicial Helpdesk,sí,sí,,,Crossapp: Call Received By=Llamada recibida por.,,,
helpdesk:1e8207b3d36ca6a0,helpdesk,helpdesk,src,src,,Src,Call duration in seconds,Call duration in seconds,,,,,Duración de la llamada en segundos,,,,,desk/src/pages/call-logs/CallLogModal.vue:69,desk/src/pages/call-logs/CallLogModal.vue:69,desk/src/pages/call-logs/CallLogModal.vue:69,client-js,,[],,,,,,,traducción propuesta,revisado inicial Helpdesk,sí,sí,,,Call duration in seconds.,,,
helpdesk:05d7d13601454ec9,helpdesk,helpdesk,src,src,,Src,Caller,Caller,,,Emisor de la llamada,,Autor de la llamada,,,,,desk/src/pages/call-logs/CallLogModal.vue:93,desk/src/pages/call-logs/CallLogModal.vue:93,desk/src/pages/call-logs/CallLogModal.vue:93,client-js,,[],,,,,,,existente mejorable,revisado inicial Helpdesk,sí,sí,,,'Emisor de la llamada' aceptable pero 'Autor de la llamada' (quien realiza la llamada) más natural MX para 'Caller'.,,,
helpdesk:07da23d2eddeb06e,helpdesk,helpdesk,src,src,,Src,Calls,Calls,,,Llamadas,,Llamadas,,,,,desk/src/pages/ticket/MobileTicketAgent.vue:468,desk/src/pages/ticket/MobileTicketAgent.vue:468,desk/src/pages/ticket/MobileTicketAgent.vue:466,client-js,,[],,,,,,,existente correcta,revisado inicial Helpdesk,sí,sí,,,Cross-app aprobado.,,,
helpdesk:8d0c1e9987e2d1e6,helpdesk,helpdesk,src,src,,Src,"Can invite new agents, manage tickets, create custom views and manage public views.","Can invite new agents, manage tickets, create custom views and manage public views.",,,"Puede invitar nuevos agentes, gestionar tickets, crear vistas personalizadas y gestionar vistas públicas.",,"Puede invitar nuevos agentes, gestionar tickets, crear vistas personalizadas y gestionar vistas públicas.",,,,,desk/src/components/Settings/InviteAgents.vue:164,desk/src/components/Settings/InviteAgents.vue:164,desk/src/components/Settings/InviteAgents.vue:162,client-js,,[],,,,,,,existente correcta,revisado inicial Helpdesk,sí,sí,,,Correcta; 'gestionar' uso moderado aceptable.,,,
helpdesk:412a32225ad3c8fe,helpdesk,helpdesk,src,src,,Src,Can manage all aspects of Helpdesk.,Can manage all aspects of Helpdesk.,,,Puede gestionar todos los aspectos del Helpdesk.,,Puede gestionar todos los aspectos del Helpdesk.,,,,,desk/src/components/Settings/InviteAgents.vue:172,desk/src/components/Settings/InviteAgents.vue:172,desk/src/components/Settings/InviteAgents.vue:170,client-js,,[],,,,,,,existente correcta,revisado inicial Helpdesk,sí,sí,,,Helpdesk como nombre de producto; correcta.,,,
helpdesk:a521ce6b2ab50be7,helpdesk,helpdesk,src,src,,Src,Can raise tickets on behalf of the org and manage the tickets they raised.,Can raise tickets on behalf of the org and manage the tickets they raised.,,,,,Puede crear tickets en nombre de la organización y gestionar los tickets que creó.,,,,,desk/src/components/customer/InviteContactDialog.vue:134,desk/src/components/customer/InviteContactDialog.vue:134,,client-js,,[],,,,,,,traducción propuesta,revisado inicial Helpdesk,sí,sí,,,tickets protegido; 'raise'=crear.,,,"POT-only: en el universo fresco, sin traducir"
helpdesk:0ee032fd8ce19c91,helpdesk,helpdesk,src,src,,Src,Can view all tickets raised by the org and assign other members as managers.,Can view all tickets raised by the org and assign other members as managers.,,,,,Puede ver todos los tickets creados por la organización y asignar a otros miembros como administradores.,,,,,desk/src/components/customer/InviteContactDialog.vue:137,desk/src/components/customer/InviteContactDialog.vue:137,,client-js,,[],,,,,,,traducción propuesta,revisado inicial Helpdesk,sí,sí,,,tickets protegido; managers→administradores.,,,"POT-only: en el universo fresco, sin traducir"
helpdesk:6642619a3ad18087,helpdesk,helpdesk,src,src,,Src,Can view tickets raised by all contacts of the customer.,Can view tickets raised by all contacts of the customer.,,,,,Puede ver los tickets creados por todos los contactos del cliente.,,,,,desk/src/components/customer/ContactCard.vue:22,desk/src/components/customer/ContactCard.vue:22,,client-js,,[],,,,,,,traducción propuesta,revisado inicial Helpdesk,sí,sí,,,tickets protegido; Customer→cliente.,,,"POT-only: en el universo fresco, sin traducir"
helpdesk:40c7e4dea30f858f,helpdesk,helpdesk,src,src,,Src,"Can work on tickets, create custom views and manage private views.","Can work on tickets, create custom views and manage private views.",,,"Puede trabajar en tickets, crear vistas personalizadas y gestionar vistas privadas.",,"Puede trabajar en tickets, crear vistas personalizadas y gestionar vistas privadas.",,,,,desk/src/components/Settings/InviteAgents.vue:156,desk/src/components/Settings/InviteAgents.vue:156,desk/src/components/Settings/InviteAgents.vue:154,client-js,,[],,,,,,,existente correcta,revisado inicial Helpdesk,sí,sí,,,Correcta.,,,
helpdesk:27857be345be8099,helpdesk,helpdesk,src,src,,Src,Cancel,Cancel,,,Cancelar,,Cancelar,,,,,desk/src/components/ListViewBuilder.vue:714,desk/src/components/ListViewBuilder.vue:714 || desk/src/pages/home/Home.vue:44,desk/src/components/ListViewBuilder.vue:714 || desk/src/pages/home/Home.vue:44,client-js,,[],,,,,,,existente correcta,revisado inicial Helpdesk,sí,sí,,,crossapp Cancel->Cancelar.,,,
helpdesk:deacb5a8d63dcf20,helpdesk,helpdesk,src,src,,Src,Cancel Invitation,Cancel Invitation,,,Cancelar invitación,,Cancelar invitación,,,,,desk/src/components/Settings/InviteAgents.vue:63,desk/src/components/Settings/InviteAgents.vue:63,desk/src/components/Settings/InviteAgents.vue:63,client-js,,[],,,,,,,existente correcta,revisado inicial Helpdesk,sí,sí,,,Correcta.,,,
helpdesk:1a09373b8c158cfc,helpdesk,helpdesk,src,src,,Src,Canceled,Canceled,,,Cancelado,,Cancelado,,,,,desk/src/pages/call-logs/CallLogModal.vue:214,desk/src/pages/call-logs/CallLogModal.vue:214,desk/src/pages/call-logs/CallLogModal.vue:214,client-js,,[],,,,,,,existente correcta,revisado inicial Helpdesk,sí,sí,,,Canceled (estado de llamada); correcta.,,,
helpdesk:7d6babac2004fe1f,helpdesk,helpdesk,integrations,integrations,,Integrations,Cannot Sync Customers,Cannot Sync Customers,,,,,No se pueden sincronizar los clientes,,,,,helpdesk/integrations/erpnext/api.py:47,helpdesk/integrations/erpnext/api.py:47,helpdesk/integrations/erpnext/api.py:47,python,,[],,,,,,,traducción propuesta,revisado inicial Helpdesk,sí,sí,,,Customer->Cliente.,,,
helpdesk:2a58c211a0a2209b,helpdesk,helpdesk,helpdesk,helpdesk,,Helpdesk,Cannot delete the default SLA. At least one SLA must be marked as default.,Cannot delete the default SLA. At least one SLA must be marked as default.,,,No se puede eliminar el ANS predeterminado. Al menos un ANS debe estar marcado como predeterminado.,,No se puede eliminar el SLA predeterminado. Al menos un SLA debe estar marcado como predeterminado.,,,,,helpdesk/helpdesk/doctype/hd_service_level_agreement/hd_service_level_agreement.py:526,helpdesk/helpdesk/doctype/hd_service_level_agreement/hd_service_level_agreement.py:526,helpdesk/helpdesk/doctype/hd_service_level_agreement/hd_service_level_agreement.py:526,doctype-controller,Hd Service Level Agreement,[],,,,,,,existente mejorable,revisado inicial Helpdesk,sí,sí,,,Revertido ANS->SLA (x2).,,,
helpdesk:7cee80150fcc5fe4,helpdesk,helpdesk,helpdesk,helpdesk,,Helpdesk,Cannot disable this status as it is linked in HD Settings:<br><br>,Cannot disable this status as it is linked in HD Settings:<br><br>,,,No se puede desactivar este estado ya que está vinculado en la configuración de HD:<br><br>,,No se puede deshabilitar este estado ya que está vinculado en la configuración de HD:<br><br>,,,,,helpdesk/helpdesk/doctype/hd_ticket_status/hd_ticket_status.py:110,helpdesk/helpdesk/doctype/hd_ticket_status/hd_ticket_status.py:110,helpdesk/helpdesk/doctype/hd_ticket_status/hd_ticket_status.py:110,doctype-controller,Hd Ticket Status,[],,,,,,,existente mejorable,revisado inicial Helpdesk,sí,sí,,,Corregido 'desactivar'->'deshabilitar' por consistencia con las cadenas hermanas. <br><br> preservado.,,,
helpdesk:d0f46649a40538e2,helpdesk,helpdesk,helpdesk,helpdesk,,Helpdesk,Cannot disable this status as it is linked in the following SLAs:<br><br>,Cannot disable this status as it is linked in the following SLAs:<br><br>,,,"No se puede deshabilitar este estado, ya que está vinculado en los siguientes ANS:<br><br>",,"No se puede deshabilitar este estado, ya que está vinculado en los siguientes SLA:<br><br>",,,,,helpdesk/helpdesk/doctype/hd_ticket_status/hd_ticket_status.py:88,helpdesk/helpdesk/doctype/hd_ticket_status/hd_ticket_status.py:88,helpdesk/helpdesk/doctype/hd_ticket_status/hd_ticket_status.py:88,doctype-controller,Hd Ticket Status,[],,,,,,,existente mejorable,revisado inicial Helpdesk,sí,sí,,,Revertido ANS->SLA. <br><br> preservado.,,,
helpdesk:c40b534fcfe7252a,helpdesk,helpdesk,src,src,,Src,Cannot enable rule without adding users in it,Cannot enable rule without adding users in it,,,No se puede habilitar la regla sin añadir usuarios en ella,,No se puede habilitar la regla sin agregar usuarios en ella,,,,,desk/src/components/Settings/Assignment Rules/AssignmentRuleListItem.vue:198,desk/src/components/Settings/Assignment Rules/AssignmentRuleListItem.vue:198,desk/src/components/Settings/Assignment || Rules/AssignmentRuleListItem.vue:198,client-js,,[],,,,,,,existente mejorable,revisado inicial Helpdesk,sí,sí,,,'añadir'->'agregar' registro MX; sentido correcto.,,,
helpdesk:62abdb7269da6551,helpdesk,helpdesk,api,api,,Api,Cannot merge General category,Cannot merge General category,,,No se puede fusionar la categoría General,,No se puede fusionar la categoría General,,,,,helpdesk/api/knowledge_base.py:128,helpdesk/api/knowledge_base.py:128,helpdesk/api/knowledge_base.py:128,python,,[],,,,,,,existente correcta,revisado inicial Helpdesk,sí,sí,,,Merge→fusionar; natural.,,,
helpdesk:b206d0f44743b3a0,helpdesk,helpdesk,integrations,integrations,,Integrations,Cannot rename: an unrelated {0} '{1}' already exists on the other side. Resolve the conflict manually first.,Cannot rename: an unrelated {0} '{1}' already exists on the other side. Resolve the conflict manually first.,,,,,No se puede renombrar: ya existe un {0} '{1}' no relacionado del otro lado. Resuelva primero el conflicto manualmente.,,,,,helpdesk/integrations/erpnext/utils.py:103,helpdesk/integrations/erpnext/utils.py:103,helpdesk/integrations/erpnext/utils.py:100,python,,[],{0};{1},,{0};{1},ok,,,traducción propuesta,revisado inicial Helpdesk,sí,sí,,,,,,
helpdesk:97bfd48b34c432f1,helpdesk,helpdesk,helpdesk,helpdesk;src,sí,Helpdesk,Category,Category,,,Categoría,,Categoría,,Label of the category (Link) field in DocType 'HD Article',etiqueta de campo/elemento,,desk/src/pages/knowledge-base/KnowledgeBaseAgent.vue:101,desk/src/pages/knowledge-base/KnowledgeBaseAgent.vue:101 || helpdesk/helpdesk/doctype/hd_agent_status/hd_agent_status.json || helpdesk/helpdesk/doctype/hd_article/hd_article.json || helpdesk/helpdesk/doctype/hd_ticket_status/hd_ticket_status.json,desk/src/pages/knowledge-base/KnowledgeBaseAgent.vue:105 || helpdesk/helpdesk/doctype/hd_agent_status/hd_agent_status.json || helpdesk/helpdesk/doctype/hd_article/hd_article.json || helpdesk/helpdesk/doctype/hd_ticket_status/hd_ticket_status.json,client-js,HD Article,"[""Label of the category (Link) field in DocType 'HD Article'"", ""Label of the category (Select) field in DocType 'HD Agent Status'"", ""Label of the category (Select) field in DocType 'HD Ticket Status'""]",,,,,,,existente correcta,revisado inicial Helpdesk,sí,sí,,,Cross-app: Category->Categoría.,,,
helpdesk:438561be0e10a21d,helpdesk,helpdesk,src,src,,Src,Category '{0}' link copied to clipboard,Category '{0}' link copied to clipboard,,,Enlace de la categoría '{0}' copiado al portapapeles,,Enlace de la categoría '{0}' copiado al portapapeles,,,,,desk/src/pages/knowledge-base/KnowledgeBaseAgent.vue:171,desk/src/pages/knowledge-base/KnowledgeBaseAgent.vue:171,desk/src/pages/knowledge-base/KnowledgeBaseAgent.vue:175,client-js,,[],{0},{0},{0},ok,,,existente correcta,revisado inicial Helpdesk,sí,sí,,,Correcta. {0} preservado.,,,
helpdesk:fc44bcca302cbe3e,helpdesk,helpdesk,src,src,,Src,Category created successfully.,Category created successfully.,,,Categoría creada con éxito.,,Categoría creada con éxito.,,,,,desk/src/pages/knowledge-base/Article.vue:328,desk/src/pages/knowledge-base/Article.vue:328 || desk/src/pages/knowledge-base/KnowledgeBaseAgent.vue:262,desk/src/pages/knowledge-base/Article.vue:335 || desk/src/pages/knowledge-base/KnowledgeBaseAgent.vue:266,client-js,,[],,,,,,,existente correcta,revisado inicial Helpdesk,sí,sí,,,Correcta y natural.,,,
helpdesk:0c7edb012f82e72f,helpdesk,helpdesk,src,src,,Src,Category deleted successfully.,Category deleted successfully.,,,Categoría eliminada con éxito.,,Categoría eliminada correctamente.,,,,,desk/src/pages/knowledge-base/KnowledgeBaseAgent.vue:333,desk/src/pages/knowledge-base/KnowledgeBaseAgent.vue:333,desk/src/pages/knowledge-base/KnowledgeBaseAgent.vue:337,client-js,,[],,,,,,,existente mejorable,revisado inicial Helpdesk,sí,sí,,,'con éxito'->'correctamente' uniforme con las demás cadenas del bloque.,,,
helpdesk:6c0b63f2a9a384e5,helpdesk,helpdesk,src,src,,Src,Category is required,Category is required,,,,,La categoría es obligatoria,,,,,desk/src/components/ticket/TicketMergeModal.vue:188,desk/src/components/ticket/TicketMergeModal.vue:188,desk/src/components/ticket/TicketMergeModal.vue:188,client-js,,[],,,,,,,traducción propuesta,revisado inicial Helpdesk,sí,sí,,,Mensaje de validación MX.,,,
helpdesk:84811c533e0936d2,helpdesk,helpdesk,src,src,,Src,Category merged successfully.,Category merged successfully.,,,,,Categoría combinada correctamente.,,,,,desk/src/pages/knowledge-base/KnowledgeBaseAgent.vue:370,desk/src/pages/knowledge-base/KnowledgeBaseAgent.vue:370,desk/src/pages/knowledge-base/KnowledgeBaseAgent.vue:374,client-js,,[],,,,,,,traducción propuesta,revisado inicial Helpdesk,sí,sí,,,Vacío en upstream. Merge de categorías->combinada.,,,
helpdesk:73615386a42fc3d0,helpdesk,helpdesk,api,api;helpdesk,sí,Api,Category must have atleast one article,Category must have atleast one article,,,La categoría debe tener al menos un artículo,,La categoría debe tener al menos un artículo,,,,,helpdesk/api/knowledge_base.py:78,helpdesk/api/knowledge_base.py:78 || helpdesk/helpdesk/doctype/hd_article/hd_article.py:65,helpdesk/api/knowledge_base.py:78 || helpdesk/helpdesk/doctype/hd_article/hd_article.py:65,python,,[],,,,,,,existente correcta,revisado inicial Helpdesk,sí,sí,,,Corrige 'atleast'; Article→artículo.,,,
helpdesk:e728e71d08ee171b,helpdesk,helpdesk,src,src,,Src,Category updated successfully.,Category updated successfully.,,,Categoría actualizada con éxito.,,Categoría actualizada correctamente.,,,,,desk/src/pages/knowledge-base/KnowledgeBaseAgent.vue:301,desk/src/pages/knowledge-base/KnowledgeBaseAgent.vue:301,desk/src/pages/knowledge-base/KnowledgeBaseAgent.vue:305,client-js,,[],,,,,,,existente mejorable,revisado inicial Helpdesk,sí,sí,,,'con éxito'->'correctamente' uniforme.,,,
helpdesk:8001c8d866ef0b21,helpdesk,helpdesk,src,src,,Src,Cc,Cc,,,,,Cc,,,,,desk/src/components/EmailEditor.vue:41,desk/src/components/EmailEditor.vue:41,desk/src/components/EmailEditor.vue:43,client-js,,[],,,,,,,igual al inglés válida,revisado inicial Helpdesk,sí,sí,,,Sigla estándar de correo.,,,
helpdesk:9cd016139410bd65,helpdesk,helpdesk,src,src,,Src,Cc:,Cc:,,,,,Cc:,,,,,desk/src/components/EmailEditor.vue:67,desk/src/components/EmailEditor.vue:67,desk/src/components/EmailEditor.vue:69,client-js,,[],,,,,,,igual al inglés válida,revisado inicial Helpdesk,sí,sí,,,Sigla estándar de correo.,,,
helpdesk:ca33a2e14945a042,helpdesk,helpdesk,src,src,,Src,Change,Change,,,Cambio,,Cambiar,,,,,desk/src/components/Settings/General/components/LogoUpload.vue:40,desk/src/components/Settings/General/components/LogoUpload.vue:40,desk/src/components/Settings/General/components/LogoUpload.vue:40,client-js,,[],,,,,,,existente mejorable,revisado inicial Helpdesk,sí,sí,,,Es botón (acción) en LogoUpload; 'Cambio' (sustantivo) es incorrecto aquí.,,,
helpdesk:867ac7394f39c1d1,helpdesk,helpdesk,src,src,,Src,Change Password,Change Password,,,Cambiar contraseña,,Cambiar contraseña,,,,,desk/src/components/Settings/Profile/Profile.vue:129,desk/src/components/Settings/Profile/Profile.vue:129 || desk/src/components/Settings/Profile/components/ChangePasswordModal.vue:2,desk/src/components/Settings/Profile/Profile.vue:152 || desk/src/components/Settings/Profile/components/ChangePasswordModal.vue:2,client-js,,[],,,,,,,existente correcta,revisado inicial Helpdesk,sí,sí,,,Cross-app: Change Password->Cambiar contraseña.,,,
helpdesk:08cd9873159e1922,helpdesk,helpdesk,src,src,,Src,Change Photo,Change Photo,,,,,Cambiar foto,,,,,desk/src/components/Settings/Profile/Profile.vue:174,desk/src/components/Settings/Profile/Profile.vue:174,desk/src/components/Settings/Profile/Profile.vue:198,client-js,,[],,,,,,,traducción propuesta,revisado inicial Helpdesk,sí,sí,,,Change Photo.,,,
helpdesk:31f6a81262471424,helpdesk,helpdesk,src,src,,Src,Change language of the application.,Change language of the application.,,,Cambiar el idioma de la aplicación.,,Cambiar el idioma de la aplicación.,,,,,desk/src/components/Settings/Preferences/components/LanguageTimezoneSetting.vue:9,desk/src/components/Settings/Preferences/components/LanguageTimezoneSetting.vue:9,desk/src/components/Settings/Preferences/components/LanguageTimezoneSetting.vue:9,client-js,,[],,,,,,,existente correcta,revisado inicial Helpdesk,sí,sí,,,Change language.,,,
helpdesk:9e3aa210f85c6ba7,helpdesk,helpdesk,src,src,,Src,Change operator ({0}),Change operator ({0}),,,,,Cambiar operador ({0}),,,,,desk/src/components/view-controls/filter/FilterValueEditor.vue:176,desk/src/components/view-controls/filter/FilterValueEditor.vue:176,,client-js,,[],{0},,{0},ok,,,traducción propuesta,revisado inicial Helpdesk,sí,sí,,,,,,"POT-only: en el universo fresco, sin traducir"
helpdesk:2b518e499254a677,helpdesk,helpdesk,src,src,,Src,Change priority,Change priority,,,Cambiar prioridad,,Cambiar prioridad,,,,,desk/src/components/modals/ShortcutsModal.vue:88,desk/src/components/modals/ShortcutsModal.vue:88,desk/src/components/modals/ShortcutsModal.vue:88,client-js,,[],,,,,,,existente correcta,revisado inicial Helpdesk,sí,sí,,,Priority->Prioridad.,,,
helpdesk:33ccc07666562438,helpdesk,helpdesk,src,src,,Src,Change status,Change status,,,Cambiar estado,,Cambiar estado,,,,,desk/src/components/modals/ShortcutsModal.vue:91,desk/src/components/modals/ShortcutsModal.vue:91,desk/src/components/modals/ShortcutsModal.vue:91,client-js,,[],,,,,,,existente correcta,revisado inicial Helpdesk,sí,sí,,,Status->Estado.,,,
helpdesk:d9e292ffd56f060a,helpdesk,helpdesk,src,src,,Src,Change team,Change team,,,Cambiar equipo,,Cambiar equipo,,,,,desk/src/components/modals/ShortcutsModal.vue:89,desk/src/components/modals/ShortcutsModal.vue:89,desk/src/components/modals/ShortcutsModal.vue:89,client-js,,[],,,,,,,existente correcta,revisado inicial Helpdesk,sí,sí,,,Team->Equipo.,,,
helpdesk:85417de91e6263db,helpdesk,helpdesk,src,src,,Src,Change ticket type,Change ticket type,,,Cambiar tipo de ticket,,Cambiar tipo de ticket,,,,,desk/src/components/modals/ShortcutsModal.vue:87,desk/src/components/modals/ShortcutsModal.vue:87,desk/src/components/modals/ShortcutsModal.vue:87,client-js,,[],,,,,,,existente correcta,revisado inicial Helpdesk,sí,sí,,,Ticket minúscula en oración.,,,
helpdesk:a3dc1ba48a6e630f,helpdesk,helpdesk,src,src,,Src,Change timezone of the application.,Change timezone of the application.,,,Cambiar la zona horaria de la aplicación.,,Cambiar la zona horaria de la aplicación.,,,,,desk/src/components/Settings/Preferences/components/LanguageTimezoneSetting.vue:25,desk/src/components/Settings/Preferences/components/LanguageTimezoneSetting.vue:25,desk/src/components/Settings/Preferences/components/LanguageTimezoneSetting.vue:25,client-js,,[],,,,,,,existente correcta,revisado inicial Helpdesk,sí,sí,,,Change timezone.,,,
helpdesk:8bc7bcae7b8571e6,helpdesk,helpdesk,src,src,,Src,Change your account password for security.,Change your account password for security.,,,Cambia la contraseña de tu cuenta por seguridad.,,Cambie la contraseña de su cuenta por seguridad.,,,,,desk/src/components/Settings/Profile/Profile.vue:124,desk/src/components/Settings/Profile/Profile.vue:124,desk/src/components/Settings/Profile/Profile.vue:147,client-js,,[],,,,,,,existente mejorable,revisado inicial Helpdesk + pase dirigido,sí,,,,Impersonal/usted; su cuenta.,,,
helpdesk:ac1873724aec8d33,helpdesk,helpdesk,helpdesk,helpdesk,,Helpdesk,Channels,Channels,,,Canales,,Canales,,Label of a Card Break in the Helpdesk Workspace,etiqueta de campo/elemento,,helpdesk/helpdesk/workspace/helpdesk/helpdesk.json,helpdesk/helpdesk/workspace/helpdesk/helpdesk.json,helpdesk/helpdesk/workspace/helpdesk/helpdesk.json,workspace,Helpdesk (Workspace),"[""Label of a Card Break in the Helpdesk Workspace""]",,,,,,,existente correcta,revisado inicial Helpdesk,sí,sí,,,,,,
helpdesk:5b913f67ff89147c,helpdesk,helpdesk,src,src,,Src,Child field,Child field,,,,,Campo hijo,,,,,desk/src/components/Settings/FieldDependency/FieldDependencyFieldsSelection.vue:18,desk/src/components/Settings/FieldDependency/FieldDependencyFieldsSelection.vue:18,desk/src/components/Settings/FieldDependency/FieldDependencyFieldsSelection.vue:18,client-js,,[],,,,,,,traducción propuesta,revisado inicial Helpdesk,sí,sí,,,Child field en dependencia de campos.,,,
helpdesk:7263dd8ccdf43867,helpdesk,helpdesk,src,src,,Src,Choose a field,Choose a field,,,,,Elija un campo,,,,,desk/src/components/view-controls/filter/Filter.vue:202,desk/src/components/view-controls/filter/Filter.vue:202,desk/src/components/view-controls/filter/Filter.vue:151,client-js,,[],,,,,,,traducción propuesta,revisado inicial Helpdesk,sí,sí,,,Fields->Campos.,,,
helpdesk:f8f8e474ad4573ce,helpdesk,helpdesk,src,src,,Src,Choose how long this SLA policy will be active.,Choose how long this SLA policy will be active.,,,Elija cuánto tiempo estará activa esta política de ANS.,,Elija cuánto tiempo estará activa esta política de SLA.,,,,,desk/src/components/Settings/Sla/SlaPolicyView.vue:144,desk/src/components/Settings/Sla/SlaPolicyView.vue:144,desk/src/components/Settings/Sla/SlaPolicyView.vue:135,client-js,,[],,,,,,,existente mejorable,revisado inicial Helpdesk,sí,sí,,,Revertido ANS->SLA.,,,
helpdesk:8c8c35a66e29d658,helpdesk,helpdesk,src,src,,Src,Choose how tickets are distributed among selected assignees.,Choose how tickets are distributed among selected assignees.,,,Elija cómo se distribuyen los tickets entre los asignados seleccionados.,,Elija cómo se distribuyen los tickets entre los asignados seleccionados.,,,,,desk/src/components/Settings/Assignment Rules/AssigneeRules.vue:22,desk/src/components/Settings/Assignment Rules/AssigneeRules.vue:22,desk/src/components/Settings/Assignment || Rules/AssigneeRules.vue:22,client-js,,[],,,,,,,existente correcta,revisado inicial Helpdesk,sí,sí,,,Correcta; tickets préstamo.,,,
helpdesk:5d1f004528efede2,helpdesk,helpdesk,src,src,,Src,Choose the days of the week when this rule should be active.,Choose the days of the week when this rule should be active.,,,Elija los días de la semana en los que esta regla debe estar activa.,,Elija los días de la semana en los que esta regla debe estar activa.,,,,,desk/src/components/Settings/Assignment Rules/AssignmentRuleView.vue:289,desk/src/components/Settings/Assignment Rules/AssignmentRuleView.vue:289,desk/src/components/Settings/Assignment || Rules/AssignmentRuleView.vue:280,client-js,,[],,,,,,,existente correcta,revisado inicial Helpdesk,sí,sí,,,Correcta y natural.,,,
helpdesk:b5fa4efc19ba5b20,helpdesk,helpdesk,src,src,,Src,Choose the duration of this holiday list.,Choose the duration of this holiday list.,,,Elija la duración de esta lista de días festivos.,,Elija la duración de esta lista de días festivos.,,,,,desk/src/components/Settings/Holiday/HolidayView.vue:75,desk/src/components/Settings/Holiday/HolidayView.vue:75,desk/src/components/Settings/Holiday/HolidayView.vue:66,client-js,,[],,,,,,,existente correcta,revisado inicial Helpdesk + pase dirigido,sí,,,,Elija (usted).,,,
helpdesk:4feb6e24195a85f1,helpdesk,helpdesk,src,src,,Src,Choose the email service provider you want to configure.,Choose the email service provider you want to configure.,,,Elija el proveedor de servicios de correo electrónico que desee configurar.,,Elija el proveedor de servicios de correo electrónico que desee configurar.,,,,,desk/src/components/Settings/EmailAdd.vue:5,desk/src/components/Settings/EmailAdd.vue:5,desk/src/components/Settings/EmailAdd.vue:5,client-js,,[],,,,,,,existente correcta,revisado inicial Helpdesk + pase dirigido,sí,,,,Elija/desee (usted).,,,
helpdesk:bb309097228552c9,helpdesk,helpdesk,src,src,,Src,Choose which tickets are affected by this assignment rule.,Choose which tickets are affected by this assignment rule.,,,Seleccione qué tickets se verán afectados por esta regla de asignación.,,Seleccione qué tickets se verán afectados por esta regla de asignación.,,,,,desk/src/components/Settings/Assignment Rules/AssignmentRuleView.vue:136,desk/src/components/Settings/Assignment Rules/AssignmentRuleView.vue:136,desk/src/components/Settings/Assignment || Rules/AssignmentRuleView.vue:127,client-js,,[],,,,,,,existente correcta,revisado inicial Helpdesk,sí,sí,,,Correcta; tickets préstamo.,,,
helpdesk:58af6faffd81f020,helpdesk,helpdesk,src,src,,Src,Choose which tickets are affected by this policy.,Choose which tickets are affected by this policy.,,,Elija qué tickets se verán afectados por esta política.,,Elija qué tickets se verán afectados por esta política.,,,,,desk/src/components/Settings/Sla/SlaPolicyView.vue:78,desk/src/components/Settings/Sla/SlaPolicyView.vue:78,desk/src/components/Settings/Sla/SlaPolicyView.vue:69,client-js,,[],,,,,,,existente correcta,revisado inicial Helpdesk,sí,sí,,,ticket minúscula en oración.,,,
helpdesk:8a8d1e36c7112b4b,helpdesk,helpdesk,src,src,,Src,Choose which tickets are affected by this un-assignment rule.,Choose which tickets are affected by this un-assignment rule.,,,Seleccione qué tickets se verán afectados por esta regla de desasignación.,,Seleccione qué tickets se verán afectados por esta regla de desasignación.,,,,,desk/src/components/Settings/Assignment Rules/AssignmentRuleView.vue:213,desk/src/components/Settings/Assignment Rules/AssignmentRuleView.vue:213,desk/src/components/Settings/Assignment || Rules/AssignmentRuleView.vue:204,client-js,,[],,,,,,,existente correcta,revisado inicial Helpdesk,sí,sí,,,Correcta.,,,
helpdesk:b9163c31ad08b346,helpdesk,helpdesk,src,src,,Src,Choose who can view and use this response.,Choose who can view and use this response.,,,Elija quién puede ver y usar esta respuesta.,,Elige quién puede ver y usar esta respuesta.,,,,,desk/src/components/Settings/SavedReplies/SavedReplyView.vue:78,desk/src/components/Settings/SavedReplies/SavedReplyView.vue:78,desk/src/components/Settings/SavedReplies/SavedReplyView.vue:69,client-js,,[],,,,,,,existente mejorable,revisado inicial Helpdesk,sí,sí,,,Choose who can view and use this response.,,,
helpdesk:c9eb807401c6f4cd,helpdesk,helpdesk,src,src,,Src,Choose who receives the tickets.,Choose who receives the tickets.,,,Elige quién recibe los tickets.,,Elija quién recibe los tickets.,,,,,desk/src/components/Settings/Assignment Rules/AssigneeRules.vue:78,desk/src/components/Settings/Assignment Rules/AssigneeRules.vue:78,desk/src/components/Settings/Assignment || Rules/AssigneeRules.vue:78,client-js,,[],,,,,,,existente mejorable,revisado inicial Helpdesk,sí,sí,,,"Uniformado a tratamiento de usted ('Elija'), consistente con cadenas hermanas.",,,
helpdesk:969c92c3fb2c2a58,helpdesk,helpdesk,helpdesk,helpdesk,,Helpdesk,Clear Table,Clear Table,,,Borrar tabla,,Borrar tabla,,Label of the clear_table (Button) field in DocType 'HD Service Holiday List',etiqueta de campo/elemento,,helpdesk/helpdesk/doctype/hd_service_holiday_list/hd_service_holiday_list.json,helpdesk/helpdesk/doctype/hd_service_holiday_list/hd_service_holiday_list.json,helpdesk/helpdesk/doctype/hd_service_holiday_list/hd_service_holiday_list.json,doctype-json,Hd Service Holiday List,"[""Label of the clear_table (Button) field in DocType 'HD Service Holiday List'""]",,,,,,,existente correcta,revisado inicial Helpdesk,sí,sí,,,Cross-app Clear Table.,,,
helpdesk:764b133b654168ec,helpdesk,helpdesk,src,src,,Src,Clear all,Clear all,,,,,Limpiar todo,,,,,desk/src/components/view-controls/filter/Filter.vue:101,desk/src/components/view-controls/filter/Filter.vue:101,desk/src/components/view-controls/filter/Filter.vue:71,client-js,,[],,,,,,,traducción propuesta,revisado inicial Helpdesk,sí,sí,,,crossapp Clear all filters->Limpiar todos los filtros.,,,
helpdesk:697f9857131d4f99,helpdesk,helpdesk,src,src,,Src,Clear all Filter,Clear all Filter,,,Borrar todos los filtros,,Borrar todos los filtros,,,,,desk/src/components/view-controls/filter/FilterTrigger.vue:17,desk/src/components/view-controls/filter/FilterTrigger.vue:17,desk/src/components/view-controls/filter/FilterTrigger.vue:17,client-js,,[],,,,,,,existente correcta,revisado inicial Helpdesk,sí,sí,,,msgid singular 'Filter' pero es acción global; traducción plural natural en MX.,,,
helpdesk:3cf3509e961046e8,helpdesk,helpdesk,src,src,,Src,Clear all filters,Clear all filters,,,Borrar todos los filtros,,Limpiar todos los filtros,,,,,desk/src/pages/SearchAgent.vue:86,desk/src/pages/SearchAgent.vue:86,desk/src/pages/SearchAgent.vue:86,client-js,,[],,,,,,,existente mejorable,revisado inicial Helpdesk + pase dirigido,sí,,,,Término fijado: Clear all filters->Limpiar todos los filtros (glosario cross-app).,,,
helpdesk:819bd9253776cad4,helpdesk,helpdesk,helpdesk,helpdesk,,Helpdesk,Click on Add to Holidays. This will populate the holidays table with all the dates that fall on the selected weekly off. Repeat the process for populating the dates for all your weekly holidays,Click on Add to Holidays. This will populate the holidays table with all the dates that fall on the selected weekly off. Repeat the process for populating the dates for all your weekly holidays,,,Haga clic en Añadir a vacaciones. Esto rellenará la tabla de días festivos con todas las fechas que caen en el día festivo semanal seleccionado. Repita el proceso para rellenar las fechas de todas sus vacaciones semanales,,Haga clic en Añadir a vacaciones. Esto rellenará la tabla de días festivos con todas las fechas que caen en el día festivo semanal seleccionado. Repita el proceso para rellenar las fechas de todas sus vacaciones semanales,,,,,helpdesk/helpdesk/doctype/hd_service_holiday_list/hd_service_holiday_list.js:46,helpdesk/helpdesk/doctype/hd_service_holiday_list/hd_service_holiday_list.js:46,helpdesk/helpdesk/doctype/hd_service_holiday_list/hd_service_holiday_list.js:46,doctype-controller,Hd Service Holiday List,[],,,,,,,existente correcta,revisado inicial Helpdesk,sí,sí,,,Cross-app aprobado exacto.,,,
helpdesk:934175c44f86c014,helpdesk,helpdesk,src,src,,Src,Click to copy,Click to copy,,,,,Haz clic para copiar,,,,,desk/src/components/EmailMultiSelect.vue:11,desk/src/components/EmailMultiSelect.vue:11,,client-js,,[],,,,,,,traducción propuesta,revisado inicial Helpdesk,sí,sí,,,,,,"POT-only: en el universo fresco, sin traducir"
helpdesk:6a7727b3d6c977f4,helpdesk,helpdesk,src,src,,Src,Close,Close,,,Cerrar,,Cerrar,,,,,desk/src/components/Settings/Assignment Rules/AssignmentRuleListItem.vue:69,desk/src/components/Settings/Assignment Rules/AssignmentRuleListItem.vue:69 || desk/src/components/Settings/Holiday/HolidayListItem.vue:47 || desk/src/components/Settings/SavedReplies/SavedRepliesList.vue:173 || desk/src/components/Settings/Sla/SlaPolicyListItem.vue:56 || desk/src/pages/ticket/MobileTicketAgent.vue:157 || desk/src/pages/ticket/TicketCustomer.vue:14,desk/src/components/Settings/Assignment || Rules/AssignmentRuleListItem.vue:69 || desk/src/components/Settings/Holiday/HolidayListItem.vue:47 || desk/src/components/Settings/SavedReplies/SavedRepliesList.vue:194 || desk/src/components/Settings/Sla/SlaPolicyListItem.vue:58 || desk/src/pages/ticket/MobileTicketAgent.vue:159 || desk/src/pages/ticket/TicketCustomer.vue:14,client-js,,[],,,,,,,existente correcta,revisado inicial Helpdesk,sí,sí,,,Cross-app: Close->Cerrar.,,,
helpdesk:0856f322cc59c759,helpdesk,helpdesk,src,src,,Src,Close Ticket,Close Ticket,,,Cerrar ticket,,Cerrar ticket,,,,,desk/src/pages/ticket/TicketCustomer.vue:313,desk/src/pages/ticket/TicketCustomer.vue:313,desk/src/pages/ticket/TicketCustomer.vue:313,client-js,,[],,,,,,,existente correcta,revisado inicial Helpdesk,sí,sí,,,Ticket protegido.,,,
helpdesk:d94b32fe540a98bc,helpdesk,helpdesk,helpdesk,helpdesk,,Helpdesk,Closed,Closed,,,Cerrado,,Cerrado,,Option in a Select field in the tickets Web Form,opción de campo select,,helpdesk/helpdesk/web_form/tickets/tickets.json,helpdesk/helpdesk/web_form/tickets/tickets.json,helpdesk/helpdesk/web_form/tickets/tickets.json,code,tickets (Web Form),"[""Option in a Select field in the tickets Web Form""]",,,,,,,existente correcta,revisado inicial Helpdesk,sí,sí,,,Cross-app: Closed->Cerrado.,,,
helpdesk:0bb2cff6c691d172,helpdesk,helpdesk,helpdesk,helpdesk,,Helpdesk,Closed or rated tickets cannot be updated by non-agents,Closed or rated tickets cannot be updated by non-agents,,,Los tickets cerrados o calificados no pueden ser actualizados por personas que no sean agentes,,Los tickets cerrados o calificados no pueden ser actualizados por personas que no sean agentes,,,,,helpdesk/helpdesk/doctype/hd_ticket/hd_ticket.py:411,helpdesk/helpdesk/doctype/hd_ticket/hd_ticket.py:411,helpdesk/helpdesk/doctype/hd_ticket/hd_ticket.py:351,doctype-controller,Hd Ticket,[],,,,,,,existente correcta,revisado inicial Helpdesk,sí,sí,,,Tickets protegido; natural.,,,
helpdesk:3ac9ba9db2e3d250,helpdesk,helpdesk,helpdesk,helpdesk,,Helpdesk,Color,Color,,,Color,,Color,,Label of the color (Color) field in DocType 'HD Service Holiday List',etiqueta de campo/elemento,,helpdesk/helpdesk/doctype/hd_agent_status/hd_agent_status.json,helpdesk/helpdesk/doctype/hd_agent_status/hd_agent_status.json || helpdesk/helpdesk/doctype/hd_service_holiday_list/hd_service_holiday_list.json || helpdesk/helpdesk/doctype/hd_ticket_status/hd_ticket_status.json,helpdesk/helpdesk/doctype/hd_agent_status/hd_agent_status.json || helpdesk/helpdesk/doctype/hd_service_holiday_list/hd_service_holiday_list.json || helpdesk/helpdesk/doctype/hd_ticket_status/hd_ticket_status.json,doctype-json,Hd Agent Status,"[""Label of the color (Color) field in DocType 'HD Service Holiday List'"", ""Label of the color (Select) field in DocType 'HD Agent Status'"", ""Label of the color (Select) field in DocType 'HD Ticket Status'""]",,,,,,,existente correcta,revisado inicial Helpdesk,sí,sí,,,Color→Color (crossapp); igual en español.,,,
helpdesk:ff6387c43081fb8f,helpdesk,helpdesk,helpdesk,helpdesk,,Helpdesk,Columns,Columns,,,Columnas,,Columnas,,Label of the columns (Code) field in DocType 'HD View',etiqueta de campo/elemento,,helpdesk/helpdesk/doctype/hd_view/hd_view.json,helpdesk/helpdesk/doctype/hd_view/hd_view.json,desk/src/components/view-controls/ColumnSettings.vue:4 || helpdesk/helpdesk/doctype/hd_view/hd_view.json,doctype-json,Hd View,"[""Label of the columns (Code) field in DocType 'HD View'""]",,,,,,,existente correcta,revisado inicial Helpdesk,sí,sí,,,crossapp 'Columns'='Columnas'.,,,
helpdesk:a5419224b047ef24,helpdesk,helpdesk,src,src,,Src,Comma separated emails to invite.,Comma separated emails to invite.,,,Correos electrónicos separados por comas para invitar.,,Correos electrónicos separados por comas para invitar.,,,,,desk/src/components/Settings/InviteAgents.vue:15,desk/src/components/Settings/InviteAgents.vue:15,desk/src/components/Settings/InviteAgents.vue:15,client-js,,[],,,,,,,existente correcta,revisado inicial Helpdesk,sí,sí,,,Correcta.,,,
helpdesk:a538042bd8711485,helpdesk,helpdesk,src,src,,Src,Comma separated values,Comma separated values,,,,,Valores separados por comas,,,,,desk/src/components/view-controls/filter/FilterValueEditor.vue:113,desk/src/components/view-controls/filter/FilterValueEditor.vue:113,desk/src/components/view-controls/filter/FilterValueEditor.vue:90,client-js,,[],,,,,,,traducción propuesta,revisado inicial Helpdesk,sí,sí,,,,,,
helpdesk:308274aad2a7079d,helpdesk,helpdesk,helpdesk,helpdesk,,Helpdesk,Comment,Comment,,,Comentario,,Comentario,,Label of the reference_comment (Link) field in DocType 'HD Notification',etiqueta de campo/elemento,,helpdesk/helpdesk/doctype/hd_notification/hd_notification.json,helpdesk/helpdesk/doctype/hd_notification/hd_notification.json,helpdesk/helpdesk/doctype/hd_notification/hd_notification.json,doctype-json,Hd Notification,"[""Label of the reference_comment (Link) field in DocType 'HD Notification'""]",,,,,,,existente correcta,revisado inicial Helpdesk,sí,sí,,,Cross-app: Comment->Comentario.,,,
helpdesk:45d2977d6b622f40,helpdesk,helpdesk,src,src,,Src,Comment cannot be empty.,Comment cannot be empty.,,,,,El comentario no puede estar vacío.,,,,,desk/src/components/CommentBox.vue:317,desk/src/components/CommentBox.vue:317,desk/src/components/CommentBox.vue:318,client-js,,[],,,,,,,traducción propuesta,revisado inicial Helpdesk,sí,sí,,,Comment->Comentario.,,,
helpdesk:2f65b706567b57c2,helpdesk,helpdesk,src,src,,Src,Comment deleted successfully.,Comment deleted successfully.,,,,,Comentario eliminado correctamente.,,,,,desk/src/components/CommentBox.vue:307,desk/src/components/CommentBox.vue:307,desk/src/components/CommentBox.vue:308,client-js,,[],,,,,,,traducción propuesta,revisado inicial Helpdesk,sí,sí,,,,,,
helpdesk:8c17c912f2694099,helpdesk,helpdesk,helpdesk,helpdesk,,Helpdesk,Comment not found,Comment not found,,,Comentario no encontrado,,Comentario no encontrado,,,,,helpdesk/helpdesk/doctype/hd_ticket_comment/hd_ticket_comment.py:112,helpdesk/helpdesk/doctype/hd_ticket_comment/hd_ticket_comment.py:112 || helpdesk/helpdesk/doctype/hd_ticket_comment/hd_ticket_comment.py:67,helpdesk/helpdesk/doctype/hd_ticket_comment/hd_ticket_comment.py:67 || helpdesk/helpdesk/doctype/hd_ticket_comment/hd_ticket_comment.py:112,doctype-controller,Hd Ticket Comment,[],,,,,,,existente correcta,revisado inicial Helpdesk,sí,sí,,,Natural MX.,,,
helpdesk:7c97fe6872e9a084,helpdesk,helpdesk,src,src,,Src,Comment updated successfully.,Comment updated successfully.,,,,,Comentario actualizado correctamente.,,,,,desk/src/components/CommentBox.vue:333,desk/src/components/CommentBox.vue:333,desk/src/components/CommentBox.vue:334,client-js,,[],,,,,,,traducción propuesta,revisado inicial Helpdesk,sí,sí,,,,,,
helpdesk:af9f4f74bb2a48f3,helpdesk,helpdesk,helpdesk,helpdesk,,Helpdesk,Commented By,Commented By,,,Comentado por,,Comentado por,,Label of the commented_by (Link) field in DocType 'HD Ticket Comment',etiqueta de campo/elemento,,helpdesk/helpdesk/doctype/hd_ticket_comment/hd_ticket_comment.json,helpdesk/helpdesk/doctype/hd_ticket_comment/hd_ticket_comment.json,helpdesk/helpdesk/doctype/hd_ticket_comment/hd_ticket_comment.json,doctype-json,Hd Ticket Comment,"[""Label of the commented_by (Link) field in DocType 'HD Ticket Comment'""]",,,,,,,existente correcta,revisado inicial Helpdesk,sí,sí,,,Natural MX.,,,
helpdesk:869848d08518aea1,helpdesk,helpdesk,src,helpdesk;src,sí,Src,Comments,Comments,,,Comentarios,,Comentarios,,Label of the comments_section (Section Break) field in DocType 'HD Settings',etiqueta de campo/elemento,,desk/src/pages/SearchAgent.vue:353,desk/src/pages/SearchAgent.vue:353 || desk/src/pages/ticket/MobileTicketAgent.vue:460 || helpdesk/helpdesk/doctype/hd_settings/hd_settings.json,desk/src/pages/SearchAgent.vue:353 || desk/src/pages/ticket/MobileTicketAgent.vue:458 || helpdesk/helpdesk/doctype/hd_settings/hd_settings.json,client-js,HD Settings,"[""Label of the comments_section (Section Break) field in DocType 'HD Settings'""]",,,,,,,existente correcta,revisado inicial Helpdesk,sí,sí,,,Comments→Comentarios (crossapp).,,,
helpdesk:9aadaeea6f9e839f,helpdesk,helpdesk,src,src,,Src,Communication,Communication,,,Comunicaciones,,Comunicación,,,,,desk/src/components/modals/ShortcutsModal.vue:97,desk/src/components/modals/ShortcutsModal.vue:97,desk/src/components/modals/ShortcutsModal.vue:97,client-js,,[],,,,,,,existente mejorable,revisado inicial Helpdesk,sí,sí,,,crossapp Communication->Comunicación (singular); 'Comunicaciones' inconsistente.,,,
helpdesk:a3f2c9fe282aad2d,helpdesk,helpdesk,src,src,,Src,Communication ID is required,Communication ID is required,,,,,El ID de comunicación es obligatorio,,,,,desk/src/components/ticket/TicketSplitModal.vue:76,desk/src/components/ticket/TicketSplitModal.vue:76,desk/src/components/ticket/TicketSplitModal.vue:76,client-js,,[],,,,,,,traducción propuesta,revisado inicial Helpdesk,sí,sí,,,Communication→Comunicación (cross-app); ID.,,,
helpdesk:9f0bc09336bd60d0,helpdesk,helpdesk,helpdesk,helpdesk;src,sí,Helpdesk,Company,Company,,,,,Empresa,,Option for the 'Customer Type' (Select) field in DocType 'HD Customer',opción de campo select,,desk/src/composables/customer.ts:154,desk/src/composables/customer.ts:154 || helpdesk/helpdesk/doctype/hd_customer/hd_customer.json,,client-js,HD Customer,"[""Option for the 'Customer Type' (Select) field in DocType 'HD Customer'""]",,,,,,,traducción propuesta,revisado inicial Helpdesk,sí,sí,,,Company→Empresa (crossapp).,,,"POT-only: en el universo fresco, sin traducir"
helpdesk:193ec9343b04aa0f,helpdesk,helpdesk,src,src,,Src,Completed,Completed,,,Completado,,Completado,,,,,desk/src/pages/call-logs/CallLogModal.vue:209,desk/src/pages/call-logs/CallLogModal.vue:209,desk/src/pages/call-logs/CallLogModal.vue:209,client-js,,[],,,,,,,existente correcta,revisado inicial Helpdesk,sí,sí,,,Crossapp: Completed=Completado.,,,
helpdesk:3c21ee8235274f3a,helpdesk,helpdesk,helpdesk,helpdesk,,Helpdesk,Condition,Condition,,,Condición,,Condición,,Label of the condition (Code) field in DocType 'HD Service Level Agreement',etiqueta de campo/elemento,,helpdesk/helpdesk/doctype/hd_service_level_agreement/hd_service_level_agreement.json,helpdesk/helpdesk/doctype/hd_service_level_agreement/hd_service_level_agreement.json,helpdesk/helpdesk/doctype/hd_service_level_agreement/hd_service_level_agreement.json,doctype-json,Hd Service Level Agreement,"[""Label of the condition (Code) field in DocType 'HD Service Level Agreement'"", ""Label of the condition_json (Code) field in DocType 'HD Service Level Agreement'""]",,,,,,,existente correcta,revisado inicial Helpdesk,sí,sí,,,Cross-app Condition.,,,
helpdesk:28157a629fd05b2d,helpdesk,helpdesk,src,src,,Src,Configure,Configure,,,,,Configurar,,,,,desk/src/components/Settings/Profile/Profile.vue:114,desk/src/components/Settings/Profile/Profile.vue:114,desk/src/components/Settings/Profile/Profile.vue:137,client-js,,[],,,,,,,traducción propuesta,revisado inicial Helpdesk,sí,sí,,,Cross-app: Configure->Configurar.,,,
helpdesk:83f11dec9c261fd1,helpdesk,helpdesk,src,src,,Src,Configure your Exotel settings for Helpdesk.,Configure your Exotel settings for Helpdesk.,,,,,Configure sus ajustes de Exotel para Helpdesk.,,,,,desk/src/components/Settings/Telephony/ExotelSettings.vue:3,desk/src/components/Settings/Telephony/ExotelSettings.vue:3,desk/src/components/Settings/Telephony/ExotelSettings.vue:3,client-js,,[],,,,,,,traducción propuesta,revisado inicial Helpdesk + pase dirigido,sí,,,,Impersonal/usted; sus ajustes.,,,
helpdesk:be253701687a15fc,helpdesk,helpdesk,src,src,,Src,Configure your Exotel telephony integration settings here,Configure your Exotel telephony integration settings here,,,,,Configure aquí los ajustes de integración de telefonía de Exotel,,,,,desk/src/components/Settings/Telephony/Telephony.vue:97,desk/src/components/Settings/Telephony/Telephony.vue:97,desk/src/components/Settings/Telephony/Telephony.vue:100,client-js,,[],,,,,,,traducción propuesta,revisado inicial Helpdesk + pase dirigido,sí,,,,Imperativo usted.,,,
helpdesk:30ef42aa7b268f7d,helpdesk,helpdesk,src,src,,Src,Configure your Twilio settings for Helpdesk.,Configure your Twilio settings for Helpdesk.,,,,,Configure sus ajustes de Twilio para Helpdesk.,,,,,desk/src/components/Settings/Telephony/TwilioSettings.vue:3,desk/src/components/Settings/Telephony/TwilioSettings.vue:3,desk/src/components/Settings/Telephony/TwilioSettings.vue:3,client-js,,[],,,,,,,traducción propuesta,revisado inicial Helpdesk + pase dirigido,sí,,,,Impersonal/usted; sus ajustes.,,,
helpdesk:645fac8330d073cd,helpdesk,helpdesk,src,src,,Src,Configure your Twilio telephony integration settings here,Configure your Twilio telephony integration settings here,,,,,Configure aquí los ajustes de integración de telefonía de Twilio,,,,,desk/src/components/Settings/Telephony/Telephony.vue:76,desk/src/components/Settings/Telephony/Telephony.vue:76,desk/src/components/Settings/Telephony/Telephony.vue:76,client-js,,[],,,,,,,traducción propuesta,revisado inicial Helpdesk + pase dirigido,sí,,,,Imperativo usted.,,,
helpdesk:767f788484cf2515,helpdesk,helpdesk,src,src,,Src,Configure your telephony settings.,Configure your telephony settings.,,,Configura los ajustes de telefonía.,,Configure los ajustes de telefonía.,,,,,desk/src/components/Settings/Telephony/Telephony.vue:2,desk/src/components/Settings/Telephony/Telephony.vue:2,desk/src/components/Settings/Telephony/Telephony.vue:2,client-js,,[],,,,,,,existente mejorable,revisado inicial Helpdesk + pase dirigido,sí,,,,Imperativo usted.,,,
helpdesk:380b0538fccea949,helpdesk,helpdesk,src,helpdesk;src,sí,Src,Confirm,Confirm,,,Confirmar,,Confirmar,,,,,desk/src/components/customer/ContactCard.vue:233,desk/src/components/customer/ContactCard.vue:233 || desk/src/components/customer/ContactCard.vue:271 || desk/src/components/customer/ContactCard.vue:300 || desk/src/components/customer/RevokeInviteButton.vue:11 || desk/src/components/layouts/CustomerPortalPermissionDialog.vue:45 || desk/src/composables/useView.ts:308 || desk/src/composables/useView.ts:337 || desk/src/pages/knowledge-base/KnowledgeBaseAgent.vue:323 || desk/src/pages/knowledge-base/NewArticle.vue:148 || desk/src/pages/ticket/MobileTicketAgent.vue:154 || desk/src/pages/ticket/TicketCustomer.vue:317 || helpdesk/helpdesk/doctype/erpnext_hd_settings/erpnext_hd_settings.js:27,desk/src/pages/knowledge-base/KnowledgeBaseAgent.vue:327 || desk/src/pages/knowledge-base/NewArticle.vue:147 || desk/src/pages/ticket/MobileTicketAgent.vue:156 || desk/src/pages/ticket/TicketCustomer.vue:317 || desk/src/pages/ticket/Tickets.vue:428 || desk/src/pages/ticket/Tickets.vue:550 || helpdesk/helpdesk/doctype/erpnext_hd_settings/erpnext_hd_settings.js:27,client-js,,[],,,,,,,existente correcta,revisado inicial Helpdesk,sí,sí,,,Confirm→Confirmar (crossapp).,,,
helpdesk:89ef6eb38843e87f,helpdesk,helpdesk,src,src,,Src,Confirm Changes,Confirm Changes,,,,,Confirmar cambios,,,,,desk/src/components/ListViewBuilder.vue:698,desk/src/components/ListViewBuilder.vue:698,desk/src/components/ListViewBuilder.vue:698,client-js,,[],,,,,,,traducción propuesta,revisado inicial Helpdesk,sí,sí,,,Confirm->Confirmar.,,,
helpdesk:140c40baf75f7c52,helpdesk,helpdesk,src,src,,Src,Confirm Password,Confirm Password,,,Confirmar Contraseña,,Confirmar contraseña,,,,,desk/src/components/Settings/Profile/components/ChangePasswordModal.vue:19,desk/src/components/Settings/Profile/components/ChangePasswordModal.vue:19,desk/src/components/Settings/Profile/components/ChangePasswordModal.vue:19,client-js,,[],,,,,,,existente mejorable,revisado inicial Helpdesk,sí,sí,,,Confirm Password; capitalización de oración.,,,
helpdesk:bb7b7640cef187d1,helpdesk,helpdesk,src,src,,Src,Confirm overwrite,Confirm overwrite,,,Confirmar sobrescritura,,Confirmar sobrescritura,,,,,desk/src/components/Settings/Sla/SlaPolicyView.vue:403,desk/src/components/Settings/Sla/SlaPolicyView.vue:403,desk/src/components/Settings/Sla/SlaPolicyView.vue:393,client-js,,[],,,,,,,existente correcta,revisado inicial Helpdesk,sí,sí,,,,,,
helpdesk:0bbb3e619ff3cfa3,helpdesk,helpdesk,src,src,,Src,Connect my support email,Connect my support email,,,,,Conectar mi correo de soporte,,,,,desk/src/pages/PersonaForm.vue:227,desk/src/pages/PersonaForm.vue:227,,client-js,,[],,,,,,,traducción propuesta,revisado inicial Helpdesk,sí,sí,,,Connect my support email.,,,"POT-only: en el universo fresco, sin traducir"
helpdesk:439077fdb8279889,helpdesk,helpdesk,src,src,,Src,Connect your support email,Connect your support email,,,Conectar el correo de soporte,,Conectar el correo de soporte,,,,,desk/src/components/layouts/Sidebar.vue:229,desk/src/components/layouts/Sidebar.vue:229,desk/src/components/layouts/Sidebar.vue:439,client-js,,[],,,,,,,existente correcta,revisado inicial Helpdesk,sí,sí,,,,,,
helpdesk:a5d34fc6a3b84c10,helpdesk,helpdesk,helpdesk,helpdesk;src,sí,Helpdesk,Contact,Contact,,,Contacto,,Contacto,,Label of the contact (Link) field in DocType 'HD Ticket',etiqueta de campo/elemento,,desk/src/components/contact/EditContactDialog.vue:26,desk/src/components/contact/EditContactDialog.vue:26 || desk/src/components/contact/NewContactDialog.vue:42 || desk/src/components/layouts/Sidebar.vue:404 || desk/src/pages/customer/Customer.vue:169 || helpdesk/helpdesk/doctype/hd_ticket/hd_ticket.json || helpdesk/helpdesk/report/ticket_analytics/ticket_analytics.js:56 || helpdesk/helpdesk/report/ticket_analytics/ticket_analytics.py:44 || helpdesk/helpdesk/report/ticket_summary/ticket_summary.js:43 || helpdesk/helpdesk/report/ticket_summary/ticket_summary.py:72,desk/src/components/layouts/Sidebar.vue:614 || helpdesk/helpdesk/doctype/hd_organization_contact_item/hd_organization_contact_item.json || helpdesk/helpdesk/doctype/hd_ticket/hd_ticket.json || helpdesk/helpdesk/report/ticket_analytics/ticket_analytics.js:56 || helpdesk/helpdesk/report/ticket_analytics/ticket_analytics.py:44 || helpdesk/helpdesk/report/ticket_summary/ticket_summary.js:43 || helpdesk/helpdesk/report/ticket_summary/ticket_summary.py:72,client-js,HD Ticket,"[""Label of the contact (Link) field in DocType 'HD Ticket'""]",,,,,,,existente correcta,revisado inicial Helpdesk,sí,sí,,,Contact→Contacto (cross-app).,,,
helpdesk:d9a4fd4f9821981e,helpdesk,helpdesk,helpdesk,helpdesk,,Helpdesk,Contact HTML,Contact HTML,,,HTML de Contacto,,HTML de Contacto,,Label of the contact_html (HTML) field in DocType 'HD Customer',etiqueta de campo/elemento,,helpdesk/helpdesk/doctype/hd_customer/hd_customer.json,helpdesk/helpdesk/doctype/hd_customer/hd_customer.json,helpdesk/helpdesk/doctype/hd_customer/hd_customer.json,doctype-json,Hd Customer,"[""Label of the contact_html (HTML) field in DocType 'HD Customer'""]",,,,,,,existente correcta,revisado inicial Helpdesk,sí,sí,,,Contact HTML→HTML de Contacto (crossapp).,,,
helpdesk:e1cb46e637eefaeb,helpdesk,helpdesk,src,src,,Src,Contact created,Contact created,,,,,Contacto creado,,,,,desk/src/composables/contact.ts:293,desk/src/composables/contact.ts:293,,client-js,,[],,,,,,,traducción propuesta,revisado inicial Helpdesk,sí,sí,,,Contact created; Contact→Contacto.,,,"POT-only: en el universo fresco, sin traducir"
helpdesk:1d812979234b7e04,helpdesk,helpdesk,src,src,,Src,Contact created and invited,Contact created and invited,,,,,Contacto creado e invitado,,,,,desk/src/composables/contact.ts:293,desk/src/composables/contact.ts:293,,client-js,,[],,,,,,,traducción propuesta,revisado inicial Helpdesk,sí,sí,,,Contact created and invited.,,,"POT-only: en el universo fresco, sin traducir"
helpdesk:85c00ed84629d01b,helpdesk,helpdesk,src,src,,Src,Contact has no email address to invite,Contact has no email address to invite,,,,,El contacto no tiene correo electrónico para invitarlo,,,,,desk/src/composables/contact.ts:513,desk/src/composables/contact.ts:513,,client-js,,[],,,,,,,traducción propuesta,revisado inicial Helpdesk,sí,sí,,,Contact has no email address to invite.,,,"POT-only: en el universo fresco, sin traducir"
helpdesk:100b898f9104a944,helpdesk,helpdesk,src,src,,Src,Contact removed successfully,Contact removed successfully,,,,,Contacto eliminado correctamente,,,,,desk/src/components/customer/ContactCard.vue:313,desk/src/components/customer/ContactCard.vue:313,,client-js,,[],,,,,,,traducción propuesta,revisado inicial Helpdesk,sí,sí,,,Contact removed successfully.,,,"POT-only: en el universo fresco, sin traducir"
helpdesk:36c367e1f21cf2e1,helpdesk,helpdesk,src,src,,Src,Contact updated,Contact updated,,,,,Contacto actualizado,,,,,desk/src/composables/contact.ts:241,desk/src/composables/contact.ts:241,,client-js,,[],,,,,,,traducción propuesta,revisado inicial Helpdesk,sí,sí,,,Contact updated; Contact→Contacto.,,,"POT-only: en el universo fresco, sin traducir"
helpdesk:558f6619cd2d3538,helpdesk,helpdesk,src,src,,Src,Contact updated successfully.,Contact updated successfully.,,,,,Contacto actualizado correctamente.,,,,,desk/src/components/ticket/SetContactPhoneModal.vue:84,desk/src/components/ticket/SetContactPhoneModal.vue:84,desk/src/components/ticket/SetContactPhoneModal.vue:84,client-js,,[],,,,,,,traducción propuesta,revisado inicial Helpdesk,sí,sí,,,Contact→Contacto; mensaje de éxito MX natural.,,,
helpdesk:29118fc723c71fce,helpdesk,helpdesk,helpdesk,helpdesk,,Helpdesk,Contact {0} has no email address,Contact {0} has no email address,,,,,El contacto {0} no tiene correo electrónico,,,,,helpdesk/helpdesk/doctype/hd_customer/hd_customer.py:277,helpdesk/helpdesk/doctype/hd_customer/hd_customer.py:277,,doctype-controller,Hd Customer,[],{0},,{0},ok,,,traducción propuesta,revisado inicial Helpdesk,sí,sí,,,Placeholder {0} preservado; Contact→contacto.,,,"POT-only: en el universo fresco, sin traducir"
helpdesk:75ad9cc2cdc591c4,helpdesk,helpdesk,src,helpdesk;src,sí,Src,Contacts,Contacts,,,Contactos,,Contactos,,Label of the contacts (Table) field in DocType 'HD Customer',etiqueta de campo/elemento,,desk/src/components/customer/CustomerContactTab.vue:4,desk/src/components/customer/CustomerContactTab.vue:4 || desk/src/components/layouts/layoutSettings.ts:37 || desk/src/pages/contact/Contact.vue:328 || desk/src/pages/contact/Contacts.vue:6 || desk/src/pages/customer/Customer.vue:153 || desk/src/pages/customer/Customer.vue:77 || helpdesk/helpdesk/doctype/hd_customer/hd_customer.json,helpdesk/helpdesk/doctype/hd_organization/hd_organization.json,client-js,HD Customer,"[""Label of the contacts (Table) field in DocType 'HD Customer'""]",,,,,,,existente correcta,revisado inicial Helpdesk,sí,sí,,,Contacts→Contactos (crossapp).,,,
helpdesk:674ba1e9c2871171,helpdesk,helpdesk,src,src,,Src,Contacts added successfully,Contacts added successfully,,,,,Contactos agregados correctamente,,,,,desk/src/components/customer/InviteContactDialog.vue:168,desk/src/components/customer/InviteContactDialog.vue:168,,client-js,,[],,,,,,,traducción propuesta,revisado inicial Helpdesk,sí,sí,,,Contacts added successfully.,,,"POT-only: en el universo fresco, sin traducir"
helpdesk:d89709fc847c0dda,helpdesk,helpdesk,helpdesk,helpdesk,,Helpdesk,Content,Content,,,Contenido,,Contenido,,Label of the content (Text Editor) field in DocType 'HD Article',etiqueta de campo/elemento,,helpdesk/helpdesk/doctype/hd_article/hd_article.json,helpdesk/helpdesk/doctype/hd_article/hd_article.json || helpdesk/helpdesk/doctype/hd_ticket_comment/hd_ticket_comment.json,helpdesk/helpdesk/doctype/hd_article/hd_article.json || helpdesk/helpdesk/doctype/hd_ticket_comment/hd_ticket_comment.json,doctype-json,Hd Article,"[""Label of the content (Text Editor) field in DocType 'HD Article'"", ""Label of the content (Text Editor) field in DocType 'HD Ticket Comment'"", ""Label of the content_section (Section Break) field in DocType 'HD Article'""]",,,,,,,existente correcta,revisado inicial Helpdesk,sí,sí,,,crossapp: Content→Contenido.,,,
helpdesk:d0d5c2c054d501e6,helpdesk,helpdesk,helpdesk,helpdesk,,Helpdesk,Content Type,Content Type,,,Tipo de contenido,,Tipo de contenido,,Label of the content_type (Data) field in DocType 'HD Ticket',etiqueta de campo/elemento,,helpdesk/helpdesk/doctype/hd_ticket/hd_ticket.json,helpdesk/helpdesk/doctype/hd_ticket/hd_ticket.json,helpdesk/helpdesk/doctype/hd_ticket/hd_ticket.json,doctype-json,Hd Ticket,"[""Label of the content_type (Data) field in DocType 'HD Ticket'""]",,,,,,,existente correcta,revisado inicial Helpdesk,sí,sí,,,Cross-app aprobado.,,,
helpdesk:8f6ac58422b52b35,helpdesk,helpdesk,src,src,,Src,Copied to clipboard.,Copied to clipboard.,,,,,Copiado al portapapeles.,,,,,desk/src/utils.ts:274,desk/src/utils.ts:274 || desk/src/utils.ts:31,,client-js,,[],,,,,,,traducción propuesta,revisado inicial Helpdesk,sí,sí,,,Coincide con crossapp 'Copied to clipboard.'.,,,"POT-only: en el universo fresco, sin traducir"
helpdesk:2a1be3dab338d428,helpdesk,helpdesk,src,src,,Src,Copy ticket URL,Copy ticket URL,,,Copiar URL del ticket,,Copiar URL del ticket,,,,,desk/src/components/modals/ShortcutsModal.vue:93,desk/src/components/modals/ShortcutsModal.vue:93,desk/src/components/modals/ShortcutsModal.vue:93,client-js,,[],,,,,,,existente correcta,revisado inicial Helpdesk,sí,sí,,,,,,
helpdesk:afdcf8df3a62abcd,helpdesk,helpdesk,src,src,,Src,Copy ticket id,Copy ticket id,,,Copiar ID del ticket,,Copiar ID del ticket,,,,,desk/src/components/modals/ShortcutsModal.vue:92,desk/src/components/modals/ShortcutsModal.vue:92,desk/src/components/modals/ShortcutsModal.vue:92,client-js,,[],,,,,,,existente correcta,revisado inicial Helpdesk,sí,sí,,,,,,
helpdesk:c3c587f8ad50734e,helpdesk,helpdesk,helpdesk,helpdesk,,Helpdesk,Could not an email due to: {0},Could not an email due to: {0},,,No se pudo enviar un correo electrónico a: {0},,No se pudo enviar un correo debido a: {0},,,,,helpdesk/helpdesk/doctype/hd_ticket/hd_ticket.py:727,helpdesk/helpdesk/doctype/hd_ticket/hd_ticket.py:727,helpdesk/helpdesk/doctype/hd_ticket/hd_ticket.py:669,doctype-controller,Hd Ticket,[],{0},{0},{0},ok,,,existente mejorable,revisado inicial Helpdesk,sí,sí,,,msgid origen roto ('Could not an email'); upstream cambió sentido a 'enviar a: {0}'. Corregido a 'debido a'. Placeholder {0} preservado.,,,
helpdesk:2b5b8ceb9bb8e890,helpdesk,helpdesk,patches,patches,,Patches,Could not find the `name` column in tabHD Ticket,Could not find the `name` column in tabHD Ticket,,,,,No se pudo encontrar la columna `name` en tabHD Ticket,,,,,helpdesk/patches/set_hd_ticket_naming_series.py:37,helpdesk/patches/set_hd_ticket_naming_series.py:37,helpdesk/patches/set_hd_ticket_naming_series.py:37,python,,[],,,,,,,traducción propuesta,revisado inicial Helpdesk,sí,sí,,,Identificadores técnicos `name` y tabHD Ticket sin traducir.,,,
helpdesk:5f5e0b447d31f818,helpdesk,helpdesk,patches,patches,,Patches,Could not migrate contacts for {0} customer(s): {1}. Fix the underlying data and re-run the patch.,Could not migrate contacts for {0} customer(s): {1}. Fix the underlying data and re-run the patch.,,,,,No se pudieron migrar los contactos de {0} cliente(s): {1}. Corrige los datos subyacentes y vuelve a ejecutar el patch.,,,,,helpdesk/patches/move_contact_dynamic_link_to_hd_customer.py:74,helpdesk/patches/move_contact_dynamic_link_to_hd_customer.py:74,,python,,[],{0};{1},,{0};{1},ok,,,traducción propuesta,revisado inicial Helpdesk,sí,sí,,,Placeholders {0} y {1} preservados; customer→cliente.,,,"POT-only: en el universo fresco, sin traducir"
helpdesk:457d55d6206cd559,helpdesk,helpdesk,helpdesk,helpdesk,,Helpdesk,Could not send an acknowledgement email due to: {0},Could not send an acknowledgement email due to: {0},,,No se ha podido enviar un correo electrónico de acuse de recibo debido a: {0},,No se pudo enviar un correo de acuse de recibo debido a: {0},,,,,helpdesk/helpdesk/doctype/hd_ticket/hd_ticket.py:886,helpdesk/helpdesk/doctype/hd_ticket/hd_ticket.py:886,helpdesk/helpdesk/doctype/hd_ticket/hd_ticket.py:830,doctype-controller,Hd Ticket,[],{0},{0},{0},ok,,,existente mejorable,revisado inicial Helpdesk,sí,sí,,,Placeholder {0} preservado; MX natural.,,,
helpdesk:e4182df228522665,helpdesk,helpdesk,helpdesk,helpdesk,,Helpdesk,"Could not send feedback email,due to: {0}","Could not send feedback email,due to: {0}",,,No se pudo enviar un correo electrónico de comentarios debido a: {0},,No se pudo enviar un correo de comentarios debido a: {0},,,,,helpdesk/helpdesk/doctype/hd_ticket/hd_ticket.py:168,helpdesk/helpdesk/doctype/hd_ticket/hd_ticket.py:168,helpdesk/helpdesk/doctype/hd_ticket/hd_ticket.py:169,doctype-controller,Hd Ticket,[],{0},{0},{0},ok,,,existente mejorable,revisado inicial Helpdesk,sí,sí,,,feedback→comentarios; placeholder {0} preservado.,,,
helpdesk:91a5d5de9fc3d756,helpdesk,helpdesk,src,src,,Src,Could not update status.,Could not update status.,,,,,No se pudo actualizar el estado.,,,,,desk/src/stores/agentStatus.ts:81,desk/src/stores/agentStatus.ts:81,,client-js,,[],,,,,,,traducción propuesta,revisado inicial Helpdesk,sí,sí,,,Vacío en upstream. Status->estado.,,,"POT-only: en el universo fresco, sin traducir"
helpdesk:118606c3261383e4,helpdesk,helpdesk,src,helpdesk;src,sí,Src,Country,Country,,,,,País,,Label of the country (Link) field in DocType 'HD Customer',etiqueta de campo/elemento,,desk/src/components/customer/NewCustomerDialog.vue:35,desk/src/components/customer/NewCustomerDialog.vue:35 || desk/src/composables/customer.ts:186 || helpdesk/helpdesk/doctype/hd_customer/hd_customer.json,,client-js,HD Customer,"[""Label of the country (Link) field in DocType 'HD Customer'""]",,,,,,,traducción propuesta,revisado inicial Helpdesk,sí,sí,,,Country→País (crossapp).,,,"POT-only: en el universo fresco, sin traducir"
helpdesk:3f66ec945654304c,helpdesk,helpdesk,src,src,,Src,Create,Create,,,Crear,,Crear,,,,,desk/src/components/Settings/EmailAdd.vue:153,desk/src/components/Settings/EmailAdd.vue:153 || desk/src/components/Settings/NewTeamModal.vue:7 || desk/src/components/contact/NewContactDialog.vue:102 || desk/src/components/customer/NewCustomerDialog.vue:99 || desk/src/components/layouts/Sidebar.vue:334 || desk/src/pages/call-logs/CallLogModal.vue:225 || desk/src/pages/contact/Contacts.vue:11 || desk/src/pages/customer/Customers.vue:11 || desk/src/pages/knowledge-base/KnowledgeBaseAgent.vue:11 || desk/src/pages/knowledge-base/NewArticle.vue:29 || desk/src/pages/ticket/Tickets.vue:20,desk/src/components/Settings/EmailAdd.vue:152 || desk/src/components/Settings/NewTeamModal.vue:7 || desk/src/components/desk/global/NewContactDialog.vue:39 || desk/src/components/layouts/Sidebar.vue:544 || desk/src/pages/call-logs/CallLogModal.vue:225 || desk/src/pages/knowledge-base/KnowledgeBaseAgent.vue:12 || desk/src/pages/knowledge-base/NewArticle.vue:29,client-js,,[],,,,,,,existente correcta,revisado inicial Helpdesk,sí,sí,,,crossapp: Create→Crear.,,,
helpdesk:95fd97ad607d436b,helpdesk,helpdesk,src,src,,Src,Create & invite a contact,Create & invite a contact,,,Crear e invitar a un contacto,,Crear e invitar a un contacto,,,,,desk/src/components/layouts/Sidebar.vue:327,desk/src/components/layouts/Sidebar.vue:327 || desk/src/components/layouts/Sidebar.vue:333,desk/src/components/layouts/Sidebar.vue:537 || desk/src/components/layouts/Sidebar.vue:543,client-js,,[],,,,,,,existente correcta,revisado inicial Helpdesk,sí,sí,,,Contact->Contacto.,,,
helpdesk:5a3e117e60175637,helpdesk,helpdesk,src,src,,Src,Create Contact,Create Contact,,,,,Crear contacto,,,,,desk/src/components/contact/NewContactDialog.vue:5,desk/src/components/contact/NewContactDialog.vue:5,,client-js,,[],,,,,,,traducción propuesta,revisado inicial Helpdesk,sí,sí,,,Create Contact; Contact→Contacto.,,,"POT-only: en el universo fresco, sin traducir"
helpdesk:384b41fd4eb6775d,helpdesk,helpdesk,src,src,,Src,Create Customer,Create Customer,,,,,Crear cliente,,,,,desk/src/components/customer/NewCustomerDialog.vue:4,desk/src/components/customer/NewCustomerDialog.vue:4,,client-js,,[],,,,,,,traducción propuesta,revisado inicial Helpdesk,sí,sí,,,Create Customer→Crear cliente (crossapp).,,,"POT-only: en el universo fresco, sin traducir"
helpdesk:c24b18ade34b45c0,helpdesk,helpdesk,src,src,,Src,Create View,Create View,,,,,Crear vista,,,,,desk/src/pages/ticket/Tickets.vue:390,desk/src/pages/ticket/Tickets.vue:390 || desk/src/pages/ticket/Tickets.vue:394,desk/src/pages/ticket/Tickets.vue:397 || desk/src/pages/ticket/Tickets.vue:401,client-js,,[],,,,,,,traducción propuesta,revisado inicial Helpdesk,sí,sí,,,View→Vista.,,,
helpdesk:38bcec67381710ab,helpdesk,helpdesk,src,src,,Src,Create a ticket,Create a ticket,,,Crear un ticket,,Crear un ticket,,,,,desk/src/components/layouts/Sidebar.vue:262,desk/src/components/layouts/Sidebar.vue:262,desk/src/components/layouts/Sidebar.vue:472,client-js,,[],,,,,,,existente correcta,revisado inicial Helpdesk,sí,sí,,,Ticket minúscula en oración.,,,
helpdesk:9ceef8302f4c8b29,helpdesk,helpdesk,src,src,,Src,Create an article,Create an article,,,Crear un artículo,,Crear un artículo,,,,,desk/src/components/layouts/Sidebar.vue:310,desk/src/components/layouts/Sidebar.vue:310,desk/src/components/layouts/Sidebar.vue:520,client-js,,[],,,,,,,existente correcta,revisado inicial Helpdesk,sí,sí,,,Article->Artículo.,,,
helpdesk:d9a2ee10f24cdaf5,helpdesk,helpdesk,src,src,,Src,Create and manage teams and assign agents to specific teams.,Create and manage teams and assign agents to specific teams.,,,Crear y gestionar equipos y asignar agentes a equipos específicos.,,Crear y gestionar equipos y asignar agentes a equipos específicos.,,,,,desk/src/components/Settings/Teams/TeamsList.vue:5,desk/src/components/Settings/Teams/TeamsList.vue:5,desk/src/components/Settings/Teams/TeamsList.vue:5,client-js,,[],,,,,,,existente correcta,revisado inicial Helpdesk,sí,sí,,,Correcta.,,,
helpdesk:ba5fd657637d3d89,helpdesk,helpdesk,src,src,,Src,Create field dependencies to dynamically update options based on user selections. Learn more about field dependencies,Create field dependencies to dynamically update options based on user selections. Learn more about field dependencies,,,,,Cree dependencias de campo para actualizar opciones dinámicamente según las selecciones del usuario. Más información sobre dependencias de campo,,,,,desk/src/components/Settings/FieldDependency/FieldDependencyList.vue:13,desk/src/components/Settings/FieldDependency/FieldDependencyList.vue:13,desk/src/components/Settings/FieldDependency/FieldDependencyList.vue:13,client-js,,[],,,,,,,traducción propuesta,revisado inicial Helpdesk + pase dirigido,sí,,,,Imperativo usted.,,,
helpdesk:ad762649eed97d17,helpdesk,helpdesk,src,src,,Src,Create my first ticket,Create my first ticket,,,,,Crear mi primer ticket,,,,,desk/src/pages/PersonaForm.vue:229,desk/src/pages/PersonaForm.vue:229,,client-js,,[],,,,,,,traducción propuesta,revisado inicial Helpdesk,sí,sí,,,Ticket protegido minúscula.,,,"POT-only: en el universo fresco, sin traducir"
helpdesk:ea31b4a15a5fecb5,helpdesk,helpdesk,src,src,,Src,Create new business holiday,Create new business holiday,,,Crear nuevo día festivo de empresa,,Crear nuevo día festivo de empresa,,,,,desk/src/components/Settings/Sla/SlaHolidays.vue:57,desk/src/components/Settings/Sla/SlaHolidays.vue:57,desk/src/components/Settings/Sla/SlaHolidays.vue:57,client-js,,[],,,,,,,existente correcta,revisado inicial Helpdesk,sí,sí,,,,,,
helpdesk:053cd3f1be3e4005,helpdesk,helpdesk,src,src,,Src,Created by,Created by,,,,,Creado por,,,,,desk/src/components/Settings/FieldDependency/FieldDependencyList.vue:68,desk/src/components/Settings/FieldDependency/FieldDependencyList.vue:68,desk/src/components/Settings/FieldDependency/FieldDependencyList.vue:69,client-js,,[],,,,,,,traducción propuesta,revisado inicial Helpdesk,sí,sí,,,Encabezado de columna.,,,
helpdesk:18e3babab041fc62,helpdesk,helpdesk,src,src,,Src,Current icon,Current icon,,,,,Icono actual,,,,,desk/src/components/ViewModal.vue:22,desk/src/components/ViewModal.vue:22,,client-js,,[],,,,,,,traducción propuesta,revisado inicial Helpdesk,sí,sí,,,Icon->Icono (crossapp).,,,"POT-only: en el universo fresco, sin traducir"
helpdesk:2a797bda378c9dd7,helpdesk,helpdesk,helpdesk,helpdesk,,Helpdesk,Custom Outside Working Hours Message,Custom Outside Working Hours Message,,,Mensaje personalizado fuera del horario laboral,,Mensaje personalizado fuera del horario laboral,,Label of the outside_working_hours_message (Small Text) field in DocType 'HD Settings',etiqueta de campo/elemento,,helpdesk/helpdesk/doctype/hd_settings/hd_settings.json,helpdesk/helpdesk/doctype/hd_settings/hd_settings.json,helpdesk/helpdesk/doctype/hd_settings/hd_settings.json,doctype-json,Hd Settings,"[""Label of the outside_working_hours_message (Small Text) field in DocType 'HD Settings'""]",,,,,,,existente correcta,revisado inicial Helpdesk,sí,sí,,,Correcta y natural.,,,
helpdesk:e64a2e16cf01dc21,helpdesk,helpdesk,src,src,,Src,Custom Range,Custom Range,,,,,Rango personalizado,,,,,desk/src/pages/dashboard/Dashboard.vue:509,desk/src/pages/dashboard/Dashboard.vue:509 || desk/src/pages/dashboard/Dashboard.vue:515 || desk/src/pages/home/components/AvgTimeMetrics.vue:179 || desk/src/pages/home/components/AvgTimeMetrics.vue:200 || desk/src/pages/home/components/RecentFeedback.vue:370 || desk/src/pages/home/components/RecentFeedback.vue:396,desk/src/pages/dashboard/Dashboard.vue:509 || desk/src/pages/dashboard/Dashboard.vue:515 || desk/src/pages/home/components/AvgTimeMetrics.vue:179 || desk/src/pages/home/components/AvgTimeMetrics.vue:200 || desk/src/pages/home/components/RecentFeedback.vue:376 || desk/src/pages/home/components/RecentFeedback.vue:402,client-js,,[],,,,,,,traducción propuesta,revisado inicial Helpdesk,sí,sí,,,crossapp Custom Range->Rango Personalizado; minúscula en oración.,,,
helpdesk:7ce74a0ce843a467,helpdesk,helpdesk,src,helpdesk;src,sí,Mesa de Ayuda,Customer,Customer,,,Cliente,,Cliente,,Mesa de Ayuda,campo,soporte,desk/src/components/contact/EditContactDialog.vue:120,desk/src/components/contact/EditContactDialog.vue:120 || desk/src/components/customer/ContactCard.vue:169 || desk/src/components/customer/EditCustomerDialog.vue:30 || desk/src/components/customer/InviteContactDialog.vue:129 || desk/src/components/customer/NewCustomerDialog.vue:14 || desk/src/components/layouts/Sidebar.vue:405 || desk/src/composables/contact.ts:464 || desk/src/pages/contact/Contact.vue:81 || helpdesk/helpdesk/doctype/hd_ticket/hd_ticket.json,desk/src/components/desk/global/NewContactDialog.vue:141 || desk/src/components/layouts/Sidebar.vue:615 || desk/src/pages/desk/contact/ContactDialog.vue:58 || helpdesk/helpdesk/doctype/hd_ticket/hd_ticket.json,client-js,HD Ticket,"[""Label of the customer (Link) field in DocType 'HD Ticket'""]",,,,,,,existente correcta,revisado inicial Helpdesk,sí,,,,LOCKED (human_authored); preservado verbatim.,,,
helpdesk:8b9621d3da385ec1,helpdesk,helpdesk,src,src,,Src,Customer Manager,Customer Manager,,,,,Administrador del cliente,,,,,desk/src/components/customer/ContactCard.vue:177,desk/src/components/customer/ContactCard.vue:177 || desk/src/components/customer/InviteContactDialog.vue:130 || desk/src/components/layouts/CustomerPortalPermissionDialog.vue:18,,client-js,,[],,,,,,,traducción propuesta,revisado inicial Helpdesk,sí,sí,,,Customer Manager: rol de gestor del cliente.,,,"POT-only: en el universo fresco, sin traducir"
helpdesk:4d74d619a256871c,helpdesk,helpdesk,helpdesk,helpdesk,,Helpdesk,Customer Name,Customer Name,,,Nombre del cliente,,Nombre del cliente,,Label of the customer_name (Data) field in DocType 'HD Customer',etiqueta de campo/elemento,,helpdesk/helpdesk/doctype/hd_customer/hd_customer.json,helpdesk/helpdesk/doctype/hd_customer/hd_customer.json,helpdesk/helpdesk/doctype/hd_customer/hd_customer.json,doctype-json,Hd Customer,"[""Label of the customer_name (Data) field in DocType 'HD Customer'""]",,,,,,,existente correcta,revisado inicial Helpdesk,sí,sí,,,Customer Name→Nombre del cliente (crossapp).,,,
helpdesk:dc4ead617cca9342,helpdesk,helpdesk,src,helpdesk;src,sí,Src,Customer Type,Customer Type,,,,,Tipo de Cliente,,Label of the customer_type (Select) field in DocType 'HD Customer',etiqueta de campo/elemento,,desk/src/components/customer/NewCustomerDialog.vue:30,desk/src/components/customer/NewCustomerDialog.vue:30 || desk/src/composables/customer.ts:180 || helpdesk/helpdesk/doctype/hd_customer/hd_customer.json,,client-js,HD Customer,"[""Label of the customer_type (Select) field in DocType 'HD Customer'""]",,,,,,,traducción propuesta,revisado inicial Helpdesk,sí,sí,,,Customer Type→Tipo de Cliente (crossapp).,,,"POT-only: en el universo fresco, sin traducir"
helpdesk:f77d76738f70d2a8,helpdesk,helpdesk,src,src,,Src,Customer created,Customer created,,,,,Cliente creado,,,,,desk/src/components/customer/NewCustomerDialog.vue:141,desk/src/components/customer/NewCustomerDialog.vue:141,,client-js,,[],,,,,,,traducción propuesta,revisado inicial Helpdesk,sí,sí,,,Customer created; Customer→Cliente.,,,"POT-only: en el universo fresco, sin traducir"
helpdesk:f8989064ce4fb88c,helpdesk,helpdesk,src,src,,Src,Customer created · invitation sent to {0},Customer created · invitation sent to {0},,,,,Cliente creado · invitación enviada a {0},,,,,desk/src/components/customer/NewCustomerDialog.vue:140,desk/src/components/customer/NewCustomerDialog.vue:140,,client-js,,[],{0},,{0},ok,,,traducción propuesta,revisado inicial Helpdesk,sí,sí,,,Placeholder {0} y separador · preservados.,,,"POT-only: en el universo fresco, sin traducir"
helpdesk:6d8dde93fc971dd1,helpdesk,helpdesk,src,src,,Src,Customer name cannot be empty,Customer name cannot be empty,,,,,El nombre del cliente no puede estar vacío,,,,,desk/src/components/customer/EditCustomerDialog.vue:119,desk/src/components/customer/EditCustomerDialog.vue:119,,client-js,,[],,,,,,,traducción propuesta,revisado inicial Helpdesk,sí,sí,,,Customer→cliente.,,,"POT-only: en el universo fresco, sin traducir"
helpdesk:2b41efce36b70dd1,helpdesk,helpdesk,src,src,,Src,Customer portal,Customer portal,,,Portal del cliente,,Portal del cliente,,,,,desk/src/components/layouts/MobileSidebar.vue:85,desk/src/components/layouts/MobileSidebar.vue:85 || desk/src/components/layouts/Sidebar.vue:150,desk/src/components/layouts/Sidebar.vue:357,client-js,,[],,,,,,,existente correcta,revisado inicial Helpdesk,sí,sí,,,Customer->Cliente.,,,
helpdesk:6f7792853a6c8fe7,helpdesk,helpdesk,src,src,,Src,Customer portal permissions have changed,Customer portal permissions have changed,,,,,Los permisos del portal del cliente han cambiado,,,,,desk/src/components/layouts/CustomerPortalPermissionDialog.vue:4,desk/src/components/layouts/CustomerPortalPermissionDialog.vue:4,,client-js,,[],,,,,,,traducción propuesta,revisado inicial Helpdesk,sí,sí,,,Customer portal permissions have changed.,,,"POT-only: en el universo fresco, sin traducir"
helpdesk:e72e1f18db9ad530,helpdesk,helpdesk,src,src,,Src,Customer portal update,Customer portal update,,,,,Actualización del portal del cliente,,,,,desk/src/components/layouts/CustomerPortalPermissionBanner.vue:10,desk/src/components/layouts/CustomerPortalPermissionBanner.vue:10,,client-js,,[],,,,,,,traducción propuesta,revisado inicial Helpdesk,sí,sí,,,Customer portal update.,,,"POT-only: en el universo fresco, sin traducir"
helpdesk:a7072e3b9ca2ea79,helpdesk,helpdesk,src,src,,Src,Customer updated,Customer updated,,,,,Cliente actualizado,,,,,desk/src/components/customer/EditCustomerDialog.vue:136,desk/src/components/customer/EditCustomerDialog.vue:136 || desk/src/components/customer/EditCustomerDialog.vue:150,,client-js,,[],,,,,,,traducción propuesta,revisado inicial Helpdesk,sí,sí,,,Customer updated; Customer→Cliente.,,,"POT-only: en el universo fresco, sin traducir"
helpdesk:569fd00deecf4a04,helpdesk,helpdesk,src,src,,Src,Customers,Customers,,,,,Clientes,,,,,desk/src/components/layouts/layoutSettings.ts:32,desk/src/components/layouts/layoutSettings.ts:32 || desk/src/pages/customer/Customer.vue:200 || desk/src/pages/customer/Customers.vue:6,,client-js,,[],,,,,,,traducción propuesta,revisado inicial Helpdesk,sí,sí,,,Crossapp: Customers=Clientes.,,,"POT-only: en el universo fresco, sin traducir"
helpdesk:b1e687550f0805dc,helpdesk,helpdesk,src,src,,Src,Customers are in sync,Customers are in sync,,,,,Los clientes están sincronizados,,,,,desk/src/components/erpnext-integration/ERPNextIntegrationSettings.vue:82,desk/src/components/erpnext-integration/ERPNextIntegrationSettings.vue:82,desk/src/components/erpnext-integration/ERPNextIntegrationSettings.vue:82,client-js,,[],,,,,,,traducción propuesta,revisado inicial Helpdesk,sí,sí,,,Customers in sync.,,,
helpdesk:862d7bd5ea11708b,helpdesk,helpdesk,src,src,,Src,Customizations,Customizations,,,,,Personalizaciones,,,,,desk/src/components/layouts/Sidebar.vue:414,desk/src/components/layouts/Sidebar.vue:414,desk/src/components/layouts/Sidebar.vue:624,client-js,,[],,,,,,,traducción propuesta,revisado inicial Helpdesk,sí,sí,,,Customizations.,,,
helpdesk:729cf2ece5c36cf8,helpdesk,helpdesk,src,src,,Src,Customize your email notification preferences to stay informed about important updates and activities.,Customize your email notification preferences to stay informed about important updates and activities.,,,Personalice sus preferencias de notificación por correo electrónico para mantenerse informado sobre actualizaciones y actividades importantes.,,Personalice sus preferencias de notificación por correo electrónico para mantenerse informado sobre actualizaciones y actividades importantes.,,,,,desk/src/components/Settings/EmailNotifications/NotificationList.vue:5,desk/src/components/Settings/EmailNotifications/NotificationList.vue:5,desk/src/components/Settings/EmailNotifications/NotificationList.vue:5,client-js,,[],,,,,,,existente correcta,revisado inicial Helpdesk,sí,sí,,,Correcta; registro formal aceptable.,,,
helpdesk:1ab63b4cbff0d9d8,helpdesk,helpdesk,helpdesk,helpdesk,,Helpdesk,Cyan,Cyan,,,Cian,,Cian,,Option for the 'Color' (Select) field in DocType 'HD Agent Status',opción de campo select,,helpdesk/helpdesk/doctype/hd_agent_status/hd_agent_status.json,helpdesk/helpdesk/doctype/hd_agent_status/hd_agent_status.json || helpdesk/helpdesk/doctype/hd_ticket_status/hd_ticket_status.json,helpdesk/helpdesk/doctype/hd_agent_status/hd_agent_status.json || helpdesk/helpdesk/doctype/hd_ticket_status/hd_ticket_status.json,doctype-json,Hd Agent Status,"[""Option for the 'Color' (Select) field in DocType 'HD Agent Status'"", ""Option for the 'Color' (Select) field in DocType 'HD Ticket Status'""]",,,,,,,existente correcta,revisado inicial Helpdesk,sí,sí,,,Cyan→Cian (crossapp).,,,
helpdesk:2cd7f058c2379d15,helpdesk,helpdesk,src,src,,Src,Danger,Danger,,,Peligro,,Peligro,,,,,desk/src/components/layouts/Sidebar.vue:135,desk/src/components/layouts/Sidebar.vue:135 || desk/src/components/layouts/Sidebar.vue:184 || desk/src/pages/contact/Contact.vue:310 || desk/src/pages/customer/Customer.vue:213 || desk/src/pages/knowledge-base/Article.vue:651,desk/src/components/layouts/Sidebar.vue:340 || desk/src/components/layouts/Sidebar.vue:391 || desk/src/pages/knowledge-base/Article.vue:658,client-js,,[],,,,,,,existente correcta,revisado inicial Helpdesk,sí,sí,,,crossapp Danger->Peligro.,,,
helpdesk:f18ea988f0f1f1a3,helpdesk,helpdesk,src,src,,Src,Dashboard,Dashboard,,,Tablero,,Tablero,,,,,desk/src/components/layouts/layoutSettings.ts:17,desk/src/components/layouts/layoutSettings.ts:17 || desk/src/pages/dashboard/Dashboard.vue:567,desk/src/pages/dashboard/Dashboard.vue:567,client-js,,[],,,,,,,existente correcta,revisado inicial Helpdesk,sí,sí,,,Crossapp: Dashboard=Tablero.,,,
helpdesk:ed52d002e2c835fe,helpdesk,helpdesk,src,src,,Src,Dashboard saved,Dashboard saved,,,,,Tablero guardado,,,,,desk/src/pages/home/Home.vue:264,desk/src/pages/home/Home.vue:264 || desk/src/pages/home/Home.vue:286,desk/src/pages/home/Home.vue:264 || desk/src/pages/home/Home.vue:286,client-js,,[],,,,,,,traducción propuesta,revisado inicial Helpdesk,sí,sí,,,Dashboard->Tablero; mensaje de éxito.,,,
helpdesk:a5a6797ff8848331,helpdesk,helpdesk,helpdesk,helpdesk,,Helpdesk,Date,Date,,,Fecha,,Fecha,,Label of the holiday_date (Date) field in DocType 'HD Holiday',etiqueta de campo/elemento,,helpdesk/helpdesk/doctype/hd_holiday/hd_holiday.json,helpdesk/helpdesk/doctype/hd_holiday/hd_holiday.json || helpdesk/helpdesk/report/support_hour_distribution/support_hour_distribution.py:77,helpdesk/helpdesk/doctype/hd_holiday/hd_holiday.json || helpdesk/helpdesk/report/support_hour_distribution/support_hour_distribution.py:77,doctype-json,Hd Holiday,"[""Label of the holiday_date (Date) field in DocType 'HD Holiday'""]",,,,,,,existente correcta,revisado inicial Helpdesk,sí,sí,,,crossapp 'Date'='Fecha'.,,,
helpdesk:7555e390c7f7d564,helpdesk,helpdesk,helpdesk,helpdesk,,Helpdesk,Day count for auto closing tickets cannot be negative or zero,Day count for auto closing tickets cannot be negative or zero,,,El recuento de días para los tickets de cierre automático no puede ser negativo o cero,,El recuento de días para el cierre automático de tickets no puede ser negativo ni cero,,,,,helpdesk/helpdesk/doctype/hd_settings/hd_settings.py:29,helpdesk/helpdesk/doctype/hd_settings/hd_settings.py:29,helpdesk/helpdesk/doctype/hd_settings/hd_settings.py:29,doctype-controller,Hd Settings,[],,,,,,,existente mejorable,revisado inicial Helpdesk,sí,sí,,,Ajuste leve: 'tickets de cierre automático'→'cierre automático de tickets' (más claro); ticket protegido.,,,
helpdesk:720af6b5a03785ba,helpdesk,helpdesk,src,src,,Src,Days,Days,,,Dias,,Días,,,,,desk/src/components/Settings/Assignment Rules/AssignmentSchedule.vue:38,desk/src/components/Settings/Assignment Rules/AssignmentSchedule.vue:38,desk/src/components/Settings/Assignment || Rules/AssignmentSchedule.vue:38,client-js,,[],,,,,,,existente mejorable,revisado inicial Helpdesk,sí,sí,,,Cross-app Days->Días; upstream 'Dias' sin tilde.,,,
helpdesk:2b6f29a891f3a457,helpdesk,helpdesk,src,src,,Src,Default Inbox,Default Inbox,,,Bandeja de entrada predeterminada,,Bandeja de entrada predeterminada,,,,,desk/src/components/Settings/EmailAccountCard.vue:53,desk/src/components/Settings/EmailAccountCard.vue:53,desk/src/components/Settings/EmailAccountCard.vue:53,client-js,,[],,,,,,,existente correcta,revisado inicial Helpdesk,sí,sí,,,crossapp: Default Inbox.,,,
helpdesk:a9d27f8ff66a894b,helpdesk,helpdesk,src,src,,Src,Default Incoming,Default Incoming,,,,,Entrante predeterminado,,,,,desk/src/components/Settings/emailConfig.ts:45,desk/src/components/Settings/emailConfig.ts:45,,client-js,,[],,,,,,,traducción propuesta,revisado inicial Helpdesk,sí,sí,,,crossapp: Default Incoming→Entrante predeterminado.,,,"POT-only: en el universo fresco, sin traducir"
helpdesk:9125f224d3ce9c9c,helpdesk,helpdesk,src,src,,Src,Default Outgoing,Default Outgoing,,,,,Saliente predeterminado,,,,,desk/src/components/Settings/emailConfig.ts:53,desk/src/components/Settings/emailConfig.ts:53,,client-js,,[],,,,,,,traducción propuesta,revisado inicial Helpdesk,sí,sí,,,crossapp: Default Outgoing→Saliente predeterminado.,,,"POT-only: en el universo fresco, sin traducir"
helpdesk:c5f0007ddf885041,helpdesk,helpdesk,helpdesk,helpdesk,,Helpdesk,Default Priority,Default Priority,,,Prioridad predeterminada,,Prioridad predeterminada,,Label of the default_priority (Check) field in DocType 'HD Service Level Priority',etiqueta de campo/elemento,,helpdesk/helpdesk/doctype/hd_service_level_agreement/hd_service_level_agreement.json,helpdesk/helpdesk/doctype/hd_service_level_agreement/hd_service_level_agreement.json || helpdesk/helpdesk/doctype/hd_service_level_priority/hd_service_level_priority.json,helpdesk/helpdesk/doctype/hd_service_level_agreement/hd_service_level_agreement.json || helpdesk/helpdesk/doctype/hd_service_level_priority/hd_service_level_priority.json,doctype-json,Hd Service Level Agreement,"[""Label of the default_priority (Check) field in DocType 'HD Service Level Priority'"", ""Label of the default_priority (Link) field in DocType 'HD Service Level Agreement'""]",,,,,,,existente correcta,revisado inicial Helpdesk,sí,sí,,,Cross-app Default Priority.,,,
helpdesk:89f189f98f411838,helpdesk,helpdesk,helpdesk,helpdesk,,Helpdesk,Default SLA,Default SLA,,,ANS predeterminado,,SLA predeterminado,,Label of the default_sla (Check) field in DocType 'HD Service Level Agreement',etiqueta de campo/elemento,,helpdesk/helpdesk/doctype/hd_service_level_agreement/hd_service_level_agreement.json,helpdesk/helpdesk/doctype/hd_service_level_agreement/hd_service_level_agreement.json,helpdesk/helpdesk/doctype/hd_service_level_agreement/hd_service_level_agreement.json,doctype-json,Hd Service Level Agreement,"[""Label of the default_sla (Check) field in DocType 'HD Service Level Agreement'""]",,,,,,,existente mejorable,revisado inicial Helpdesk,sí,sí,,,Revertido ANS->SLA.,,,
helpdesk:a3a700793a8ff27b,helpdesk,helpdesk,src,src,,Src,Default Sending,Default Sending,,,Envío por defecto,,Envío por defecto,,,,,desk/src/components/Settings/EmailAccountCard.vue:56,desk/src/components/Settings/EmailAccountCard.vue:56,desk/src/components/Settings/EmailAccountCard.vue:56,client-js,,[],,,,,,,existente correcta,revisado inicial Helpdesk,sí,sí,,,crossapp: Default Sending→Envío por defecto.,,,
helpdesk:2098e81977c3323a,helpdesk,helpdesk,src,src,,Src,Default Sending and Inbox,Default Sending and Inbox,,,Bandeja de entrada y envío por defecto,,Bandeja de entrada y envío por defecto,,,,,desk/src/components/Settings/EmailAccountCard.vue:50,desk/src/components/Settings/EmailAccountCard.vue:50,desk/src/components/Settings/EmailAccountCard.vue:50,client-js,,[],,,,,,,existente correcta,revisado inicial Helpdesk,sí,sí,,,crossapp: Default Sending and Inbox.,,,
helpdesk:415d0cf15b207444,helpdesk,helpdesk,helpdesk,helpdesk,,Helpdesk,Default Ticket Status,Default Ticket Status,,,Estado predeterminado del ticket,,Estado predeterminado del ticket,,Label of the default_ticket_status (Link) field in DocType 'HD Service Level Agreement',etiqueta de campo/elemento,,helpdesk/helpdesk/doctype/hd_service_level_agreement/hd_service_level_agreement.json,helpdesk/helpdesk/doctype/hd_service_level_agreement/hd_service_level_agreement.json,helpdesk/helpdesk/doctype/hd_service_level_agreement/hd_service_level_agreement.json,doctype-json,Hd Service Level Agreement,"[""Label of the default_ticket_status (Link) field in DocType 'HD Service Level Agreement'""]",,,,,,,existente correcta,revisado inicial Helpdesk,sí,sí,,,"ticket protegido, minúscula en frase.",,,
helpdesk:aa1895c65aae8c9f,helpdesk,helpdesk,src,src,,Src,Default Views,Default Views,,,Vistas predeterminadas,,Vistas predeterminadas,,,,,desk/src/composables/useView.ts:204,desk/src/composables/useView.ts:204 || desk/src/pages/ticket/Tickets.vue:347,desk/src/pages/ticket/Tickets.vue:354 || desk/src/pages/ticket/Tickets.vue:447,client-js,,[],,,,,,,existente correcta,revisado inicial Helpdesk,sí,sí,,,,,,
helpdesk:b6ed9a132e1d963c,helpdesk,helpdesk,src,src,,Src,Default actions,Default actions,,,Acciones predeterminadas,,Acciones predeterminadas,,,,,desk/src/components/ticket-agent/TicketHeader.vue:264,desk/src/components/ticket-agent/TicketHeader.vue:264 || desk/src/components/ticket-agent/TicketHeader.vue:275,desk/src/components/ticket-agent/TicketHeader.vue:264 || desk/src/components/ticket-agent/TicketHeader.vue:275,client-js,,[],,,,,,,existente correcta,revisado inicial Helpdesk,sí,sí,,,,,,
helpdesk:6605a5090f4b6c4f,helpdesk,helpdesk,src,src,,Src,Default calling medium for logged in user,Default calling medium for logged in user,,,Medio de llamada predeterminado para el usuario que ha iniciado sesión,,Medio de llamada predeterminado para el usuario que ha iniciado sesión,,,,,desk/src/components/Settings/Telephony/Telephony.vue:45,desk/src/components/Settings/Telephony/Telephony.vue:45,desk/src/components/Settings/Telephony/Telephony.vue:45,client-js,,[],,,,,,,existente correcta,revisado inicial Helpdesk,sí,sí,,,Default calling medium for logged in user.,,,
helpdesk:cb9004e91392c5e3,helpdesk,helpdesk,src,src,,Src,Default medium,Default medium,,,Medio predeterminado,,Medio predeterminado,,,,,desk/src/components/Settings/Telephony/Telephony.vue:42,desk/src/components/Settings/Telephony/Telephony.vue:42,desk/src/components/Settings/Telephony/Telephony.vue:42,client-js,,[],,,,,,,existente correcta,revisado inicial Helpdesk,sí,sí,,,Etiqueta de opción de telefonía; natural y correcta.,,,
helpdesk:984df8ea7dd8f5b0,helpdesk,helpdesk,helpdesk,helpdesk,,Helpdesk,Default priority,Default priority,,,Prioridad predeterminada,,Prioridad predeterminada,,Label of the default_priority (Link) field in DocType 'HD Settings',etiqueta de campo/elemento,,helpdesk/helpdesk/doctype/hd_settings/hd_settings.json,helpdesk/helpdesk/doctype/hd_settings/hd_settings.json,helpdesk/helpdesk/doctype/hd_settings/hd_settings.json,doctype-json,Hd Settings,"[""Label of the default_priority (Link) field in DocType 'HD Settings'""]",,,,,,,existente correcta,revisado inicial Helpdesk,sí,sí,,,Crossapp: Default Priority=Prioridad predeterminada.,,,
helpdesk:695d0d2aa308ac62,helpdesk,helpdesk,helpdesk,helpdesk,,Helpdesk,Default template can not be deleted,Default template can not be deleted,,,La plantilla predeterminada no se puede eliminar,,La plantilla predeterminada no se puede eliminar,,,,,helpdesk/helpdesk/doctype/hd_ticket_template/hd_ticket_template.py:63,helpdesk/helpdesk/doctype/hd_ticket_template/hd_ticket_template.py:63,helpdesk/helpdesk/doctype/hd_ticket_template/hd_ticket_template.py:63,doctype-controller,Hd Ticket Template,[],,,,,,,existente correcta,revisado inicial Helpdesk,sí,sí,,,Correcta y natural.,,,
helpdesk:9d62d20c97716c70,helpdesk,helpdesk,helpdesk,helpdesk,,Helpdesk,Default ticket status,Default ticket status,,,Estado del ticket predeterminado,,Estado del ticket predeterminado,,Label of the default_ticket_status (Link) field in DocType 'HD Settings',etiqueta de campo/elemento,,helpdesk/helpdesk/doctype/hd_settings/hd_settings.json,helpdesk/helpdesk/doctype/hd_settings/hd_settings.json,helpdesk/helpdesk/doctype/hd_settings/hd_settings.json,doctype-json,Hd Settings,"[""Label of the default_ticket_status (Link) field in DocType 'HD Settings'""]",,,,,,,existente correcta,revisado inicial Helpdesk,sí,sí,,,ticket protegido; Estado=Status; correcta.,,,
helpdesk:4537c9ff3da27f4d,helpdesk,helpdesk,helpdesk,helpdesk;src,sí,Helpdesk,Default ticket type,Default ticket type,,,Tipo de ticket predeterminado,,Tipo de ticket predeterminado,,Label of the default_ticket_type (Link) field in DocType 'HD Settings',etiqueta de campo/elemento,,desk/src/components/Settings/General/components/TicketSettings.vue:129,desk/src/components/Settings/General/components/TicketSettings.vue:129 || helpdesk/helpdesk/doctype/hd_settings/hd_settings.json,desk/src/components/Settings/General/components/TicketSettings.vue:129 || helpdesk/helpdesk/doctype/hd_settings/hd_settings.json,client-js,HD Settings,"[""Label of the default_ticket_type (Link) field in DocType 'HD Settings'""]",,,,,,,existente correcta,revisado inicial Helpdesk,sí,sí,,,Ticket protegido; natural.,,,
helpdesk:a6a1a9b35cb27d68,helpdesk,helpdesk,src,src,,Src,Define who receives the tickets and how they’re distributed among agents.,Define who receives the tickets and how they’re distributed among agents.,,,Define quién recibe los tickets y cómo se distribuyen entre los agentes.,,Defina quién recibe los tickets y cómo se distribuyen entre los agentes.,,,,,desk/src/components/Settings/Assignment Rules/AssigneeRules.vue:9,desk/src/components/Settings/Assignment Rules/AssigneeRules.vue:9,desk/src/components/Settings/Assignment || Rules/AssigneeRules.vue:9,client-js,,[],,,,,,,existente mejorable,revisado inicial Helpdesk,sí,sí,,,Uniformado a 'Defina' (usted). Apóstrofo tipográfico del origen no es placeholder.,,,
helpdesk:0f21a92d22f8841e,helpdesk,helpdesk,src,src,,Src,Delete,Delete,,,Eliminar,,Eliminar,,,,,desk/src/components/DeleteWithTicketsDialog.vue:20,desk/src/components/DeleteWithTicketsDialog.vue:20 || desk/src/components/DeleteWithTicketsDialog.vue:63 || desk/src/components/ListViewBuilder.vue:233 || desk/src/components/ListViewBuilder.vue:237 || desk/src/components/ListViewBuilder.vue:243 || desk/src/components/ticket-agent/TicketHeader.vue:209 || desk/src/components/ticket-agent/TicketHeader.vue:279 || desk/src/components/ticket-agent/TicketHeader.vue:281 || desk/src/composables/useView.ts:286 || desk/src/pages/contact/Contact.vue:314 || desk/src/pages/customer/Customer.vue:217 || desk/src/pages/knowledge-base/KnowledgeBaseAgent.vue:176 || desk/src/pages/knowledge-base/KnowledgeBaseAgent.vue:195 || desk/src/pages/knowledge-base/KnowledgeBaseAgent.vue:204,desk/src/components/ListViewBuilder.vue:233 || desk/src/components/ListViewBuilder.vue:237 || desk/src/components/ListViewBuilder.vue:243 || desk/src/components/ticket-agent/TicketHeader.vue:209 || desk/src/components/ticket-agent/TicketHeader.vue:279 || desk/src/components/ticket-agent/TicketHeader.vue:281 || desk/src/pages/knowledge-base/KnowledgeBaseAgent.vue:180 || desk/src/pages/knowledge-base/KnowledgeBaseAgent.vue:199 || desk/src/pages/knowledge-base/KnowledgeBaseAgent.vue:208 || desk/src/pages/ticket/Tickets.vue:534,client-js,,[],,,,,,,existente correcta,revisado inicial Helpdesk,sí,sí,,,Cross-app Delete.,,,
helpdesk:04744e54a3221e3d,helpdesk,helpdesk,src,src,,Src,Delete Contact,Delete Contact,,,,,Eliminar contacto,,,,,desk/src/pages/customer/Customer.vue:94,desk/src/pages/customer/Customer.vue:94,,client-js,,[],,,,,,,traducción propuesta,revisado inicial Helpdesk,sí,sí,,,Delete Contact; Contact→Contacto.,,,"POT-only: en el universo fresco, sin traducir"
helpdesk:7f0f71fe333b0f60,helpdesk,helpdesk,src,src,,Src,Delete View,Delete View,,,,,Eliminar vista,,,,,desk/src/composables/useView.ts:282,desk/src/composables/useView.ts:282,desk/src/pages/ticket/Tickets.vue:530,client-js,,[],,,,,,,traducción propuesta,revisado inicial Helpdesk,sí,sí,,,,,,
helpdesk:87bd4c5c1b965c39,helpdesk,helpdesk,src,src,,Src,Delete articles,Delete articles,,,,,Eliminar artículos,,,,,desk/src/pages/knowledge-base/KnowledgeBaseAgent.vue:200,desk/src/pages/knowledge-base/KnowledgeBaseAgent.vue:200,desk/src/pages/knowledge-base/KnowledgeBaseAgent.vue:204,client-js,,[],,,,,,,traducción propuesta,revisado inicial Helpdesk,sí,sí,,,Vacío en upstream.,,,
helpdesk:28128f7944114fbd,helpdesk,helpdesk,src,src,,Src,Delete category?,Delete category?,,,¿Eliminar categoría?,,¿Eliminar categoría?,,,,,desk/src/pages/knowledge-base/KnowledgeBaseAgent.vue:317,desk/src/pages/knowledge-base/KnowledgeBaseAgent.vue:317,desk/src/pages/knowledge-base/KnowledgeBaseAgent.vue:321,client-js,,[],,,,,,,existente correcta,revisado inicial Helpdesk,sí,sí,,,Correcta.,,,
helpdesk:0739257985f3bfba,helpdesk,helpdesk,src,src,,Src,Delete {0},Delete {0},,,,,Eliminar {0},,,,,desk/src/composables/useView.ts:300,desk/src/composables/useView.ts:300,desk/src/pages/ticket/Tickets.vue:539,client-js,,[],{0},,{0},ok,,,traducción propuesta,revisado inicial Helpdesk,sí,sí,,,Coincide con crossapp 'Delete {0}'.,,,
helpdesk:f915bc0ca41aa688,helpdesk,helpdesk,src,src,,Src,Delete {0} ticket(s),Delete {0} ticket(s),,,,,Eliminar {0} ticket(s),,,,,desk/src/components/DeleteWithTicketsDialog.vue:10,desk/src/components/DeleteWithTicketsDialog.vue:10,,client-js,,[],{0},,{0},ok,,,traducción propuesta,revisado inicial Helpdesk,sí,sí,,,Ticket protegido; {0} preservado.,,,"POT-only: en el universo fresco, sin traducir"
helpdesk:9f1dba49497c2997,helpdesk,helpdesk,helpdesk,helpdesk;src,sí,Helpdesk,Description,Description,,,Descripción,,Descripción,,Label of a field in the tickets Web Form,etiqueta de campo/elemento,,desk/src/components/Settings/Assignment Rules/AssignmentRuleView.vue:114,desk/src/components/Settings/Assignment Rules/AssignmentRuleView.vue:114 || desk/src/components/Settings/Assignment Rules/AssignmentRuleView.vue:115 || desk/src/components/Settings/Holiday/HolidayView.vue:62 || desk/src/components/Settings/Holiday/HolidayView.vue:63 || desk/src/components/Settings/Sla/SlaPolicyView.vue:65 || desk/src/components/Settings/Sla/SlaPolicyView.vue:66 || helpdesk/helpdesk/doctype/hd_article_category/hd_article_category.json || helpdesk/helpdesk/doctype/hd_holiday/hd_holiday.json || helpdesk/helpdesk/doctype/hd_service_holiday_list/hd_service_holiday_list.json || helpdesk/helpdesk/doctype/hd_service_level_agreement/hd_service_level_agreement.json || helpdesk/helpdesk/doctype/hd_ticket/hd_ticket.json || helpdesk/helpdesk/doctype/hd_ticket_priority/hd_ticket_priority.json || helpdesk/helpdesk/doctype/hd_ticket_type/hd_ticket_type.json || helpdesk/helpdesk/web_form/tickets/tickets.json,desk/src/components/Settings/Assignment || Rules/AssignmentRuleView.vue:105 || Rules/AssignmentRuleView.vue:106 || desk/src/components/Settings/Holiday/HolidayView.vue:53 || desk/src/components/Settings/Holiday/HolidayView.vue:54 || desk/src/components/Settings/Sla/SlaPolicyView.vue:56 || desk/src/components/Settings/Sla/SlaPolicyView.vue:57 || helpdesk/helpdesk/doctype/hd_article_category/hd_article_category.json || helpdesk/helpdesk/doctype/hd_holiday/hd_holiday.json || helpdesk/helpdesk/doctype/hd_service_holiday_list/hd_service_holiday_list.json || helpdesk/helpdesk/doctype/hd_service_level_agreement/hd_service_level_agreement.json || helpdesk/helpdesk/doctype/hd_ticket/hd_ticket.json || helpdesk/helpdesk/doctype/hd_ticket_priority/hd_ticket_priority.json || helpdesk/helpdesk/doctype/hd_ticket_type/hd_ticket_type.json || helpdesk/helpdesk/web_form/tickets/tickets.json,client-js,tickets (Web Form),"[""Label of a field in the tickets Web Form"", ""Label of the description (Data) field in DocType 'HD Service Holiday List'"", ""Label of the description (Data) field in DocType 'HD Service Level Agreement'"", ""Label of the description (Small Text) field in DocType 'HD Ticket Priority'"", ""Label of the description (Small Text) field in DocType 'HD Ticket Type'"", ""Label of the description (Text Editor) field in DocType 'HD Holiday'"", ""Label of the description (Text Editor) field in DocType 'HD Ticket'"", ""Label of the description (Text) field in DocType 'HD Article Category'""]",,,,,,,existente correcta,revisado inicial Helpdesk,sí,sí,,,Cross-app: Description->Descripción.,,,
helpdesk:a17d559d3eb2eac7,helpdesk,helpdesk,helpdesk,helpdesk,,Helpdesk,Description Template,Description Template,,,Plantilla de descripción,,Plantilla de descripción,,Label of the description_template (Text Editor) field in DocType 'HD Ticket Template',etiqueta de campo/elemento,,helpdesk/helpdesk/doctype/hd_ticket_template/hd_ticket_template.json,helpdesk/helpdesk/doctype/hd_ticket_template/hd_ticket_template.json,helpdesk/helpdesk/doctype/hd_ticket_template/hd_ticket_template.json,doctype-json,Hd Ticket Template,"[""Label of the description_template (Text Editor) field in DocType 'HD Ticket Template'""]",,,,,,,existente correcta,revisado inicial Helpdesk,sí,sí,,,Correcta y natural.,,,
helpdesk:b30d0d55fb537f80,helpdesk,helpdesk,helpdesk,helpdesk,,Helpdesk,Description Weight,Description Weight,,,Peso de la descripción,,Peso de la descripción,,Label of the description_weight (Int) field in DocType 'HD Settings',etiqueta de campo/elemento,,helpdesk/helpdesk/doctype/hd_settings/hd_settings.json,helpdesk/helpdesk/doctype/hd_settings/hd_settings.json,helpdesk/helpdesk/doctype/hd_settings/hd_settings.json,doctype-json,Hd Settings,"[""Label of the description_weight (Int) field in DocType 'HD Settings'""]",,,,,,,existente correcta,revisado inicial Helpdesk,sí,sí,,,Peso de campo de búsqueda; correcta.,,,
helpdesk:14f9e9bca7e607d2,helpdesk,helpdesk,src,src,,Src,Detailed explanation,Detailed explanation,,,Explicación detallada,,Explicación detallada,,,,,desk/src/pages/ticket/TicketNew.vue:115,desk/src/pages/ticket/TicketNew.vue:115 || desk/src/pages/ticket/TicketNew.vue:90,desk/src/pages/ticket/TicketNew.vue:90 || desk/src/pages/ticket/TicketNew.vue:115,client-js,,[],,,,,,,existente correcta,revisado inicial Helpdesk,sí,sí,,,Natural MX.,,,
helpdesk:b3b4682458b6fab3,helpdesk,helpdesk,src,helpdesk;src,sí,Src,Details,Details,,,Detalles,,Detalles,,Label of the details_section (Section Break) field in DocType 'HD Notification',etiqueta de campo/elemento,,desk/src/pages/ticket/MobileTicketAgent.vue:444,desk/src/pages/ticket/MobileTicketAgent.vue:444 || desk/src/pages/ticket/MobileTicketAgent.vue:79 || desk/src/pages/ticket/TicketCustomer.vue:183 || helpdesk/helpdesk/doctype/hd_notification/hd_notification.json || helpdesk/helpdesk/doctype/hd_ticket/hd_ticket.json,desk/src/pages/ticket/MobileTicketAgent.vue:81 || desk/src/pages/ticket/MobileTicketAgent.vue:442 || desk/src/pages/ticket/TicketCustomer.vue:183 || helpdesk/helpdesk/doctype/hd_notification/hd_notification.json || helpdesk/helpdesk/doctype/hd_ticket/hd_ticket.json,client-js,HD Notification,"[""Label of the details_section (Section Break) field in DocType 'HD Notification'"", ""Label of the sb_details (Section Break) field in DocType 'HD Ticket'""]",,,,,,,existente correcta,revisado inicial Helpdesk,sí,sí,,,Cross-app aprobado.,,,
helpdesk:ff584d0f47935f26,helpdesk,helpdesk,src,src,,Src,Disable global saved replies,Disable global saved replies,,,Deshabilitar respuestas guardadas globales,,Deshabilitar respuestas guardadas globales,,,,,desk/src/components/Settings/General/components/TicketSettings.vue:67,desk/src/components/Settings/General/components/TicketSettings.vue:67,desk/src/components/Settings/General/components/TicketSettings.vue:67,client-js,,[],,,,,,,existente correcta,revisado inicial Helpdesk,sí,sí,,,,,,
helpdesk:4a205ecc68eb5712,helpdesk,helpdesk,helpdesk,helpdesk,,Helpdesk,Disable saved replies with scope 'Global',Disable saved replies with scope 'Global',,,Deshabilitar respuestas guardadas con ámbito 'Global',,Deshabilitar respuestas guardadas con alcance 'Global',,Label of the disable_saved_replies_global_scope (Check) field in DocType 'HD Settings',etiqueta de campo/elemento,,helpdesk/helpdesk/doctype/hd_settings/hd_settings.json,helpdesk/helpdesk/doctype/hd_settings/hd_settings.json,helpdesk/helpdesk/doctype/hd_settings/hd_settings.json,doctype-json,Hd Settings,"[""Label of the disable_saved_replies_global_scope (Check) field in DocType 'HD Settings'""]",,,,,,,existente mejorable,revisado inicial Helpdesk,sí,sí,,,Scope=Alcance (crossapp) en vez de 'ámbito' para consistencia.,,,
helpdesk:dbf4809a728ed48a,helpdesk,helpdesk,src,src,,Src,Disable signup,Disable signup,,,Desactivar registro,,Desactivar registro,,,,,desk/src/components/Settings/General/General.vue:47,desk/src/components/Settings/General/General.vue:47,desk/src/components/Settings/General/General.vue:47,client-js,,[],,,,,,,existente correcta,revisado inicial Helpdesk,sí,sí,,,Disable signup.,,,
helpdesk:80b9ad48c0ca813a,helpdesk,helpdesk,helpdesk,helpdesk;src,sí,Helpdesk,Disabled,Disabled,,,Deshabilitado,,Deshabilitado,,Label of the disabled (Check) field in DocType 'HD Team',etiqueta de campo/elemento,,desk/src/components/Settings/Teams/TeamsList.vue:64,desk/src/components/Settings/Teams/TeamsList.vue:64 || helpdesk/helpdesk/doctype/hd_team/hd_team.json || helpdesk/helpdesk/doctype/hd_ticket_feedback_option/hd_ticket_feedback_option.json || helpdesk/helpdesk/doctype/hd_ticket_priority/hd_ticket_priority.json || helpdesk/helpdesk/doctype/hd_ticket_type/hd_ticket_type.json,desk/src/components/Settings/Teams/TeamsList.vue:65 || helpdesk/helpdesk/doctype/hd_team/hd_team.json || helpdesk/helpdesk/doctype/hd_ticket_feedback_option/hd_ticket_feedback_option.json || helpdesk/helpdesk/doctype/hd_ticket_priority/hd_ticket_priority.json || helpdesk/helpdesk/doctype/hd_ticket_type/hd_ticket_type.json,client-js,HD Team,"[""Label of the disabled (Check) field in DocType 'HD Team'"", ""Label of the disabled (Check) field in DocType 'HD Ticket Feedback Option'"", ""Label of the disabled (Check) field in DocType 'HD Ticket Priority'"", ""Label of the disabled (Check) field in DocType 'HD Ticket Type'""]",,,,,,,existente correcta,revisado inicial Helpdesk,sí,sí,,,Disabled→Deshabilitado (crossapp).,,,
helpdesk:a9e07d526ce6d655,helpdesk,helpdesk,src,src,,Src,"Disables all email notifications for the ticket - including creation, updates, and alerts.","Disables all email notifications for the ticket - including creation, updates, and alerts.",,,"Desactiva todas las notificaciones por correo para el ticket, incluidas la creación, actualizaciones y alertas.",,"Desactiva todas las notificaciones por correo para el ticket, incluidas la creación, actualizaciones y alertas.",,,,,desk/src/components/Settings/General/components/WorkflowKnowledgebaseSettings.vue:29,desk/src/components/Settings/General/components/WorkflowKnowledgebaseSettings.vue:29,desk/src/components/Settings/General/components/WorkflowKnowledgebaseSettings.vue:29,client-js,,[],,,,,,,existente correcta,revisado inicial Helpdesk,sí,sí,,,"ticket protegido en minúscula (oración), natural MX.",,,
helpdesk:0fae99402e67170b,helpdesk,helpdesk,src,src,,Src,Discard,Discard,,,Descartar,,Descartar,,,,,desk/src/components/ticket-agent/BulkReplyModal.vue:30,desk/src/components/ticket-agent/BulkReplyModal.vue:30 || desk/src/pages/knowledge-base/NewArticle.vue:27,desk/src/components/TextEditor.vue:41 || desk/src/components/ticket-agent/BulkReplyModal.vue:24 || desk/src/pages/knowledge-base/NewArticle.vue:27,client-js,,[],,,,,,,existente correcta,revisado inicial Helpdesk,sí,sí,,,Cross-app Discard.,,,
helpdesk:d25869d258f24bf8,helpdesk,helpdesk,src,src,,Src,Discard Article,Discard Article,,,Descartar artículo,,Descartar artículo,,,,,desk/src/pages/knowledge-base/NewArticle.vue:144,desk/src/pages/knowledge-base/NewArticle.vue:144,desk/src/pages/knowledge-base/NewArticle.vue:143,client-js,,[],,,,,,,existente correcta,revisado inicial Helpdesk,sí,sí,,,Discard Article; Article→artículo.,,,
helpdesk:bf44af3e7edb38ef,helpdesk,helpdesk,src,src,,Src,Discard changes?,Discard changes?,,,¿Descartar cambios?,,¿Descartar cambios?,,,,,desk/src/pages/knowledge-base/Article.vue:146,desk/src/pages/knowledge-base/Article.vue:146,desk/src/pages/knowledge-base/Article.vue:146,client-js,,[],,,,,,,existente correcta,revisado inicial Helpdesk,sí,sí,,,Discard→descartar.,,,
helpdesk:de25f98c7d31959d,helpdesk,helpdesk,src,src,,Src,Display a customizable banner message when customers raise tickets outside your working hours.,Display a customizable banner message when customers raise tickets outside your working hours.,,,Mostrar un mensaje de banner personalizable cuando los clientes creen tickets fuera de su horario laboral.,,Mostrar un mensaje de banner personalizable cuando los clientes creen tickets fuera de su horario laboral.,,,,,desk/src/components/Settings/General/components/TicketSettings.vue:203,desk/src/components/Settings/General/components/TicketSettings.vue:203,desk/src/components/Settings/General/components/TicketSettings.vue:203,client-js,,[],,,,,,,existente correcta,revisado inicial Helpdesk,sí,sí,,,,,,
helpdesk:6f49aea980d49943,helpdesk,helpdesk,helpdesk,helpdesk,,Helpdesk,Do not apply filters and restrictions to agents of this team,Do not apply filters and restrictions to agents of this team,,,No aplicar filtros ni restricciones a los agentes de este equipo,,No aplicar filtros ni restricciones a los agentes de este equipo,,Description of the 'Ignore Restrictions' (Check) field in DocType 'HD Team',descripción,,helpdesk/helpdesk/doctype/hd_team/hd_team.json,helpdesk/helpdesk/doctype/hd_team/hd_team.json,helpdesk/helpdesk/doctype/hd_team/hd_team.json,doctype-json,Hd Team,"[""Description of the 'Ignore Restrictions' (Check) field in DocType 'HD Team'""]",,,,,,,existente correcta,revisado inicial Helpdesk,sí,sí,,,Descripción clara y natural.,,,
helpdesk:0b1a2c0973a6f67d,helpdesk,helpdesk,helpdesk,helpdesk,,Helpdesk,Do not restrict tickets without a Team,Do not restrict tickets without a Team,,,No restringir tickets sin un equipo,,No restringir tickets sin un equipo,,Label of the do_not_restrict_tickets_without_an_agent_group (Check) field in DocType 'HD Settings',etiqueta de campo/elemento,,helpdesk/helpdesk/doctype/hd_settings/hd_settings.json,helpdesk/helpdesk/doctype/hd_settings/hd_settings.json,helpdesk/helpdesk/doctype/hd_settings/hd_settings.json,doctype-json,Hd Settings,"[""Label of the do_not_restrict_tickets_without_an_agent_group (Check) field in DocType 'HD Settings'""]",,,,,,,existente correcta,revisado inicial Helpdesk,sí,sí,,,ticket protegido minúscula; Team=equipo; correcta.,,,
helpdesk:950b762dc3a80308,helpdesk,helpdesk,src,src,,Src,Do not restrict tickets without a team,Do not restrict tickets without a team,,,No restringir tickets sin un equipo,,No restringir tickets sin un equipo,,,,,desk/src/components/Settings/General/components/TicketSettings.vue:52,desk/src/components/Settings/General/components/TicketSettings.vue:52,desk/src/components/Settings/General/components/TicketSettings.vue:52,client-js,,[],,,,,,,existente correcta,revisado inicial Helpdesk,sí,sí,,,,,,
helpdesk:45dba839b2b648a3,helpdesk,helpdesk,helpdesk,helpdesk,,Helpdesk,DocType,DocType,,,DocType,,DocType,,Label of the dt (Link) field in DocType 'HD Form Script',etiqueta de campo/elemento,,helpdesk/helpdesk/doctype/hd_form_script/hd_form_script.json,helpdesk/helpdesk/doctype/hd_form_script/hd_form_script.json || helpdesk/helpdesk/doctype/hd_view/hd_view.json,helpdesk/helpdesk/doctype/hd_form_script/hd_form_script.json || helpdesk/helpdesk/doctype/hd_view/hd_view.json,doctype-json,Hd Form Script,"[""Label of the dt (Link) field in DocType 'HD Form Script'"", ""Label of the dt (Link) field in DocType 'HD View'""]",,,,,,,igual al inglés válida,revisado inicial Helpdesk,sí,sí,,,Término técnico Frappe; crossapp 'DocType'='DocType'.,,,
helpdesk:77a188504fd4f937,helpdesk,helpdesk,src,src,,Src,Docs,Docs,,,Documentación,,Documentación,,,,,desk/src/components/layouts/MobileSidebar.vue:99,desk/src/components/layouts/MobileSidebar.vue:99 || desk/src/components/layouts/Sidebar.vue:164,desk/src/components/layouts/Sidebar.vue:371,client-js,,[],,,,,,,existente correcta,revisado inicial Helpdesk,sí,sí,,,'Docs' abreviatura de documentación.,,,
helpdesk:7375e929e7fb968d,helpdesk,helpdesk,helpdesk,helpdesk,,Helpdesk,Document Type,Document Type,,,Tipo de Documento,,Tipo de documento,,Label of the document_type (Link) field in DocType 'HD Field Layout',etiqueta de campo/elemento,,helpdesk/helpdesk/doctype/hd_field_layout/hd_field_layout.json,helpdesk/helpdesk/doctype/hd_field_layout/hd_field_layout.json,helpdesk/helpdesk/doctype/hd_field_layout/hd_field_layout.json,doctype-json,Hd Field Layout,"[""Label of the document_type (Link) field in DocType 'HD Field Layout'""]",,,,,,,existente mejorable,revisado inicial Helpdesk,sí,sí,,,crossapp 'Document Type'='Tipo de documento'. | convergencia global Gettext (publicación),,,
helpdesk:f7c81edd2baeaa63,helpdesk,helpdesk,src,src,,Src,Doe,Doe,,,,,Pérez,,,,,desk/src/components/contact/EditContactDialog.vue:43,desk/src/components/contact/EditContactDialog.vue:43 || desk/src/composables/contact.ts:428,,client-js,,[],,,,,,,traducción propuesta,revisado inicial Helpdesk,sí,,sí,,Placeholder de apellido de ejemplo (John Doe); adaptado a apellido común MX.,,,"POT-only: en el universo fresco, sin traducir"
helpdesk:3602c70d32f1e98d,helpdesk,helpdesk,src,helpdesk;src,sí,Src,Domain,Domain,,,Dominio,,Dominio,,Label of the domain (Data) field in DocType 'HD Customer',etiqueta de campo/elemento,,desk/src/components/customer/NewCustomerDialog.vue:48,desk/src/components/customer/NewCustomerDialog.vue:48 || desk/src/composables/customer.ts:194 || helpdesk/helpdesk/doctype/hd_customer/hd_customer.json,helpdesk/helpdesk/doctype/hd_customer/hd_customer.json,client-js,HD Customer,"[""Label of the domain (Data) field in DocType 'HD Customer'""]",,,,,,,existente correcta,revisado inicial Helpdesk,sí,sí,,,Domain→Dominio (crossapp).,,,
helpdesk:1fdede810bc336b3,helpdesk,helpdesk,src,src,,Src,Download,Download,,,Descargar,,Descargar,,,,,desk/src/components/ticket/ExportModal.vue:32,desk/src/components/ticket/ExportModal.vue:32,desk/src/components/ticket/ExportModal.vue:32,client-js,,[],,,,,,,existente correcta,revisado inicial Helpdesk,sí,sí,,,Cross-app Download.,,,
helpdesk:5d386da7bd68851a,helpdesk,helpdesk,helpdesk,helpdesk;src,sí,Helpdesk,Draft,Draft,,,Borrador,,Borrador,,Option for the 'Status' (Select) field in DocType 'HD Article',opción de campo select,,desk/src/pages/knowledge-base/KnowledgeBaseAgent.vue:443,desk/src/pages/knowledge-base/KnowledgeBaseAgent.vue:443 || helpdesk/helpdesk/doctype/hd_article/hd_article.json,desk/src/pages/knowledge-base/KnowledgeBaseAgent.vue:447 || helpdesk/helpdesk/doctype/hd_article/hd_article.json,client-js,HD Article,"[""Option for the 'Status' (Select) field in DocType 'HD Article'""]",,,,,,,existente correcta,revisado inicial Helpdesk,sí,sí,,,Cross-app: Draft->Borrador.,,,
helpdesk:0e8a3b9f4d93f91e,helpdesk,helpdesk,src,src,,Src,Duplicate,Duplicate,,,Duplicar,,Duplicar,,,,,desk/src/components/Settings/Assignment Rules/AssignmentRuleListItem.vue:138,desk/src/components/Settings/Assignment Rules/AssignmentRuleListItem.vue:138 || desk/src/components/Settings/Assignment Rules/AssignmentRuleListItem.vue:72 || desk/src/components/Settings/Holiday/HolidayListItem.vue:50 || desk/src/components/Settings/Holiday/HolidayListItem.vue:90 || desk/src/components/Settings/SavedReplies/SavedRepliesList.vue:176 || desk/src/components/Settings/SavedReplies/SavedRepliesList.vue:241 || desk/src/components/Settings/Sla/SlaPolicyListItem.vue:100 || desk/src/components/Settings/Sla/SlaPolicyListItem.vue:59 || desk/src/composables/useView.ts:208,desk/src/components/Settings/Assignment || Rules/AssignmentRuleListItem.vue:72 || Rules/AssignmentRuleListItem.vue:138 || desk/src/components/Settings/Holiday/HolidayListItem.vue:50 || desk/src/components/Settings/Holiday/HolidayListItem.vue:90 || desk/src/components/Settings/SavedReplies/SavedRepliesList.vue:197 || desk/src/components/Settings/SavedReplies/SavedRepliesList.vue:261 || desk/src/components/Settings/Sla/SlaPolicyListItem.vue:61 || desk/src/components/Settings/Sla/SlaPolicyListItem.vue:102 || desk/src/pages/ticket/Tickets.vue:451,client-js,,[],,,,,,,existente correcta,revisado inicial Helpdesk,sí,sí,,,Cross-app: Duplicate->Duplicar.,,,
helpdesk:70f04d5169ec2adb,helpdesk,helpdesk,src,src,,Src,Duplicate Assignment Rule,Duplicate Assignment Rule,,,Duplicar regla de asignación,,Duplicar regla de asignación,,,,,desk/src/components/Settings/Assignment Rules/AssignmentRuleListItem.vue:53,desk/src/components/Settings/Assignment Rules/AssignmentRuleListItem.vue:53,desk/src/components/Settings/Assignment || Rules/AssignmentRuleListItem.vue:53,client-js,,[],,,,,,,existente correcta,revisado inicial Helpdesk,sí,sí,,,Correcta.,,,
helpdesk:393483c7c9b19820,helpdesk,helpdesk,src,src,,Src,Duplicate Holiday List,Duplicate Holiday List,,,Duplicar lista de días festivos,,Duplicar lista de días festivos,,,,,desk/src/components/Settings/Holiday/HolidayListItem.vue:30,desk/src/components/Settings/Holiday/HolidayListItem.vue:30,desk/src/components/Settings/Holiday/HolidayListItem.vue:30,client-js,,[],,,,,,,existente correcta,revisado inicial Helpdesk,sí,sí,,,Duplicate Holiday List.,,,
helpdesk:37c0b8348e92c1d4,helpdesk,helpdesk,src,src,,Src,Duplicate SLA Policy,Duplicate SLA Policy,,,Duplicar política de ANS,,Duplicar política de SLA,,,,,desk/src/components/Settings/Sla/SlaPolicyListItem.vue:40,desk/src/components/Settings/Sla/SlaPolicyListItem.vue:40,desk/src/components/Settings/Sla/SlaPolicyListItem.vue:42,client-js,,[],,,,,,,existente mejorable,revisado inicial Helpdesk,sí,sí,,,Revertido ANS->SLA.,,,
helpdesk:6bcea9648d695c49,helpdesk,helpdesk,src,src,,Src,Duplicate Saved reply,Duplicate Saved reply,,,Duplicar respuesta guardada,,Duplicar respuesta guardada,,,,,desk/src/components/Settings/SavedReplies/SavedRepliesList.vue:157,desk/src/components/Settings/SavedReplies/SavedRepliesList.vue:157,desk/src/components/Settings/SavedReplies/SavedRepliesList.vue:178,client-js,,[],,,,,,,existente correcta,revisado inicial Helpdesk,sí,sí,,,Duplicate Saved reply.,,,
helpdesk:043e2fe87f755842,helpdesk,helpdesk,helpdesk,helpdesk,,Helpdesk,Duplicate contacts are not allowed,Duplicate contacts are not allowed,,,,,No se permiten contactos duplicados,,,,,helpdesk/helpdesk/doctype/hd_customer/hd_customer.py:80,helpdesk/helpdesk/doctype/hd_customer/hd_customer.py:80,,doctype-controller,Hd Customer,[],,,,,,,traducción propuesta,revisado inicial Helpdesk,sí,sí,,,Duplicate contacts are not allowed.,,,"POT-only: en el universo fresco, sin traducir"
helpdesk:fe9bba8fa3422239,helpdesk,helpdesk,src,src,,Src,Duration,Duration,,,Duración,,Duración,,,,,desk/src/pages/call-logs/CallLogModal.vue:64,desk/src/pages/call-logs/CallLogModal.vue:64 || desk/src/pages/call-logs/CallLogModal.vue:68,desk/src/pages/call-logs/CallLogModal.vue:64 || desk/src/pages/call-logs/CallLogModal.vue:68,client-js,,[],,,,,,,existente correcta,revisado inicial Helpdesk,sí,sí,,,Crossapp: Duration=Duración.,,,
helpdesk:ca9b3bff3ac02965,helpdesk,helpdesk,src,src,,Src,Duration is required,Duration is required,,,La duración es obligatoria,,La duración es obligatoria,,,,,desk/src/pages/call-logs/CallLogModal.vue:388,desk/src/pages/call-logs/CallLogModal.vue:388,desk/src/pages/call-logs/CallLogModal.vue:388,client-js,,[],,,,,,,existente correcta,revisado inicial Helpdesk,sí,sí,,,Correcta y natural.,,,
helpdesk:19e29e931693f733,helpdesk,helpdesk,src,src,,Src,ERPNext,ERPNext,,,,,ERPNext,,,,,desk/src/components/Settings/settingsModal.ts:147,desk/src/components/Settings/settingsModal.ts:147 || desk/src/components/erpnext-integration/ERPNextIntegrationSettings.vue:8,desk/src/components/erpnext-integration/ERPNextIntegrationSettings.vue:8,client-js,,[],,,,,,,igual al inglés válida,revisado inicial Helpdesk,sí,sí,,,Nombre propio (crossapp: ERPNext).,,,
helpdesk:ff85c5f064e6ceb8,helpdesk,helpdesk,helpdesk,helpdesk,,Helpdesk,ERPNext Customer,ERPNext Customer,,,,,Cliente de ERPNext,,Label of the erpnext_customer (Data) field in DocType 'HD Customer',etiqueta de campo/elemento,,helpdesk/helpdesk/doctype/hd_customer/hd_customer.json,helpdesk/helpdesk/doctype/hd_customer/hd_customer.json,helpdesk/helpdesk/doctype/hd_customer/hd_customer.json,doctype-json,Hd Customer,"[""Label of the erpnext_customer (Data) field in DocType 'HD Customer'""]",,,,,,,traducción propuesta,revisado inicial Helpdesk,sí,sí,,,ERPNext Customer; Customer→Cliente; ERPNext protegido.,,,
helpdesk:0ef40da0d9a8e75b,helpdesk,helpdesk,helpdesk,helpdesk,,Helpdesk,ERPNext HD Settings,ERPNext HD Settings,,,,,Configuración HD de ERPNext,,Name of a DocType,nombre de DocType,,helpdesk/helpdesk/doctype/erpnext_hd_settings/erpnext_hd_settings.json,helpdesk/helpdesk/doctype/erpnext_hd_settings/erpnext_hd_settings.json,helpdesk/helpdesk/doctype/erpnext_hd_settings/erpnext_hd_settings.json,doctype-json,Erpnext Hd Settings,"[""Name of a DocType""]",,,,,,,traducción propuesta,revisado inicial Helpdesk + pase dirigido,sí,,,,"Convención HD: Settings->Configuración, ERPNext se conserva, HD como sufijo de módulo.",,,
helpdesk:1274259ff5b161b9,helpdesk,helpdesk,src,src,,Src,ERPNext Integration is disabled,ERPNext Integration is disabled,,,,,La integración con ERPNext está deshabilitada,,,,,desk/src/components/erpnext-integration/ERPNextIntegrationSettings.vue:182,desk/src/components/erpnext-integration/ERPNextIntegrationSettings.vue:182,desk/src/components/erpnext-integration/ERPNextIntegrationSettings.vue:182,client-js,,[],,,,,,,traducción propuesta,revisado inicial Helpdesk,sí,sí,,,ERPNext nombre propio; Disabled=Deshabilitado.,,,
helpdesk:064dfb455a76c205,helpdesk,helpdesk,src,src,,Src,ERPNext Integration is enabled,ERPNext Integration is enabled,,,,,La integración con ERPNext está habilitada,,,,,desk/src/components/erpnext-integration/ERPNextIntegrationSettings.vue:181,desk/src/components/erpnext-integration/ERPNextIntegrationSettings.vue:181,desk/src/components/erpnext-integration/ERPNextIntegrationSettings.vue:181,client-js,,[],,,,,,,traducción propuesta,revisado inicial Helpdesk,sí,sí,,,Enabled=Habilitado.,,,
helpdesk:a1e94bcab090f42c,helpdesk,helpdesk,src,src,,Src,ERPNext app,ERPNext app,,,,,aplicación ERPNext,,,,,desk/src/components/erpnext-integration/ERPNextIntegrationSettings.vue:66,desk/src/components/erpnext-integration/ERPNextIntegrationSettings.vue:66,desk/src/components/erpnext-integration/ERPNextIntegrationSettings.vue:66,client-js,,[],,,,,,,traducción propuesta,revisado inicial Helpdesk,sí,sí,,,'ERPNext app'; fragmento en minúscula (se une a otra cadena 'Install the').,,,
helpdesk:e2376bc43c30df3b,helpdesk,helpdesk,integrations,integrations,,Integrations,ERPNext integration is not enabled,ERPNext integration is not enabled,,,,,La integración con ERPNext no está habilitada,,,,,helpdesk/integrations/erpnext/api.py:47,helpdesk/integrations/erpnext/api.py:47,helpdesk/integrations/erpnext/api.py:47,python,,[],,,,,,,traducción propuesta,revisado inicial Helpdesk,sí,sí,,,,,,
helpdesk:f6bf79b7784f4f65,helpdesk,helpdesk,helpdesk,helpdesk;src,sí,Helpdesk,ERPNext is not installed on your site. Please install ERPNext to enable this setting,ERPNext is not installed on your site. Please install ERPNext to enable this setting,,,,,ERPNext no está instalado en su sitio. Instale ERPNext para habilitar esta configuración,,,,,desk/src/components/erpnext-integration/ERPNextIntegrationSettings.vue:203,desk/src/components/erpnext-integration/ERPNextIntegrationSettings.vue:203 || helpdesk/helpdesk/doctype/erpnext_hd_settings/erpnext_hd_settings.py:19,desk/src/components/erpnext-integration/ERPNextIntegrationSettings.vue:203 || helpdesk/helpdesk/doctype/erpnext_hd_settings/erpnext_hd_settings.py:19,client-js,,[],,,,,,,traducción propuesta,revisado inicial Helpdesk + pase dirigido,sí,,,,Impersonal/usted; su sitio.,,,
helpdesk:ff67fc4a28577576,helpdesk,helpdesk,src,src,,Src,"Earlier, every contact could see all the tickets of their company. Now, contacts only see the tickets they raised themselves.","Earlier, every contact could see all the tickets of their company. Now, contacts only see the tickets they raised themselves.",,,,,"Antes, cada contacto podía ver todos los tickets de su empresa. Ahora, los contactos solo ven los tickets que ellos mismos crearon.",,,,,desk/src/components/layouts/CustomerPortalPermissionDialog.vue:10,desk/src/components/layouts/CustomerPortalPermissionDialog.vue:10,,client-js,,[],,,,,,,traducción propuesta,revisado inicial Helpdesk,sí,sí,,,tickets protegido; Company→empresa.,,,"POT-only: en el universo fresco, sin traducir"
helpdesk:bdc903efe24fcd8c,helpdesk,helpdesk,src,src,,Src,"Easily invite new agents, managers, or admins.","Easily invite new agents, managers, or admins.",,,"Invita fácilmente a nuevos agentes, gerentes o administradores.",,"Invita fácilmente a nuevos agentes, gerentes o administradores.",,,,,desk/src/components/Settings/InviteAgents.vue:4,desk/src/components/Settings/InviteAgents.vue:4,desk/src/components/Settings/InviteAgents.vue:4,client-js,,[],,,,,,,existente correcta,revisado inicial Helpdesk,sí,sí,,,Correcta; 'gerentes' natural MX.,,,
helpdesk:675708464a6b32e0,helpdesk,helpdesk,src,src,,Src,Edit,Edit,,,Editar,,Editar,,,,,desk/src/composables/useView.ts:271,desk/src/composables/useView.ts:271 || desk/src/pages/contact/Contact.vue:33 || desk/src/pages/customer/Customer.vue:28 || desk/src/pages/home/Home.vue:36 || desk/src/pages/knowledge-base/Article.vue:619,desk/src/pages/home/Home.vue:36 || desk/src/pages/knowledge-base/Article.vue:626 || desk/src/pages/ticket/Tickets.vue:519,client-js,,[],,,,,,,existente correcta,revisado inicial Helpdesk,sí,sí,,,Coincide con crossapp 'Edit'.,,,
helpdesk:b63111be4c241d65,helpdesk,helpdesk,src,src,,Src,Edit Call Log,Edit Call Log,,,,,Editar registro de llamada,,,,,desk/src/pages/call-logs/CallLogModal.vue:221,desk/src/pages/call-logs/CallLogModal.vue:221,desk/src/pages/call-logs/CallLogModal.vue:221,client-js,,[],,,,,,,traducción propuesta,revisado inicial Helpdesk,sí,sí,,,Coherente con 'Call Logs'->Registros de llamadas.,,,
helpdesk:b8593cc25a554895,helpdesk,helpdesk,src,src,,Src,Edit Contact,Edit Contact,,,,,Editar contacto,,,,,desk/src/components/contact/EditContactDialog.vue:8,desk/src/components/contact/EditContactDialog.vue:8,,client-js,,[],,,,,,,traducción propuesta,revisado inicial Helpdesk,sí,sí,,,Edit Contact; Contact→Contacto.,,,"POT-only: en el universo fresco, sin traducir"
helpdesk:8ca9661b5429975c,helpdesk,helpdesk,src,src,,Src,Edit Customer,Edit Customer,,,,,Editar cliente,,,,,desk/src/components/customer/EditCustomerDialog.vue:14,desk/src/components/customer/EditCustomerDialog.vue:14,,client-js,,[],,,,,,,traducción propuesta,revisado inicial Helpdesk,sí,sí,,,Edit Customer; Customer→Cliente.,,,"POT-only: en el universo fresco, sin traducir"
helpdesk:ed5a4c053202ae9c,helpdesk,helpdesk,src,src,,Src,Edit Domain,Edit Domain,,,Editar dominio,,Editar dominio,,,,,desk/src/components/Settings/EmailAdd.vue:71,desk/src/components/Settings/EmailAdd.vue:71 || desk/src/components/Settings/EmailEdit.vue:64,desk/src/components/Settings/EmailAdd.vue:70 || desk/src/components/Settings/EmailEdit.vue:63,client-js,,[],,,,,,,existente correcta,revisado inicial Helpdesk,sí,sí,,,,,,
helpdesk:215162c4d0966446,helpdesk,helpdesk,src,src,,Src,Edit Email,Edit Email,,,,,Editar correo,,,,,desk/src/components/Settings/EmailEdit.vue:3,desk/src/components/Settings/EmailEdit.vue:3,desk/src/components/Settings/EmailEdit.vue:3,client-js,,[],,,,,,,traducción propuesta,revisado inicial Helpdesk,sí,sí,,,Edit Email.,,,
helpdesk:effc690cf5eb67a2,helpdesk,helpdesk,src,src,,Src,Edit Title,Edit Title,,,Editar título,,Editar título,,,,,desk/src/pages/knowledge-base/KnowledgeBaseAgent.vue:143,desk/src/pages/knowledge-base/KnowledgeBaseAgent.vue:143,desk/src/pages/knowledge-base/KnowledgeBaseAgent.vue:147,client-js,,[],,,,,,,existente correcta,revisado inicial Helpdesk,sí,sí,,,Correcta.,,,
helpdesk:fdc478a90d3b837b,helpdesk,helpdesk,src,src,,Src,Edit your email account,Edit your email account,,,Editar tu cuenta de correo electrónico,,Editar su cuenta de correo electrónico,,,,,desk/src/components/Settings/EmailEdit.vue:4,desk/src/components/Settings/EmailEdit.vue:4,desk/src/components/Settings/EmailEdit.vue:4,client-js,,[],,,,,,,existente mejorable,revisado inicial Helpdesk + pase dirigido,sí,,,,Infinitivo impersonal; su cuenta.,,,
helpdesk:9d0fa5326e74fd89,helpdesk,helpdesk,src,src,,Src,Email,Email,,,Correo electrónico,,Correo electrónico,,,,,desk/src/components/Settings/Profile/UserEmailSettings.vue:72,desk/src/components/Settings/Profile/UserEmailSettings.vue:72 || desk/src/components/Settings/SavedReplies/savedReplies.ts:54 || desk/src/components/contact/EditContactDialog.vue:50 || desk/src/components/customer/NewCustomerDialog.vue:80 || desk/src/composables/contact.ts:437 || desk/src/pages/PersonaForm.vue:140 || desk/src/pages/SearchAgent.vue:184,desk/src/components/Settings/Profile/UserEmailSettings.vue:59 || desk/src/pages/SearchAgent.vue:184 || helpdesk/helpdesk/doctype/hd_desk_account_request/hd_desk_account_request.json,client-js,,[],,,,,,,existente correcta,revisado inicial Helpdesk,sí,sí,,,crossapp: Email→Correo electrónico.,,,
helpdesk:3f6b8be148ca09ba,helpdesk,helpdesk,helpdesk,helpdesk;src,sí,Helpdesk,Email Account,Email Account,,,Cuentas de correo electrónico,,Cuenta de correo electrónico,,Label of a Link in the Helpdesk Workspace,etiqueta de campo/elemento,,desk/src/components/Settings/Profile/UserEmailSettings.vue:71,desk/src/components/Settings/Profile/UserEmailSettings.vue:71 || helpdesk/helpdesk/doctype/hd_ticket/hd_ticket.json || helpdesk/helpdesk/workspace/helpdesk/helpdesk.json,desk/src/components/Settings/Profile/UserEmailSettings.vue:58 || helpdesk/helpdesk/doctype/hd_ticket/hd_ticket.json || helpdesk/helpdesk/workspace/helpdesk/helpdesk.json,client-js,Helpdesk (Workspace),"[""Label of a Link in the Helpdesk Workspace"", ""Label of the email_account (Link) field in DocType 'HD Ticket'""]",,,,,,,existente mejorable,revisado inicial Helpdesk,sí,sí,,,Cross-app: Email Account->Cuentas de correo electrónico (traducción aprobada). | convergencia global Gettext v0.3.0,,,
helpdesk:f91e368c6070372e,helpdesk,helpdesk,src,src,,Src,Email Accounts,Email Accounts,,,,,Cuentas de correo electrónico,,,,,desk/src/components/Settings/EmailAccountList.vue:3,desk/src/components/Settings/EmailAccountList.vue:3 || desk/src/components/Settings/settingsModal.ts:69,desk/src/components/Settings/EmailAccountList.vue:3,client-js,,[],,,,,,,traducción propuesta,revisado inicial Helpdesk,sí,sí,,,,,,
helpdesk:6f75cb2d79f22b11,helpdesk,helpdesk,helpdesk,helpdesk;src,sí,Helpdesk,Email Content,Email Content,,,Contenido del correo electrónico,,Contenido del correo electrónico,,Label of the acknowledgement_email_content (Text) field in DocType 'HD Settings',etiqueta de campo/elemento,,desk/src/components/Settings/EmailNotifications/Notification.vue:61,desk/src/components/Settings/EmailNotifications/Notification.vue:61 || helpdesk/helpdesk/doctype/hd_settings/hd_settings.json,desk/src/components/Settings/EmailNotifications/Notification.vue:61 || helpdesk/helpdesk/doctype/hd_settings/hd_settings.json,client-js,HD Settings,"[""Label of the acknowledgement_email_content (Text) field in DocType 'HD Settings'"", ""Label of the feedback_email_content (Text) field in DocType 'HD Settings'"", ""Label of the reply_email_to_agent_content (Text) field in DocType 'HD Settings'"", ""Label of the reply_via_agent_email_content (Text) field in DocType 'HD Settings'""]",,,,,,,existente correcta,revisado inicial Helpdesk,sí,sí,,,Etiqueta de campo.,,,
helpdesk:36c0f071a7c6784d,helpdesk,helpdesk,src,src,,Src,Email Domain,Email Domain,,,,,Dominio de correo electrónico,,,,,desk/src/components/Settings/emailConfig.ts:103,desk/src/components/Settings/emailConfig.ts:103,,client-js,,[],,,,,,,traducción propuesta,revisado inicial Helpdesk,sí,sí,,,crossapp: Email Domain→Dominio de correo electrónico.,,,"POT-only: en el universo fresco, sin traducir"
helpdesk:09607bc46698c6e9,helpdesk,helpdesk,src,src,,Src,Email Domain or manual server settings are required,Email Domain or manual server settings are required,,,,,Se requiere el dominio de correo o la configuración manual del servidor,,,,,desk/src/components/Settings/emailConfig.ts:276,desk/src/components/Settings/emailConfig.ts:276,,client-js,,[],,,,,,,traducción propuesta,revisado inicial Helpdesk,sí,sí,,,,,,"POT-only: en el universo fresco, sin traducir"
helpdesk:e35619912e561026,helpdesk,helpdesk,helpdesk,helpdesk;src,sí,Helpdesk,Email ID,Email ID,,,,,Correo electrónico,,Label of the email_id (Data) field in DocType 'HD Customer',etiqueta de campo/elemento,,desk/src/components/Settings/emailConfig.ts:20,desk/src/components/Settings/emailConfig.ts:20 || helpdesk/helpdesk/doctype/hd_customer/hd_customer.json,,client-js,HD Customer,"[""Label of the email_id (Data) field in DocType 'HD Customer'""]",,,,,,,traducción propuesta,revisado inicial Helpdesk,sí,sí,,,Email ID→Correo electrónico (crossapp).,,,"POT-only: en el universo fresco, sin traducir"
helpdesk:e1e53de9281861c3,helpdesk,helpdesk,src,src,,Src,Email ID is required,Email ID is required,,,,,El correo electrónico es obligatorio,,,,,desk/src/components/Settings/emailConfig.ts:253,desk/src/components/Settings/emailConfig.ts:253,,client-js,,[],,,,,,,traducción propuesta,revisado inicial Helpdesk,sí,sí,,,Email ID→Correo electrónico (crossapp).,,,"POT-only: en el universo fresco, sin traducir"
helpdesk:0e330bf5b1058f67,helpdesk,helpdesk,src,helpdesk;src,sí,Src,Email Notifications,Email Notifications,,,Notificaciones por correo electrónico,,Notificaciones por correo electrónico,,Label of the email_customisations_tab (Tab Break) field in DocType 'HD Settings',etiqueta de campo/elemento,,desk/src/components/Settings/EmailNotifications/NotificationList.vue:3,desk/src/components/Settings/EmailNotifications/NotificationList.vue:3 || desk/src/components/Settings/settingsModal.ts:74 || helpdesk/helpdesk/doctype/hd_settings/hd_settings.json,desk/src/components/Settings/EmailNotifications/NotificationList.vue:3 || helpdesk/helpdesk/doctype/hd_settings/hd_settings.json,client-js,HD Settings,"[""Label of the email_customisations_tab (Tab Break) field in DocType 'HD Settings'""]",,,,,,,existente correcta,revisado inicial Helpdesk,sí,sí,,,Etiqueta de pestaña.,,,
helpdesk:888579085613602d,helpdesk,helpdesk,src,src,,Src,Email Settings,Email Settings,,,Configuración de Correo Electrónico,,Configuración de correo electrónico,,,,,desk/src/components/Settings/Profile/UserEmailSettings.vue:8,desk/src/components/Settings/Profile/UserEmailSettings.vue:8 || desk/src/components/Settings/settingsModal.ts:65,desk/src/components/Settings/Profile/UserEmailSettings.vue:3,client-js,,[],,,,,,,existente mejorable,revisado inicial Helpdesk,sí,sí,,,"crossapp: Email Settings→Configuración de correo electrónico (minúscula, coincide con crossapp).",,,
helpdesk:418507d5024c3b37,helpdesk,helpdesk,src,src,,Src,Email account created,Email account created,,,Cuenta de correo electrónico creada,,Cuenta de correo electrónico creada,,,,,desk/src/components/Settings/EmailAdd.vue:311,desk/src/components/Settings/EmailAdd.vue:311,desk/src/components/Settings/EmailAdd.vue:309,client-js,,[],,,,,,,existente correcta,revisado inicial Helpdesk,sí,sí,,,,,,
helpdesk:34e8995ba0a1dd3f,helpdesk,helpdesk,src,src,,Src,Email account name,Email account name,,,,,Nombre de la cuenta de correo,,,,,desk/src/components/Settings/EmailAccountList.vue:26,desk/src/components/Settings/EmailAccountList.vue:26,desk/src/components/Settings/EmailAccountList.vue:27,client-js,,[],,,,,,,traducción propuesta,revisado inicial Helpdesk,sí,sí,,,,,,
helpdesk:3a97c3e9fe65544d,helpdesk,helpdesk,src,src,,Src,Email account updated successfully,Email account updated successfully,,,Cuenta de correo electrónico actualizada correctamente,,Cuenta de correo electrónico actualizada correctamente,,,,,desk/src/components/Settings/EmailEdit.vue:471,desk/src/components/Settings/EmailEdit.vue:471,desk/src/components/Settings/EmailEdit.vue:471,client-js,,[],,,,,,,existente correcta,revisado inicial Helpdesk,sí,sí,,,,,,
helpdesk:8f3dd85c03c1387e,helpdesk,helpdesk,src,src,,Src,Email address is required,Email address is required,,,,,El correo electrónico es obligatorio,,,,,desk/src/composables/contact.ts:284,desk/src/composables/contact.ts:284,,client-js,,[],,,,,,,traducción propuesta,revisado inicial Helpdesk,sí,sí,,,Email address is required.,,,"POT-only: en el universo fresco, sin traducir"
helpdesk:557a7753164bbbd0,helpdesk,helpdesk,helpdesk,helpdesk,,Helpdesk,Email address of the primary contact,Email address of the primary contact,,,,,Correo electrónico del contacto principal,,Description of the 'Email ID' (Data) field in DocType 'HD Customer',descripción,,helpdesk/helpdesk/doctype/hd_customer/hd_customer.json,helpdesk/helpdesk/doctype/hd_customer/hd_customer.json,,doctype-json,Hd Customer,"[""Description of the 'Email ID' (Data) field in DocType 'HD Customer'""]",,,,,,,traducción propuesta,revisado inicial Helpdesk,sí,sí,,,Email address of the primary contact.,,,"POT-only: en el universo fresco, sin traducir"
helpdesk:0732c388c236c7b5,helpdesk,helpdesk,src,src,,Src,Email settings updated successfully.,Email settings updated successfully.,,,La configuración del correo electrónico se ha actualizado correctamente.,,La configuración del correo electrónico se ha actualizado correctamente.,,,,,desk/src/components/Settings/Profile/UserEmailSettings.vue:211,desk/src/components/Settings/Profile/UserEmailSettings.vue:211,desk/src/components/Settings/Profile/UserEmailSettings.vue:196,client-js,,[],,,,,,,existente correcta,revisado inicial Helpdesk,sí,sí,,,,,,
helpdesk:d0b047a13ccdf824,helpdesk,helpdesk,src,src,,Src,Emails,Emails,,,Correos,,Correos electrónicos,,,,,desk/src/components/Settings/Profile/UserEmailSettings.vue:53,desk/src/components/Settings/Profile/UserEmailSettings.vue:53 || desk/src/composables/contact.ts:444 || desk/src/pages/SearchAgent.vue:352 || desk/src/pages/ticket/MobileTicketAgent.vue:455,desk/src/components/Settings/Profile/UserEmailSettings.vue:40 || desk/src/pages/SearchAgent.vue:352 || desk/src/pages/desk/contact/ContactDialog.vue:42 || desk/src/pages/ticket/MobileTicketAgent.vue:453,client-js,,[],,,,,,,existente mejorable,revisado inicial Helpdesk + pase dirigido,sí,,,,Término fijado: Emails->Correos electrónicos (glosario cross-app).,,,
helpdesk:bd2a63ce8b954c34,helpdesk,helpdesk,src,src,,Src,Emails & Signature,Emails & Signature,,,,,Correos y firma,,,,,desk/src/components/Settings/Profile/Profile.vue:103,desk/src/components/Settings/Profile/Profile.vue:103,desk/src/components/Settings/Profile/Profile.vue:126,client-js,,[],,,,,,,traducción propuesta,revisado inicial Helpdesk,sí,sí,,,Emails & Signature.,,,
helpdesk:6788806658763fff,helpdesk,helpdesk,src,src,,Src,Emails pulled successfully,Emails pulled successfully,,,Correos recuperados con éxito,,Correos recuperados con éxito,,,,,desk/src/components/Settings/EmailEdit.vue:418,desk/src/components/Settings/EmailEdit.vue:418,desk/src/components/Settings/EmailEdit.vue:417,client-js,,[],,,,,,,existente correcta,revisado inicial Helpdesk,sí,sí,,,,,,
helpdesk:6f59deab44ac3b0e,helpdesk,helpdesk,helpdesk,helpdesk,,Helpdesk,Emoji,Emoji,,,,,Emoji,,Label of the emoji (Data) field in DocType 'HD Comment Reaction',etiqueta de campo/elemento,,helpdesk/helpdesk/doctype/hd_comment_reaction/hd_comment_reaction.json,helpdesk/helpdesk/doctype/hd_comment_reaction/hd_comment_reaction.json,helpdesk/helpdesk/doctype/hd_comment_reaction/hd_comment_reaction.json,doctype-json,Hd Comment Reaction,"[""Label of the emoji (Data) field in DocType 'HD Comment Reaction'""]",,,,,,,traducción propuesta,revisado inicial Helpdesk,sí,sí,,,'Emoji' es igual en español.,,,
helpdesk:70b2c115907ffe7e,helpdesk,helpdesk,helpdesk,helpdesk,,Helpdesk,Enable,Enable,,,Habilitar,,Habilitar,,Label of the enable (Check) field in DocType 'HD Agent Status',etiqueta de campo/elemento,,helpdesk/helpdesk/doctype/hd_agent_status/hd_agent_status.json,helpdesk/helpdesk/doctype/hd_agent_status/hd_agent_status.json,helpdesk/helpdesk/doctype/hd_agent_status/hd_agent_status.json,doctype-json,Hd Agent Status,"[""Label of the enable (Check) field in DocType 'HD Agent Status'""]",,,,,,,existente correcta,revisado inicial Helpdesk,sí,sí,,,Enable→Habilitar (crossapp).,,,
helpdesk:844e743421af6f27,helpdesk,helpdesk,src,src,,Src,Enable ERPNext Integration,Enable ERPNext Integration,,,,,Habilitar la integración con ERPNext,,,,,desk/src/components/erpnext-integration/ERPNextIntegrationSettings.vue:36,desk/src/components/erpnext-integration/ERPNextIntegrationSettings.vue:36,desk/src/components/erpnext-integration/ERPNextIntegrationSettings.vue:36,client-js,,[],,,,,,,traducción propuesta,revisado inicial Helpdesk,sí,sí,,,Enable ERPNext Integration.,,,
helpdesk:3e17a51c760c897a,helpdesk,helpdesk,src,src,,Src,Enable Incoming,Enable Incoming,,,,,Habilitar correos entrantes,,,,,desk/src/components/Settings/emailConfig.ts:29,desk/src/components/Settings/emailConfig.ts:29,,client-js,,[],,,,,,,traducción propuesta,revisado inicial Helpdesk,sí,sí,,,crossapp: Enable Incoming.,,,"POT-only: en el universo fresco, sin traducir"
helpdesk:b526b951d52746e2,helpdesk,helpdesk,src,src,,Src,Enable Outgoing,Enable Outgoing,,,,,Habilitar correos salientes,,,,,desk/src/components/Settings/emailConfig.ts:37,desk/src/components/Settings/emailConfig.ts:37,,client-js,,[],,,,,,,traducción propuesta,revisado inicial Helpdesk,sí,sí,,,crossapp: Enable Outgoing.,,,"POT-only: en el universo fresco, sin traducir"
helpdesk:02e906761a8ec869,helpdesk,helpdesk,helpdesk,helpdesk;src,sí,Helpdesk,Enable comment reactions,Enable comment reactions,,,Habilitar reacciones a comentarios,,Habilitar reacciones a comentarios,,Label of the enable_comment_reactions (Check) field in DocType 'HD Settings',etiqueta de campo/elemento,,desk/src/components/Settings/General/components/TicketSettings.vue:23,desk/src/components/Settings/General/components/TicketSettings.vue:23 || helpdesk/helpdesk/doctype/hd_settings/hd_settings.json,desk/src/components/Settings/General/components/TicketSettings.vue:23 || helpdesk/helpdesk/doctype/hd_settings/hd_settings.json,client-js,HD Settings,"[""Label of the enable_comment_reactions (Check) field in DocType 'HD Settings'""]",,,,,,,existente correcta,revisado inicial Helpdesk,sí,sí,,,Enable→Habilitar (cross-app); comments→comentarios.,,,
helpdesk:348745f992c412dd,helpdesk,helpdesk,helpdesk,helpdesk,,Helpdesk,Enable feedback for Customer Portal,Enable feedback for Customer Portal,,,Habilitar la retroalimentación para el Portal del Cliente,,Habilitar comentarios para el Portal del Cliente,,Label of the is_feedback_mandatory (Check) field in DocType 'HD Settings',etiqueta de campo/elemento,,helpdesk/helpdesk/doctype/hd_settings/hd_settings.json,helpdesk/helpdesk/doctype/hd_settings/hd_settings.json,helpdesk/helpdesk/doctype/hd_settings/hd_settings.json,doctype-json,Hd Settings,"[""Label of the is_feedback_mandatory (Check) field in DocType 'HD Settings'""]",,,,,,,existente mejorable,revisado inicial Helpdesk,sí,sí,,,Feedback→Comentarios (glosario); 'retroalimentación' reemplazado.,,,
helpdesk:ac6963f6cc3745d7,helpdesk,helpdesk,src,helpdesk;src,sí,Src,Enabled,Enabled,,,Habilitado,,Habilitado,,Label of the enable_email_ticket_feedback (Check) field in DocType 'HD Settings',etiqueta de campo/elemento,,desk/src/components/Settings/Assignment Rules/AssignmentRuleView.vue:25,desk/src/components/Settings/Assignment Rules/AssignmentRuleView.vue:25 || desk/src/components/Settings/Assignment Rules/AssignmentRulesListView.vue:31 || desk/src/components/Settings/EmailNotifications/Notification.vue:31 || desk/src/components/Settings/FieldDependency/FieldDependency.vue:22 || desk/src/components/Settings/FieldDependency/FieldDependencyList.vue:69 || desk/src/components/Settings/Sla/SlaPolicyList.vue:34 || desk/src/components/Settings/Sla/SlaPolicyView.vue:24 || desk/src/components/Settings/Teams/NewTeam.vue:21 || desk/src/components/Settings/Teams/TeamEdit.vue:22 || desk/src/components/Settings/Telephony/ExotelSettings.vue:35 || desk/src/components/Settings/Telephony/TwilioSettings.vue:34 || helpdesk/helpdesk/doctype/erpnext_hd_settings/erpnext_hd_settings.json || helpdesk/helpdesk/doctype/hd_form_script/hd_form_script.json || helpdesk/helpdesk/doctype/hd_service_level_agreement/hd_service_level_agreement.json || helpdesk/helpdesk/doctype/hd_settings/hd_settings.json || helpdesk/helpdesk/doctype/hd_stopword/hd_stopword.json || helpdesk/helpdesk/doctype/hd_ticket_status/hd_ticket_status.json,desk/src/components/Settings/Assignment || Rules/AssignmentRuleView.vue:16 || Rules/AssignmentRulesListView.vue:31 || desk/src/components/Settings/EmailNotifications/Notification.vue:31 || desk/src/components/Settings/FieldDependency/FieldDependency.vue:13 || desk/src/components/Settings/FieldDependency/FieldDependencyList.vue:70 || desk/src/components/Settings/Sla/SlaPolicyList.vue:34 || desk/src/components/Settings/Sla/SlaPolicyView.vue:15 || desk/src/components/Settings/Teams/NewTeam.vue:12 || desk/src/components/Settings/Teams/TeamEdit.vue:11 || desk/src/components/Settings/Telephony/ExotelSettings.vue:25 || desk/src/components/Settings/Telephony/TwilioSettings.vue:24 || helpdesk/helpdesk/doctype/erpnext_hd_settings/erpnext_hd_settings.json || helpdesk/helpdesk/doctype/hd_action/hd_action.json || helpdesk/helpdesk/doctype/hd_escalation_rule/hd_escalation_rule.json || helpdesk/helpdesk/doctype/hd_form_script/hd_form_script.json || helpdesk/helpdesk/doctype/hd_service_level_agreement/hd_service_level_agreement.json || helpdesk/helpdesk/doctype/hd_settings/hd_settings.json || helpdesk/helpdesk/doctype/hd_stopword/hd_stopword.json || helpdesk/helpdesk/doctype/hd_ticket_status/hd_ticket_status.json,client-js,HD Settings,"[""Label of the enable_email_ticket_feedback (Check) field in DocType 'HD Settings'"", ""Label of the enable_reply_email_to_agent (Check) field in DocType 'HD Settings'"", ""Label of the enable_reply_email_via_agent (Check) field in DocType 'HD Settings'"", ""Label of the enabled (Check) field in DocType 'ERPNext HD Settings'"", ""Label of the enabled (Check) field in DocType 'HD Form Script'"", ""Label of the enabled (Check) field in DocType 'HD Service Level Agreement'"", ""Label of the enabled (Check) field in DocType 'HD Stopword'"", ""Label of the enabled (Check) field in DocType 'HD Ticket Status'"", ""Label of the send_acknowledgement_email (Check) field in DocType 'HD Settings'""]",,,,,,,existente correcta,revisado inicial Helpdesk,sí,sí,,,Enabled→Habilitado (crossapp).,,,
helpdesk:1ab0ee4d0af1b803,helpdesk,helpdesk,helpdesk,helpdesk,,Helpdesk,End Date,End Date,,,Fecha Final,,Fecha de fin,,Label of the end_date (Date) field in DocType 'HD Service Level Agreement',etiqueta de campo/elemento,,helpdesk/helpdesk/doctype/hd_service_level_agreement/hd_service_level_agreement.json,helpdesk/helpdesk/doctype/hd_service_level_agreement/hd_service_level_agreement.json,helpdesk/helpdesk/doctype/hd_service_level_agreement/hd_service_level_agreement.json,doctype-json,Hd Service Level Agreement,"[""Label of the end_date (Date) field in DocType 'HD Service Level Agreement'""]",,,,,,,existente mejorable,revisado inicial Helpdesk,sí,sí,,,Cross-app End Date->Fecha de fin (consistencia).,,,
helpdesk:5791e2d96c8dec3a,helpdesk,helpdesk,helpdesk,helpdesk,,Helpdesk,End Time,End Time,,,Hora de finalización,,Hora de finalización,,Label of the end_time (Time) field in DocType 'HD Service Day',etiqueta de campo/elemento,,helpdesk/helpdesk/doctype/hd_service_day/hd_service_day.json,helpdesk/helpdesk/doctype/hd_service_day/hd_service_day.json,helpdesk/helpdesk/doctype/hd_service_day/hd_service_day.json,doctype-json,Hd Service Day,"[""Label of the end_time (Time) field in DocType 'HD Service Day'""]",,,,,,,existente correcta,revisado inicial Helpdesk,sí,sí,,,Cross-app End Time.,,,
helpdesk:46b143e11bcacc7f,helpdesk,helpdesk,helpdesk,helpdesk,,Helpdesk,Enter a name for this HD Service Holiday List.,Enter a name for this HD Service Holiday List.,,,Ingrese un nombre para esta lista de días festivos del servicio de Mesa de ayuda.,,Ingrese un nombre para esta Lista de Días Festivos de Servicio HD.,,,,,helpdesk/helpdesk/doctype/hd_service_holiday_list/hd_service_holiday_list.js:22,helpdesk/helpdesk/doctype/hd_service_holiday_list/hd_service_holiday_list.js:22,helpdesk/helpdesk/doctype/hd_service_holiday_list/hd_service_holiday_list.js:22,doctype-controller,Hd Service Holiday List,[],,,,,,,existente mejorable,revisado inicial Helpdesk,sí,,,,Nombre del DocType HD Service Holiday List (no 'Mesa de ayuda').,,,
helpdesk:a75c1b5390a16fb7,helpdesk,helpdesk,src,src,,Src,Enter brand name,Enter brand name,,,Introduce el nombre de la marca,,Ingrese el nombre de la marca,,,,,desk/src/components/Settings/General/components/Branding.vue:11,desk/src/components/Settings/General/components/Branding.vue:11,desk/src/components/Settings/General/components/Branding.vue:11,client-js,,[],,,,,,,existente mejorable,revisado inicial Helpdesk + pase dirigido,sí,,,,"Imperativo usted (Ingrese, MX).",,,
helpdesk:bc9295fd31a51803,helpdesk,helpdesk,src,src,,Src,Enter email address,Enter email address,,,,,Ingrese el correo electrónico,,,,,desk/src/components/customer/InviteContactDialog.vue:12,desk/src/components/customer/InviteContactDialog.vue:12,,client-js,,[],,,,,,,traducción propuesta,revisado inicial Helpdesk + pase dirigido,sí,,,,Imperativo usted.,,,"POT-only: en el universo fresco, sin traducir"
helpdesk:f1bfa5a9b816a207,helpdesk,helpdesk,src,src,,Src,Enter the new name for the team,Enter the new name for the team,,,Introduce el nuevo nombre para el equipo,,Ingrese el nuevo nombre para el equipo,,,,,desk/src/components/Settings/Teams/RenameTeamModal.vue:64,desk/src/components/Settings/Teams/RenameTeamModal.vue:64,desk/src/components/Settings/Teams/RenameTeamModal.vue:64,client-js,,[],,,,,,,existente mejorable,revisado inicial Helpdesk + pase dirigido,sí,,,,Imperativo usted.,,,
helpdesk:dc2f6a7e3e1e726c,helpdesk,helpdesk,src,src,,Src,Enter the primary contact's email,Enter the primary contact's email,,,,,Ingrese el correo del contacto principal,,,,,desk/src/components/customer/NewCustomerDialog.vue:182,desk/src/components/customer/NewCustomerDialog.vue:182,,client-js,,[],,,,,,,traducción propuesta,revisado inicial Helpdesk + pase dirigido,sí,,,,Imperativo usted.,,,"POT-only: en el universo fresco, sin traducir"
helpdesk:df87d6e8091a4f60,helpdesk,helpdesk,src,src,,Src,Enter the primary contact's first name,Enter the primary contact's first name,,,,,Ingrese el nombre del contacto principal,,,,,desk/src/components/customer/NewCustomerDialog.vue:178,desk/src/components/customer/NewCustomerDialog.vue:178,,client-js,,[],,,,,,,traducción propuesta,revisado inicial Helpdesk + pase dirigido,sí,,,,Imperativo usted.,,,"POT-only: en el universo fresco, sin traducir"
helpdesk:94a86082fb9a105c,helpdesk,helpdesk,api,api,,Api,Error moving article to category,Error moving article to category,,,Error al mover el artículo a categoría,,Error al mover el artículo a la categoría,,,,,helpdesk/api/knowledge_base.py:86,helpdesk/api/knowledge_base.py:86,helpdesk/api/knowledge_base.py:86,python,,[],,,,,,,existente mejorable,revisado inicial Helpdesk,sí,sí,,,Se añade 'la' para naturalidad.,,,
helpdesk:7e97d3945697d4ed,helpdesk,helpdesk,overrides,overrides,,Overrides,"Error processing email at index {0}, message: {1}","Error processing email at index {0}, message: {1}",,,"Error al procesar el correo en el índice {0}, mensaje: {1}",,"Error al procesar el correo en el índice {0}, mensaje: {1}",,,,,helpdesk/overrides/email_account.py:93,helpdesk/overrides/email_account.py:93,helpdesk/overrides/email_account.py:93,python,,[],{0};{1},{0};{1},{0};{1},ok,,,existente correcta,revisado inicial Helpdesk,sí,sí,,,Placeholders {0};{1} preservados.,,,
helpdesk:3b7681fa2eb885cd,helpdesk,helpdesk,overrides,overrides,,Overrides,Error while connecting to email account {0},Error while connecting to email account {0},,,Error al conectarte a la cuenta de correo electrónico {0},,Error al conectarse a la cuenta de correo electrónico {0},,,,,helpdesk/overrides/email_account.py:142,helpdesk/overrides/email_account.py:142,helpdesk/overrides/email_account.py:142,python,,[],{0},{0},{0},ok,,,existente mejorable,revisado inicial Helpdesk + pase dirigido,sí,sí,,,Placeholder {0} preservado; registro tuteo consistente.,,,
helpdesk:7c84835cf9005a73,helpdesk,helpdesk,src,src,,Src,Excel,Excel,,,Excel,,Excel,,,,,desk/src/components/ticket/ExportModal.vue:11,desk/src/components/ticket/ExportModal.vue:11 || desk/src/components/ticket/ExportModal.vue:19,desk/src/components/ticket/ExportModal.vue:11 || desk/src/components/ticket/ExportModal.vue:19,client-js,,[],,,,,,,igual al inglés válida,revisado inicial Helpdesk,sí,sí,,,Nombre de formato/marca; cross-app aprobado.,,,
helpdesk:5ae1ac228bb7e755,helpdesk,helpdesk,src,src,,Src,Existing contacts are being made customer managers in the background,Existing contacts are being made customer managers in the background,,,,,Los contactos existentes se están convirtiendo en administradores del cliente en segundo plano,,,,,desk/src/components/layouts/CustomerPortalPermissionDialog.vue:73,desk/src/components/layouts/CustomerPortalPermissionDialog.vue:73,,client-js,,[],,,,,,,traducción propuesta,revisado inicial Helpdesk,sí,sí,,,customer managers→administradores del cliente.,,,"POT-only: en el universo fresco, sin traducir"
helpdesk:9d9abe422ec5645d,helpdesk,helpdesk,src,src,,Src,Existing users join instantly. Others get an invite.,Existing users join instantly. Others get an invite.,,,,,Los usuarios existentes se unen al instante. Los demás reciben una invitación.,,,,,desk/src/components/customer/InviteContactDialog.vue:24,desk/src/components/customer/InviteContactDialog.vue:24,,client-js,,[],,,,,,,traducción propuesta,revisado inicial Helpdesk,sí,sí,,,Existing users join instantly.,,,"POT-only: en el universo fresco, sin traducir"
helpdesk:468886355f255324,helpdesk,helpdesk,src,src,,Src,Exotel,Exotel,,,,,Exotel,,,,,desk/src/components/Settings/Telephony/ExotelSettings.vue:10,desk/src/components/Settings/Telephony/ExotelSettings.vue:10 || desk/src/components/Settings/Telephony/Telephony.vue:93,desk/src/components/Settings/Telephony/ExotelSettings.vue:4 || desk/src/components/Settings/Telephony/Telephony.vue:96,client-js,,[],,,,,,,igual al inglés válida,revisado inicial Helpdesk,sí,sí,,,Nombre propio de producto.,,,
helpdesk:6f432c1a7742be34,helpdesk,helpdesk,src,src,,Src,Exotel error: {0},Exotel error: {0},,,,,Error de Exotel: {0},,,,,desk/src/components/Settings/Telephony/ExotelSettings.vue:269,desk/src/components/Settings/Telephony/ExotelSettings.vue:269 || desk/src/components/Settings/Telephony/Telephony.vue:231,,client-js,,[],{0},,{0},ok,,,traducción propuesta,revisado inicial Helpdesk,sí,sí,,,Placeholder {0} preservado; Exotel nombre propio.,,,"POT-only: en el universo fresco, sin traducir"
helpdesk:12810d9b24384bc6,helpdesk,helpdesk,src,src,,Src,Explore customer portal,Explore customer portal,,,Explorar el portal del cliente,,Explorar el portal del cliente,,,,,desk/src/components/layouts/Sidebar.vue:347,desk/src/components/layouts/Sidebar.vue:347,desk/src/components/layouts/Sidebar.vue:557,client-js,,[],,,,,,,existente correcta,revisado inicial Helpdesk,sí,sí,,,,,,
helpdesk:ca171acabcecea48,helpdesk,helpdesk,src,src,,Src,Explore the product first,Explore the product first,,,,,Explorar el producto primero,,,,,desk/src/pages/PersonaForm.vue:231,desk/src/pages/PersonaForm.vue:231,,client-js,,[],,,,,,,traducción propuesta,revisado inicial Helpdesk,sí,sí,,,Explore the product first.,,,"POT-only: en el universo fresco, sin traducir"
helpdesk:e5e2db13de287950,helpdesk,helpdesk,src,src,,Src,Export,Export,,,Exportar,,Exportar,,,,,desk/src/components/ticket/ExportModal.vue:2,desk/src/components/ticket/ExportModal.vue:2 || desk/src/pages/ticket/Tickets.vue:123,desk/src/components/ticket/ExportModal.vue:2 || desk/src/pages/ticket/Tickets.vue:130,client-js,,[],,,,,,,existente correcta,revisado inicial Helpdesk,sí,sí,,,Cross-app aprobado.,,,
helpdesk:1bbd647a820db08b,helpdesk,helpdesk,src,src,,Src,Export All {0} Record(s),Export All {0} Record(s),,,Exportar todos los {0} registro(s),,Exportar los {0} registro(s),,,,,desk/src/components/ticket/ExportModal.vue:26,desk/src/components/ticket/ExportModal.vue:26,desk/src/components/ticket/ExportModal.vue:26,client-js,,[],{0},{0},{0},ok,,,existente mejorable,revisado inicial Helpdesk,sí,sí,,,'todos los {0}' redundante; MX natural sin 'todos'. Placeholder {0} preservado.,,,
helpdesk:ebbafb5bbda8fe4f,helpdesk,helpdesk,src,src,,Src,Export Type,Export Type,,,Tipo de Exportación,,Tipo de Exportación,,,,,desk/src/components/ticket/ExportModal.vue:7,desk/src/components/ticket/ExportModal.vue:7,desk/src/components/ticket/ExportModal.vue:7,client-js,,[],,,,,,,existente correcta,revisado inicial Helpdesk,sí,sí,,,Cross-app aprobado.,,,
helpdesk:de35580946489cb8,helpdesk,helpdesk,src,helpdesk;src,sí,Src,Failed,Failed,,,Fallido,,Falló,,Option for the 'SLA Status' (Select) field in DocType 'HD Ticket',opción de campo select,,desk/src/pages/call-logs/CallLogModal.vue:211,desk/src/pages/call-logs/CallLogModal.vue:211 || desk/src/pages/ticket/Tickets.vue:210 || desk/src/pages/ticket/Tickets.vue:223 || desk/src/pages/ticket/Tickets.vue:256 || desk/src/pages/ticket/Tickets.vue:264 || helpdesk/helpdesk/doctype/hd_ticket/hd_ticket.json,desk/src/pages/call-logs/CallLogModal.vue:211 || desk/src/pages/ticket/Tickets.vue:217 || desk/src/pages/ticket/Tickets.vue:230 || desk/src/pages/ticket/Tickets.vue:263 || desk/src/pages/ticket/Tickets.vue:271 || helpdesk/helpdesk/doctype/hd_ticket/hd_ticket.json,client-js,HD Ticket,"[""Option for the 'SLA Status' (Select) field in DocType 'HD Ticket'""]",,,,,,,existente mejorable,revisado inicial Helpdesk,sí,sí,,,Failed→'Falló' (cross-app aprobado); 'Fallido' inconsistente.,,,
helpdesk:0ff28e36699bc203,helpdesk,helpdesk,src,src,,Src,Failed SLAs,Failed SLAs,,,,,SLA incumplidos,,,,,desk/src/components/customer/TicketStats.vue:39,desk/src/components/customer/TicketStats.vue:39,,client-js,,[],,,,,,,traducción propuesta,revisado inicial Helpdesk,sí,sí,,,SLA protegido; 'Failed SLAs'->SLA incumplidos.,,,"POT-only: en el universo fresco, sin traducir"
helpdesk:1b5e56c5ec5cbf46,helpdesk,helpdesk,src,src,,Src,Failed to create category,Failed to create category,,,,,No se pudo crear la categoría,,,,,desk/src/pages/knowledge-base/KnowledgeBaseAgent.vue:274,desk/src/pages/knowledge-base/KnowledgeBaseAgent.vue:274,desk/src/pages/knowledge-base/KnowledgeBaseAgent.vue:278,client-js,,[],,,,,,,traducción propuesta,revisado inicial Helpdesk,sí,sí,,,Vacío en upstream.,,,
helpdesk:7388f22d14aef9c7,helpdesk,helpdesk,src,src,,Src,"Failed to create email account, Invalid credentials","Failed to create email account, Invalid credentials",,,"Falló al crear cuenta de correo, credenciales inválidas",,"Falló al crear cuenta de correo, credenciales inválidas",,,,,desk/src/components/Settings/EmailAdd.vue:317,desk/src/components/Settings/EmailAdd.vue:317,desk/src/components/Settings/EmailAdd.vue:315,client-js,,[],,,,,,,existente correcta,revisado inicial Helpdesk,sí,sí,,,,,,
helpdesk:9c845e078b7dff5a,helpdesk,helpdesk,src,src,,Src,Failed to delete ticket.,Failed to delete ticket.,,,,,No se pudo eliminar el ticket.,,,,,desk/src/components/ticket-agent/TicketHeader.vue:222,desk/src/components/ticket-agent/TicketHeader.vue:222,desk/src/components/ticket-agent/TicketHeader.vue:222,client-js,,[],,,,,,,traducción propuesta,revisado inicial Helpdesk,sí,sí,,,,,,
helpdesk:0d6624b80a9f72e6,helpdesk,helpdesk,src,src,,Src,Failed to load telephony agent,Failed to load telephony agent,,,Fallo al cargar el agente de telefonía,,No se pudo cargar el agente de telefonía,,,,,desk/src/components/Settings/Telephony/ExotelSettings.vue:205,desk/src/components/Settings/Telephony/ExotelSettings.vue:205 || desk/src/components/Settings/Telephony/Telephony.vue:189 || desk/src/components/Settings/Telephony/TwilioSettings.vue:183,desk/src/components/Settings/Telephony/ExotelSettings.vue:194 || desk/src/components/Settings/Telephony/Telephony.vue:195 || desk/src/components/Settings/Telephony/TwilioSettings.vue:172,client-js,,[],,,,,,,existente mejorable,revisado inicial Helpdesk,sí,sí,,,'Fallo al cargar' es calco; forma más natural MX. Agent->agente.,,,
helpdesk:a0b8adbbbd25b73c,helpdesk,helpdesk,src,src,,Src,Failed to pull emails,Failed to pull emails,,,Fallo al recuperar correos,,Fallo al recuperar correos,,,,,desk/src/components/Settings/EmailEdit.vue:423,desk/src/components/Settings/EmailEdit.vue:423,desk/src/components/Settings/EmailEdit.vue:422,client-js,,[],,,,,,,existente correcta,revisado inicial Helpdesk,sí,sí,,,,,,
helpdesk:e4dcc5c1c3afa161,helpdesk,helpdesk,src,src,,Src,Failed to save Exotel settings,Failed to save Exotel settings,,,Fallo al guardar la configuración de Exotel,,No se pudo guardar la configuración de Exotel,,,,,desk/src/components/Settings/Telephony/ExotelSettings.vue:270,desk/src/components/Settings/Telephony/ExotelSettings.vue:270 || desk/src/components/Settings/Telephony/Telephony.vue:232,desk/src/components/Settings/Telephony/ExotelSettings.vue:259 || desk/src/components/Settings/Telephony/Telephony.vue:238,client-js,,[],,,,,,,existente mejorable,revisado inicial Helpdesk,sí,sí,,,'Fallo al guardar' -> forma más natural MX.,,,
helpdesk:034beb96d363ad45,helpdesk,helpdesk,src,src,,Src,Failed to save Twilio settings,Failed to save Twilio settings,,,Fallo al guardar la configuración de Twilio,,No se pudo guardar la configuración de Twilio,,,,,desk/src/components/Settings/Telephony/ExotelSettings.vue:262,desk/src/components/Settings/Telephony/ExotelSettings.vue:262 || desk/src/components/Settings/Telephony/Telephony.vue:224 || desk/src/components/Settings/Telephony/TwilioSettings.vue:226,desk/src/components/Settings/Telephony/ExotelSettings.vue:251 || desk/src/components/Settings/Telephony/Telephony.vue:230 || desk/src/components/Settings/Telephony/TwilioSettings.vue:215,client-js,,[],,,,,,,existente mejorable,revisado inicial Helpdesk,sí,sí,,,'Fallo al guardar' -> forma más natural MX; Twilio nombre propio.,,,
helpdesk:0a3be0d1cd742f39,helpdesk,helpdesk,src,src,,Src,Failed to update Assignee's.,Failed to update Assignee's.,,,,,No se pudo actualizar el asignado.,,,,,desk/src/components/ticket-agent/AssignTo.vue:501,desk/src/components/ticket-agent/AssignTo.vue:501,desk/src/components/ticket-agent/AssignTo.vue:526,client-js,,[],,,,,,,traducción propuesta,revisado inicial Helpdesk,sí,sí,,,,,,
helpdesk:104219eb9eb84c7a,helpdesk,helpdesk,src,src,,Src,Failed to update Assignees.,Failed to update Assignees.,,,,,No se pudieron actualizar los asignados.,,,,,desk/src/components/ticket-agent/AssignTo.vue:585,desk/src/components/ticket-agent/AssignTo.vue:585,desk/src/components/ticket-agent/AssignTo.vue:610,client-js,,[],,,,,,,traducción propuesta,revisado inicial Helpdesk,sí,sí,,,,,,
helpdesk:0d4670638bdf0fa4,helpdesk,helpdesk,src,src,,Src,Failed to update assignment rule {0}.,Failed to update assignment rule {0}.,,,,,No se pudo actualizar la regla de asignación {0}.,,,,,desk/src/components/Settings/Assignment Rules/AssignmentRuleListItem.vue:232,desk/src/components/Settings/Assignment Rules/AssignmentRuleListItem.vue:232,desk/src/components/Settings/Assignment || Rules/AssignmentRuleListItem.vue:232,client-js,,[],{0},,{0},ok,,,traducción propuesta,revisado inicial Helpdesk,sí,sí,,,Vacío en upstream. {0} preservado.,,,
helpdesk:728a36ef20b22c62,helpdesk,helpdesk,src,src,,Src,Failed to update category.,Failed to update category.,,,,,No se pudo actualizar la categoría.,,,,,desk/src/pages/knowledge-base/KnowledgeBaseAgent.vue:308,desk/src/pages/knowledge-base/KnowledgeBaseAgent.vue:308,desk/src/pages/knowledge-base/KnowledgeBaseAgent.vue:312,client-js,,[],,,,,,,traducción propuesta,revisado inicial Helpdesk,sí,sí,,,Vacío en upstream.,,,
helpdesk:b88b212207922ee1,helpdesk,helpdesk,src,src,,Src,"Failed to update email account, Invalid credentials","Failed to update email account, Invalid credentials",,,"Falló al actualizar cuenta de correo, credenciales inválidas",,"Falló al actualizar cuenta de correo, credenciales inválidas",,,,,desk/src/components/Settings/EmailEdit.vue:476,desk/src/components/Settings/EmailEdit.vue:476,desk/src/components/Settings/EmailEdit.vue:476,client-js,,[],,,,,,,existente correcta,revisado inicial Helpdesk,sí,sí,,,,,,
helpdesk:2a83128d2489db63,helpdesk,helpdesk,src,src,,Src,Failed to update field dependency.,Failed to update field dependency.,,,,,No se pudo actualizar la dependencia de campo.,,,,,desk/src/components/Settings/FieldDependency/FieldDependencyList.vue:183,desk/src/components/Settings/FieldDependency/FieldDependencyList.vue:183,desk/src/components/Settings/FieldDependency/FieldDependencyList.vue:184,client-js,,[],,,,,,,traducción propuesta,revisado inicial Helpdesk,sí,sí,,,Mensaje de error.,,,
helpdesk:3aefa303340d29ae,helpdesk,helpdesk,helpdesk,helpdesk;src,sí,Helpdesk,Favicon,Favicon,,,,,Favicon,,Label of the favicon (Attach Image) field in DocType 'HD Settings',etiqueta de campo/elemento,,desk/src/components/Settings/General/components/Branding.vue:27,desk/src/components/Settings/General/components/Branding.vue:27 || helpdesk/helpdesk/doctype/hd_settings/hd_settings.json,desk/src/components/Settings/General/components/Branding.vue:27 || helpdesk/helpdesk/doctype/hd_settings/hd_settings.json,client-js,HD Settings,"[""Label of the favicon (Attach Image) field in DocType 'HD Settings'""]",,,,,,,igual al inglés válida,revisado inicial Helpdesk,sí,sí,,,Término técnico universal; se conserva.,,,
helpdesk:b6bfa52f90e898d5,helpdesk,helpdesk,helpdesk,helpdesk;src,sí,Helpdesk,Feedback,Feedback,,,Retroalimentación,,Comentarios,,Label of the feedback (Select) field in DocType 'HD Article Feedback',etiqueta de campo/elemento,,desk/src/pages/contact/Contact.vue:181,desk/src/pages/contact/Contact.vue:181 || desk/src/pages/contact/Contact.vue:90 || desk/src/pages/home/components/RecentFeedback.vue:199 || helpdesk/helpdesk/doctype/hd_article_feedback/hd_article_feedback.json || helpdesk/helpdesk/doctype/hd_settings/hd_settings.json || helpdesk/helpdesk/doctype/hd_ticket/hd_ticket.json,desk/src/pages/home/components/RecentFeedback.vue:199 || desk/src/pages/home/components/RecentFeedback.vue:319 || helpdesk/helpdesk/doctype/hd_article_feedback/hd_article_feedback.json || helpdesk/helpdesk/doctype/hd_settings/hd_settings.json || helpdesk/helpdesk/doctype/hd_ticket/hd_ticket.json,client-js,HD Article Feedback,"[""Label of the feedback (Select) field in DocType 'HD Article Feedback'"", ""Label of the feedback_section (Section Break) field in DocType 'HD Settings'"", ""Label of the feedback_tab (Tab Break) field in DocType 'HD Ticket'""]",,,,,,,existente mejorable,revisado inicial Helpdesk,sí,sí,,,Feedback→Comentarios (glosario/crossapp); 'Retroalimentación' es peninsular/literal.,,,
helpdesk:fb35e3d64be94ed4,helpdesk,helpdesk,helpdesk,helpdesk,,Helpdesk,Feedback ,Feedback ,,,Retroalimentación ,,Comentarios ,,Label of a field in the email-feedback Web Form,etiqueta de campo/elemento,,helpdesk/helpdesk/doctype/hd_email_feedback/hd_email_feedback.json,helpdesk/helpdesk/doctype/hd_email_feedback/hd_email_feedback.json || helpdesk/helpdesk/web_form/email_feedback/email_feedback.json,helpdesk/helpdesk/doctype/hd_email_feedback/hd_email_feedback.json || helpdesk/helpdesk/web_form/email_feedback/email_feedback.json,doctype-json,Hd Email Feedback,"[""Label of a field in the email-feedback Web Form"", ""Label of the feedback_extra (Small Text) field in DocType 'HD Email Feedback'""]",,,,,,,existente mejorable,revisado inicial Helpdesk,sí,sí,,,Feedback->Comentarios. Espacio final del msgid preservado.,,,
helpdesk:165bb7843f02af01,helpdesk,helpdesk,helpdesk,helpdesk,,Helpdesk,Feedback (Extra),Feedback (Extra),,,Comentarios (Extra),,Comentarios (Extra),,Label of the feedback_extra (Long Text) field in DocType 'HD Ticket',etiqueta de campo/elemento,,helpdesk/helpdesk/doctype/hd_ticket/hd_ticket.json,helpdesk/helpdesk/doctype/hd_ticket/hd_ticket.json,helpdesk/helpdesk/doctype/hd_ticket/hd_ticket.json,doctype-json,Hd Ticket,"[""Label of the feedback_extra (Long Text) field in DocType 'HD Ticket'""]",,,,,,,existente correcta,revisado inicial Helpdesk,sí,sí,,,Feedback→Comentarios (glosario).,,,
helpdesk:ddd926248d38ad2e,helpdesk,helpdesk,helpdesk,helpdesk,,Helpdesk,Feedback (Option),Feedback (Option),,,Comentarios (Opción),,Comentarios (Opción),,Label of the feedback (Link) field in DocType 'HD Ticket',etiqueta de campo/elemento,,helpdesk/helpdesk/doctype/hd_ticket/hd_ticket.json,helpdesk/helpdesk/doctype/hd_ticket/hd_ticket.json,helpdesk/helpdesk/doctype/hd_ticket/hd_ticket.json,doctype-json,Hd Ticket,"[""Label of the feedback (Link) field in DocType 'HD Ticket'""]",,,,,,,existente correcta,revisado inicial Helpdesk,sí,sí,,,Feedback→Comentarios (glosario).,,,
helpdesk:bd728e733b365388,helpdesk,helpdesk,helpdesk,helpdesk,,Helpdesk,Feedback Already Exists,Feedback Already Exists,,,La retroalimentación ya existe,,Los comentarios ya existen,,,,,helpdesk/helpdesk/doctype/hd_email_feedback/hd_email_feedback.py:30,helpdesk/helpdesk/doctype/hd_email_feedback/hd_email_feedback.py:30,helpdesk/helpdesk/doctype/hd_email_feedback/hd_email_feedback.py:30,doctype-controller,Hd Email Feedback,[],,,,,,,existente mejorable,revisado inicial Helpdesk,sí,sí,,,Feedback->Comentarios (plural).,,,
helpdesk:80db4fd7d81d4f5c,helpdesk,helpdesk,helpdesk,helpdesk,,Helpdesk,Feedback Rating,Feedback Rating,,,Calificación de las opiniones,,Calificación de comentarios,,Label of a field in the email-feedback Web Form,etiqueta de campo/elemento,,helpdesk/helpdesk/doctype/hd_email_feedback/hd_email_feedback.json,helpdesk/helpdesk/doctype/hd_email_feedback/hd_email_feedback.json || helpdesk/helpdesk/web_form/email_feedback/email_feedback.json,helpdesk/helpdesk/doctype/hd_email_feedback/hd_email_feedback.json || helpdesk/helpdesk/web_form/email_feedback/email_feedback.json,doctype-json,Hd Email Feedback,"[""Label of a field in the email-feedback Web Form"", ""Label of the feedback_rating (Rating) field in DocType 'HD Email Feedback'""]",,,,,,,existente mejorable,revisado inicial Helpdesk,sí,sí,,,Feedback Rating: Feedback->Comentarios; 'opiniones' inconsistente.,,,
helpdesk:e56ea2ecb1dd57f9,helpdesk,helpdesk,api,api,,Api,Feedback Trend,Feedback Trend,,,Tendencia de retroalimentación,,Tendencia de comentarios,,,,,helpdesk/api/dashboard.py:380,helpdesk/api/dashboard.py:380,helpdesk/api/dashboard.py:370,python,,[],,,,,,,existente mejorable,revisado inicial Helpdesk,sí,sí,,,Feedback->Comentarios.,,,
helpdesk:b0e57dad403008f3,helpdesk,helpdesk,helpdesk,helpdesk,,Helpdesk,Feedback email has been sent to the customer,Feedback email has been sent to the customer,,,Se ha enviado un correo electrónico de respuesta al cliente,,Se ha enviado un correo de comentarios al cliente,,,,,helpdesk/helpdesk/doctype/hd_ticket/hd_ticket.py:166,helpdesk/helpdesk/doctype/hd_ticket/hd_ticket.py:166,helpdesk/helpdesk/doctype/hd_ticket/hd_ticket.py:167,doctype-controller,Hd Ticket,[],,,,,,,existente mejorable,revisado inicial Helpdesk,sí,sí,,,Feedback email→correo de comentarios; upstream decía 'de respuesta' (impreciso).,,,
helpdesk:816ea4190f61f3fd,helpdesk,helpdesk,src,src,,Src,Feedback from this contact will appear here once available.,Feedback from this contact will appear here once available.,,,,,Los comentarios de este contacto aparecerán aquí cuando estén disponibles.,,,,,desk/src/components/contact/ContactFeedback.vue:20,desk/src/components/contact/ContactFeedback.vue:20,,client-js,,[],,,,,,,traducción propuesta,revisado inicial Helpdesk,sí,sí,,,Feedback→Comentarios (glosario).,,,"POT-only: en el universo fresco, sin traducir"
helpdesk:86745e6ccc312a37,helpdesk,helpdesk,src,src,,Src,Feedback submitted successfully.,Feedback submitted successfully.,,,,,Comentarios enviados correctamente.,,,,,desk/src/components/knowledge-base/ArticleFeedback.vue:79,desk/src/components/knowledge-base/ArticleFeedback.vue:79,desk/src/components/knowledge-base/ArticleFeedback.vue:79,client-js,,[],,,,,,,traducción propuesta,revisado inicial Helpdesk,sí,sí,,,Feedback→Comentarios (glosario cerrado).,,,
helpdesk:0762b02e1fb171b0,helpdesk,helpdesk,helpdesk,helpdesk,,Helpdesk,Field (fieldname),Field (fieldname),,,Campo (nombre del campo),,Campo (nombre del campo),,Label of the fieldname (Data) field in DocType 'HD Ticket Template Field',etiqueta de campo/elemento,,helpdesk/helpdesk/doctype/hd_ticket_template_field/hd_ticket_template_field.json,helpdesk/helpdesk/doctype/hd_ticket_template_field/hd_ticket_template_field.json,helpdesk/helpdesk/doctype/hd_ticket_template_field/hd_ticket_template_field.json,doctype-json,Hd Ticket Template Field,"[""Label of the fieldname (Data) field in DocType 'HD Ticket Template Field'""]",,,,,,,existente correcta,revisado inicial Helpdesk,sí,sí,,,Correcta.,,,
helpdesk:71487c0ce9f4dcb3,helpdesk,helpdesk,src,src,,Src,Field Dependencies,Field Dependencies,,,Dependencias de campo,,Dependencias de campo,,,,,desk/src/components/Settings/FieldDependency/FieldDependencyList.vue:6,desk/src/components/Settings/FieldDependency/FieldDependencyList.vue:6 || desk/src/components/Settings/settingsModal.ts:126,desk/src/components/Settings/FieldDependency/FieldDependencyList.vue:6,client-js,,[],,,,,,,existente correcta,revisado inicial Helpdesk,sí,sí,,,Título de sección.,,,
helpdesk:9e2884106b4c4126,helpdesk,helpdesk,src,src,,Src,Field Dependency created successfully,Field Dependency created successfully,,,Dependencia de campo creada con éxito,,Dependencia de campo creada con éxito,,,,,desk/src/components/Settings/FieldDependency/FieldDependency.vue:313,desk/src/components/Settings/FieldDependency/FieldDependency.vue:313,desk/src/components/Settings/FieldDependency/FieldDependency.vue:303,client-js,,[],,,,,,,existente correcta,revisado inicial Helpdesk,sí,sí,,,Mensaje de éxito.,,,
helpdesk:661e67746643f3f0,helpdesk,helpdesk,src,src,,Src,Field Dependency updated successfully,Field Dependency updated successfully,,,Dependencia de campo actualizada con éxito,,Dependencia de campo actualizada con éxito,,,,,desk/src/components/Settings/FieldDependency/FieldDependency.vue:314,desk/src/components/Settings/FieldDependency/FieldDependency.vue:314,desk/src/components/Settings/FieldDependency/FieldDependency.vue:304,client-js,,[],,,,,,,existente correcta,revisado inicial Helpdesk,sí,sí,,,Mensaje de éxito.,,,
helpdesk:a33bcbfd12f60a5b,helpdesk,helpdesk,helpdesk,helpdesk,,Helpdesk,Field `{0}` does not exist in Ticket,Field `{0}` does not exist in Ticket,,,El campo `{0}` no existe en el Ticket,,El campo `{0}` no existe en el Ticket,,,,,helpdesk/helpdesk/doctype/hd_ticket_template/hd_ticket_template.py:25,helpdesk/helpdesk/doctype/hd_ticket_template/hd_ticket_template.py:25,helpdesk/helpdesk/doctype/hd_ticket_template/hd_ticket_template.py:25,doctype-controller,Hd Ticket Template,[],{0},{0},{0},ok,,,existente correcta,revisado inicial Helpdesk,sí,sí,,,Ticket protegido. `{0}` preservado.,,,
helpdesk:da4b186de13629eb,helpdesk,helpdesk,helpdesk,helpdesk,,Helpdesk,Field `{0}` is not allowed in Ticket Template,Field `{0}` is not allowed in Ticket Template,,,El campo `{0}` no está permitido en la plantilla del ticket,,El campo `{0}` no está permitido en la plantilla del ticket,,,,,helpdesk/helpdesk/doctype/hd_ticket_template/hd_ticket_template.py:41,helpdesk/helpdesk/doctype/hd_ticket_template/hd_ticket_template.py:41,helpdesk/helpdesk/doctype/hd_ticket_template/hd_ticket_template.py:41,doctype-controller,Hd Ticket Template,[],{0},{0},{0},ok,,,existente correcta,revisado inicial Helpdesk,sí,sí,,,"ticket en oración minúscula, ok. `{0}` preservado.",,,
helpdesk:c2318292d0eb8094,helpdesk,helpdesk,src,src,,Src,Field dependency deleted successfully.,Field dependency deleted successfully.,,,Dependencia de campo eliminada con éxito.,,Dependencia de campo eliminada con éxito.,,,,,desk/src/components/Settings/FieldDependency/FieldDependencyList.vue:159,desk/src/components/Settings/FieldDependency/FieldDependencyList.vue:159,desk/src/components/Settings/FieldDependency/FieldDependencyList.vue:160,client-js,,[],,,,,,,existente correcta,revisado inicial Helpdesk,sí,sí,,,Mensaje de éxito.,,,
helpdesk:70c62de1299f6ef4,helpdesk,helpdesk,src,src,,Src,Field dependency updated successfully.,Field dependency updated successfully.,,,Dependencia de campo actualizada con éxito.,,Dependencia de campo actualizada con éxito.,,,,,desk/src/components/Settings/FieldDependency/FieldDependencyList.vue:179,desk/src/components/Settings/FieldDependency/FieldDependencyList.vue:179,desk/src/components/Settings/FieldDependency/FieldDependencyList.vue:180,client-js,,[],,,,,,,existente correcta,revisado inicial Helpdesk,sí,sí,,,Mensaje de éxito.,,,
helpdesk:52f8a39c8c459552,helpdesk,helpdesk,helpdesk,helpdesk;src,sí,Helpdesk,Fields,Fields,,,Campos,,Campos,,Label of the fields (Table) field in DocType 'HD Ticket Template',etiqueta de campo/elemento,,desk/src/components/view-controls/filter/FilterFieldList.vue:29,desk/src/components/view-controls/filter/FilterFieldList.vue:29 || helpdesk/helpdesk/doctype/hd_ticket_template/hd_ticket_template.json,helpdesk/helpdesk/doctype/hd_ticket_template/hd_ticket_template.json,client-js,HD Ticket Template,"[""Label of the fields (Table) field in DocType 'HD Ticket Template'""]",,,,,,,existente correcta,revisado inicial Helpdesk,sí,sí,,,Cross-app aprobado.,,,
helpdesk:fdd472a86acfe29b,helpdesk,helpdesk,helpdesk,helpdesk;src,sí,Helpdesk,Filters,Filters,,,Filtros,,Filtros,,Label of the filters (Code) field in DocType 'HD View',etiqueta de campo/elemento,,desk/src/components/view-controls/filter/Filter.vue:201,desk/src/components/view-controls/filter/Filter.vue:201 || helpdesk/helpdesk/doctype/hd_view/hd_view.json,desk/src/components/view-controls/filter/Filter.vue:150 || helpdesk/helpdesk/doctype/hd_view/hd_view.json,client-js,HD View,"[""Label of the filters (Code) field in DocType 'HD View'"", ""Label of the filters_tab (Tab Break) field in DocType 'HD View'""]",,,,,,,existente correcta,revisado inicial Helpdesk,sí,sí,,,crossapp 'Filters'='Filtros'.,,,
helpdesk:b8e50a81e9cee911,helpdesk,helpdesk,src,src,,Src,Find out all of the variables that can be used in the content,Find out all of the variables that can be used in the content,,,Descubre todas las variables que pueden ser usadas en el contenido,,Descubre todas las variables que pueden ser usadas en el contenido,,,,,desk/src/components/Settings/EmailNotifications/Notification.vue:70,desk/src/components/Settings/EmailNotifications/Notification.vue:70 || desk/src/components/Settings/General/components/TicketSettings.vue:229,desk/src/components/Settings/EmailNotifications/Notification.vue:70 || desk/src/components/Settings/General/components/TicketSettings.vue:229,client-js,,[],,,,,,,existente correcta,revisado inicial Helpdesk,sí,sí,,,,,,
helpdesk:36076351531d09e0,helpdesk,helpdesk,src,src,,Src,Finding past conversations,Finding past conversations,,,,,Encontrar conversaciones anteriores,,,,,desk/src/pages/PersonaForm.vue:178,desk/src/pages/PersonaForm.vue:178,,client-js,,[],,,,,,,traducción propuesta,revisado inicial Helpdesk,sí,sí,,,Finding past conversations.,,,"POT-only: en el universo fresco, sin traducir"
helpdesk:4d28485021d1f27b,helpdesk,helpdesk,src,src,,Src,Finish,Finish,,,,,Terminar,,,,,desk/src/components/Questionnaire.vue:128,desk/src/components/Questionnaire.vue:128,,client-js,,[],,,,,,,traducción propuesta,revisado inicial Helpdesk,sí,sí,,,crossapp Finish->Terminar.,,,"POT-only: en el universo fresco, sin traducir"
helpdesk:999ab17fcbc03144,helpdesk,helpdesk,src,src,,Src,First Name,First Name,,,Primer Nombre,,Nombre,,,,,desk/src/components/Settings/SavedReplies/savedReplies.ts:58,desk/src/components/Settings/SavedReplies/savedReplies.ts:58 || desk/src/components/contact/EditContactDialog.vue:34 || desk/src/components/customer/NewCustomerDialog.vue:67 || desk/src/composables/contact.ts:420,desk/src/components/desk/global/NewContactDialog.vue:118,client-js,,[],,,,,,,existente mejorable,revisado inicial Helpdesk,sí,sí,,,Cross-app: First Name->Nombre; 'Primer Nombre' es literal.,,,
helpdesk:c5c4b1131f5ad8ee,helpdesk,helpdesk,helpdesk,helpdesk,,Helpdesk,First Responded On,First Responded On,,,Primera respuesta el,,Primera respuesta el,,Label of the first_responded_on (Datetime) field in DocType 'HD Ticket',etiqueta de campo/elemento,,helpdesk/helpdesk/doctype/hd_ticket/hd_ticket.json,helpdesk/helpdesk/doctype/hd_ticket/hd_ticket.json,helpdesk/helpdesk/doctype/hd_ticket/hd_ticket.json,doctype-json,Hd Ticket,"[""Label of the first_responded_on (Datetime) field in DocType 'HD Ticket'""]",,,,,,,existente correcta,revisado inicial Helpdesk,sí,sí,,,Cross-app aprobado.,,,
helpdesk:e31389285d954215,helpdesk,helpdesk,src,src,,Src,First Response,First Response,,,,,Primera respuesta,,,,,desk/src/components/customer/TicketsTab.vue:220,desk/src/components/customer/TicketsTab.vue:220,,client-js,,[],,,,,,,traducción propuesta,revisado inicial Helpdesk,sí,sí,,,,,,"POT-only: en el universo fresco, sin traducir"
helpdesk:dee1e566ab559270,helpdesk,helpdesk,helpdesk,helpdesk,,Helpdesk,First Response Due,First Response Due,,,Primera respuesta pendiente,,Primera respuesta pendiente,,Option for the 'SLA Status' (Select) field in DocType 'HD Ticket',opción de campo select,,helpdesk/helpdesk/doctype/hd_ticket/hd_ticket.json,helpdesk/helpdesk/doctype/hd_ticket/hd_ticket.json,helpdesk/helpdesk/doctype/hd_ticket/hd_ticket.json,doctype-json,Hd Ticket,"[""Option for the 'SLA Status' (Select) field in DocType 'HD Ticket'""]",,,,,,,existente correcta,revisado inicial Helpdesk,sí,sí,,,Cross-app aprobado (First Response Due).,,,
helpdesk:9b3d04a1639c66cb,helpdesk,helpdesk,helpdesk,helpdesk,,Helpdesk,First Response Failed By,First Response Failed By,,,,,Primera respuesta incumplida el,,Label of the first_response_failed_by (Duration) field in DocType 'HD Ticket',etiqueta de campo/elemento,,helpdesk/helpdesk/doctype/hd_ticket/hd_ticket.json,helpdesk/helpdesk/doctype/hd_ticket/hd_ticket.json,helpdesk/helpdesk/doctype/hd_ticket/hd_ticket.json,doctype-json,Hd Ticket,"[""Label of the first_response_failed_by (Duration) field in DocType 'HD Ticket'""]",,,,,,,traducción propuesta,revisado inicial Helpdesk,sí,sí,,,Campo 'first_response_failed_by' (Duration): momento en que se incumplió la primera respuesta.,,,
helpdesk:a351dc244e23900d,helpdesk,helpdesk,helpdesk,helpdesk,,Mesa de Ayuda,First Response Time,First Response Time,,,Tiempo de primera respuesta,,Tiempo de primera respuesta,,Mesa de Ayuda,campo (SLA),soporte,helpdesk/helpdesk/doctype/hd_service_level_priority/hd_service_level_priority.json,helpdesk/helpdesk/doctype/hd_service_level_priority/hd_service_level_priority.json || helpdesk/helpdesk/doctype/hd_ticket/hd_ticket.json,helpdesk/helpdesk/doctype/hd_service_level_priority/hd_service_level_priority.json || helpdesk/helpdesk/doctype/hd_ticket/hd_ticket.json,doctype-json,Hd Service Level Priority,"[""Label of the first_response_time (Duration) field in DocType 'HD Ticket'"", ""Label of the response_time (Duration) field in DocType 'HD Service Level Priority'""]",,,,,,,existente correcta,revisado inicial Helpdesk,sí,sí,,,LOCKED (human_authored). | convergencia global Gettext (publicación),,,
helpdesk:456fb42215e7a1f1,helpdesk,helpdesk,helpdesk,helpdesk,,Helpdesk,First Response Time for Tickets,First Response Time for Tickets,,,Tiempo de primera respuesta para tickets,,Tiempo de primera respuesta para tickets,,Name of a report,nombre de reporte,,helpdesk/helpdesk/report/first_response_time_for_tickets/first_response_time_for_tickets.json,helpdesk/helpdesk/report/first_response_time_for_tickets/first_response_time_for_tickets.json,helpdesk/helpdesk/report/first_response_time_for_tickets/first_response_time_for_tickets.json,report,,"[""Name of a report""]",,,,,,,existente correcta,revisado inicial Helpdesk,sí,sí,,,First Response Time cross-app minúscula en frase; Tickets protegido. Nombre de reporte.,,,
helpdesk:1c8d4038b97bce1b,helpdesk,helpdesk,src,src,,Src,First name is required,First name is required,,,,,El nombre es obligatorio,,,,,desk/src/composables/contact.ts:223,desk/src/composables/contact.ts:223 || desk/src/composables/contact.ts:281,,client-js,,[],,,,,,,traducción propuesta,revisado inicial Helpdesk,sí,sí,,,First name is required.,,,"POT-only: en el universo fresco, sin traducir"
helpdesk:bd81a4ba1dd6f652,helpdesk,helpdesk,helpdesk,helpdesk,,Helpdesk,Form,Form,,,Formulario,,Formulario,,Option for the 'Apply To' (Select) field in DocType 'HD Form Script',opción de campo select,,helpdesk/helpdesk/doctype/hd_form_script/hd_form_script.json,helpdesk/helpdesk/doctype/hd_form_script/hd_form_script.json,helpdesk/helpdesk/doctype/hd_form_script/hd_form_script.json,doctype-json,Hd Form Script,"[""Option for the 'Apply To' (Select) field in DocType 'HD Form Script'""]",,,,,,,existente correcta,revisado inicial Helpdesk,sí,sí,,,crossapp 'Form'='Formulario'.,,,
helpdesk:a396b536d9d20d94,helpdesk,helpdesk,src,src,,Src,Frappe Discuss,Frappe Discuss,,,,,Frappe Discuss,,,,,desk/src/pages/PersonaForm.vue:207,desk/src/pages/PersonaForm.vue:207,,client-js,,[],,,,,,,igual al inglés válida,revisado inicial Helpdesk,sí,sí,,,Nombre propio de producto.,,,"POT-only: en el universo fresco, sin traducir"
helpdesk:d390fbcf089ee8ed,helpdesk,helpdesk,src,src,,Src,Frappe Mail site,Frappe Mail site,,,,,Sitio de Frappe Mail,,,,,desk/src/components/Settings/emailConfig.ts:75,desk/src/components/Settings/emailConfig.ts:75,,client-js,,[],,,,,,,traducción propuesta,revisado inicial Helpdesk,sí,sí,,,'Frappe Mail' nombre propio del producto; se conserva.,,,"POT-only: en el universo fresco, sin traducir"
helpdesk:22f5830a21a5841a,helpdesk,helpdesk,src,src,,Src,Freshdesk,Freshdesk,,,,,Freshdesk,,,,,desk/src/pages/PersonaForm.vue:120,desk/src/pages/PersonaForm.vue:120,,client-js,,[],,,,,,,igual al inglés válida,revisado inicial Helpdesk,sí,sí,,,Nombre propio de producto.,,,"POT-only: en el universo fresco, sin traducir"
helpdesk:d9d00ab1bfbab16b,helpdesk,helpdesk,helpdesk,helpdesk,,Helpdesk,Friday,Friday,,,Viernes,,Viernes,,Option for the 'Weekly Off' (Select) field in DocType 'HD Service Holiday List',opción de campo select,,helpdesk/helpdesk/doctype/hd_service_day/hd_service_day.json,helpdesk/helpdesk/doctype/hd_service_day/hd_service_day.json || helpdesk/helpdesk/doctype/hd_service_holiday_list/hd_service_holiday_list.json,helpdesk/helpdesk/doctype/hd_service_day/hd_service_day.json || helpdesk/helpdesk/doctype/hd_service_holiday_list/hd_service_holiday_list.json,doctype-json,Hd Service Day,"[""Option for the 'Weekly Off' (Select) field in DocType 'HD Service Holiday List'"", ""Option for the 'Workday' (Select) field in DocType 'HD Service Day'""]",,,,,,,existente correcta,revisado inicial Helpdesk,sí,sí,,,Cross-app Friday.,,,
helpdesk:1eaa24ab4c2ec3b5,helpdesk,helpdesk,src,helpdesk;src,sí,Src,From,From,,,Desde,,De,,Label of the user_from (Link) field in DocType 'HD Notification',etiqueta de campo/elemento,,desk/src/components/EmailEditor.vue:17,desk/src/components/EmailEditor.vue:17 || desk/src/pages/call-logs/CallLogModal.vue:44 || helpdesk/helpdesk/doctype/hd_notification/hd_notification.json,desk/src/components/EmailEditor.vue:23 || desk/src/pages/call-logs/CallLogModal.vue:44 || helpdesk/helpdesk/doctype/hd_notification/hd_notification.json,client-js,HD Notification,"[""Label of the user_from (Link) field in DocType 'HD Notification'""]",,,,,,,existente mejorable,revisado inicial Helpdesk,sí,sí,,,Etiqueta de correo user_from. Cross-app: From->De.,,,
helpdesk:d04985b1db1b1927,helpdesk,helpdesk,helpdesk,helpdesk,,Helpdesk,From Date,From Date,,,Desde la fecha,,Desde la fecha,,Label of the from_date (Date) field in DocType 'HD Service Holiday List',etiqueta de campo/elemento,,helpdesk/helpdesk/doctype/hd_service_holiday_list/hd_service_holiday_list.json,helpdesk/helpdesk/doctype/hd_service_holiday_list/hd_service_holiday_list.json || helpdesk/helpdesk/report/first_response_time_for_tickets/first_response_time_for_tickets.js:9 || helpdesk/helpdesk/report/support_hour_distribution/support_hour_distribution.js:8 || helpdesk/helpdesk/report/ticket_analytics/ticket_analytics.js:17 || helpdesk/helpdesk/report/ticket_summary/ticket_summary.js:17,helpdesk/helpdesk/doctype/hd_service_holiday_list/hd_service_holiday_list.json || helpdesk/helpdesk/report/first_response_time_for_tickets/first_response_time_for_tickets.js:9 || helpdesk/helpdesk/report/support_hour_distribution/support_hour_distribution.js:8 || helpdesk/helpdesk/report/ticket_analytics/ticket_analytics.js:17 || helpdesk/helpdesk/report/ticket_summary/ticket_summary.js:17,doctype-json,Hd Service Holiday List,"[""Label of the from_date (Date) field in DocType 'HD Service Holiday List'""]",,,,,,,existente correcta,revisado inicial Helpdesk,sí,sí,,,Cross-app From Date.,,,
helpdesk:1a11387b6dedff49,helpdesk,helpdesk,src,src,,Src,From date,From date,,,Desde la fecha,,Desde la fecha,,,,,desk/src/components/Settings/Holiday/HolidayView.vue:81,desk/src/components/Settings/Holiday/HolidayView.vue:81 || desk/src/components/Settings/Sla/SlaPolicyView.vue:149,desk/src/components/Settings/Holiday/HolidayView.vue:71 || desk/src/components/Settings/Sla/SlaPolicyView.vue:140,client-js,,[],,,,,,,existente correcta,revisado inicial Helpdesk,sí,sí,,,Cross-app: From Date->Desde la fecha.,,,
helpdesk:42637c5abe0575be,helpdesk,helpdesk,src,src,,Src,From is required,From is required,,,Desde es obligatorio,,De es obligatorio,,,,,desk/src/pages/call-logs/CallLogModal.vue:374,desk/src/pages/call-logs/CallLogModal.vue:374,desk/src/pages/call-logs/CallLogModal.vue:374,client-js,,[],,,,,,,existente mejorable,revisado inicial Helpdesk,sí,sí,,,Campo 'From'=De (glosario). 'Desde' no coincide con etiqueta del campo.,,,
helpdesk:5765ba7a446a01e4,helpdesk,helpdesk,src,helpdesk;src,sí,Src,Fulfilled,Fulfilled,,,Cumplido,,Cumplido,,Option for the 'SLA Status' (Select) field in DocType 'HD Ticket',opción de campo select,,desk/src/pages/ticket/Tickets.vue:217,desk/src/pages/ticket/Tickets.vue:217 || desk/src/pages/ticket/Tickets.vue:256 || helpdesk/helpdesk/doctype/hd_ticket/hd_ticket.json,desk/src/pages/ticket/Tickets.vue:224 || desk/src/pages/ticket/Tickets.vue:263 || helpdesk/helpdesk/doctype/hd_ticket/hd_ticket.json,client-js,HD Ticket,"[""Option for the 'SLA Status' (Select) field in DocType 'HD Ticket'""]",,,,,,,existente correcta,revisado inicial Helpdesk,sí,sí,,,Fulfilled→Cumplido (cross-app).,,,
helpdesk:b4b4c0a515bbe6b6,helpdesk,helpdesk,src,src,,Src,Full Name,Full Name,,,,,Nombre completo,,,,,desk/src/components/Settings/SavedReplies/savedReplies.ts:70,desk/src/components/Settings/SavedReplies/savedReplies.ts:70,,client-js,,[],,,,,,,traducción propuesta,revisado inicial Helpdesk,sí,sí,,,Cross-app: Full Name->Nombre completo.,,,"POT-only: en el universo fresco, sin traducir"
helpdesk:0f3ba8fef814cc9e,helpdesk,helpdesk,src,src,,Src,General,General,,,General,,General,,,,,desk/src/components/Settings/General/General.vue:6,desk/src/components/Settings/General/General.vue:6 || desk/src/components/Settings/settingsModal.ts:84 || desk/src/components/layouts/Sidebar.vue:318 || desk/src/components/modals/ShortcutsModal.vue:76,desk/src/components/Settings/General/General.vue:6 || desk/src/components/layouts/Sidebar.vue:528 || desk/src/components/modals/ShortcutsModal.vue:76,client-js,,[],,,,,,,existente correcta,revisado inicial Helpdesk,sí,sí,,,Cross-app: General->General.,,,
helpdesk:ac0259b39266118e,helpdesk,helpdesk,helpdesk,helpdesk,,Helpdesk,General Settings,General Settings,,,Configuración General,,Configuración General,,Label of a Link in the Helpdesk Workspace,etiqueta de campo/elemento,,helpdesk/helpdesk/workspace/helpdesk/helpdesk.json,helpdesk/helpdesk/workspace/helpdesk/helpdesk.json,helpdesk/helpdesk/workspace/helpdesk/helpdesk.json,workspace,Helpdesk (Workspace),"[""Label of a Link in the Helpdesk Workspace""]",,,,,,,existente correcta,revisado inicial Helpdesk,sí,sí,,,crossapp 'General Settings'='Configuración General'.,,,
helpdesk:d1bc1465ea574ef7,helpdesk,helpdesk,helpdesk,helpdesk,,Helpdesk,General category can't be deleted,General category can't be deleted,,,La categoría general no se puede eliminar,,La categoría general no se puede eliminar,,,,,helpdesk/helpdesk/doctype/hd_article_category/hd_article_category.py:40,helpdesk/helpdesk/doctype/hd_article_category/hd_article_category.py:40,helpdesk/helpdesk/doctype/hd_article_category/hd_article_category.py:40,doctype-controller,Hd Article Category,[],,,,,,,existente correcta,revisado inicial Helpdesk,sí,sí,,,,,,
helpdesk:2080924e63235c6b,helpdesk,helpdesk,helpdesk,helpdesk,,Helpdesk,General category name can't be changed,General category name can't be changed,,,El nombre de la categoría general no se puede cambiar,,El nombre de la categoría general no se puede cambiar,,,,,helpdesk/helpdesk/doctype/hd_article_category/hd_article_category.py:36,helpdesk/helpdesk/doctype/hd_article_category/hd_article_category.py:36,helpdesk/helpdesk/doctype/hd_article_category/hd_article_category.py:36,doctype-controller,Hd Article Category,[],,,,,,,existente correcta,revisado inicial Helpdesk,sí,sí,,,,,,
helpdesk:6e8b808f56a64021,helpdesk,helpdesk,api,api;helpdesk,sí,Api,General is a reserved category name. Please use a different name to proceed.,General is a reserved category name. Please use a different name to proceed.,,,,,General es un nombre de categoría reservado. Usa un nombre diferente para continuar.,,,,,helpdesk/api/knowledge_base.py:56,helpdesk/api/knowledge_base.py:56 || helpdesk/helpdesk/doctype/hd_article_category/hd_article_category.py:23,helpdesk/api/knowledge_base.py:56 || helpdesk/helpdesk/doctype/hd_article_category/hd_article_category.py:23,python,,[],,,,,,,traducción propuesta,revisado inicial Helpdesk,sí,sí,,,,,,
helpdesk:e304eb197aa9c526,helpdesk,helpdesk,src,src,,Src,Getting Started,Getting Started,,,Primeros pasos,,Primeros pasos,,,,,desk/src/components/layouts/Sidebar.vue:368,desk/src/components/layouts/Sidebar.vue:368,desk/src/components/layouts/Sidebar.vue:578,client-js,,[],,,,,,,existente correcta,revisado inicial Helpdesk,sí,sí,,,crossapp Getting Started->Primeros pasos.,,,
helpdesk:65c1ab9666205cad,helpdesk,helpdesk,src,src,,Src,GitHub,GitHub,,,,,GitHub,,,,,desk/src/pages/PersonaForm.vue:204,desk/src/pages/PersonaForm.vue:204,,client-js,,[],,,,,,,igual al inglés válida,revisado inicial Helpdesk,sí,sí,,,Nombre propio (crossapp: GitHub).,,,"POT-only: en el universo fresco, sin traducir"
helpdesk:5f373ec225c677d8,helpdesk,helpdesk,src,helpdesk;src,sí,Src,Global,Global,,,,,Global,,Option for the 'Scope' (Select) field in DocType 'HD Saved Reply',opción de campo select,,desk/src/components/SavedRepliesSelectorModal.vue:178,desk/src/components/SavedRepliesSelectorModal.vue:178 || desk/src/components/Settings/SavedReplies/SavedRepliesList.vue:305 || desk/src/components/Settings/SavedReplies/SavedRepliesList.vue:345 || desk/src/components/Settings/SavedReplies/SavedReplyView.vue:210 || helpdesk/helpdesk/doctype/hd_saved_reply/hd_saved_reply.json,desk/src/components/SavedRepliesSelectorModal.vue:180 || desk/src/components/Settings/SavedReplies/SavedRepliesList.vue:344 || desk/src/components/Settings/SavedReplies/SavedRepliesList.vue:378 || desk/src/components/Settings/SavedReplies/SavedReplyView.vue:200 || helpdesk/helpdesk/doctype/hd_saved_reply/hd_saved_reply.json,client-js,HD Saved Reply,"[""Option for the 'Scope' (Select) field in DocType 'HD Saved Reply'""]",,,,,,,traducción propuesta,revisado inicial Helpdesk,sí,sí,,,Opción de campo Scope; 'Global' es igual en español.,,,
helpdesk:34f0a687f4fabf71,helpdesk,helpdesk,src,src,,Src,Go to Ticket #{0},Go to Ticket #{0},,,Ir al ticket #{0},,Ir al ticket #{0},,,,,desk/src/components/command-palette/CP.vue:89,desk/src/components/command-palette/CP.vue:89,desk/src/components/command-palette/CP.vue:89,client-js,,[],{0},{0},{0},ok,,,existente correcta,revisado inicial Helpdesk,sí,sí,,,Ticket minúscula en oración; placeholder {0} preservado.,,,
helpdesk:aa7a026b42532625,helpdesk,helpdesk,src,src,,Src,Google Ads,Google Ads,,,,,Google Ads,,,,,desk/src/pages/PersonaForm.vue:205,desk/src/pages/PersonaForm.vue:205,,client-js,,[],,,,,,,igual al inglés válida,revisado inicial Helpdesk,sí,sí,,,Nombre propio de producto.,,,"POT-only: en el universo fresco, sin traducir"
helpdesk:23992a625cd22556,helpdesk,helpdesk,src,src,,Src,Grant Manager Access,Grant Manager Access,,,,,Otorgar acceso de administrador,,,,,desk/src/components/customer/ContactCard.vue:220,desk/src/components/customer/ContactCard.vue:220,,client-js,,[],,,,,,,traducción propuesta,revisado inicial Helpdesk,sí,sí,,,Grant Manager Access.,,,"POT-only: en el universo fresco, sin traducir"
helpdesk:c3c05b9efbc3a25f,helpdesk,helpdesk,helpdesk,helpdesk,,Helpdesk,Gray,Gray,,,Gris,,Gris,,Option for the 'Color' (Select) field in DocType 'HD Agent Status',opción de campo select,,helpdesk/helpdesk/doctype/hd_agent_status/hd_agent_status.json,helpdesk/helpdesk/doctype/hd_agent_status/hd_agent_status.json || helpdesk/helpdesk/doctype/hd_ticket_status/hd_ticket_status.json,helpdesk/helpdesk/doctype/hd_agent_status/hd_agent_status.json || helpdesk/helpdesk/doctype/hd_ticket_status/hd_ticket_status.json,doctype-json,Hd Agent Status,"[""Option for the 'Color' (Select) field in DocType 'HD Agent Status'"", ""Option for the 'Color' (Select) field in DocType 'HD Ticket Status'""]",,,,,,,existente correcta,revisado inicial Helpdesk,sí,sí,,,Gray→Gris (crossapp).,,,
helpdesk:31c4f19e3d277622,helpdesk,helpdesk,src,src,,Src,Great! All your tickets are within SLA,Great! All your tickets are within SLA,,,,,¡Excelente! Todos sus tickets están dentro del SLA,,,,,desk/src/pages/home/components/PendingTickets.vue:252,desk/src/pages/home/components/PendingTickets.vue:252,desk/src/pages/home/components/PendingTickets.vue:254,client-js,,[],,,,,,,traducción propuesta,revisado inicial Helpdesk + pase dirigido,sí,,,,Impersonal/usted; sus tickets; SLA en inglés.,,,
helpdesk:2d58ffd91c104f3a,helpdesk,helpdesk,helpdesk,helpdesk,,Helpdesk,Green,Green,,,Verde,,Verde,,Option for the 'Color' (Select) field in DocType 'HD Agent Status',opción de campo select,,helpdesk/helpdesk/doctype/hd_agent_status/hd_agent_status.json,helpdesk/helpdesk/doctype/hd_agent_status/hd_agent_status.json || helpdesk/helpdesk/doctype/hd_ticket_status/hd_ticket_status.json,helpdesk/helpdesk/doctype/hd_agent_status/hd_agent_status.json || helpdesk/helpdesk/doctype/hd_ticket_status/hd_ticket_status.json,doctype-json,Hd Agent Status,"[""Option for the 'Color' (Select) field in DocType 'HD Agent Status'"", ""Option for the 'Color' (Select) field in DocType 'HD Ticket Status'""]",,,,,,,existente correcta,revisado inicial Helpdesk,sí,sí,,,Green→Verde (crossapp).,,,
helpdesk:48454c1f8e49652d,helpdesk,helpdesk,helpdesk,helpdesk,,Helpdesk,Group By,Group By,,,Agrupar por,,Agrupar por,,Label of the group_by_tab (Tab Break) field in DocType 'HD View',etiqueta de campo/elemento,,helpdesk/helpdesk/doctype/hd_view/hd_view.json,helpdesk/helpdesk/doctype/hd_view/hd_view.json,helpdesk/helpdesk/doctype/hd_view/hd_view.json,doctype-json,Hd View,"[""Label of the group_by_tab (Tab Break) field in DocType 'HD View'""]",,,,,,,existente correcta,revisado inicial Helpdesk,sí,sí,,,crossapp 'Group By'='Agrupar por'.,,,
helpdesk:d36776a6c924d471,helpdesk,helpdesk,helpdesk,helpdesk,,Helpdesk,Group By Field,Group By Field,,,,,Campo de agrupación,,Label of the group_by_field (Data) field in DocType 'HD View',etiqueta de campo/elemento,,helpdesk/helpdesk/doctype/hd_view/hd_view.json,helpdesk/helpdesk/doctype/hd_view/hd_view.json,helpdesk/helpdesk/doctype/hd_view/hd_view.json,doctype-json,Hd View,"[""Label of the group_by_field (Data) field in DocType 'HD View'""]",,,,,,,traducción propuesta,revisado inicial Helpdesk,sí,sí,,,Etiqueta group_by_field.,,,
helpdesk:a2a1109c7120383e,helpdesk,helpdesk,src,src,,Src,Guide users to articles before tickets.,Guide users to articles before tickets.,,,Guía a los usuarios hacia artículos antes de crear tickets.,,Guía a los usuarios hacia artículos antes de crear tickets.,,,,,desk/src/components/Settings/General/components/WorkflowKnowledgebaseSettings.vue:13,desk/src/components/Settings/General/components/WorkflowKnowledgebaseSettings.vue:13,desk/src/components/Settings/General/components/WorkflowKnowledgebaseSettings.vue:13,client-js,,[],,,,,,,existente correcta,revisado inicial Helpdesk,sí,sí,,,Artículo/ticket ok; natural.,,,
helpdesk:f3a30f012a32d3a2,helpdesk,helpdesk,helpdesk,helpdesk,,Helpdesk,HD Agent,HD Agent,,,Agente,,Agente HD,,Name of a DocType,nombre de DocType,,helpdesk/helpdesk/doctype/hd_agent/hd_agent.json,helpdesk/helpdesk/doctype/hd_agent/hd_agent.json,helpdesk/helpdesk/doctype/hd_agent/hd_agent.json,doctype-json,Hd Agent,"[""Name of a DocType""]",,,,,,,existente mejorable,revisado inicial Helpdesk + pase dirigido,sí,,,,Convención HD; Agent->Agente.,,,
helpdesk:adb71b7915bddcd4,helpdesk,helpdesk,helpdesk,helpdesk,,Helpdesk,HD Agent Status,HD Agent Status,,,,,Estado de Agente HD,,Name of a DocType,nombre de DocType,,helpdesk/helpdesk/doctype/hd_agent_status/hd_agent_status.json,helpdesk/helpdesk/doctype/hd_agent_status/hd_agent_status.json,helpdesk/helpdesk/doctype/hd_agent_status/hd_agent_status.json,doctype-json,Hd Agent Status,"[""Name of a DocType""]",,,,,,,traducción propuesta,revisado inicial Helpdesk + pase dirigido,sí,,,,Convención HD uniforme; sin artículo intermedio.,,,
helpdesk:97bce7b5811d8cc8,helpdesk,helpdesk,helpdesk,helpdesk,,Helpdesk,HD Article,HD Article,,,Artículo,,Artículo HD,,Name of a DocType,nombre de DocType,,helpdesk/helpdesk/doctype/hd_article/hd_article.json,helpdesk/helpdesk/doctype/hd_article/hd_article.json,helpdesk/helpdesk/doctype/hd_article/hd_article.json,doctype-json,Hd Article,"[""Name of a DocType""]",,,,,,,existente mejorable,revisado inicial Helpdesk + pase dirigido,sí,,,,"Convención HD; Article->Artículo, HD al final.",,,
helpdesk:f44f3a4cdce4bcf8,helpdesk,helpdesk,helpdesk,helpdesk,,Helpdesk,HD Article Category,HD Article Category,,,Categoría de artículo,,Categoría de Artículo HD,,Name of a DocType,nombre de DocType,,helpdesk/helpdesk/doctype/hd_article_category/hd_article_category.json,helpdesk/helpdesk/doctype/hd_article_category/hd_article_category.json,helpdesk/helpdesk/doctype/hd_article_category/hd_article_category.json,doctype-json,Hd Article Category,"[""Name of a DocType""]",,,,,,,existente mejorable,revisado inicial Helpdesk + pase dirigido,sí,,,,Convención HD uniforme; HD al final.,,,
helpdesk:ddf8b118460ca3b4,helpdesk,helpdesk,helpdesk,helpdesk,,Helpdesk,HD Article Feedback,HD Article Feedback,,,Comentarios sobre el artículo HD,,Comentarios de Artículo HD,,Name of a DocType,nombre de DocType,,helpdesk/helpdesk/doctype/hd_article_feedback/hd_article_feedback.json,helpdesk/helpdesk/doctype/hd_article_feedback/hd_article_feedback.json,helpdesk/helpdesk/doctype/hd_article_feedback/hd_article_feedback.json,doctype-json,Hd Article Feedback,"[""Name of a DocType""]",,,,,,,existente mejorable,revisado inicial Helpdesk + pase dirigido,sí,,,,Convención HD; Feedback->Comentarios (glosario); HD al final.,,,
helpdesk:9a6756b0ba561265,helpdesk,helpdesk,helpdesk,helpdesk,,Helpdesk,HD Comment Reaction,HD Comment Reaction,,,Reacción de comentario HD,,Reacción de Comentario HD,,Name of a DocType,nombre de DocType,,helpdesk/helpdesk/doctype/hd_comment_reaction/hd_comment_reaction.json,helpdesk/helpdesk/doctype/hd_comment_reaction/hd_comment_reaction.json,helpdesk/helpdesk/doctype/hd_comment_reaction/hd_comment_reaction.json,doctype-json,Hd Comment Reaction,"[""Name of a DocType""]",,,,,,,existente mejorable,revisado inicial Helpdesk + pase dirigido,sí,,,,"Convención HD; Reaction->Reacción, Comment->Comentario; HD al final.",,,
helpdesk:c9b4f81e5fc665b6,helpdesk,helpdesk,helpdesk,helpdesk,,Helpdesk,HD Customer,HD Customer,,,Cliente HD,,Cliente HD,,Name of a DocType,nombre de DocType,,helpdesk/helpdesk/doctype/hd_article/hd_article.json,helpdesk/helpdesk/doctype/hd_article/hd_article.json || helpdesk/helpdesk/doctype/hd_article_category/hd_article_category.json || helpdesk/helpdesk/doctype/hd_article_feedback/hd_article_feedback.json || helpdesk/helpdesk/doctype/hd_customer/hd_customer.json || helpdesk/helpdesk/doctype/hd_form_script/hd_form_script.json || helpdesk/helpdesk/doctype/hd_team/hd_team.json || helpdesk/helpdesk/doctype/hd_ticket/hd_ticket.json || helpdesk/helpdesk/doctype/hd_ticket_feedback_option/hd_ticket_feedback_option.json || helpdesk/helpdesk/doctype/hd_ticket_priority/hd_ticket_priority.json || helpdesk/helpdesk/doctype/hd_ticket_status/hd_ticket_status.json || helpdesk/helpdesk/doctype/hd_ticket_template/hd_ticket_template.json || helpdesk/helpdesk/doctype/hd_ticket_type/hd_ticket_type.json || helpdesk/helpdesk/doctype/hd_view/hd_view.json,helpdesk/helpdesk/doctype/hd_customer/hd_customer.json,doctype-json,Hd Article,"[""Name of a DocType"", ""Name of a role""]",,,,,,,existente correcta,revisado inicial Helpdesk + pase dirigido,sí,,,,Convención HD; Customer->Cliente; ya correcto.,,,
helpdesk:9690fca172b5fda2,helpdesk,helpdesk,helpdesk,helpdesk,,Helpdesk,HD Customer Manager,HD Customer Manager,,,,,Gerente de Cliente HD,,Name of a role,nombre de rol,,helpdesk/helpdesk/doctype/hd_article/hd_article.json,helpdesk/helpdesk/doctype/hd_article/hd_article.json || helpdesk/helpdesk/doctype/hd_article_category/hd_article_category.json || helpdesk/helpdesk/doctype/hd_customer/hd_customer.json || helpdesk/helpdesk/doctype/hd_ticket/hd_ticket.json || helpdesk/helpdesk/doctype/hd_ticket_priority/hd_ticket_priority.json || helpdesk/helpdesk/doctype/hd_ticket_type/hd_ticket_type.json || helpdesk/helpdesk/doctype/hd_view/hd_view.json,,doctype-json,Hd Article,"[""Name of a role""]",,,,,,,traducción propuesta,revisado inicial Helpdesk + pase dirigido,sí,,,,"Convención HD; Manager->Gerente, Customer->Cliente; HD al final.",,,"POT-only: en el universo fresco, sin traducir"
helpdesk:710afc825717498e,helpdesk,helpdesk,helpdesk,helpdesk,,Helpdesk,HD Customer Member,HD Customer Member,,,,,Miembro de Cliente HD,,Name of a DocType,nombre de DocType,,helpdesk/helpdesk/doctype/hd_customer_member/hd_customer_member.json,helpdesk/helpdesk/doctype/hd_customer_member/hd_customer_member.json,,doctype-json,Hd Customer Member,"[""Name of a DocType""]",,,,,,,traducción propuesta,revisado inicial Helpdesk + pase dirigido,sí,,,,"Convención HD; Member->Miembro, Customer->Cliente; HD al final.",,,"POT-only: en el universo fresco, sin traducir"
helpdesk:437b35a73b57d915,helpdesk,helpdesk,helpdesk,helpdesk,,Helpdesk,HD Email Feedback,HD Email Feedback,,,Comentarios sobre el correo electrónico HD,,Comentarios de Correo HD,,Name of a DocType,nombre de DocType,,helpdesk/helpdesk/doctype/hd_email_feedback/hd_email_feedback.json,helpdesk/helpdesk/doctype/hd_email_feedback/hd_email_feedback.json,helpdesk/helpdesk/doctype/hd_email_feedback/hd_email_feedback.json,doctype-json,Hd Email Feedback,"[""Name of a DocType""]",,,,,,,existente mejorable,revisado inicial Helpdesk + pase dirigido,sí,,,,"Convención HD; Feedback->Comentarios, Email->Correo; HD al final.",,,
helpdesk:371ef7129688abee,helpdesk,helpdesk,helpdesk,helpdesk,,Helpdesk,HD Field Layout,HD Field Layout,,,,,Diseño de Campo HD,,Name of a DocType,nombre de DocType,,helpdesk/helpdesk/doctype/hd_field_layout/hd_field_layout.json,helpdesk/helpdesk/doctype/hd_field_layout/hd_field_layout.json,helpdesk/helpdesk/doctype/hd_field_layout/hd_field_layout.json,doctype-json,Hd Field Layout,"[""Name of a DocType""]",,,,,,,traducción propuesta,revisado inicial Helpdesk + pase dirigido,sí,,,,"Convención HD; Layout->Diseño, Field->Campo; HD al final.",,,
helpdesk:0b75c83c1b2ee7e0,helpdesk,helpdesk,helpdesk,helpdesk,,Helpdesk,HD Form Script,HD Form Script,,,Forma HD Script,,Script de Formulario HD,,Name of a DocType,nombre de DocType,,helpdesk/helpdesk/doctype/hd_form_script/hd_form_script.json,helpdesk/helpdesk/doctype/hd_form_script/hd_form_script.json,helpdesk/helpdesk/doctype/hd_form_script/hd_form_script.json,doctype-json,Hd Form Script,"[""Name of a DocType""]",,,,,,,existente mejorable,revisado inicial Helpdesk + pase dirigido,sí,,,,"Convención HD; Form->Formulario, orden natural español; HD al final.",,,
helpdesk:3306f30eedfd6b85,helpdesk,helpdesk,helpdesk,helpdesk,,Helpdesk,HD Holiday,HD Holiday,,,Festivo HD,,Día Festivo HD,,Name of a DocType,nombre de DocType,,helpdesk/helpdesk/doctype/hd_holiday/hd_holiday.json,helpdesk/helpdesk/doctype/hd_holiday/hd_holiday.json,helpdesk/helpdesk/doctype/hd_holiday/hd_holiday.json,doctype-json,Hd Holiday,"[""Name of a DocType""]",,,,,,,existente mejorable,revisado inicial Helpdesk + pase dirigido,sí,,,,Convención HD; Holiday->Día Festivo; HD al final.,,,
helpdesk:f15ad6c8130af7ff,helpdesk,helpdesk,helpdesk,helpdesk,,Helpdesk,HD Notification,HD Notification,,,Notificación HD,,Notificación HD,,Name of a DocType,nombre de DocType,,helpdesk/helpdesk/doctype/hd_notification/hd_notification.json,helpdesk/helpdesk/doctype/hd_notification/hd_notification.json,helpdesk/helpdesk/doctype/hd_notification/hd_notification.json,doctype-json,Hd Notification,"[""Name of a DocType""]",,,,,,,existente correcta,revisado inicial Helpdesk + pase dirigido,sí,,,,Convención HD; ya correcto.,,,
helpdesk:64857796af0afbf4,helpdesk,helpdesk,helpdesk,helpdesk,,Helpdesk,HD Saved Reply,HD Saved Reply,,,Respuesta guardada HD,,Respuesta Predefinida HD,,Name of a DocType,nombre de DocType,,helpdesk/helpdesk/doctype/hd_saved_reply/hd_saved_reply.json,helpdesk/helpdesk/doctype/hd_saved_reply/hd_saved_reply.json,helpdesk/helpdesk/doctype/hd_saved_reply/hd_saved_reply.json,doctype-json,Hd Saved Reply,"[""Name of a DocType""]",,,,,,,existente mejorable,revisado inicial Helpdesk + pase dirigido,sí,,,,Convención HD; Saved Reply->Respuesta Predefinida (glosario Canned Response); HD al final.,,,
helpdesk:9af00b6074ec82ab,helpdesk,helpdesk,helpdesk,helpdesk,,Helpdesk,HD Saved Reply Team,HD Saved Reply Team,,,Equipo de respuesta guardada HD,,Equipo de Respuesta Predefinida HD,,Name of a DocType,nombre de DocType,,helpdesk/helpdesk/doctype/hd_saved_reply_team/hd_saved_reply_team.json,helpdesk/helpdesk/doctype/hd_saved_reply_team/hd_saved_reply_team.json,helpdesk/helpdesk/doctype/hd_saved_reply_team/hd_saved_reply_team.json,doctype-json,Hd Saved Reply Team,"[""Name of a DocType""]",,,,,,,existente mejorable,revisado inicial Helpdesk + pase dirigido,sí,,,,Convención HD; Team->Equipo; HD al final.,,,
helpdesk:8e394795abffaa8f,helpdesk,helpdesk,helpdesk,helpdesk,,Helpdesk,HD Service Day,HD Service Day,,,Día de servicio HD,,Día de Servicio HD,,Name of a DocType,nombre de DocType,,helpdesk/helpdesk/doctype/hd_service_day/hd_service_day.json,helpdesk/helpdesk/doctype/hd_service_day/hd_service_day.json,helpdesk/helpdesk/doctype/hd_service_day/hd_service_day.json,doctype-json,Hd Service Day,"[""Name of a DocType""]",,,,,,,existente mejorable,revisado inicial Helpdesk + pase dirigido,sí,,,,Convención HD; capitalización uniforme (Servicio); HD al final.,,,
helpdesk:20ff073c6b609ebe,helpdesk,helpdesk,helpdesk,helpdesk,,Helpdesk,HD Service Holiday List,HD Service Holiday List,,,Lista de días festivos de servicio HD,,Lista de Días Festivos de Servicio HD,,Name of a DocType,nombre de DocType,,helpdesk/helpdesk/doctype/hd_service_holiday_list/hd_service_holiday_list.json,helpdesk/helpdesk/doctype/hd_service_holiday_list/hd_service_holiday_list.json || helpdesk/helpdesk/doctype/hd_service_holiday_list/hd_service_holiday_list_calendar.js:20,helpdesk/helpdesk/doctype/hd_service_holiday_list/hd_service_holiday_list.json || helpdesk/helpdesk/doctype/hd_service_holiday_list/hd_service_holiday_list_calendar.js:20,doctype-json,Hd Service Holiday List,"[""Name of a DocType""]",,,,,,,existente mejorable,revisado inicial Helpdesk + pase dirigido,sí,,,,Convención HD; capitalización uniforme; HD al final.,,,
helpdesk:7ae34bbb4f088044,helpdesk,helpdesk,helpdesk,helpdesk,,Helpdesk,HD Service Level Agreement,HD Service Level Agreement,,,Acuerdo de nivel de servicio HD,,Acuerdo de Nivel de Servicio HD,,Name of a DocType,nombre de DocType,,helpdesk/helpdesk/doctype/hd_service_level_agreement/hd_service_level_agreement.json,helpdesk/helpdesk/doctype/hd_service_level_agreement/hd_service_level_agreement.json,helpdesk/helpdesk/doctype/hd_service_level_agreement/hd_service_level_agreement.json,doctype-json,Hd Service Level Agreement,"[""Name of a DocType""]",,,,,,,existente mejorable,revisado inicial Helpdesk + pase dirigido,sí,,,,Convención HD; Service Level Agreement->Acuerdo de Nivel de Servicio (glosario); HD al final.,,,
helpdesk:bc4a0b08d6f2de4a,helpdesk,helpdesk,helpdesk,helpdesk,,Helpdesk,HD Service Level Priority,HD Service Level Priority,,,Prioridad de nivel de servicio HD,,Prioridad de Nivel de Servicio HD,,Name of a DocType,nombre de DocType,,helpdesk/helpdesk/doctype/hd_service_level_priority/hd_service_level_priority.json,helpdesk/helpdesk/doctype/hd_service_level_priority/hd_service_level_priority.json,helpdesk/helpdesk/doctype/hd_service_level_priority/hd_service_level_priority.json,doctype-json,Hd Service Level Priority,"[""Name of a DocType""]",,,,,,,existente mejorable,revisado inicial Helpdesk + pase dirigido,sí,,,,Convención HD; capitalización uniforme; Priority->Prioridad; HD al final.,,,
helpdesk:76043e8d856fc315,helpdesk,helpdesk,helpdesk,helpdesk,,Helpdesk,HD Settings,HD Settings,,,Configuración HD,,Configuración HD,,Name of a DocType,nombre de DocType,,helpdesk/helpdesk/doctype/hd_settings/hd_settings.json,helpdesk/helpdesk/doctype/hd_settings/hd_settings.json,helpdesk/helpdesk/doctype/hd_settings/hd_settings.json,doctype-json,Hd Settings,"[""Name of a DocType""]",,,,,,,existente correcta,revisado inicial Helpdesk + pase dirigido,sí,,,,Convención HD; Settings->Configuración; HD al final.,,,
helpdesk:fbc0889d353dbbac,helpdesk,helpdesk,helpdesk,helpdesk,,Helpdesk,HD Stopword,HD Stopword,,,Stopword HD,,Palabra Vacía HD,,Name of a DocType,nombre de DocType,,helpdesk/helpdesk/doctype/hd_stopword/hd_stopword.json,helpdesk/helpdesk/doctype/hd_stopword/hd_stopword.json,helpdesk/helpdesk/doctype/hd_stopword/hd_stopword.json,doctype-json,Hd Stopword,"[""Name of a DocType""]",,,,,,,existente mejorable,revisado inicial Helpdesk + pase dirigido,sí,,,,Convención HD; Stopword->Palabra Vacía; HD al final.,,,
helpdesk:1e646a5dd0e2bc41,helpdesk,helpdesk,helpdesk,helpdesk,,Helpdesk,HD Synonym,HD Synonym,,,Sinónimo HD,,Sinónimo HD,,Name of a DocType,nombre de DocType,,helpdesk/helpdesk/doctype/hd_synonym/hd_synonym.json,helpdesk/helpdesk/doctype/hd_synonym/hd_synonym.json,helpdesk/helpdesk/doctype/hd_synonym/hd_synonym.json,doctype-json,Hd Synonym,"[""Name of a DocType""]",,,,,,,existente correcta,revisado inicial Helpdesk + pase dirigido,sí,,,,Convención HD; ya correcto.,,,
helpdesk:6d09dfb29065c703,helpdesk,helpdesk,helpdesk,helpdesk,,Helpdesk,HD Synonyms,HD Synonyms,,,Sinónimos HD,,Sinónimos HD,,Name of a DocType,nombre de DocType,,helpdesk/helpdesk/doctype/hd_synonyms/hd_synonyms.json,helpdesk/helpdesk/doctype/hd_synonyms/hd_synonyms.json,helpdesk/helpdesk/doctype/hd_synonyms/hd_synonyms.json,doctype-json,Hd Synonyms,"[""Name of a DocType""]",,,,,,,existente correcta,revisado inicial Helpdesk + pase dirigido,sí,,,,Convención HD; ya correcto.,,,
helpdesk:35da674eac076ff8,helpdesk,helpdesk,helpdesk,helpdesk,,Helpdesk,HD Team,HD Team,,,Equipo HD,,Equipo HD,,Name of a DocType,nombre de DocType,,helpdesk/helpdesk/doctype/hd_team/hd_team.json,helpdesk/helpdesk/doctype/hd_team/hd_team.json,helpdesk/helpdesk/doctype/hd_team/hd_team.json,doctype-json,Hd Team,"[""Name of a DocType""]",,,,,,,existente correcta,revisado inicial Helpdesk + pase dirigido,sí,,,,Convención HD; Team->Equipo; ya correcto.,,,
helpdesk:8c3101944dd21656,helpdesk,helpdesk,helpdesk,helpdesk,,Helpdesk,HD Team Member,HD Team Member,,,Miembro del Equipo HD,,Miembro de Equipo HD,,Name of a DocType,nombre de DocType,,helpdesk/helpdesk/doctype/hd_team_member/hd_team_member.json,helpdesk/helpdesk/doctype/hd_team_member/hd_team_member.json,helpdesk/helpdesk/doctype/hd_team_member/hd_team_member.json,doctype-json,Hd Team Member,"[""Name of a DocType""]",,,,,,,existente mejorable,revisado inicial Helpdesk + pase dirigido,sí,,,,Convención HD uniforme; se quita 'del' para consistencia; HD al final.,,,
helpdesk:f94d888d734fca2d,helpdesk,helpdesk,helpdesk,helpdesk,,Helpdesk,HD Ticket,HD Ticket,,,Ticket HD,,Ticket HD,,Label of the ticket (Link) field in DocType 'HD Ticket Activity',etiqueta de campo/elemento,,helpdesk/helpdesk/doctype/hd_service_level_agreement/hd_service_level_agreement_dashboard.py:7,helpdesk/helpdesk/doctype/hd_service_level_agreement/hd_service_level_agreement_dashboard.py:7 || helpdesk/helpdesk/doctype/hd_ticket/hd_ticket.json || helpdesk/helpdesk/doctype/hd_ticket_activity/hd_ticket_activity.json,helpdesk/helpdesk/doctype/hd_service_level_agreement/hd_service_level_agreement_dashboard.py:7 || helpdesk/helpdesk/doctype/hd_ticket/hd_ticket.json || helpdesk/helpdesk/doctype/hd_ticket_activity/hd_ticket_activity.json,doctype-controller,Hd Service Level Agreement,"[""Label of the ticket (Link) field in DocType 'HD Ticket Activity'"", ""Name of a DocType""]",,,,,,,existente correcta,revisado inicial Helpdesk + pase dirigido,sí,,,,Convención HD; Ticket en inglés (protegido); ya correcto.,,,
helpdesk:a0d8cb1d525389c1,helpdesk,helpdesk,helpdesk,helpdesk,,Helpdesk,HD Ticket Activity,HD Ticket Activity,,,Actividad del Ticket HD,,Actividad de Ticket HD,,Name of a DocType,nombre de DocType,,helpdesk/helpdesk/doctype/hd_ticket_activity/hd_ticket_activity.json,helpdesk/helpdesk/doctype/hd_ticket_activity/hd_ticket_activity.json,helpdesk/helpdesk/doctype/hd_ticket_activity/hd_ticket_activity.json,doctype-json,Hd Ticket Activity,"[""Name of a DocType""]",,,,,,,existente mejorable,revisado inicial Helpdesk + pase dirigido,sí,,,,"Convención HD; Activity->Actividad, Ticket en inglés; HD al final.",,,
helpdesk:1237bf48b44057fb,helpdesk,helpdesk,helpdesk,helpdesk,,Helpdesk,HD Ticket Comment,HD Ticket Comment,,,Comentario del Ticket HD,,Comentario de Ticket HD,,Name of a DocType,nombre de DocType,,helpdesk/helpdesk/doctype/hd_ticket_comment/hd_ticket_comment.json,helpdesk/helpdesk/doctype/hd_ticket_comment/hd_ticket_comment.json,helpdesk/helpdesk/doctype/hd_ticket_comment/hd_ticket_comment.json,doctype-json,Hd Ticket Comment,"[""Name of a DocType""]",,,,,,,existente mejorable,revisado inicial Helpdesk + pase dirigido,sí,,,,Convención HD; Comment->Comentario; HD al final.,,,
helpdesk:f69feb8a47b1dbd1,helpdesk,helpdesk,helpdesk,helpdesk,,Helpdesk,HD Ticket Feedback Option,HD Ticket Feedback Option,,,Opción de retroalimentación del Ticket HD,,Opción de Comentarios de Ticket HD,,Name of a DocType,nombre de DocType,,helpdesk/helpdesk/doctype/hd_ticket_feedback_option/hd_ticket_feedback_option.json,helpdesk/helpdesk/doctype/hd_ticket_feedback_option/hd_ticket_feedback_option.json,helpdesk/helpdesk/doctype/hd_ticket_feedback_option/hd_ticket_feedback_option.json,doctype-json,Hd Ticket Feedback Option,"[""Name of a DocType""]",,,,,,,existente mejorable,revisado inicial Helpdesk + pase dirigido,sí,,,,"Convención HD; Feedback->Comentarios (glosario), Option->Opción; HD al final.",,,
helpdesk:3c1931c4fd0d3588,helpdesk,helpdesk,helpdesk,helpdesk,,Helpdesk,HD Ticket Priority,HD Ticket Priority,,,Prioridad del Ticket HD,,Prioridad de Ticket HD,,Name of a DocType,nombre de DocType,,helpdesk/helpdesk/doctype/hd_ticket_priority/hd_ticket_priority.json,helpdesk/helpdesk/doctype/hd_ticket_priority/hd_ticket_priority.json,helpdesk/helpdesk/doctype/hd_ticket_priority/hd_ticket_priority.json,doctype-json,Hd Ticket Priority,"[""Name of a DocType""]",,,,,,,existente mejorable,revisado inicial Helpdesk + pase dirigido,sí,,,,Convención HD; Priority->Prioridad; HD al final.,,,
helpdesk:1d5cb969c7bbae44,helpdesk,helpdesk,helpdesk,helpdesk,,Helpdesk,HD Ticket Status,HD Ticket Status,,,Estado del Ticket HD,,Estado de Ticket HD,,Name of a DocType,nombre de DocType,,helpdesk/helpdesk/doctype/hd_ticket_status/hd_ticket_status.json,helpdesk/helpdesk/doctype/hd_ticket_status/hd_ticket_status.json,helpdesk/helpdesk/doctype/hd_ticket_status/hd_ticket_status.json,doctype-json,Hd Ticket Status,"[""Name of a DocType""]",,,,,,,existente mejorable,revisado inicial Helpdesk + pase dirigido,sí,,,,Convención HD; Status->Estado; HD al final (ejemplo canónico).,,,
helpdesk:927dda815b7edd34,helpdesk,helpdesk,helpdesk,helpdesk,,Helpdesk,HD Ticket Template,HD Ticket Template,,,Plantilla de Ticket HD,,Plantilla de Ticket HD,,Name of a DocType,nombre de DocType,,helpdesk/helpdesk/doctype/hd_ticket_template/hd_ticket_template.json,helpdesk/helpdesk/doctype/hd_ticket_template/hd_ticket_template.json,helpdesk/helpdesk/doctype/hd_ticket_template/hd_ticket_template.json,doctype-json,Hd Ticket Template,"[""Name of a DocType""]",,,,,,,existente correcta,revisado inicial Helpdesk + pase dirigido,sí,,,,Convención HD; Template->Plantilla; ya correcto.,,,
helpdesk:9782c64af2f81217,helpdesk,helpdesk,helpdesk,helpdesk,,Helpdesk,HD Ticket Template Field,HD Ticket Template Field,,,Campo de Plantilla de Ticket HD,,Campo de Plantilla de Ticket HD,,Name of a DocType,nombre de DocType,,helpdesk/helpdesk/doctype/hd_ticket_template_field/hd_ticket_template_field.json,helpdesk/helpdesk/doctype/hd_ticket_template_field/hd_ticket_template_field.json,helpdesk/helpdesk/doctype/hd_ticket_template_field/hd_ticket_template_field.json,doctype-json,Hd Ticket Template Field,"[""Name of a DocType""]",,,,,,,existente correcta,revisado inicial Helpdesk + pase dirigido,sí,,,,Convención HD; ya correcto.,,,
helpdesk:e5474caa31857777,helpdesk,helpdesk,helpdesk,helpdesk,,Helpdesk,HD Ticket Type,HD Ticket Type,,,Tipo de Ticket HD,,Tipo de Ticket HD,,Name of a DocType,nombre de DocType,,helpdesk/helpdesk/doctype/hd_ticket_type/hd_ticket_type.json,helpdesk/helpdesk/doctype/hd_ticket_type/hd_ticket_type.json,helpdesk/helpdesk/doctype/hd_ticket_type/hd_ticket_type.json,doctype-json,Hd Ticket Type,"[""Name of a DocType""]",,,,,,,existente correcta,revisado inicial Helpdesk + pase dirigido,sí,,,,Convención HD; Type->Tipo; ya correcto.,,,
helpdesk:9016265127ef281a,helpdesk,helpdesk,helpdesk,helpdesk,,Helpdesk,HD View,HD View,,,Vista HD,,Vista HD,,Name of a DocType,nombre de DocType,,helpdesk/helpdesk/doctype/hd_view/hd_view.json,helpdesk/helpdesk/doctype/hd_view/hd_view.json,helpdesk/helpdesk/doctype/hd_view/hd_view.json,doctype-json,Hd View,"[""Name of a DocType""]",,,,,,,existente correcta,revisado inicial Helpdesk + pase dirigido,sí,,,,Convención HD; View->Vista; ya correcto.,,,
helpdesk:1b2b33e4a7f90bb7,helpdesk,helpdesk,helpdesk,helpdesk,,Helpdesk,Headings Weight,Headings Weight,,,Peso de los encabezados,,Peso de los encabezados,,Label of the headings_weight (Int) field in DocType 'HD Settings',etiqueta de campo/elemento,,helpdesk/helpdesk/doctype/hd_settings/hd_settings.json,helpdesk/helpdesk/doctype/hd_settings/hd_settings.json,helpdesk/helpdesk/doctype/hd_settings/hd_settings.json,doctype-json,Hd Settings,"[""Label of the headings_weight (Int) field in DocType 'HD Settings'""]",,,,,,,existente correcta,revisado inicial Helpdesk,sí,sí,,,Correcta.,,,
helpdesk:294c940d664243de,helpdesk,helpdesk,src,src,,Src,"Hello {{ contact }}, \n\nWe are sorry for the inconvenience, we will get back to you soon. \n\nRegards, \n{{ full_name }}","Hello {{ contact }}, \n\nWe are sorry for the inconvenience, we will get back to you soon. \n\nRegards, \n{{ full_name }}",,,"Hola {{ contact }}, \n\nLamentamos las molestias, nos pondremos en contacto con usted pronto. \n\nSaludos, \n{{ full_name }}",,"Hola {{ contact }}, \n\nLamentamos las molestias, nos pondremos en contacto con usted pronto. \n\nSaludos, \n{{ full_name }}",,,,,desk/src/components/Settings/SavedReplies/SavedReplyView.vue:110,desk/src/components/Settings/SavedReplies/SavedReplyView.vue:110,desk/src/components/Settings/SavedReplies/SavedReplyView.vue:100,client-js,,[],{{ contact }};{{ full_name }},{{ contact }};{{ full_name }},{{ contact }};{{ full_name }},ok,,,existente correcta,revisado inicial Helpdesk,sí,sí,,,Plantilla; Jinja {{ contact }};{{ full_name }} y \n preservados.,,,
helpdesk:71a78af29f748125,helpdesk,helpdesk,src,src,,Src,Help,Help,,,Ayuda,,Ayuda,,,,,desk/src/components/layouts/Sidebar.vue:26,desk/src/components/layouts/Sidebar.vue:26,desk/src/components/layouts/Sidebar.vue:125,client-js,,[],,,,,,,existente correcta,revisado inicial Helpdesk,sí,sí,,,crossapp Help->Ayuda.,,,
helpdesk:14b0fe1ce9199fc8,helpdesk,helpdesk,config,config,,Config,HelpDesk,HelpDesk,,,Mesa de ayuda,,Mesa de ayuda,,,,,helpdesk/config/desktop.py:11,helpdesk/config/desktop.py:11,helpdesk/config/desktop.py:11,python,,[],,,,,,,existente correcta,revisado inicial Helpdesk,sí,sí,,,Nombre de app en menú Desktop; 'Mesa de ayuda' natural en MX.,,,
helpdesk:a4a287f0d47e5025,helpdesk,helpdesk,helpdesk,helpdesk,,Helpdesk,Helpdesk,Helpdesk,,,Mesa de ayuda,,Mesa de ayuda,,Name of a Workspace,elemento de workspace,,helpdesk/helpdesk/workspace/helpdesk/helpdesk.json,helpdesk/helpdesk/workspace/helpdesk/helpdesk.json,helpdesk/helpdesk/workspace/helpdesk/helpdesk.json,workspace,,"[""Name of a Workspace""]",,,,,,,existente correcta,revisado inicial Helpdesk,sí,sí,,,Nombre del Workspace.,,,
helpdesk:2cf46438ef371187,helpdesk,helpdesk,helpdesk,helpdesk,,Helpdesk,Helpdesk Reports,Helpdesk Reports,,,Informes del Helpdesk,,Reportes del Helpdesk,,Label of a Card Break in the Helpdesk Workspace,etiqueta de campo/elemento,,helpdesk/helpdesk/workspace/helpdesk/helpdesk.json,helpdesk/helpdesk/workspace/helpdesk/helpdesk.json,helpdesk/helpdesk/workspace/helpdesk/helpdesk.json,workspace,Helpdesk (Workspace),"[""Label of a Card Break in the Helpdesk Workspace""]",,,,,,,existente mejorable,revisado inicial Helpdesk,sí,sí,,,Report->Reporte (glosario); MX prefiere 'Reportes' sobre 'Informes'.,,,
helpdesk:93d07909b382b059,helpdesk,helpdesk,helpdesk,helpdesk,,Helpdesk,"Here, your weekly offs are pre-populated based on the previous selections. You can add more rows to also add public and national holidays individually.","Here, your weekly offs are pre-populated based on the previous selections. You can add more rows to also add public and national holidays individually.",,,"Aquí, los días libres semanales se rellenan previamente en función de las selecciones anteriores. Puede agregar más filas para agregar también días festivos públicos y nacionales de forma individual.",,"Aquí, los días libres semanales se rellenan previamente en función de las selecciones anteriores. Puede agregar más filas para agregar también días festivos públicos y nacionales de forma individual.",,,,,helpdesk/helpdesk/doctype/hd_service_holiday_list/hd_service_holiday_list.js:53,helpdesk/helpdesk/doctype/hd_service_holiday_list/hd_service_holiday_list.js:53,helpdesk/helpdesk/doctype/hd_service_holiday_list/hd_service_holiday_list.js:53,doctype-controller,Hd Service Holiday List,[],,,,,,,existente correcta,revisado inicial Helpdesk,sí,sí,,,Cross-app aprobado exacto.,,,
helpdesk:1c13ce38da794254,helpdesk,helpdesk,src,src,,Src,Hey,Hey,,,Hola,,Hola,,,,,desk/src/pages/home/Home.vue:79,desk/src/pages/home/Home.vue:79,desk/src/pages/home/Home.vue:79,client-js,,[],,,,,,,existente correcta,revisado inicial Helpdesk,sí,sí,,,Saludo natural MX.,,,
helpdesk:79e2c73696e708cd,helpdesk,helpdesk,helpdesk,helpdesk,,Helpdesk,Hide from customer,Hide from customer,,,Ocultar al cliente,,Ocultar al cliente,,Label of the hide_from_customer (Check) field in DocType 'HD Ticket Template Field',etiqueta de campo/elemento,,helpdesk/helpdesk/doctype/hd_ticket_template_field/hd_ticket_template_field.json,helpdesk/helpdesk/doctype/hd_ticket_template_field/hd_ticket_template_field.json,helpdesk/helpdesk/doctype/hd_ticket_template_field/hd_ticket_template_field.json,doctype-json,Hd Ticket Template Field,"[""Label of the hide_from_customer (Check) field in DocType 'HD Ticket Template Field'""]",,,,,,,existente correcta,revisado inicial Helpdesk,sí,sí,,,Correcta; Customer/cliente.,,,
helpdesk:14ed63aa9310cb19,helpdesk,helpdesk,src,src,,Src,Hide from sidebar,Hide from sidebar,,,,,Ocultar de la barra lateral,,,,,desk/src/composables/useView.ts:234,desk/src/composables/useView.ts:234,desk/src/pages/ticket/Tickets.vue:481,client-js,,[],,,,,,,traducción propuesta,revisado inicial Helpdesk,sí,sí,,,,,,
helpdesk:7d57bea2e4bc2239,helpdesk,helpdesk,src,src,,Src,Hide view from sidebar,Hide view from sidebar,,,,,Ocultar la vista de la barra lateral,,,,,desk/src/composables/useView.ts:243,desk/src/composables/useView.ts:243,desk/src/pages/ticket/Tickets.vue:489,client-js,,[],,,,,,,traducción propuesta,revisado inicial Helpdesk,sí,sí,,,,,,
helpdesk:1315dde560b05754,helpdesk,helpdesk,helpdesk,helpdesk,,Helpdesk,Hold,Hold,,,Mantener,,En espera,,Option in a Select field in the tickets Web Form,opción de campo select,,helpdesk/helpdesk/web_form/tickets/tickets.json,helpdesk/helpdesk/web_form/tickets/tickets.json,helpdesk/helpdesk/web_form/tickets/tickets.json,code,tickets (Web Form),"[""Option in a Select field in the tickets Web Form""]",,,,,,,existente mejorable,revisado inicial Helpdesk,sí,sí,,,Estado de ticket 'Hold'->'En espera'; 'Mantener' es falso amigo (verbo). Coincide con 'On Hold Since'->'En espera desde' del glosario.,,,
helpdesk:76fe2544d54234ae,helpdesk,helpdesk,helpdesk,helpdesk,,Helpdesk,Holiday List,Holiday List,,,Lista de festividades,,Lista de festividades,,Label of the holiday_list (Link) field in DocType 'HD Service Level Agreement',etiqueta de campo/elemento,,helpdesk/helpdesk/doctype/hd_service_level_agreement/hd_service_level_agreement.json,helpdesk/helpdesk/doctype/hd_service_level_agreement/hd_service_level_agreement.json,helpdesk/helpdesk/doctype/hd_service_level_agreement/hd_service_level_agreement.json,doctype-json,Hd Service Level Agreement,"[""Label of the holiday_list (Link) field in DocType 'HD Service Level Agreement'""]",,,,,,,existente correcta,revisado inicial Helpdesk,sí,sí,,,Cross-app Holiday List.,,,
helpdesk:8a28f079a41090b9,helpdesk,helpdesk,helpdesk,helpdesk,,Helpdesk,Holiday List Name,Holiday List Name,,,Nombre de festividad,,Nombre de la lista de días festivos,,Label of the holiday_list_name (Data) field in DocType 'HD Service Holiday List',etiqueta de campo/elemento,,helpdesk/helpdesk/doctype/hd_service_holiday_list/hd_service_holiday_list.json,helpdesk/helpdesk/doctype/hd_service_holiday_list/hd_service_holiday_list.json,helpdesk/helpdesk/doctype/hd_service_holiday_list/hd_service_holiday_list.json,doctype-json,Hd Service Holiday List,"[""Label of the holiday_list_name (Data) field in DocType 'HD Service Holiday List'""]",,,,,,,existente mejorable,revisado inicial Helpdesk,sí,sí,,,"Holiday List Name; 'festividad' impreciso, es lista de días festivos.",,,
helpdesk:22d7d1ed811d7f80,helpdesk,helpdesk,src,src,,Src,Holiday list created successfully.,Holiday list created successfully.,,,,,Lista de días festivos creada con éxito.,,,,,desk/src/components/Settings/Holiday/HolidayView.vue:375,desk/src/components/Settings/Holiday/HolidayView.vue:375,desk/src/components/Settings/Holiday/HolidayView.vue:355,client-js,,[],,,,,,,traducción propuesta,revisado inicial Helpdesk,sí,sí,,,Mensaje de éxito.,,,
helpdesk:75cf9aec17b4cbe4,helpdesk,helpdesk,src,src,,Src,Holiday list deleted successfully.,Holiday list deleted successfully.,,,,,Lista de días festivos eliminada con éxito.,,,,,desk/src/components/Settings/Holiday/HolidayListItem.vue:153,desk/src/components/Settings/Holiday/HolidayListItem.vue:153,desk/src/components/Settings/Holiday/HolidayListItem.vue:153,client-js,,[],,,,,,,traducción propuesta,revisado inicial Helpdesk,sí,sí,,,Mensaje de éxito.,,,
helpdesk:d87a2b2b34d1518e,helpdesk,helpdesk,src,src,,Src,Holiday list duplicated successfully.,Holiday list duplicated successfully.,,,,,Lista de días festivos duplicada con éxito.,,,,,desk/src/components/Settings/Holiday/HolidayListItem.vue:126,desk/src/components/Settings/Holiday/HolidayListItem.vue:126,desk/src/components/Settings/Holiday/HolidayListItem.vue:126,client-js,,[],,,,,,,traducción propuesta,revisado inicial Helpdesk,sí,sí,,,Mensaje de éxito.,,,
helpdesk:8550de9e00d3fc4a,helpdesk,helpdesk,src,src,,Src,Holiday list updated successfully.,Holiday list updated successfully.,,,,,Lista de días festivos actualizada con éxito.,,,,,desk/src/components/Settings/Holiday/HolidayView.vue:437,desk/src/components/Settings/Holiday/HolidayView.vue:437,desk/src/components/Settings/Holiday/HolidayView.vue:417,client-js,,[],,,,,,,traducción propuesta,revisado inicial Helpdesk,sí,sí,,,Mensaje de éxito.,,,
helpdesk:6931353fd078d6c4,helpdesk,helpdesk,src,helpdesk;src,sí,Src,Holidays,Holidays,,,Vacaciones,,Vacaciones,,Label of the holidays (Table) field in DocType 'HD Service Holiday List',etiqueta de campo/elemento,,desk/src/components/Settings/Holiday/HolidayView.vue:151,desk/src/components/Settings/Holiday/HolidayView.vue:151 || desk/src/components/Settings/Holiday/HolidayView.vue:191 || helpdesk/helpdesk/doctype/hd_service_holiday_list/hd_service_holiday_list.json,desk/src/components/Settings/Holiday/HolidayView.vue:132 || desk/src/components/Settings/Holiday/HolidayView.vue:172 || helpdesk/helpdesk/doctype/hd_service_holiday_list/hd_service_holiday_list.json,client-js,HD Service Holiday List,"[""Label of the holidays (Table) field in DocType 'HD Service Holiday List'"", ""Label of the holidays_section (Section Break) field in DocType 'HD Service Holiday List'""]",,,,,,,existente correcta,revisado inicial Helpdesk,sí,sí,,,Cross-app: Holidays->Vacaciones.,,,
helpdesk:52f0700839dcca87,helpdesk,helpdesk,src,src,,Src,Home,Home,,,Inicio,,Inicio,,,,,desk/src/components/layouts/layoutSettings.ts:12,desk/src/components/layouts/layoutSettings.ts:12 || desk/src/pages/home/Home.vue:5,desk/src/pages/home/Home.vue:5,client-js,,[],,,,,,,existente correcta,revisado inicial Helpdesk,sí,sí,,,Crossapp: Home=Inicio.,,,
helpdesk:c8138b586051dace,helpdesk,helpdesk,src,src,,Src,How big is your support team?,How big is your support team?,,,,,¿Qué tamaño tiene su equipo de soporte?,,,,,desk/src/pages/PersonaForm.vue:100,desk/src/pages/PersonaForm.vue:100,,client-js,,[],,,,,,,traducción propuesta,revisado inicial Helpdesk + pase dirigido,sí,,,,su equipo (usted).,,,"POT-only: en el universo fresco, sin traducir"
helpdesk:22ce7346371e3ca1,helpdesk,helpdesk,src,src,,Src,How did you hear about Frappe Helpdesk?,How did you hear about Frappe Helpdesk?,,,,,¿Cómo se enteró de Frappe Helpdesk?,,,,,desk/src/pages/PersonaForm.vue:201,desk/src/pages/PersonaForm.vue:201,,client-js,,[],,,,,,,traducción propuesta,revisado inicial Helpdesk + pase dirigido,sí,,,,Impersonal/usted.,,,"POT-only: en el universo fresco, sin traducir"
helpdesk:0b7b9753bac79a3a,helpdesk,helpdesk,src,src,,Src,How do your customers currently contact your support team?,How do your customers currently contact your support team?,,,,,¿Cómo contactan actualmente sus clientes a su equipo de soporte?,,,,,desk/src/pages/PersonaForm.vue:136,desk/src/pages/PersonaForm.vue:136,,client-js,,[],,,,,,,traducción propuesta,revisado inicial Helpdesk + pase dirigido,sí,,,,sus clientes/su equipo (usted).,,,"POT-only: en el universo fresco, sin traducir"
helpdesk:cbb36029687f8dfa,helpdesk,helpdesk,src,src,,Src,How would you like your customers to create support tickets in Frappe Helpdesk?,How would you like your customers to create support tickets in Frappe Helpdesk?,,,,,¿Cómo le gustaría que sus clientes crearan tickets de soporte en Frappe Helpdesk?,,,,,desk/src/pages/PersonaForm.vue:154,desk/src/pages/PersonaForm.vue:154,,client-js,,[],,,,,,,traducción propuesta,revisado inicial Helpdesk + pase dirigido,sí,,,,le gustaría/sus clientes (usted).,,,"POT-only: en el universo fresco, sin traducir"
helpdesk:cb5627b29d538226,helpdesk,helpdesk,src,src,,Src,"I understand, add conditions","I understand, add conditions",,,"Entiendo, añadir condiciones",,"Entiendo, añadir condiciones",,,,,desk/src/components/Settings/Sla/SlaPolicyView.vue:124,desk/src/components/Settings/Sla/SlaPolicyView.vue:124,desk/src/components/Settings/Sla/SlaPolicyView.vue:115,client-js,,[],,,,,,,existente correcta,revisado inicial Helpdesk,sí,sí,,,,,,
helpdesk:08a30181aef5160a,helpdesk,helpdesk,src,src,,Src,I'm not sure yet,I'm not sure yet,,,,,Aún no estoy seguro,,,,,desk/src/pages/PersonaForm.vue:164,desk/src/pages/PersonaForm.vue:164,,client-js,,[],,,,,,,traducción propuesta,revisado inicial Helpdesk,sí,sí,,,I'm not sure yet.,,,"POT-only: en el universo fresco, sin traducir"
helpdesk:ccd2760f7b25b280,helpdesk,helpdesk,src,src,,Src,ID,ID,,,Identificador,,ID,,,,,desk/src/pages/home/components/PendingTickets.vue:24,desk/src/pages/home/components/PendingTickets.vue:24,desk/src/pages/home/components/PendingTickets.vue:26,client-js,,[],,,,,,,igual al inglés válida,revisado inicial Helpdesk,sí,sí,,,ID→ID (cross-app); 'Identificador' inconsistente con el resto del catálogo.,,,
helpdesk:72e167ea17a68524,helpdesk,helpdesk,helpdesk,helpdesk;src,sí,Helpdesk,Icon,Icon,,,Icono,,Icono,,Label of the icon (Data) field in DocType 'HD Article Category',etiqueta de campo/elemento,,desk/src/components/ViewModal.vue:17,desk/src/components/ViewModal.vue:17 || helpdesk/helpdesk/doctype/hd_article_category/hd_article_category.json || helpdesk/helpdesk/doctype/hd_view/hd_view.json,helpdesk/helpdesk/doctype/hd_action/hd_action.json || helpdesk/helpdesk/doctype/hd_article_category/hd_article_category.json || helpdesk/helpdesk/doctype/hd_view/hd_view.json,client-js,HD Article Category,"[""Label of the icon (Data) field in DocType 'HD Article Category'"", ""Label of the icon (Data) field in DocType 'HD View'""]",,,,,,,existente correcta,revisado inicial Helpdesk,sí,sí,,,crossapp: Icon→Icono.,,,
helpdesk:045da26413718ef0,helpdesk,helpdesk,helpdesk,helpdesk,,Helpdesk,"If enabled, a ticket creation acknowledgement email will be sent to the user right after creating an email ticket","If enabled, a ticket creation acknowledgement email will be sent to the user right after creating an email ticket",,,"Si está habilitado, se enviará un correo electrónico de confirmación de creación de ticket al usuario inmediatamente después de crear un ticket por correo electrónico",,"Si está habilitado, se enviará un correo electrónico de confirmación de creación de ticket al usuario inmediatamente después de crear un ticket por correo electrónico",,Description of the 'Enabled' (Check) field in DocType 'HD Settings',descripción,,helpdesk/helpdesk/doctype/hd_settings/hd_settings.json,helpdesk/helpdesk/doctype/hd_settings/hd_settings.json,helpdesk/helpdesk/doctype/hd_settings/hd_settings.json,doctype-json,Hd Settings,"[""Description of the 'Enabled' (Check) field in DocType 'HD Settings'""]",,,,,,,existente correcta,revisado inicial Helpdesk,sí,sí,,,ticket protegido minúscula; correcta.,,,
helpdesk:5f2a32440381dd10,helpdesk,helpdesk,src,src,,Src,"If enabled, all outgoing emails will be sent from this account. Note: Only one account can be default outgoing.","If enabled, all outgoing emails will be sent from this account. Note: Only one account can be default outgoing.",,,,,"Si se habilita, todos los correos salientes se enviarán desde esta cuenta. Nota: solo una cuenta puede ser la saliente predeterminada.",,,,,desk/src/components/Settings/emailConfig.ts:56,desk/src/components/Settings/emailConfig.ts:56,,client-js,,[],,,,,,,traducción propuesta,revisado inicial Helpdesk,sí,sí,,,,,,"POT-only: en el universo fresco, sin traducir"
helpdesk:6bf09951081f7cc7,helpdesk,helpdesk,src,src,,Src,"If enabled, all replies to your company (eg: replies@yourcompany.com) will come to this account. Note: Only one account can be default incoming.","If enabled, all replies to your company (eg: replies@yourcompany.com) will come to this account. Note: Only one account can be default incoming.",,,,,"Si se habilita, todas las respuestas a tu empresa (ej.: replies@tuempresa.com) llegarán a esta cuenta. Nota: solo una cuenta puede ser la entrante predeterminada.",,,,,desk/src/components/Settings/emailConfig.ts:48,desk/src/components/Settings/emailConfig.ts:48,,client-js,,[],,,,,,,traducción propuesta,revisado inicial Helpdesk,sí,sí,,,Se adapta el ejemplo de dominio manteniendo el formato.,,,"POT-only: en el universo fresco, sin traducir"
helpdesk:5c4d872fe2eecb87,helpdesk,helpdesk,helpdesk,helpdesk,,Helpdesk,"If enabled, an email is sent to all of the recipients associated with an agent's reply","If enabled, an email is sent to all of the recipients associated with an agent's reply",,,"Si está habilitado, se envía un correo electrónico a todos los destinatarios asociados con la respuesta de un agente",,"Si está habilitado, se envía un correo electrónico a todos los destinatarios asociados con la respuesta de un agente",,Description of the 'Enabled' (Check) field in DocType 'HD Settings',descripción,,helpdesk/helpdesk/doctype/hd_settings/hd_settings.json,helpdesk/helpdesk/doctype/hd_settings/hd_settings.json,helpdesk/helpdesk/doctype/hd_settings/hd_settings.json,doctype-json,Hd Settings,"[""Description of the 'Enabled' (Check) field in DocType 'HD Settings'""]",,,,,,,existente correcta,revisado inicial Helpdesk,sí,sí,,,agente=Agent; correcta.,,,
helpdesk:c06ec389c6aff869,helpdesk,helpdesk,helpdesk,helpdesk,,Helpdesk,"If enabled, an email will be sent to all of the assigned agents after a reply from one of the contacts","If enabled, an email will be sent to all of the assigned agents after a reply from one of the contacts",,,"Si está habilitado, se enviará un correo electrónico a todos los agentes asignados después de una respuesta de uno de los contactos",,"Si está habilitado, se enviará un correo electrónico a todos los agentes asignados después de una respuesta de uno de los contactos",,Description of the 'Enabled' (Check) field in DocType 'HD Settings',descripción,,helpdesk/helpdesk/doctype/hd_settings/hd_settings.json,helpdesk/helpdesk/doctype/hd_settings/hd_settings.json,helpdesk/helpdesk/doctype/hd_settings/hd_settings.json,doctype-json,Hd Settings,"[""Description of the 'Enabled' (Check) field in DocType 'HD Settings'""]",,,,,,,existente correcta,revisado inicial Helpdesk,sí,sí,,,"agentes, contactos; correcta.",,,
helpdesk:6c291f2c27f192b8,helpdesk,helpdesk,helpdesk,helpdesk,,Helpdesk,"If enabled, anyone will be able to create tickets (without any permission). ","If enabled, anyone will be able to create tickets (without any permission). ",,,"Si está habilitado, cualquiera podrá crear tickets (sin ningún permiso). ",,"Si está habilitado, cualquiera podrá crear tickets (sin ningún permiso). ",,Description of the 'Allow anyone to create tickets' (Check) field in DocType 'HD Settings',descripción,,helpdesk/helpdesk/doctype/hd_settings/hd_settings.json,helpdesk/helpdesk/doctype/hd_settings/hd_settings.json,helpdesk/helpdesk/doctype/hd_settings/hd_settings.json,doctype-json,Hd Settings,"[""Description of the 'Allow anyone to create tickets' (Check) field in DocType 'HD Settings'""]",,,,,,,existente correcta,revisado inicial Helpdesk,sí,sí,,,ticket protegido; espacio final preservado.,,,
helpdesk:3abd38e56741f5b1,helpdesk,helpdesk,helpdesk,helpdesk,,Helpdesk,"If enabled, feedback email will be sent to the customer when you mark a ticket as the status selected below.
","If enabled, feedback email will be sent to the customer when you mark a ticket as the status selected below.
",,,"Si está habilitado, se enviará un correo electrónico de comentarios al cliente cuando marque un ticket con el estado seleccionado a continuación.
",,"Si está habilitado, se enviará un correo electrónico de comentarios al cliente cuando marques un ticket con el estado seleccionado a continuación.
",,Description of the 'Enabled' (Check) field in DocType 'HD Settings',descripción,,helpdesk/helpdesk/doctype/hd_settings/hd_settings.json,helpdesk/helpdesk/doctype/hd_settings/hd_settings.json,helpdesk/helpdesk/doctype/hd_settings/hd_settings.json,doctype-json,Hd Settings,"[""Description of the 'Enabled' (Check) field in DocType 'HD Settings'""]",,,,,,,existente mejorable,revisado inicial Helpdesk,sí,sí,,,Feedback→comentarios; tuteo consistente ('marques'); \n preservado.,,,
helpdesk:3e5f0cbdd0d7fadf,helpdesk,helpdesk,src,src,,Src,"If enabled, outgoing emails can be sent from this account.","If enabled, outgoing emails can be sent from this account.",,,,,"Si se habilita, se podrán enviar correos salientes desde esta cuenta.",,,,,desk/src/components/Settings/emailConfig.ts:40,desk/src/components/Settings/emailConfig.ts:40,,client-js,,[],,,,,,,traducción propuesta,revisado inicial Helpdesk,sí,sí,,,,,,"POT-only: en el universo fresco, sin traducir"
helpdesk:64c75a4ab9299794,helpdesk,helpdesk,helpdesk,helpdesk,,Helpdesk,"If enabled, the feedback dialog will be shown, when a user tries to close a ticket. 
","If enabled, the feedback dialog will be shown, when a user tries to close a ticket. 
",,,"Si está habilitado, se mostrará el cuadro de diálogo de comentarios cuando un usuario intente cerrar un ticket. 
",,"Si está habilitado, se mostrará el cuadro de diálogo de comentarios cuando un usuario intente cerrar un ticket. 
",,Description of the 'Enable feedback for Customer Portal' (Check) field in DocType 'HD Settings',descripción,,helpdesk/helpdesk/doctype/hd_settings/hd_settings.json,helpdesk/helpdesk/doctype/hd_settings/hd_settings.json,helpdesk/helpdesk/doctype/hd_settings/hd_settings.json,doctype-json,Hd Settings,"[""Description of the 'Enable feedback for Customer Portal' (Check) field in DocType 'HD Settings'""]",,,,,,,existente correcta,revisado inicial Helpdesk,sí,sí,,,Feedback→comentarios ya aplicado; ticket protegido; espacio y \n preservados.,,,
helpdesk:3e49e8bfb5d24b6a,helpdesk,helpdesk,src,src,,Src,"If enabled, tickets can be created from the incoming emails on this account.","If enabled, tickets can be created from the incoming emails on this account.",,,,,"Si se habilita, se podrán crear tickets a partir de los correos entrantes de esta cuenta.",,,,,desk/src/components/Settings/emailConfig.ts:32,desk/src/components/Settings/emailConfig.ts:32,,client-js,,[],,,,,,,traducción propuesta,revisado inicial Helpdesk,sí,sí,,,ticket protegido minúscula.,,,"POT-only: en el universo fresco, sin traducir"
helpdesk:3a323af064f257d4,helpdesk,helpdesk,src,src,,Src,"If your issue isn't resolved, raise a support ticket","If your issue isn't resolved, raise a support ticket",,,,,"Si su problema no se resuelve, cree un ticket de soporte",,,,,desk/src/components/knowledge-base/ArticleFeedback.vue:15,desk/src/components/knowledge-base/ArticleFeedback.vue:15,desk/src/components/knowledge-base/ArticleFeedback.vue:15,client-js,,[],,,,,,,traducción propuesta,revisado inicial Helpdesk + pase dirigido,sí,,,,su problema; cree (usted).,,,
helpdesk:0fabbc65cd5b9b32,helpdesk,helpdesk,helpdesk,helpdesk,,Helpdesk,Ignore Restrictions,Ignore Restrictions,,,Ignorar restricciones,,Ignorar restricciones,,Label of the ignore_restrictions (Check) field in DocType 'HD Team',etiqueta de campo/elemento,,helpdesk/helpdesk/doctype/hd_team/hd_team.json,helpdesk/helpdesk/doctype/hd_team/hd_team.json,helpdesk/helpdesk/doctype/hd_team/hd_team.json,doctype-json,Hd Team,"[""Label of the ignore_restrictions (Check) field in DocType 'HD Team'""]",,,,,,,existente correcta,revisado inicial Helpdesk,sí,sí,,,Natural y correcto.,,,
helpdesk:37cc61dd76c56a8a,helpdesk,helpdesk,helpdesk,helpdesk,,Helpdesk,Image,Image,,,Imagen,,Imagen,,Label of the image (Attach Image) field in DocType 'HD Customer',etiqueta de campo/elemento,,helpdesk/helpdesk/doctype/hd_agent/hd_agent.json,helpdesk/helpdesk/doctype/hd_agent/hd_agent.json || helpdesk/helpdesk/doctype/hd_customer/hd_customer.json,helpdesk/helpdesk/doctype/hd_agent/hd_agent.json || helpdesk/helpdesk/doctype/hd_customer/hd_customer.json,doctype-json,Hd Agent,"[""Label of the image (Attach Image) field in DocType 'HD Customer'"", ""Label of the user_image (Attach Image) field in DocType 'HD Agent'""]",,,,,,,existente correcta,revisado inicial Helpdesk,sí,sí,,,Image→Imagen (crossapp).,,,
helpdesk:c6400986218523c8,helpdesk,helpdesk,src,src,,Src,Image removed successfully.,Image removed successfully.,,,,,Imagen eliminada con éxito.,,,,,desk/src/components/Settings/General/components/Branding.vue:80,desk/src/components/Settings/General/components/Branding.vue:80,desk/src/components/Settings/General/components/Branding.vue:80,client-js,,[],,,,,,,traducción propuesta,revisado inicial Helpdesk,sí,sí,,,Mensaje de éxito.,,,
helpdesk:0baf0f749e031fdc,helpdesk,helpdesk,helpdesk,helpdesk,,Helpdesk,"Image to be used in various places, including Login and Signup pages. An image with transparent background and 160 x 32 is preferred","Image to be used in various places, including Login and Signup pages. An image with transparent background and 160 x 32 is preferred",,,"Imagen para usar en diversos lugares, como las páginas de inicio de sesión y registro. Se recomienda una imagen con fondo transparente y tamaño 160 x 32",,"Imagen para usar en diversos lugares, como las páginas de inicio de sesión y registro. Se recomienda una imagen con fondo transparente y tamaño 160 x 32",,Description of the 'Logo' (Attach Image) field in DocType 'HD Settings',descripción,,helpdesk/helpdesk/doctype/hd_settings/hd_settings.json,helpdesk/helpdesk/doctype/hd_settings/hd_settings.json,helpdesk/helpdesk/doctype/hd_settings/hd_settings.json,doctype-json,Hd Settings,"[""Description of the 'Logo' (Attach Image) field in DocType 'HD Settings'""]",,,,,,,existente correcta,revisado inicial Helpdesk,sí,sí,,,Correcta y natural.,,,
helpdesk:0c313ba22b7a10ad,helpdesk,helpdesk,src,src,,Src,Image updated successfully.,Image updated successfully.,,,,,Imagen actualizada con éxito.,,,,,desk/src/components/Settings/General/components/Branding.vue:83,desk/src/components/Settings/General/components/Branding.vue:83,desk/src/components/Settings/General/components/Branding.vue:83,client-js,,[],,,,,,,traducción propuesta,revisado inicial Helpdesk,sí,sí,,,Mensaje de éxito.,,,
helpdesk:ba79646feaeefeda,helpdesk,helpdesk,src,src,,Src,In 1 hour,In 1 hour,,,,,En 1 hora,,,,,desk/src/utils.ts:157,desk/src/utils.ts:157,,client-js,,[],,,,,,,traducción propuesta,revisado inicial Helpdesk,sí,sí,,,,,,"POT-only: en el universo fresco, sin traducir"
helpdesk:bfa420e7e90d8048,helpdesk,helpdesk,src,src,,Src,In 1 minute,In 1 minute,,,,,En 1 minuto,,,,,desk/src/utils.ts:154,desk/src/utils.ts:154,,client-js,,[],,,,,,,traducción propuesta,revisado inicial Helpdesk,sí,sí,,,,,,"POT-only: en el universo fresco, sin traducir"
helpdesk:e34d9710a9f525ef,helpdesk,helpdesk,src,src,,Src,In 1 year,In 1 year,,,,,En 1 año,,,,,desk/src/utils.ts:170,desk/src/utils.ts:170,,client-js,,[],,,,,,,traducción propuesta,revisado inicial Helpdesk,sí,sí,,,,,,"POT-only: en el universo fresco, sin traducir"
helpdesk:f19a6909b92d9b80,helpdesk,helpdesk,src,src,,Src,In Progress,In Progress,,,En Progreso,,En curso,,,,,desk/src/pages/call-logs/CallLogModal.vue:217,desk/src/pages/call-logs/CallLogModal.vue:217,desk/src/pages/call-logs/CallLogModal.vue:217,client-js,,[],,,,,,,existente mejorable,revisado inicial Helpdesk,sí,sí,,,crossapp: In Progress->En curso; 'En Progreso' es literal.,,,
helpdesk:fa32cf76e02ecdfe,helpdesk,helpdesk,src,src,,Src,In person,In person,,,,,En persona,,,,,desk/src/pages/PersonaForm.vue:147,desk/src/pages/PersonaForm.vue:147,,client-js,,[],,,,,,,traducción propuesta,revisado inicial Helpdesk,sí,sí,,,In person.,,,"POT-only: en el universo fresco, sin traducir"
helpdesk:876739380b01d9fc,helpdesk,helpdesk,src,src,,Src,In {0} days,In {0} days,,,,,En {0} días,,,,,desk/src/utils.ts:164,desk/src/utils.ts:164,,client-js,,[],{0},,{0},ok,,,traducción propuesta,revisado inicial Helpdesk,sí,sí,,,,,,"POT-only: en el universo fresco, sin traducir"
helpdesk:65c325ac4e6626c4,helpdesk,helpdesk,src,src,,Src,In {0} hours,In {0} hours,,,,,En {0} horas,,,,,desk/src/utils.ts:158,desk/src/utils.ts:158,,client-js,,[],{0},,{0},ok,,,traducción propuesta,revisado inicial Helpdesk,sí,sí,,,,,,"POT-only: en el universo fresco, sin traducir"
helpdesk:be104e5d2ddcda5b,helpdesk,helpdesk,src,src,,Src,In {0} minutes,In {0} minutes,,,,,En {0} minutos,,,,,desk/src/utils.ts:156,desk/src/utils.ts:156,,client-js,,[],{0},,{0},ok,,,traducción propuesta,revisado inicial Helpdesk,sí,sí,,,,,,"POT-only: en el universo fresco, sin traducir"
helpdesk:f4b97fce8e9bbce9,helpdesk,helpdesk,src,src,,Src,In {0} months,In {0} months,,,,,En {0} meses,,,,,desk/src/utils.ts:168,desk/src/utils.ts:168,,client-js,,[],{0},,{0},ok,,,traducción propuesta,revisado inicial Helpdesk,sí,sí,,,,,,"POT-only: en el universo fresco, sin traducir"
helpdesk:3e5b8df08bfb3ec1,helpdesk,helpdesk,src,src,,Src,In {0} weeks,In {0} weeks,,,,,En {0} semanas,,,,,desk/src/utils.ts:166,desk/src/utils.ts:166,,client-js,,[],{0},,{0},ok,,,traducción propuesta,revisado inicial Helpdesk,sí,sí,,,,,,"POT-only: en el universo fresco, sin traducir"
helpdesk:b8a4ca2e79461fc8,helpdesk,helpdesk,src,src,,Src,In {0} years,In {0} years,,,,,En {0} años,,,,,desk/src/utils.ts:172,desk/src/utils.ts:172,,client-js,,[],{0},,{0},ok,,,traducción propuesta,revisado inicial Helpdesk,sí,sí,,,,,,"POT-only: en el universo fresco, sin traducir"
helpdesk:ba4520f5083d58ff,helpdesk,helpdesk,src,src,,Src,Inactive,Inactive,,,Inactivo,,Inactivo,,,,,desk/src/components/Settings/Agents.vue:126,desk/src/components/Settings/Agents.vue:126,desk/src/components/Settings/Agents.vue:126,client-js,,[],,,,,,,existente correcta,revisado inicial Helpdesk,sí,sí,,,Cross-app: Inactive->Inactivo.,,,
helpdesk:3fd300f361804035,helpdesk,helpdesk,src,src,,Src,Inbound Call,Inbound Call,,,,,Llamada entrante,,,,,desk/src/components/CallArea.vue:36,desk/src/components/CallArea.vue:36,desk/src/components/CallArea.vue:36,client-js,,[],,,,,,,traducción propuesta,revisado inicial Helpdesk,sí,sí,,,Incoming->Entrante.,,,
helpdesk:92e0a354fc68dc37,helpdesk,helpdesk,src,src,,Src,Inbox,Inbox,,,Bandeja de entrada,,Bandeja de entrada,,,,,desk/src/components/Settings/EmailAccountCard.vue:59,desk/src/components/Settings/EmailAccountCard.vue:59,desk/src/components/Settings/EmailAccountCard.vue:59,client-js,,[],,,,,,,existente correcta,revisado inicial Helpdesk,sí,sí,,,crossapp: Inbox→Bandeja de entrada.,,,
helpdesk:fcaeef50b6cc58ac,helpdesk,helpdesk,src,src,,Src,Incoming,Incoming,,,Entrante,,Entrante,,,,,desk/src/pages/call-logs/CallLogModal.vue:203,desk/src/pages/call-logs/CallLogModal.vue:203,desk/src/pages/call-logs/CallLogModal.vue:203,client-js,,[],,,,,,,existente correcta,revisado inicial Helpdesk,sí,sí,,,crossapp Incoming->Entrante.,,,
helpdesk:a7965b5369b0465e,helpdesk,helpdesk,src,src,,Src,Incoming Port,Incoming Port,,,,,Puerto de entrada,,,,,desk/src/components/Settings/emailConfig.ts:118,desk/src/components/Settings/emailConfig.ts:118,,client-js,,[],,,,,,,traducción propuesta,revisado inicial Helpdesk,sí,sí,,,Incoming Port.,,,"POT-only: en el universo fresco, sin traducir"
helpdesk:181edd343983e252,helpdesk,helpdesk,src,src,,Src,Incoming Server (IMAP/POP),Incoming Server (IMAP/POP),,,,,Servidor de entrada (IMAP/POP),,,,,desk/src/components/Settings/emailConfig.ts:112,desk/src/components/Settings/emailConfig.ts:112,,client-js,,[],,,,,,,traducción propuesta,revisado inicial Helpdesk,sí,sí,,,Siglas de protocolo conservadas.,,,"POT-only: en el universo fresco, sin traducir"
helpdesk:422d0abcf67db20b,helpdesk,helpdesk,helpdesk,helpdesk;src,sí,Helpdesk,Individual,Individual,,,,,Persona física,,Option for the 'Customer Type' (Select) field in DocType 'HD Customer',opción de campo select,,desk/src/composables/customer.ts:159,desk/src/composables/customer.ts:159 || helpdesk/helpdesk/doctype/hd_customer/hd_customer.json,,client-js,HD Customer,"[""Option for the 'Customer Type' (Select) field in DocType 'HD Customer'""]",,,,,,,traducción propuesta,revisado inicial Helpdesk,sí,sí,,,"Individual→Persona física (crossapp), tipo de cliente.",,,"POT-only: en el universo fresco, sin traducir"
helpdesk:910d956818a2a8d7,helpdesk,helpdesk,src,src,,Src,Initiated,Initiated,,,Iniciado,,Iniciado,,,,,desk/src/pages/call-logs/CallLogModal.vue:212,desk/src/pages/call-logs/CallLogModal.vue:212,desk/src/pages/call-logs/CallLogModal.vue:212,client-js,,[],,,,,,,existente correcta,revisado inicial Helpdesk,sí,sí,,,crossapp Initiated->Iniciado.,,,
helpdesk:75a41b830bc91d61,helpdesk,helpdesk,src,src,,Src,Install the,Install the,,,,,Instala la,,,,,desk/src/components/erpnext-integration/ERPNextIntegrationSettings.vue:59,desk/src/components/erpnext-integration/ERPNextIntegrationSettings.vue:59,desk/src/components/erpnext-integration/ERPNextIntegrationSettings.vue:59,client-js,,[],,,,,,,traducción propuesta,revisado inicial Helpdesk,sí,sí,,,Fragmento 'Install the' que precede a 'ERPNext app' → 'Instala la aplicación ERPNext'.,,,
helpdesk:9314659cfab64874,helpdesk,helpdesk,helpdesk,helpdesk,,Helpdesk,Instantly send e-mail,Instantly send e-mail,,,Enviar correo electrónico instantáneamente,,Enviar correo electrónico instantáneamente,,Label of the instantly_send_email (Check) field in DocType 'HD Settings',etiqueta de campo/elemento,,helpdesk/helpdesk/doctype/hd_settings/hd_settings.json,helpdesk/helpdesk/doctype/hd_settings/hd_settings.json,helpdesk/helpdesk/doctype/hd_settings/hd_settings.json,doctype-json,Hd Settings,"[""Label of the instantly_send_email (Check) field in DocType 'HD Settings'""]",,,,,,,existente correcta,revisado inicial Helpdesk,sí,sí,,,Correcta.,,,
helpdesk:335c3da5e33cb0a9,helpdesk,helpdesk,utils.py,utils.py,,Utils.Py,Insufficient Permission for {0},Insufficient Permission for {0},,,Permiso insuficiente para {0},,Permiso insuficiente para {0},,,,,helpdesk/utils.py:31,helpdesk/utils.py:31,helpdesk/utils.py:32,python,,[],{0},{0},{0},ok,,,existente correcta,revisado inicial Helpdesk,sí,sí,,,Coincide con crossapp 'Insufficient Permission for {0}'.,,,
helpdesk:81b9677472157b96,helpdesk,helpdesk,helpdesk,helpdesk,,Helpdesk,Integer value,Integer value,,,Valor entero,,Valor entero,,Label of the integer_value (Int) field in DocType 'HD Ticket Priority',etiqueta de campo/elemento,,helpdesk/helpdesk/doctype/hd_ticket_priority/hd_ticket_priority.json,helpdesk/helpdesk/doctype/hd_ticket_priority/hd_ticket_priority.json,helpdesk/helpdesk/doctype/hd_ticket_priority/hd_ticket_priority.json,doctype-json,Hd Ticket Priority,"[""Label of the integer_value (Int) field in DocType 'HD Ticket Priority'""]",,,,,,,existente correcta,revisado inicial Helpdesk,sí,sí,,,Natural MX.,,,
helpdesk:81757307dde893ba,helpdesk,helpdesk,src,src,,Src,Integrations,Integrations,,,,,Integraciones,,,,,desk/src/components/Settings/settingsModal.ts:139,desk/src/components/Settings/settingsModal.ts:139,,client-js,,[],,,,,,,traducción propuesta,revisado inicial Helpdesk,sí,sí,,,Crossapp: Integrations=Integraciones.,,,"POT-only: en el universo fresco, sin traducir"
helpdesk:74529f22a437b806,helpdesk,helpdesk,src,src,,Src,Intercom,Intercom,,,,,Intercom,,,,,desk/src/pages/PersonaForm.vue:121,desk/src/pages/PersonaForm.vue:121,,client-js,,[],,,,,,,igual al inglés válida,revisado inicial Helpdesk,sí,sí,,,Nombre propio de producto.,,,"POT-only: en el universo fresco, sin traducir"
helpdesk:70a595970a6ee521,helpdesk,helpdesk,api,api,,Api,Invalid availability,Invalid availability,,,,,Disponibilidad no válida,,,,,helpdesk/api/agent.py:37,helpdesk/api/agent.py:37,helpdesk/api/agent.py:69,python,,[],,,,,,,traducción propuesta,revisado inicial Helpdesk,sí,sí,,,Vacío en upstream. Mensaje de error de disponibilidad de agente.,,,
helpdesk:cc04890390648747,helpdesk,helpdesk,src,src,,Src,Invalid email ID,Invalid email ID,,,,,Correo electrónico no válido,,,,,desk/src/components/Settings/emailConfig.ts:257,desk/src/components/Settings/emailConfig.ts:257,,client-js,,[],,,,,,,traducción propuesta,revisado inicial Helpdesk,sí,sí,,,Invalid email ID.,,,"POT-only: en el universo fresco, sin traducir"
helpdesk:40b68ad35e93940b,helpdesk,helpdesk,src,src,,Src,Invalid email address,Invalid email address,,,,,Correo electrónico no válido,,,,,desk/src/components/customer/NewCustomerDialog.vue:186,desk/src/components/customer/NewCustomerDialog.vue:186 || desk/src/composables/contact.ts:287,,client-js,,[],,,,,,,traducción propuesta,revisado inicial Helpdesk,sí,sí,,,Invalid email address.,,,"POT-only: en el universo fresco, sin traducir"
helpdesk:90baacb1fdfe5911,helpdesk,helpdesk,src,src,,Src,Invalid email address: {0},Invalid email address: {0},,,,,Correo electrónico no válido: {0},,,,,desk/src/composables/contact.ts:230,desk/src/composables/contact.ts:230,,client-js,,[],{0},,{0},ok,,,traducción propuesta,revisado inicial Helpdesk,sí,sí,,,Placeholder {0} preservado.,,,"POT-only: en el universo fresco, sin traducir"
helpdesk:e0522765304fd56b,helpdesk,helpdesk,src,src,,Src,"Invalid fields, check if all are filled in and values are correct.","Invalid fields, check if all are filled in and values are correct.",,,,,Campos no válidos; verifique que todos estén completos y que los valores sean correctos.,,,,,desk/src/components/Settings/Assignment Rules/AssignmentRuleView.vue:488,desk/src/components/Settings/Assignment Rules/AssignmentRuleView.vue:488 || desk/src/components/Settings/Holiday/HolidayView.vue:345 || desk/src/components/Settings/Sla/SlaPolicyView.vue:394,desk/src/components/Settings/Assignment || Rules/AssignmentRuleView.vue:478 || desk/src/components/Settings/Holiday/HolidayView.vue:325 || desk/src/components/Settings/Sla/SlaPolicyView.vue:384,client-js,,[],,,,,,,traducción propuesta,revisado inicial Helpdesk,sí,sí,,,Vacío en upstream.,,,
helpdesk:d7b4e9d065358550,helpdesk,helpdesk,api,api,,Api,Invalid notification,Invalid notification,,,Notificación inválida,,Notificación no válida,,,,,helpdesk/api/settings/email_notifications.py:112,helpdesk/api/settings/email_notifications.py:112,helpdesk/api/settings/email_notifications.py:112,python,,[],,,,,,,existente mejorable,revisado inicial Helpdesk,sí,sí,,,'inválida' se prefiere 'no válida' en MX.,,,
helpdesk:7e92f7c1c3de94a4,helpdesk,helpdesk,src,src,,Src,Invalid phone number,Invalid phone number,,,Número de teléfono inválido,,Número de teléfono inválido,,,,,desk/src/components/ticket/SetContactPhoneModal.vue:67,desk/src/components/ticket/SetContactPhoneModal.vue:67,desk/src/components/ticket/SetContactPhoneModal.vue:67 || desk/src/pages/desk/contact/ContactDialog.vue:277,client-js,,[],,,,,,,existente correcta,revisado inicial Helpdesk,sí,sí,,,Correcto y natural MX.,,,
helpdesk:b3b926bcd18d5119,helpdesk,helpdesk,helpdesk,helpdesk,,Helpdesk,Invalid role {0},Invalid role {0},,,,,Rol no válido {0},,,,,helpdesk/helpdesk/doctype/hd_customer/hd_customer.py:264,helpdesk/helpdesk/doctype/hd_customer/hd_customer.py:264,,doctype-controller,Hd Customer,[],{0},,{0},ok,,,traducción propuesta,revisado inicial Helpdesk,sí,sí,,,Mensaje de error; Role→Rol (glosario).,,,"POT-only: en el universo fresco, sin traducir"
helpdesk:088c97ea56c67d13,helpdesk,helpdesk,src,src,,Src,Invitation Expired,Invitation Expired,,,,,Invitación expirada,,,,,desk/src/pages/contact/Contact.vue:253,desk/src/pages/contact/Contact.vue:253,,client-js,,[],,,,,,,traducción propuesta,revisado inicial Helpdesk,sí,sí,,,Invitation Expired.,,,"POT-only: en el universo fresco, sin traducir"
helpdesk:e8d9e2de45e9935c,helpdesk,helpdesk,src,src,,Src,Invitation cancelled successfully,Invitation cancelled successfully,,,,,Invitación cancelada correctamente,,,,,desk/src/components/Settings/InviteAgents.vue:246,desk/src/components/Settings/InviteAgents.vue:246 || desk/src/components/customer/RevokeInviteButton.vue:40,,client-js,,[],,,,,,,traducción propuesta,revisado inicial Helpdesk,sí,sí,,,Vacío en upstream.,,,"POT-only: en el universo fresco, sin traducir"
helpdesk:e26960ab7cbfe89d,helpdesk,helpdesk,src,src,,Src,Invitation email resent successfully,Invitation email resent successfully,,,,,Correo de invitación reenviado correctamente,,,,,desk/src/composables/contact.ts:492,desk/src/composables/contact.ts:492,,client-js,,[],,,,,,,traducción propuesta,revisado inicial Helpdesk,sí,sí,,,Invitation email resent successfully.,,,"POT-only: en el universo fresco, sin traducir"
helpdesk:0c336a48f649a94b,helpdesk,helpdesk,src,src,,Src,Invitation expired. Resend to invite again.,Invitation expired. Resend to invite again.,,,,,La invitación expiró. Reenvía para invitar de nuevo.,,,,,desk/src/pages/contact/Contact.vue:255,desk/src/pages/contact/Contact.vue:255,,client-js,,[],,,,,,,traducción propuesta,revisado inicial Helpdesk,sí,sí,,,Invitation expired. Resend to invite again.,,,"POT-only: en el universo fresco, sin traducir"
helpdesk:5b28fe6343d72858,helpdesk,helpdesk,src,src,,Src,Invitation sent,Invitation sent,,,,,Invitación enviada,,,,,desk/src/composables/contact.ts:525,desk/src/composables/contact.ts:525,,client-js,,[],,,,,,,traducción propuesta,revisado inicial Helpdesk,sí,sí,,,Invitation sent.,,,"POT-only: en el universo fresco, sin traducir"
helpdesk:65478d6e8b84e414,helpdesk,helpdesk,src,src,,Src,Invite,Invite,,,,,Invitar,,,,,desk/src/components/customer/CustomerContactTab.vue:7,desk/src/components/customer/CustomerContactTab.vue:7 || desk/src/components/customer/InviteContactDialog.vue:77,,client-js,,[],,,,,,,traducción propuesta,revisado inicial Helpdesk,sí,sí,,,Invite→Invitar.,,,"POT-only: en el universo fresco, sin traducir"
helpdesk:7bf573abe57dcf0c,helpdesk,helpdesk,src,src,,Src,Invite Agents,Invite Agents,,,Invitar agentes,,Invitar agentes,,,,,desk/src/components/Settings/InviteAgents.vue:3,desk/src/components/Settings/InviteAgents.vue:3 || desk/src/components/Settings/settingsModal.ts:96,desk/src/components/Settings/InviteAgents.vue:3,client-js,,[],,,,,,,existente correcta,revisado inicial Helpdesk,sí,sí,,,Correcta.,,,
helpdesk:b82ebef9842bbcc8,helpdesk,helpdesk,src,src,,Src,Invite Contact,Invite Contact,,,,,Invitar contacto,,,,,desk/src/components/customer/InviteContactDialog.vue:2,desk/src/components/customer/InviteContactDialog.vue:2,,client-js,,[],,,,,,,traducción propuesta,revisado inicial Helpdesk,sí,sí,,,Invite Contact; Contact→Contacto.,,,"POT-only: en el universo fresco, sin traducir"
helpdesk:661af0498b89708d,helpdesk,helpdesk,src,src,,Src,Invite agent,Invite agent,,,Invitar agente,,Invitar agente,,,,,desk/src/components/Settings/Assignment Rules/AssigneeSearch.vue:86,desk/src/components/Settings/Assignment Rules/AssigneeSearch.vue:86,desk/src/components/Settings/Assignment || Rules/AssigneeSearch.vue:87,client-js,,[],,,,,,,existente correcta,revisado inicial Helpdesk,sí,sí,,,Correcta; Agent->agente.,,,
helpdesk:a76a2698c187fc6c,helpdesk,helpdesk,src,src,,Src,Invite agents,Invite agents,,,Invitar agentes,,Invitar agentes,,,,,desk/src/components/layouts/Sidebar.vue:240,desk/src/components/layouts/Sidebar.vue:240,desk/src/components/layouts/Sidebar.vue:450,client-js,,[],,,,,,,existente correcta,revisado inicial Helpdesk,sí,sí,,,Agents->Agentes.,,,
helpdesk:f91f534a57fd91bb,helpdesk,helpdesk,src,src,,Src,Invite as User,Invite as User,,,,,Invitar como usuario,,,,,desk/src/components/contact/NewContactDialog.vue:97,desk/src/components/contact/NewContactDialog.vue:97 || desk/src/pages/contact/Contact.vue:271,,client-js,,[],,,,,,,traducción propuesta,revisado inicial Helpdesk,sí,sí,,,Invite as User (crossapp).,,,"POT-only: en el universo fresco, sin traducir"
helpdesk:1cf1a740c3a04f56,helpdesk,helpdesk,src,src,,Src,Invite by email,Invite by email,,,Invitar por correo electrónico,,Invitar por correo electrónico,,,,,desk/src/components/Settings/InviteAgents.vue:11,desk/src/components/Settings/InviteAgents.vue:11,desk/src/components/Settings/InviteAgents.vue:11,client-js,,[],,,,,,,existente correcta,revisado inicial Helpdesk,sí,sí,,,Correcta.,,,
helpdesk:f9b88b6d397b40ed,helpdesk,helpdesk,src,src,,Src,Invite my support team,Invite my support team,,,,,Invitar a mi equipo de soporte,,,,,desk/src/pages/PersonaForm.vue:230,desk/src/pages/PersonaForm.vue:230,,client-js,,[],,,,,,,traducción propuesta,revisado inicial Helpdesk,sí,sí,,,Team=equipo; Support=soporte.,,,"POT-only: en el universo fresco, sin traducir"
helpdesk:5aeecf1f6b59c964,helpdesk,helpdesk,src,src,,Src,Invite sent. Waiting for the user to accept.,Invite sent. Waiting for the user to accept.,,,,,Invitación enviada. Esperando a que el usuario la acepte.,,,,,desk/src/pages/contact/Contact.vue:261,desk/src/pages/contact/Contact.vue:261,,client-js,,[],,,,,,,traducción propuesta,revisado inicial Helpdesk,sí,sí,,,Invite sent. Waiting for the user to accept.,,,"POT-only: en el universo fresco, sin traducir"
helpdesk:fd2a5d16a3bd0f38,helpdesk,helpdesk,src,src,,Src,Invite via email,Invite via email,,,,,Invitar por correo electrónico,,,,,desk/src/components/EmailMultiSelect.vue:145,desk/src/components/EmailMultiSelect.vue:145,,client-js,,[],,,,,,,traducción propuesta,revisado inicial Helpdesk,sí,sí,,,,,,"POT-only: en el universo fresco, sin traducir"
helpdesk:0f267c294ee7a2f8,helpdesk,helpdesk,src,src,,Src,Invited,Invited,,,,,Invitado,,,,,desk/src/pages/contact/Contact.vue:259,desk/src/pages/contact/Contact.vue:259,,client-js,,[],,,,,,,traducción propuesta,revisado inicial Helpdesk,sí,sí,,,Invited→Invitado (crossapp).,,,"POT-only: en el universo fresco, sin traducir"
helpdesk:08dc4aac49998705,helpdesk,helpdesk,src,src,,Src,Invited by,Invited by,,,,,Invitado por,,,,,desk/src/components/customer/InviteContactDialog.vue:57,desk/src/components/customer/InviteContactDialog.vue:57,,client-js,,[],,,,,,,traducción propuesta,revisado inicial Helpdesk,sí,sí,,,Invited by.,,,"POT-only: en el universo fresco, sin traducir"
helpdesk:16c4f1fbcf6c9e2e,helpdesk,helpdesk,helpdesk,helpdesk,,Helpdesk,Is Active,Is Active,,,Está Activo,,Activo,,Label of the is_active (Check) field in DocType 'HD Agent',etiqueta de campo/elemento,,helpdesk/helpdesk/doctype/hd_agent/hd_agent.json,helpdesk/helpdesk/doctype/hd_agent/hd_agent.json,helpdesk/helpdesk/doctype/hd_agent/hd_agent.json,doctype-json,Hd Agent,"[""Label of the is_active (Check) field in DocType 'HD Agent'""]",,,,,,,existente mejorable,revisado inicial Helpdesk,sí,sí,,,Is Active→Activo (crossapp); 'Está Activo' es literal.,,,
helpdesk:6269c4a6d3f638cf,helpdesk,helpdesk,helpdesk,helpdesk,,Helpdesk,Is Customer Portal,Is Customer Portal,,,Es Portal del Cliente,,Es Portal del Cliente,,Label of the is_customer_portal (Check) field in DocType 'HD View',etiqueta de campo/elemento,,helpdesk/helpdesk/doctype/hd_view/hd_view.json,helpdesk/helpdesk/doctype/hd_view/hd_view.json,helpdesk/helpdesk/doctype/hd_view/hd_view.json,doctype-json,Hd View,"[""Label of the is_customer_portal (Check) field in DocType 'HD View'""]",,,,,,,existente correcta,revisado inicial Helpdesk,sí,sí,,,Customer->Cliente.,,,
helpdesk:e640e9307ff09902,helpdesk,helpdesk,helpdesk,helpdesk,,Helpdesk,Is Default,Is Default,,,Es por defecto,,Es predeterminado,,Label of the is_default (Check) field in DocType 'HD View',etiqueta de campo/elemento,,helpdesk/helpdesk/doctype/hd_view/hd_view.json,helpdesk/helpdesk/doctype/hd_view/hd_view.json,helpdesk/helpdesk/doctype/hd_view/hd_view.json,doctype-json,Hd View,"[""Label of the is_default (Check) field in DocType 'HD View'""]",,,,,,,existente mejorable,revisado inicial Helpdesk,sí,sí,,,crossapp 'Is Default'='Es predeterminado'; upstream 'Es por defecto'.,,,
helpdesk:9dab920bccc780f7,helpdesk,helpdesk,helpdesk,helpdesk,,Helpdesk,Is Manager,Is Manager,,,,,Es gerente,,Label of the is_manager (Check) field in DocType 'HD Customer Member',etiqueta de campo/elemento,,helpdesk/helpdesk/doctype/hd_customer_member/hd_customer_member.json,helpdesk/helpdesk/doctype/hd_customer_member/hd_customer_member.json,,doctype-json,Hd Customer Member,"[""Label of the is_manager (Check) field in DocType 'HD Customer Member'""]",,,,,,,traducción propuesta,revisado inicial Helpdesk,sí,sí,,,Etiqueta campo is_manager; Manager en contexto de miembro de cliente→gerente.,,,"POT-only: en el universo fresco, sin traducir"
helpdesk:e13cacbf52d9bd39,helpdesk,helpdesk,helpdesk,helpdesk,,Helpdesk,Is Standard,Is Standard,,,Es estándar,,Es estándar,,Label of the is_standard (Check) field in DocType 'HD Form Script',etiqueta de campo/elemento,,helpdesk/helpdesk/doctype/hd_form_script/hd_form_script.json,helpdesk/helpdesk/doctype/hd_form_script/hd_form_script.json || helpdesk/helpdesk/doctype/hd_view/hd_view.json,helpdesk/helpdesk/doctype/hd_form_script/hd_form_script.json || helpdesk/helpdesk/doctype/hd_view/hd_view.json,doctype-json,Hd Form Script,"[""Label of the is_standard (Check) field in DocType 'HD Form Script'"", ""Label of the is_standard (Check) field in DocType 'HD View'""]",,,,,,,existente correcta,revisado inicial Helpdesk,sí,sí,,,crossapp 'Is Standard'='Es estándar'.,,,
helpdesk:c7ae510a16d08a81,helpdesk,helpdesk,helpdesk,helpdesk,,Helpdesk,Is applied to system,Is applied to system,,,,,Se aplica al sistema,,Label of the apply_to_system (Check) field in DocType 'HD Field Layout',etiqueta de campo/elemento,,helpdesk/helpdesk/doctype/hd_field_layout/hd_field_layout.json,helpdesk/helpdesk/doctype/hd_field_layout/hd_field_layout.json,helpdesk/helpdesk/doctype/hd_field_layout/hd_field_layout.json,doctype-json,Hd Field Layout,"[""Label of the apply_to_system (Check) field in DocType 'HD Field Layout'""]",,,,,,,traducción propuesta,revisado inicial Helpdesk,sí,sí,,,Etiqueta de campo Check apply_to_system.,,,
helpdesk:ed2f665f40725293,helpdesk,helpdesk,helpdesk,helpdesk,,Helpdesk,Is name setup skipped,Is name setup skipped,,,Se omitió la configuración del nombre,,Se omitió la configuración del nombre,,Label of the initial_helpdesk_name_setup_skipped (Check) field in DocType 'HD Settings',etiqueta de campo/elemento,,helpdesk/helpdesk/doctype/hd_settings/hd_settings.json,helpdesk/helpdesk/doctype/hd_settings/hd_settings.json,helpdesk/helpdesk/doctype/hd_settings/hd_settings.json,doctype-json,Hd Settings,"[""Label of the initial_helpdesk_name_setup_skipped (Check) field in DocType 'HD Settings'""]",,,,,,,existente correcta,revisado inicial Helpdesk,sí,sí,,,Etiqueta interna; correcta.,,,
helpdesk:a1ea8b7a29faaaf2,helpdesk,helpdesk,helpdesk,helpdesk,,Helpdesk,Is pinned,Is pinned,,,Está fijado,,Está fijado,,Label of the is_pinned (Check) field in DocType 'HD Ticket Comment',etiqueta de campo/elemento,,helpdesk/helpdesk/doctype/hd_ticket_comment/hd_ticket_comment.json,helpdesk/helpdesk/doctype/hd_ticket_comment/hd_ticket_comment.json,helpdesk/helpdesk/doctype/hd_ticket_comment/hd_ticket_comment.json,doctype-json,Hd Ticket Comment,"[""Label of the is_pinned (Check) field in DocType 'HD Ticket Comment'""]",,,,,,,existente correcta,revisado inicial Helpdesk,sí,sí,,,Pinned→Fijado (cross-app).,,,
helpdesk:3ed73ce142c2c18e,helpdesk,helpdesk,helpdesk,helpdesk,,Helpdesk,Is setup complete,Is setup complete,,,Está completada la configuración,,La configuración está completa,,Label of the setup_complete (Check) field in DocType 'HD Settings',etiqueta de campo/elemento,,helpdesk/helpdesk/doctype/hd_settings/hd_settings.json,helpdesk/helpdesk/doctype/hd_settings/hd_settings.json,helpdesk/helpdesk/doctype/hd_settings/hd_settings.json,doctype-json,Hd Settings,"[""Label of the setup_complete (Check) field in DocType 'HD Settings'""]",,,,,,,existente mejorable,revisado inicial Helpdesk,sí,sí,,,'Está completada la configuración' poco natural; reordenado.,,,
helpdesk:6923e8759d284067,helpdesk,helpdesk,src,src,,Src,Jira Service Management,Jira Service Management,,,,,Jira Service Management,,,,,desk/src/pages/PersonaForm.vue:122,desk/src/pages/PersonaForm.vue:122,,client-js,,[],,,,,,,igual al inglés válida,revisado inicial Helpdesk,sí,sí,,,Nombre propio de producto.,,,"POT-only: en el universo fresco, sin traducir"
helpdesk:173b2a06a65c8a8d,helpdesk,helpdesk,src,src,,Src,John,John,,,,,Juan,,,,,desk/src/components/contact/EditContactDialog.vue:37,desk/src/components/contact/EditContactDialog.vue:37 || desk/src/composables/contact.ts:422,,client-js,,[],,,,,,,traducción propuesta,revisado inicial Helpdesk,sí,,sí,,Placeholder de nombre de ejemplo; adaptado a nombre común MX.,,,"POT-only: en el universo fresco, sin traducir"
helpdesk:6e59fb4afd823bc0,helpdesk,helpdesk,src,src,,Src,John Doe,John Doe,,,,,John Doe,,,,,desk/src/components/view-controls/Filter.vue:425,desk/src/components/view-controls/Filter.vue:425,,client-js,,[],,,,,,,igual al inglés válida,revisado inicial Helpdesk,sí,,,,Nombre de ejemplo; no se traduce.,,,"POT-only: en el universo fresco, sin traducir"
helpdesk:d5481c66b75a2a94,helpdesk,helpdesk,src,src,,Src,"John, Jane, Doe","John, Jane, Doe",,,,,"John, Jane, Doe",,,,,desk/src/components/view-controls/Filter.vue:413,desk/src/components/view-controls/Filter.vue:413,,client-js,,[],,,,,,,igual al inglés válida,revisado inicial Helpdesk,sí,,,,Nombres de ejemplo; no se traducen.,,,"POT-only: en el universo fresco, sin traducir"
helpdesk:6591daee51f1aa1c,helpdesk,helpdesk,src,src,,Src,Jump to,Jump to,,,,,Ir a,,,,,desk/src/components/command-palette/CP.vue:114,desk/src/components/command-palette/CP.vue:114,desk/src/components/command-palette/CP.vue:114,client-js,,[],,,,,,,traducción propuesta,revisado inicial Helpdesk,sí,sí,,,'Jump to' en paleta de comandos.,,,
helpdesk:7ad5897e637f0177,helpdesk,helpdesk,src,src,,Src,Just now,Just now,,,,,Justo ahora,,,,,desk/src/utils.ts:146,desk/src/utils.ts:146,,client-js,,[],,,,,,,traducción propuesta,revisado inicial Helpdesk,sí,sí,,,crossapp 'just now'='justo ahora'.,,,"POT-only: en el universo fresco, sin traducir"
helpdesk:45532031028309ab,helpdesk,helpdesk,src,src,,Src,Keeping track of customer requests,Keeping track of customer requests,,,,,Dar seguimiento a las solicitudes de los clientes,,,,,desk/src/pages/PersonaForm.vue:188,desk/src/pages/PersonaForm.vue:188,,client-js,,[],,,,,,,traducción propuesta,revisado inicial Helpdesk,sí,sí,,,Keeping track...; 'dar seguimiento' natural MX.,,,"POT-only: en el universo fresco, sin traducir"
helpdesk:578d91123e12d756,helpdesk,helpdesk,helpdesk,helpdesk,,Helpdesk,Key,Key,,,Clave,,Clave,,Label of a field in the email-feedback Web Form,etiqueta de campo/elemento,,helpdesk/helpdesk/doctype/hd_email_feedback/hd_email_feedback.json,helpdesk/helpdesk/doctype/hd_email_feedback/hd_email_feedback.json || helpdesk/helpdesk/doctype/hd_ticket/hd_ticket.json || helpdesk/helpdesk/web_form/email_feedback/email_feedback.json,helpdesk/helpdesk/doctype/hd_email_feedback/hd_email_feedback.json || helpdesk/helpdesk/doctype/hd_ticket/hd_ticket.json || helpdesk/helpdesk/web_form/email_feedback/email_feedback.json,doctype-json,Hd Email Feedback,"[""Label of a field in the email-feedback Web Form"", ""Label of the key (Data) field in DocType 'HD Email Feedback'"", ""Label of the key (Data) field in DocType 'HD Ticket'""]",,,,,,,existente correcta,revisado inicial Helpdesk,sí,sí,,,Cross-app: Key->Clave.,,,
helpdesk:577c43dfe264de79,helpdesk,helpdesk,src,src,,Src,Keyboard Shortcuts,Keyboard Shortcuts,,,Atajos de teclado,,Atajos de teclado,,,,,desk/src/components/modals/ShortcutsModal.vue:2,desk/src/components/modals/ShortcutsModal.vue:2,desk/src/components/modals/ShortcutsModal.vue:2,client-js,,[],,,,,,,existente correcta,revisado inicial Helpdesk,sí,sí,,,crossapp.,,,
helpdesk:7e42476d664d95f7,helpdesk,helpdesk,src,helpdesk;src,sí,Src,Knowledge Base,Knowledge Base,,,Base de conocimiento,,Base de conocimiento,,Label of the knowledge_base_section (Section Break) field in DocType 'HD Settings',etiqueta de campo/elemento,,desk/src/components/command-palette/CP.vue:104,desk/src/components/command-palette/CP.vue:104 || desk/src/components/layouts/Sidebar.vue:406 || desk/src/components/layouts/layoutSettings.ts:27 || desk/src/components/layouts/layoutSettings.ts:55 || desk/src/pages/knowledge-base/Article.vue:665 || desk/src/pages/knowledge-base/KnowledgeBaseAgent.vue:458 || desk/src/pages/knowledge-base/KnowledgeBaseAgent.vue:6 || desk/src/pages/knowledge-base/NewArticle.vue:170 || helpdesk/helpdesk/doctype/hd_settings/hd_settings.json,desk/src/components/command-palette/CP.vue:104 || desk/src/components/layouts/Sidebar.vue:599 || desk/src/components/layouts/Sidebar.vue:616 || desk/src/pages/knowledge-base/Article.vue:672 || desk/src/pages/knowledge-base/KnowledgeBaseAgent.vue:6 || desk/src/pages/knowledge-base/KnowledgeBaseAgent.vue:462 || desk/src/pages/knowledge-base/NewArticle.vue:169 || helpdesk/helpdesk/doctype/hd_settings/hd_settings.json,client-js,HD Settings,"[""Label of the knowledge_base_section (Section Break) field in DocType 'HD Settings'""]",,,,,,,existente correcta,revisado inicial Helpdesk,sí,sí,,,Crossapp: Knowledge Base=Base de conocimiento.,,,
helpdesk:cf5fbd84b87028c1,helpdesk,helpdesk,helpdesk,helpdesk,,Helpdesk,Label,Label,,,Etiqueta,,Etiqueta,,Label of the label (Data) field in DocType 'HD Ticket Feedback Option',etiqueta de campo/elemento,,helpdesk/helpdesk/doctype/hd_ticket_feedback_option/hd_ticket_feedback_option.json,helpdesk/helpdesk/doctype/hd_ticket_feedback_option/hd_ticket_feedback_option.json || helpdesk/helpdesk/doctype/hd_ticket_status/hd_ticket_status.json || helpdesk/helpdesk/doctype/hd_view/hd_view.json,helpdesk/helpdesk/doctype/hd_action/hd_action.json || helpdesk/helpdesk/doctype/hd_ticket_feedback_option/hd_ticket_feedback_option.json || helpdesk/helpdesk/doctype/hd_ticket_status/hd_ticket_status.json || helpdesk/helpdesk/doctype/hd_view/hd_view.json,doctype-json,Hd Ticket Feedback Option,"[""Label of the label (Data) field in DocType 'HD Ticket Feedback Option'"", ""Label of the label (Data) field in DocType 'HD View'"", ""Label of the label_agent (Data) field in DocType 'HD Ticket Status'""]",,,,,,,existente correcta,revisado inicial Helpdesk,sí,sí,,,Label→Etiqueta (cross-app).,,,
helpdesk:e35097991fe6446e,helpdesk,helpdesk,helpdesk,helpdesk,,Helpdesk,Label (customer view),Label (customer view),,,Etiqueta (vista de cliente),,Etiqueta (vista de cliente),,Label of the label_customer (Data) field in DocType 'HD Ticket Status',etiqueta de campo/elemento,,helpdesk/helpdesk/doctype/hd_ticket_status/hd_ticket_status.json,helpdesk/helpdesk/doctype/hd_ticket_status/hd_ticket_status.json,helpdesk/helpdesk/doctype/hd_ticket_status/hd_ticket_status.json,doctype-json,Hd Ticket Status,"[""Label of the label_customer (Data) field in DocType 'HD Ticket Status'""]",,,,,,,existente correcta,revisado inicial Helpdesk,sí,sí,,,Etiqueta de campo natural y correcta.,,,
helpdesk:539e1b68ff96892d,helpdesk,helpdesk,helpdesk,helpdesk,,Helpdesk,Landing Page,Landing Page,,,Página de Inicio,,Página de inicio,,Option for the 'Type' (Select) field in DocType 'HD Field Layout',opción de campo select,,helpdesk/helpdesk/doctype/hd_field_layout/hd_field_layout.json,helpdesk/helpdesk/doctype/hd_field_layout/hd_field_layout.json,helpdesk/helpdesk/doctype/hd_field_layout/hd_field_layout.json,doctype-json,Hd Field Layout,"[""Option for the 'Type' (Select) field in DocType 'HD Field Layout'""]",,,,,,,existente mejorable,revisado inicial Helpdesk,sí,sí,,,crossapp 'Landing Page'='Página de inicio'. | convergencia global Gettext (publicación),,,
helpdesk:3860522f14447838,helpdesk,helpdesk,src,src,,Src,Language,Language,,,Idioma,,Idioma,,,,,desk/src/components/Settings/Preferences/components/LanguageTimezoneSetting.vue:6,desk/src/components/Settings/Preferences/components/LanguageTimezoneSetting.vue:6,desk/src/components/Settings/Preferences/components/LanguageTimezoneSetting.vue:6,client-js,,[],,,,,,,existente correcta,revisado inicial Helpdesk,sí,sí,,,Cross-app: Language->Idioma.,,,
helpdesk:eea7103981d09dae,helpdesk,helpdesk,src,src,,Src,Language & Time,Language & Time,,,,,Idioma y hora,,,,,desk/src/components/Settings/Preferences/Preferences.vue:36,desk/src/components/Settings/Preferences/Preferences.vue:36,desk/src/components/Settings/Preferences/Preferences.vue:36,client-js,,[],,,,,,,traducción propuesta,revisado inicial Helpdesk,sí,sí,,,Language & Time.,,,
helpdesk:187e12de1f76d27d,helpdesk,helpdesk,src,src,,Src,Last,Last,,,Último,,Último,,,,,desk/src/components/Settings/Assignment Rules/AssigneeRules.vue:102,desk/src/components/Settings/Assignment Rules/AssigneeRules.vue:102,desk/src/components/Settings/Assignment || Rules/AssigneeRules.vue:102,client-js,,[],,,,,,,existente correcta,revisado inicial Helpdesk,sí,sí,,,Cross-app: Last->Último.,,,
helpdesk:171fd76f4df4e1e4,helpdesk,helpdesk,src,src,,Src,Last 3 Months,Last 3 Months,,,Últimos 3 meses,,Últimos 3 meses,,,,,desk/src/pages/home/components/RecentFeedback.vue:366,desk/src/pages/home/components/RecentFeedback.vue:366 || desk/src/pages/home/components/RecentFeedback.vue:395,desk/src/pages/home/components/RecentFeedback.vue:372 || desk/src/pages/home/components/RecentFeedback.vue:401,client-js,,[],,,,,,,existente correcta,revisado inicial Helpdesk,sí,sí,,,"Rango de fecha, natural MX.",,,
helpdesk:e0d2509e24c18070,helpdesk,helpdesk,src,src,,Src,Last 3 months,Last 3 months,,,,,Últimos 3 meses,,,,,desk/src/components/ChartCardBase.vue:177,desk/src/components/ChartCardBase.vue:177 || desk/src/components/ChartCardBase.vue:179 || desk/src/components/ChartCardBase.vue:180,desk/src/pages/home/components/CardBase.vue:108 || desk/src/pages/home/components/CardBase.vue:110 || desk/src/pages/home/components/CardBase.vue:111,client-js,,[],,,,,,,traducción propuesta,revisado inicial Helpdesk,sí,sí,,,,,,
helpdesk:abd59ae0977d885c,helpdesk,helpdesk,src,src,,Src,Last 30 Days,Last 30 Days,,,Últimos 30 días,,Últimos 30 días,,,,,desk/src/pages/dashboard/Dashboard.vue:453,desk/src/pages/dashboard/Dashboard.vue:453 || desk/src/pages/dashboard/Dashboard.vue:486 || desk/src/pages/dashboard/Dashboard.vue:488 || desk/src/pages/dashboard/Dashboard.vue:524,desk/src/pages/dashboard/Dashboard.vue:453 || desk/src/pages/dashboard/Dashboard.vue:486 || desk/src/pages/dashboard/Dashboard.vue:488 || desk/src/pages/dashboard/Dashboard.vue:524,client-js,,[],,,,,,,existente correcta,revisado inicial Helpdesk,sí,sí,,,crossapp.,,,
helpdesk:f5dae46708e47e0e,helpdesk,helpdesk,src,src,,Src,Last 60 Days,Last 60 Days,,,Últimos 60 días,,Últimos 60 días,,,,,desk/src/pages/dashboard/Dashboard.vue:493,desk/src/pages/dashboard/Dashboard.vue:493 || desk/src/pages/dashboard/Dashboard.vue:495,desk/src/pages/dashboard/Dashboard.vue:493 || desk/src/pages/dashboard/Dashboard.vue:495,client-js,,[],,,,,,,existente correcta,revisado inicial Helpdesk,sí,sí,,,Análogo a crossapp 30/90 días.,,,
helpdesk:133068e7c1b3ed8c,helpdesk,helpdesk,src,src,,Src,Last 7 Days,Last 7 Days,,,Últimos 7 días,,Últimos 7 días,,,,,desk/src/pages/dashboard/Dashboard.vue:479,desk/src/pages/dashboard/Dashboard.vue:479 || desk/src/pages/dashboard/Dashboard.vue:481,desk/src/pages/dashboard/Dashboard.vue:479 || desk/src/pages/dashboard/Dashboard.vue:481,client-js,,[],,,,,,,existente correcta,revisado inicial Helpdesk,sí,sí,,,crossapp.,,,
helpdesk:6e688f1a2afe9cd6,helpdesk,helpdesk,src,src,,Src,Last 90 Days,Last 90 Days,,,Últimos 90 días,,Últimos 90 días,,,,,desk/src/pages/dashboard/Dashboard.vue:500,desk/src/pages/dashboard/Dashboard.vue:500 || desk/src/pages/dashboard/Dashboard.vue:502,desk/src/pages/dashboard/Dashboard.vue:500 || desk/src/pages/dashboard/Dashboard.vue:502,client-js,,[],,,,,,,existente correcta,revisado inicial Helpdesk,sí,sí,,,crossapp.,,,
helpdesk:0d2daa2de44d96cd,helpdesk,helpdesk,helpdesk,helpdesk,,Helpdesk,Last Agent Response,Last Agent Response,,,Última respuesta del agente,,Última respuesta del agente,,Label of the last_agent_response (Datetime) field in DocType 'HD Ticket',etiqueta de campo/elemento,,helpdesk/helpdesk/doctype/hd_ticket/hd_ticket.json,helpdesk/helpdesk/doctype/hd_ticket/hd_ticket.json,helpdesk/helpdesk/doctype/hd_ticket/hd_ticket.json,doctype-json,Hd Ticket,"[""Label of the last_agent_response (Datetime) field in DocType 'HD Ticket'""]",,,,,,,existente correcta,revisado inicial Helpdesk,sí,sí,,,Agent→agente; natural.,,,
helpdesk:755b0c6e6fc71e40,helpdesk,helpdesk,helpdesk,helpdesk,,Helpdesk,Last Customer Response,Last Customer Response,,,Última respuesta del cliente,,Última respuesta del cliente,,Label of the last_customer_response (Datetime) field in DocType 'HD Ticket',etiqueta de campo/elemento,,helpdesk/helpdesk/doctype/hd_ticket/hd_ticket.json,helpdesk/helpdesk/doctype/hd_ticket/hd_ticket.json,helpdesk/helpdesk/doctype/hd_ticket/hd_ticket.json,doctype-json,Hd Ticket,"[""Label of the last_customer_response (Datetime) field in DocType 'HD Ticket'""]",,,,,,,existente correcta,revisado inicial Helpdesk,sí,sí,,,Customer→cliente; natural.,,,
helpdesk:02c28d8dd8023910,helpdesk,helpdesk,src,src,,Src,Last Month,Last Month,,,Último Mes,,El mes pasado,,,,,desk/src/pages/home/components/RecentFeedback.vue:362,desk/src/pages/home/components/RecentFeedback.vue:362 || desk/src/pages/home/components/RecentFeedback.vue:394,desk/src/pages/home/components/RecentFeedback.vue:368 || desk/src/pages/home/components/RecentFeedback.vue:400,client-js,,[],,,,,,,existente mejorable,revisado inicial Helpdesk,sí,sí,,,Cross-app: 'Last Month'->'El mes pasado'. Current 'Último Mes' se ajusta al glosario.,,,
helpdesk:27aa4b19a0d35ded,helpdesk,helpdesk,src,src,,Src,Last Name,Last Name,,,Apellido,,Apellido,,,,,desk/src/components/Settings/SavedReplies/savedReplies.ts:66,desk/src/components/Settings/SavedReplies/savedReplies.ts:66 || desk/src/components/contact/EditContactDialog.vue:41 || desk/src/components/customer/NewCustomerDialog.vue:73 || desk/src/composables/contact.ts:427,desk/src/components/desk/global/NewContactDialog.vue:126,client-js,,[],,,,,,,existente correcta,revisado inicial Helpdesk,sí,sí,,,Cross-app: Last Name->Apellido.,,,
helpdesk:d4c01e6396d20294,helpdesk,helpdesk,src,src,,Src,Last Week,Last Week,,,Última semana,,La semana pasada,,,,,desk/src/components/view-controls/Filter.vue:419,desk/src/components/view-controls/Filter.vue:419 || desk/src/pages/home/components/RecentFeedback.vue:358 || desk/src/pages/home/components/RecentFeedback.vue:393,desk/src/pages/home/components/RecentFeedback.vue:364 || desk/src/pages/home/components/RecentFeedback.vue:399,client-js,,[],,,,,,,existente mejorable,revisado inicial Helpdesk,sí,sí,,,crossapp Last Week->La semana pasada; 'Última semana' inconsistente.,,,
helpdesk:3837431f8e09cdee,helpdesk,helpdesk,src,src,,Src,Last month,Last month,,,,,El mes pasado,,,,,desk/src/components/BarChartCard.vue:79,desk/src/components/BarChartCard.vue:79 || desk/src/components/ChartCardBase.vue:143 || desk/src/components/ChartCardBase.vue:170 || desk/src/components/ChartCardBase.vue:172 || desk/src/components/ChartCardBase.vue:173 || desk/src/components/LineChartCard.vue:74 || desk/src/pages/home/components/AgentTicketsCard.vue:30,desk/src/pages/home/components/AgentTicketsCard.vue:35 || desk/src/pages/home/components/AvgTimeCard.vue:50 || desk/src/pages/home/components/CardBase.vue:82 || desk/src/pages/home/components/CardBase.vue:101 || desk/src/pages/home/components/CardBase.vue:103 || desk/src/pages/home/components/CardBase.vue:104,client-js,,[],,,,,,,traducción propuesta,revisado inicial Helpdesk,sí,sí,,,crossapp Last Month->El mes pasado.,,,
helpdesk:a76b5b252af7733b,helpdesk,helpdesk,src,src,,Src,Last seen,Last seen,,,,,Última conexión,,,,,desk/src/components/customer/ContactCard.vue:134,desk/src/components/customer/ContactCard.vue:134,,client-js,,[],,,,,,,traducción propuesta,revisado inicial Helpdesk,sí,sí,,,Last seen: última vez visto/conectado.,,,"POT-only: en el universo fresco, sin traducir"
helpdesk:6104dc84b3e50199,helpdesk,helpdesk,src,src,,Src,Last seen {0},Last seen {0},,,,,Última conexión {0},,,,,desk/src/pages/contact/Contact.vue:225,desk/src/pages/contact/Contact.vue:225,,client-js,,[],{0},,{0},ok,,,traducción propuesta,revisado inicial Helpdesk,sí,sí,,,Last seen {0}; placeholder preservado.,,,"POT-only: en el universo fresco, sin traducir"
helpdesk:d9098e0f152ad96c,helpdesk,helpdesk,src,src,,Src,Last user assigned by this rule,Last user assigned by this rule,,,Último usuario asignado por esta regla,,Último usuario asignado por esta regla,,,,,desk/src/components/Settings/Assignment Rules/AssigneeRules.vue:95,desk/src/components/Settings/Assignment Rules/AssigneeRules.vue:95,desk/src/components/Settings/Assignment || Rules/AssigneeRules.vue:95,client-js,,[],,,,,,,existente correcta,revisado inicial Helpdesk,sí,sí,,,Correcta y natural.,,,
helpdesk:761bf4518269c9b7,helpdesk,helpdesk,src,src,,Src,Last week,Last week,,,,,La semana pasada,,,,,desk/src/components/ChartCardBase.vue:163,desk/src/components/ChartCardBase.vue:163 || desk/src/components/ChartCardBase.vue:165 || desk/src/components/ChartCardBase.vue:166,desk/src/pages/home/components/CardBase.vue:94 || desk/src/pages/home/components/CardBase.vue:96 || desk/src/pages/home/components/CardBase.vue:97,client-js,,[],,,,,,,traducción propuesta,revisado inicial Helpdesk,sí,sí,,,crossapp Last Week->La semana pasada.,,,
helpdesk:0d8a1dc6d99de60d,helpdesk,helpdesk,src,src,,Src,Latest,Latest,,,,,Más reciente,,,,,desk/src/components/contact/FeedbackList.vue:119,desk/src/components/contact/FeedbackList.vue:119,,client-js,,[],,,,,,,traducción propuesta,revisado inicial Helpdesk,sí,sí,,,Latest→Más reciente (crossapp).,,,"POT-only: en el universo fresco, sin traducir"
helpdesk:3f44173e85d9a1ba,helpdesk,helpdesk,helpdesk,helpdesk,,Helpdesk,Layout,Layout,,,Diseño,,Diseño,,Label of the layout (Code) field in DocType 'HD Field Layout',etiqueta de campo/elemento,,helpdesk/helpdesk/doctype/hd_field_layout/hd_field_layout.json,helpdesk/helpdesk/doctype/hd_field_layout/hd_field_layout.json,helpdesk/helpdesk/doctype/hd_field_layout/hd_field_layout.json,doctype-json,Hd Field Layout,"[""Label of the layout (Code) field in DocType 'HD Field Layout'""]",,,,,,,existente correcta,revisado inicial Helpdesk,sí,sí,,,crossapp 'Layout'='Diseño'.,,,
helpdesk:77e5c06ad46af932,helpdesk,helpdesk,src,src,,Src,Learn about conditions,Learn about conditions,,,Aprende acerca de las condiciones,,Más información sobre las condiciones,,,,,desk/src/components/Settings/Assignment Rules/AssignmentRuleView.vue:144,desk/src/components/Settings/Assignment Rules/AssignmentRuleView.vue:144 || desk/src/components/Settings/Assignment Rules/AssignmentRuleView.vue:221,desk/src/components/Settings/Assignment || Rules/AssignmentRuleView.vue:135 || Rules/AssignmentRuleView.vue:212,client-js,,[],,,,,,,existente mejorable,revisado inicial Helpdesk,sí,sí,,,'Aprende acerca de' calco de 'Learn about'; enlace de ayuda->'Más información sobre'.,,,
helpdesk:0595d5b29247ba7d,helpdesk,helpdesk,src,src,,Src,Learn more,Learn more,,,,,Más información,,,,,desk/src/components/layouts/CustomerPortalPermissionBanner.vue:17,desk/src/components/layouts/CustomerPortalPermissionBanner.vue:17,,client-js,,[],,,,,,,traducción propuesta,revisado inicial Helpdesk,sí,sí,,,Learn more→Más información (crossapp).,,,"POT-only: en el universo fresco, sin traducir"
helpdesk:460f98e5819327c5,helpdesk,helpdesk,src,src,,Src,Learn more in the,Learn more in the,,,,,Más información en la,,,,,desk/src/components/layouts/CustomerPortalPermissionDialog.vue:23,desk/src/components/layouts/CustomerPortalPermissionDialog.vue:23,,client-js,,[],,,,,,,traducción propuesta,revisado inicial Helpdesk,sí,sí,,,Learn more in the (frase se completa con 'documentación').,,,"POT-only: en el universo fresco, sin traducir"
helpdesk:7bd82664493d97c5,helpdesk,helpdesk,helpdesk,helpdesk,,Helpdesk,"Let customers know they're raising a ticket outside working hours, and when they can expect a reply.","Let customers know they're raising a ticket outside working hours, and when they can expect a reply.",,,Informa a los clientes que están creando un ticket fuera del horario laboral y cuándo pueden esperar una respuesta.,,Informa a los clientes que están creando un ticket fuera del horario laboral y cuándo pueden esperar una respuesta.,,Description of the 'Apply outside working hours' (Check) field in DocType 'HD Settings',descripción,,helpdesk/helpdesk/doctype/hd_settings/hd_settings.json,helpdesk/helpdesk/doctype/hd_settings/hd_settings.json,helpdesk/helpdesk/doctype/hd_settings/hd_settings.json,doctype-json,Hd Settings,"[""Description of the 'Apply outside working hours' (Check) field in DocType 'HD Settings'""]",,,,,,,existente correcta,revisado inicial Helpdesk,sí,sí,,,ticket protegido; correcta.,,,
helpdesk:75c6dda71389f33c,helpdesk,helpdesk,src,src,,Src,LinkedIn,LinkedIn,,,,,LinkedIn,,,,,desk/src/pages/PersonaForm.vue:212,desk/src/pages/PersonaForm.vue:212,,client-js,,[],,,,,,,igual al inglés válida,revisado inicial Helpdesk,sí,sí,,,Nombre propio.,,,"POT-only: en el universo fresco, sin traducir"
helpdesk:af93d04b8b780ee1,helpdesk,helpdesk,src,helpdesk;src,sí,Src,List,List,,,Lista,,Lista,,Label of the list_tab (Tab Break) field in DocType 'HD View',etiqueta de campo/elemento,,desk/src/components/ListViewBuilder.vue:799,desk/src/components/ListViewBuilder.vue:799 || desk/src/components/ListViewBuilder.vue:844 || desk/src/composables/useView.ts:390 || desk/src/composables/useView.ts:405 || desk/src/pages/ticket/Tickets.vue:434 || helpdesk/helpdesk/doctype/hd_form_script/hd_form_script.json || helpdesk/helpdesk/doctype/hd_view/hd_view.json,desk/src/components/ListViewBuilder.vue:799 || desk/src/components/ListViewBuilder.vue:841 || desk/src/pages/ticket/Tickets.vue:623 || desk/src/pages/ticket/Tickets.vue:637 || desk/src/pages/ticket/Tickets.vue:667 || helpdesk/helpdesk/doctype/hd_form_script/hd_form_script.json || helpdesk/helpdesk/doctype/hd_view/hd_view.json,client-js,HD View,"[""Label of the list_tab (Tab Break) field in DocType 'HD View'"", ""Option for the 'Apply To' (Select) field in DocType 'HD Form Script'""]",,,,,,,existente correcta,revisado inicial Helpdesk,sí,sí,,,crossapp 'List'='Lista'.,,,
helpdesk:f2a3e8a9c40ccee8,helpdesk,helpdesk,src,src,,Src,List View,List View,,,Vista de Lista,,Vista de lista,,,,,desk/src/pages/ticket/Tickets.vue:350,desk/src/pages/ticket/Tickets.vue:350,desk/src/pages/ticket/Tickets.vue:357,client-js,,[],,,,,,,existente mejorable,revisado inicial Helpdesk,sí,sí,,,Cross-app 'Vista de lista' (minúscula 'lista').,,,
helpdesk:a688f952a961fa83,helpdesk,helpdesk,src,src,,Src,Listen,Listen,,,,,Escuchar,,,,,desk/src/components/CallArea.vue:72,desk/src/components/CallArea.vue:72,desk/src/components/CallArea.vue:72,client-js,,[],,,,,,,traducción propuesta,revisado inicial Helpdesk,sí,sí,,,Botón para escuchar llamada.,,,
helpdesk:b488fcd78f7aec80,helpdesk,helpdesk,src,src,,Src,Live chat,Live chat,,,,,Chat en vivo,,,,,desk/src/pages/PersonaForm.vue:144,desk/src/pages/PersonaForm.vue:144 || desk/src/pages/PersonaForm.vue:163,,client-js,,[],,,,,,,traducción propuesta,revisado inicial Helpdesk,sí,sí,,,Live chat.,,,"POT-only: en el universo fresco, sin traducir"
helpdesk:8cb6a1ce70ff4b0f,helpdesk,helpdesk,helpdesk,helpdesk,,Helpdesk,Load Default Columns,Load Default Columns,,,,,Cargar columnas predeterminadas,,Label of the load_default_columns (Check) field in DocType 'HD View',etiqueta de campo/elemento,,helpdesk/helpdesk/doctype/hd_view/hd_view.json,helpdesk/helpdesk/doctype/hd_view/hd_view.json,helpdesk/helpdesk/doctype/hd_view/hd_view.json,doctype-json,Hd View,"[""Label of the load_default_columns (Check) field in DocType 'HD View'""]",,,,,,,traducción propuesta,revisado inicial Helpdesk,sí,sí,,,,,,
helpdesk:3e5a69db2a4d9abe,helpdesk,helpdesk,src,src,,Src,Load More,Load More,,,Carga más,,Cargar más,,,,,desk/src/components/Settings/Agents.vue:174,desk/src/components/Settings/Agents.vue:174 || desk/src/components/Settings/Teams/TeamsList.vue:87 || desk/src/components/contact/FeedbackList.vue:81 || desk/src/components/customer/TicketsTab.vue:142,desk/src/components/Settings/Agents.vue:174 || desk/src/components/Settings/Teams/TeamsList.vue:88,client-js,,[],,,,,,,existente mejorable,revisado inicial Helpdesk,sí,sí,,,Cross-app Load More->Cargar más; upstream 'Carga más' inconsistente.,,,
helpdesk:c73637c12a00a79d,helpdesk,helpdesk,src,src,,Src,Loading...,Loading...,,,Cargando...,,Cargando...,,,,,desk/src/components/ticket-agent/AssignTo.vue:88,desk/src/components/ticket-agent/AssignTo.vue:88,desk/src/components/ticket-agent/AssignTo.vue:93,client-js,,[],,,,,,,existente correcta,revisado inicial Helpdesk,sí,sí,,,Cross-app Loading...,,,
helpdesk:a9166417ae2be334,helpdesk,helpdesk,src,src,,Src,Location,Location,,,,,Ubicación,,,,,desk/src/components/Settings/SavedReplies/savedReplies.ts:86,desk/src/components/Settings/SavedReplies/savedReplies.ts:86,,client-js,,[],,,,,,,traducción propuesta,revisado inicial Helpdesk,sí,sí,,,Cross-app: Location->Ubicación.,,,"POT-only: en el universo fresco, sin traducir"
helpdesk:c7a021c01d6fbc32,helpdesk,helpdesk,src,src,,Src,Log a Call,Log a Call,,,,,Registrar una llamada,,,,,desk/src/components/ticket/ActivityHeader.vue:65,desk/src/components/ticket/ActivityHeader.vue:65,desk/src/components/ticket/ActivityHeader.vue:65,client-js,,[],,,,,,,traducción propuesta,revisado inicial Helpdesk,sí,sí,,,Log a Call.,,,
helpdesk:bbb7b81364de1bdf,helpdesk,helpdesk,src,src,,Src,Log out,Log out,,,Cerrar sesión,,Cerrar sesión,,,,,desk/src/components/layouts/MobileSidebar.vue:104,desk/src/components/layouts/MobileSidebar.vue:104 || desk/src/components/layouts/MobileSidebar.vue:69 || desk/src/components/layouts/Sidebar.vue:139 || desk/src/components/layouts/Sidebar.vue:188,desk/src/components/layouts/Sidebar.vue:344 || desk/src/components/layouts/Sidebar.vue:395,client-js,,[],,,,,,,existente correcta,revisado inicial Helpdesk,sí,sí,,,crossapp Log out->Cerrar sesión.,,,
helpdesk:ff17dfa293decdfc,helpdesk,helpdesk,src,src,,Src,Login to Frappe Cloud,Login to Frappe Cloud,,,Iniciar sesión en Frappe Cloud,,Iniciar sesión en Frappe Cloud,,,,,desk/src/components/layouts/Sidebar.vue:168,desk/src/components/layouts/Sidebar.vue:168,desk/src/components/layouts/Sidebar.vue:375,client-js,,[],,,,,,,existente correcta,revisado inicial Helpdesk,sí,sí,,,Frappe Cloud nombre propio.,,,
helpdesk:4a130aa43a6f6148,helpdesk,helpdesk,src,helpdesk;src,sí,Src,Logo,Logo,,,Logo,,Logo,,Label of the brand_logo (Attach Image) field in DocType 'HD Settings',etiqueta de campo/elemento,,desk/src/components/Settings/General/components/Branding.vue:15,desk/src/components/Settings/General/components/Branding.vue:15 || desk/src/components/customer/EditCustomerDialog.vue:29 || desk/src/components/customer/NewCustomerDialog.vue:13 || helpdesk/helpdesk/doctype/hd_settings/hd_settings.json,desk/src/components/Settings/General/components/Branding.vue:15 || helpdesk/helpdesk/doctype/hd_settings/hd_settings.json,client-js,HD Settings,"[""Label of the brand_logo (Attach Image) field in DocType 'HD Settings'""]",,,,,,,existente correcta,revisado inicial Helpdesk,sí,sí,,,Crossapp: Logo=Logo.,,,
helpdesk:05b536d0f075d4c0,helpdesk,helpdesk,helpdesk,helpdesk,,Helpdesk,"Lower the Integer value, higher is the priority of the issue","Lower the Integer value, higher is the priority of the issue",,,"Cuanto menor sea el valor, mayor será la prioridad del asunto",,"Cuanto menor sea el valor entero, mayor será la prioridad del ticket",,Description of the 'Integer value' (Int) field in DocType 'HD Ticket Priority',descripción,,helpdesk/helpdesk/doctype/hd_ticket_priority/hd_ticket_priority.json,helpdesk/helpdesk/doctype/hd_ticket_priority/hd_ticket_priority.json,helpdesk/helpdesk/doctype/hd_ticket_priority/hd_ticket_priority.json,doctype-json,Hd Ticket Priority,"[""Description of the 'Integer value' (Int) field in DocType 'HD Ticket Priority'""]",,,,,,,existente mejorable,revisado inicial Helpdesk,sí,sí,,,Ticket protegido; 'issue'→ticket en contexto helpdesk; se explicita 'valor entero' (Integer value).,,,
helpdesk:cda9d0ea4aee9226,helpdesk,helpdesk,src,src,,Src,Make Private,Make Private,,,,,Hacer privada,,,,,desk/src/composables/useView.ts:254,desk/src/composables/useView.ts:254,desk/src/pages/ticket/Tickets.vue:501,client-js,,[],,,,,,,traducción propuesta,revisado inicial Helpdesk,sí,sí,,,Refiere a la vista (femenino).,,,
helpdesk:a48c7b344778935b,helpdesk,helpdesk,src,src,,Src,Make Public,Make Public,,,,,Hacer pública,,,,,desk/src/composables/useView.ts:254,desk/src/composables/useView.ts:254,desk/src/pages/ticket/Tickets.vue:501,client-js,,[],,,,,,,traducción propuesta,revisado inicial Helpdesk,sí,sí,,,Refiere a la vista (femenino).,,,
helpdesk:dd562215f216be24,helpdesk,helpdesk,src,src,,Src,Make a Call,Make a Call,,,,,Hacer una llamada,,,,,desk/src/components/ticket/ActivityHeader.vue:60,desk/src/components/ticket/ActivityHeader.vue:60,desk/src/components/ticket/ActivityHeader.vue:60,client-js,,[],,,,,,,traducción propuesta,revisado inicial Helpdesk,sí,sí,,,,,,
helpdesk:ffcf79d87f70c08d,helpdesk,helpdesk,src,src,,Src,Make all existing contacts customer managers,Make all existing contacts customer managers,,,,,Convertir a todos los contactos existentes en administradores del cliente,,,,,desk/src/components/layouts/CustomerPortalPermissionDialog.vue:34,desk/src/components/layouts/CustomerPortalPermissionDialog.vue:34,,client-js,,[],,,,,,,traducción propuesta,revisado inicial Helpdesk,sí,sí,,,Make all existing contacts customer managers.,,,"POT-only: en el universo fresco, sin traducir"
helpdesk:6181ca6392631981,helpdesk,helpdesk,src,src,,Src,Make feedback mandatory,Make feedback mandatory,,,Hacer obligatoria la retroalimentación,,Hacer obligatorios los comentarios,,,,,desk/src/components/Settings/General/components/TicketSettings.vue:10,desk/src/components/Settings/General/components/TicketSettings.vue:10,desk/src/components/Settings/General/components/TicketSettings.vue:10,client-js,,[],,,,,,,existente mejorable,revisado inicial Helpdesk,sí,sí,,,Feedback->Comentarios (glosario); ajuste gramatical.,,,
helpdesk:939474ca47407fbf,helpdesk,helpdesk,src,src,,Src,Make it public,Make it public,,,,,Hacerla pública,,,,,desk/src/components/ViewModal.vue:50,desk/src/components/ViewModal.vue:50,,client-js,,[],,,,,,,traducción propuesta,revisado inicial Helpdesk,sí,sí,,,Refiere a la vista (femenino).,,,"POT-only: en el universo fresco, sin traducir"
helpdesk:9b4ec6cbc3039eab,helpdesk,helpdesk,src,src,,Src,Make view private,Make view private,,,,,Hacer privada la vista,,,,,desk/src/composables/useView.ts:262,desk/src/composables/useView.ts:262,desk/src/pages/ticket/Tickets.vue:509,client-js,,[],,,,,,,traducción propuesta,revisado inicial Helpdesk,sí,sí,,,,,,
helpdesk:188d76950461140e,helpdesk,helpdesk,src,src,,Src,Manage general settings of your app.,Manage general settings of your app.,,,Gestionar la configuración general de tu aplicación.,,Gestione la configuración general de su aplicación.,,,,,desk/src/components/Settings/General/General.vue:2,desk/src/components/Settings/General/General.vue:2,desk/src/components/Settings/General/General.vue:2,client-js,,[],,,,,,,existente mejorable,revisado inicial Helpdesk + pase dirigido,sí,,,,Imperativo usted; su aplicación.,,,
helpdesk:4eee4973997cf0e3,helpdesk,helpdesk,src,src,,Src,Manage pre-defined responses that can be used to respond to customer queries.,Manage pre-defined responses that can be used to respond to customer queries.,,,Gestionar respuestas predefinidas que se pueden usar para responder consultas de clientes.,,Administra respuestas predefinidas que se pueden usar para responder consultas de clientes.,,,,,desk/src/components/Settings/SavedReplies/SavedRepliesList.vue:5,desk/src/components/Settings/SavedReplies/SavedRepliesList.vue:5,desk/src/components/Settings/SavedReplies/SavedRepliesList.vue:5,client-js,,[],,,,,,,existente mejorable,revisado inicial Helpdesk,sí,sí,,,"'Gestionar'->'Administra' (imperativo, natural MX); Canned/pre-defined->predefinidas.",,,
helpdesk:d543d6aac25ed3fb,helpdesk,helpdesk,src,src,,Src,Manage your account emails and email signature for communication.,Manage your account emails and email signature for communication.,,,,,Gestione los correos de su cuenta y la firma de correo para la comunicación.,,,,,desk/src/components/Settings/Profile/Profile.vue:107,desk/src/components/Settings/Profile/Profile.vue:107,desk/src/components/Settings/Profile/Profile.vue:130,client-js,,[],,,,,,,traducción propuesta,revisado inicial Helpdesk + pase dirigido,sí,,,,Imperativo usted; su cuenta.,,,
helpdesk:84731f5673bcebb3,helpdesk,helpdesk,src,src,,Src,Manage your email accounts and configure incoming and outgoing settings.,Manage your email accounts and configure incoming and outgoing settings.,,,Gestiona tus cuentas de correo y configura los ajustes de entrada y salida.,,Gestione sus cuentas de correo y configure los ajustes de entrada y salida.,,,,,desk/src/components/Settings/EmailAccountList.vue:5,desk/src/components/Settings/EmailAccountList.vue:5,desk/src/components/Settings/EmailAccountList.vue:5,client-js,,[],,,,,,,existente mejorable,revisado inicial Helpdesk + pase dirigido,sí,,,,Imperativo usted; sus cuentas.,,,
helpdesk:86a6adaff5eba5fd,helpdesk,helpdesk,src,src,,Src,Manage your email signature.,Manage your email signature.,,,,,Administre su firma de correo.,,,,,desk/src/components/Settings/Profile/UserEmailSettings.vue:40,desk/src/components/Settings/Profile/UserEmailSettings.vue:40,desk/src/components/Settings/Profile/UserEmailSettings.vue:25,client-js,,[],,,,,,,traducción propuesta,revisado inicial Helpdesk + pase dirigido,sí,,,,Imperativo usted; su firma.,,,
helpdesk:3d7ba261c2278100,helpdesk,helpdesk,src,src,,Src,Manage your personal preferences.,Manage your personal preferences.,,,,,Gestione sus preferencias personales.,,,,,desk/src/components/Settings/Preferences/Preferences.vue:2,desk/src/components/Settings/Preferences/Preferences.vue:2,desk/src/components/Settings/Preferences/Preferences.vue:2,client-js,,[],,,,,,,traducción propuesta,revisado inicial Helpdesk + pase dirigido,sí,,,,Imperativo usted; sus preferencias.,,,
helpdesk:21836e48416901f7,helpdesk,helpdesk,src,src,,Src,Manage your profile information.,Manage your profile information.,,,Gestiona la información de tu perfil.,,Gestione la información de su perfil.,,,,,desk/src/components/Settings/Profile/Profile.vue:4,desk/src/components/Settings/Profile/Profile.vue:4,desk/src/components/Settings/Profile/Profile.vue:4,client-js,,[],,,,,,,existente mejorable,revisado inicial Helpdesk + pase dirigido,sí,,,,Imperativo usted; su perfil.,,,
helpdesk:3ee809332501bc0d,helpdesk,helpdesk,src,src,,Src,Manager,Manager,,,,,Administrador,,,,,desk/src/components/customer/ContactCard.vue:25,desk/src/components/customer/ContactCard.vue:25,,client-js,,[],,,,,,,traducción propuesta,revisado inicial Helpdesk,sí,sí,,,Manager→Administrador (crossapp).,,,"POT-only: en el universo fresco, sin traducir"
helpdesk:e963994dcf9a90b1,helpdesk,helpdesk,src,src,,Src,Managing customer conversations across channels,Managing customer conversations across channels,,,,,Gestionar conversaciones con clientes en varios canales,,,,,desk/src/pages/PersonaForm.vue:174,desk/src/pages/PersonaForm.vue:174,,client-js,,[],,,,,,,traducción propuesta,revisado inicial Helpdesk,sí,sí,,,Managing customer conversations across channels.,,,"POT-only: en el universo fresco, sin traducir"
helpdesk:202c5cfaac9799d6,helpdesk,helpdesk,src,src,,Src,Mark all as read,Mark all as read,,,Marcar todo como leídas,,Marcar todo como leído,,,,,desk/src/pages/MobileNotifications.vue:11,desk/src/pages/MobileNotifications.vue:11 || desk/src/pages/MobileNotifications.vue:14,desk/src/pages/MobileNotifications.vue:11 || desk/src/pages/MobileNotifications.vue:14,client-js,,[],,,,,,,existente mejorable,revisado inicial Helpdesk,sí,sí,,,crossapp: Mark all as read→Marcar todo como leído (upstream 'leídas' incorrecto).,,,
helpdesk:c66a38774019b8ca,helpdesk,helpdesk,src,src,,Src,Masters,Masters,,,Maestros,,Maestros,,,,,desk/src/components/layouts/Sidebar.vue:398,desk/src/components/layouts/Sidebar.vue:398,desk/src/components/layouts/Sidebar.vue:608,client-js,,[],,,,,,,existente correcta,revisado inicial Helpdesk,sí,sí,,,crossapp Masters->Maestros.,,,
helpdesk:5b64b55abb8ddb89,helpdesk,helpdesk,src,src,,Src,Measuring team performance,Measuring team performance,,,,,Medir el desempeño del equipo,,,,,desk/src/pages/PersonaForm.vue:182,desk/src/pages/PersonaForm.vue:182,,client-js,,[],,,,,,,traducción propuesta,revisado inicial Helpdesk,sí,sí,,,Team=equipo; 'desempeño' natural MX.,,,"POT-only: en el universo fresco, sin traducir"
helpdesk:6e45dc0ba79ea392,helpdesk,helpdesk,src,src,,Src,Members,Members,,,Miembros,,Miembros,,,,,desk/src/components/Settings/Teams/NewTeam.vue:47,desk/src/components/Settings/Teams/NewTeam.vue:47,desk/src/components/Settings/Teams/NewTeam.vue:38,client-js,,[],,,,,,,existente correcta,revisado inicial Helpdesk,sí,sí,,,Cross-app: Members->Miembros.,,,
helpdesk:a8898c2137b5151b,helpdesk,helpdesk,src,src,,Src,Members ({0}),Members ({0}),,,Miembros ({0}),,Miembros ({0}),,,,,desk/src/components/Settings/Teams/TeamEdit.vue:67,desk/src/components/Settings/Teams/TeamEdit.vue:67,desk/src/components/Settings/Teams/TeamEdit.vue:56,client-js,,[],{0},{0},{0},ok,,,existente correcta,revisado inicial Helpdesk,sí,sí,,,Correcta. {0} preservado.,,,
helpdesk:71e16f54b63ae3e1,helpdesk,helpdesk,helpdesk,helpdesk,,Helpdesk,Mention,Mention,,,Mención,,Mención,,Option for the 'Type' (Select) field in DocType 'HD Notification',opción de campo select,,helpdesk/helpdesk/doctype/hd_notification/hd_notification.json,helpdesk/helpdesk/doctype/hd_notification/hd_notification.json,helpdesk/helpdesk/doctype/hd_notification/hd_notification.json,doctype-json,Hd Notification,"[""Option for the 'Type' (Select) field in DocType 'HD Notification'""]",,,,,,,existente correcta,revisado inicial Helpdesk,sí,sí,,,Cross-app: Mention->Mencionar; aquí sustantivo->Mención.,,,
helpdesk:a800a5b243ea7890,helpdesk,helpdesk,src,src,,Src,Merge,Merge,,,Unir,,Unir,,,,,desk/src/pages/knowledge-base/KnowledgeBaseAgent.vue:154,desk/src/pages/knowledge-base/KnowledgeBaseAgent.vue:154,desk/src/pages/knowledge-base/KnowledgeBaseAgent.vue:158,client-js,,[],,,,,,,existente correcta,revisado inicial Helpdesk,sí,sí,,,Cross-app: Merge->Unir.,,,
helpdesk:503805dd006db4f2,helpdesk,helpdesk,src,src,,Src,Merge Ticket,Merge Ticket,,,Fusionar ticket,,Fusionar ticket,,,,,desk/src/components/ticket-agent/TicketHeader.vue:255,desk/src/components/ticket-agent/TicketHeader.vue:255 || desk/src/components/ticket/TicketAgentSidebar.vue:18,desk/src/components/ticket-agent/TicketHeader.vue:255 || desk/src/components/ticket/TicketAgentSidebar.vue:18,client-js,,[],,,,,,,existente correcta,revisado inicial Helpdesk,sí,sí,,,,,,
helpdesk:67d5d3fb47941bb9,helpdesk,helpdesk,helpdesk,helpdesk,,Helpdesk,Merged With,Merged With,,,Fusionado con,,Combinado con,,Label of the merged_with (Link) field in DocType 'HD Ticket',etiqueta de campo/elemento,,helpdesk/helpdesk/doctype/hd_ticket/hd_ticket.json,helpdesk/helpdesk/doctype/hd_ticket/hd_ticket.json,helpdesk/helpdesk/doctype/hd_ticket/hd_ticket.json,doctype-json,Hd Ticket,"[""Label of the merged_with (Link) field in DocType 'HD Ticket'""]",,,,,,,existente mejorable,revisado inicial Helpdesk,sí,sí,,,merged→combinado para consistencia con el resto del bloque.,,,
helpdesk:946d836cb9743f90,helpdesk,helpdesk,helpdesk,helpdesk,,Helpdesk,Message,Message,,,Mensaje,,Mensaje,,Label of the message (Text Editor) field in DocType 'HD Saved Reply',etiqueta de campo/elemento,,helpdesk/helpdesk/doctype/hd_notification/hd_notification.json,helpdesk/helpdesk/doctype/hd_notification/hd_notification.json || helpdesk/helpdesk/doctype/hd_saved_reply/hd_saved_reply.json,helpdesk/helpdesk/doctype/hd_notification/hd_notification.json || helpdesk/helpdesk/doctype/hd_saved_reply/hd_saved_reply.json,doctype-json,Hd Notification,"[""Label of the message (Text Editor) field in DocType 'HD Saved Reply'"", ""Label of the message (Text) field in DocType 'HD Notification'""]",,,,,,,existente correcta,revisado inicial Helpdesk,sí,sí,,,Cross-app: Message->Mensaje.,,,
helpdesk:8332ce770588860e,helpdesk,helpdesk,src,src,,Src,Middle Name,Middle Name,,,,,Segundo nombre,,,,,desk/src/components/Settings/SavedReplies/savedReplies.ts:62,desk/src/components/Settings/SavedReplies/savedReplies.ts:62,,client-js,,[],,,,,,,traducción propuesta,revisado inicial Helpdesk,sí,sí,,,Cross-app: Middle Name->Segundo nombre.,,,"POT-only: en el universo fresco, sin traducir"
helpdesk:0101d27387c0ab69,helpdesk,helpdesk,helpdesk,helpdesk,,Helpdesk,Misc,Misc,,,Misceláneo,,Misceláneo,,Label of the misc_tab (Tab Break) field in DocType 'HD Settings',etiqueta de campo/elemento,,helpdesk/helpdesk/doctype/hd_settings/hd_settings.json,helpdesk/helpdesk/doctype/hd_settings/hd_settings.json,helpdesk/helpdesk/doctype/hd_settings/hd_settings.json,doctype-json,Hd Settings,"[""Label of the misc_tab (Tab Break) field in DocType 'HD Settings'""]",,,,,,,existente correcta,revisado inicial Helpdesk,sí,sí,,,Misc (pestaña); correcta.,,,
helpdesk:f2a269f730a471eb,helpdesk,helpdesk,src,src,,Src,Missing or delayed responses,Missing or delayed responses,,,,,Respuestas faltantes o tardías,,,,,desk/src/pages/PersonaForm.vue:186,desk/src/pages/PersonaForm.vue:186,,client-js,,[],,,,,,,traducción propuesta,revisado inicial Helpdesk,sí,sí,,,Missing or delayed responses.,,,"POT-only: en el universo fresco, sin traducir"
helpdesk:e5b676905821b3e6,helpdesk,helpdesk,helpdesk,helpdesk;src,sí,Helpdesk,Mobile No,Mobile No,,,,,N.º de móvil,,Label of the mobile_no (Data) field in DocType 'HD Customer',etiqueta de campo/elemento,,desk/src/components/Settings/SavedReplies/savedReplies.ts:94,desk/src/components/Settings/SavedReplies/savedReplies.ts:94 || helpdesk/helpdesk/doctype/hd_customer/hd_customer.json,,client-js,HD Customer,"[""Label of the mobile_no (Data) field in DocType 'HD Customer'""]",,,,,,,traducción propuesta,revisado inicial Helpdesk,sí,sí,,,Mobile No→N.º de móvil (crossapp).,,,"POT-only: en el universo fresco, sin traducir"
helpdesk:aaf0f067debc518c,helpdesk,helpdesk,src,src,,Src,Mobile Number,Mobile Number,,,,,Número de teléfono móvil,,,,,desk/src/components/customer/NewCustomerDialog.vue:89,desk/src/components/customer/NewCustomerDialog.vue:89,,client-js,,[],,,,,,,traducción propuesta,revisado inicial Helpdesk,sí,sí,,,Mobile Number→Número de teléfono móvil (crossapp).,,,"POT-only: en el universo fresco, sin traducir"
helpdesk:58113bf83ffe0b34,helpdesk,helpdesk,helpdesk,helpdesk,,Helpdesk,Mobile no. of the primary contact,Mobile no. of the primary contact,,,,,N.º de móvil del contacto principal,,Description of the 'Mobile No' (Data) field in DocType 'HD Customer',descripción,,helpdesk/helpdesk/doctype/hd_customer/hd_customer.json,helpdesk/helpdesk/doctype/hd_customer/hd_customer.json,,doctype-json,Hd Customer,"[""Description of the 'Mobile No' (Data) field in DocType 'HD Customer'""]",,,,,,,traducción propuesta,revisado inicial Helpdesk,sí,sí,,,Mobile no. of the primary contact.,,,"POT-only: en el universo fresco, sin traducir"
helpdesk:aa882100a2cb10df,helpdesk,helpdesk,helpdesk,helpdesk,,Helpdesk,Monday,Monday,,,Lunes,,Lunes,,Option for the 'Weekly Off' (Select) field in DocType 'HD Service Holiday List',opción de campo select,,helpdesk/helpdesk/doctype/hd_service_day/hd_service_day.json,helpdesk/helpdesk/doctype/hd_service_day/hd_service_day.json || helpdesk/helpdesk/doctype/hd_service_holiday_list/hd_service_holiday_list.json,helpdesk/helpdesk/doctype/hd_service_day/hd_service_day.json || helpdesk/helpdesk/doctype/hd_service_holiday_list/hd_service_holiday_list.json,doctype-json,Hd Service Day,"[""Option for the 'Weekly Off' (Select) field in DocType 'HD Service Holiday List'"", ""Option for the 'Workday' (Select) field in DocType 'HD Service Day'""]",,,,,,,existente correcta,revisado inicial Helpdesk,sí,sí,,,Cross-app Monday.,,,
helpdesk:81bd386c81c97a35,helpdesk,helpdesk,helpdesk,helpdesk,,Helpdesk,Monthly,Monthly,,,Mensual,,Mensual,,,,,helpdesk/helpdesk/report/ticket_analytics/ticket_analytics.js:35,helpdesk/helpdesk/report/ticket_analytics/ticket_analytics.js:35,helpdesk/helpdesk/report/ticket_analytics/ticket_analytics.js:35,report,,[],,,,,,,existente correcta,revisado inicial Helpdesk,sí,sí,,,Cross-app aprobado.,,,
helpdesk:199afbd54154bbcd,helpdesk,helpdesk,src,src,,Src,Move To,Move To,,,Mover a,,Mover a,,,,,desk/src/pages/knowledge-base/Article.vue:629,desk/src/pages/knowledge-base/Article.vue:629 || desk/src/pages/knowledge-base/KnowledgeBaseAgent.vue:187,desk/src/pages/knowledge-base/Article.vue:636 || desk/src/pages/knowledge-base/KnowledgeBaseAgent.vue:191,client-js,,[],,,,,,,existente correcta,revisado inicial Helpdesk,sí,sí,,,crossapp: Move To→Mover a.,,,
helpdesk:d956a0afe6fc70f5,helpdesk,helpdesk,src,src,,Src,My Dashboard,My Dashboard,,,,,Mi tablero,,,,,desk/src/pages/dashboard/Dashboard.vue:249,desk/src/pages/dashboard/Dashboard.vue:249,desk/src/pages/dashboard/Dashboard.vue:249,client-js,,[],,,,,,,traducción propuesta,revisado inicial Helpdesk,sí,sí,,,Dashboard->Tablero.,,,
helpdesk:f9bfef20fc1ba22b,helpdesk,helpdesk,src,src,,Src,My Team(s),My Team(s),,,,,Mi(s) equipo(s),,,,,desk/src/components/SavedRepliesSelectorModal.vue:177,desk/src/components/SavedRepliesSelectorModal.vue:177 || desk/src/components/Settings/SavedReplies/SavedRepliesList.vue:304,,client-js,,[],,,,,,,traducción propuesta,revisado inicial Helpdesk,sí,sí,,,Team->Equipo.,,,"POT-only: en el universo fresco, sin traducir"
helpdesk:8e61cb47daf35de5,helpdesk,helpdesk,src,src,,Src,My Tickets,My Tickets,,,,,Mis Tickets,,,,,desk/src/pages/home/Home.vue:293,desk/src/pages/home/Home.vue:293 || desk/src/pages/home/components/AgentTicketsCard.vue:4,desk/src/pages/home/Home.vue:293 || desk/src/pages/home/components/AgentTicketsCard.vue:4,client-js,,[],,,,,,,traducción propuesta,revisado inicial Helpdesk,sí,sí,,,Ticket protegido en inglés.,,,
helpdesk:cc94d60df7bd86ff,helpdesk,helpdesk,src,src,,Src,My settings,My settings,,,,,Mi configuración,,,,,desk/src/components/Settings/settingsModal.ts:44,desk/src/components/Settings/settingsModal.ts:44,,client-js,,[],,,,,,,traducción propuesta,revisado inicial Helpdesk,sí,sí,,,My settings.,,,"POT-only: en el universo fresco, sin traducir"
helpdesk:775e35760116ba0d,helpdesk,helpdesk,src,helpdesk;src,sí,Src,Name,Name,,,Nombre,,Nombre,,Label of the brand_name (Data) field in DocType 'HD Settings',etiqueta de campo/elemento,,desk/src/components/Settings/Assignment Rules/AssignmentRuleView.vue:55,desk/src/components/Settings/Assignment Rules/AssignmentRuleView.vue:55 || desk/src/components/Settings/Assignment Rules/AssignmentRuleView.vue:56 || desk/src/components/Settings/FieldDependency/FieldDependencyList.vue:67 || desk/src/components/Settings/Holiday/HolidayView.vue:46 || desk/src/components/Settings/Holiday/HolidayView.vue:47 || desk/src/components/Settings/SavedReplies/SavedReplyView.vue:56 || desk/src/components/Settings/Sla/SlaPolicyView.vue:51 || desk/src/components/Settings/Sla/SlaPolicyView.vue:52 || desk/src/components/ViewModal.vue:7 || desk/src/components/customer/NewCustomerDialog.vue:21 || desk/src/composables/customer.ts:174 || helpdesk/helpdesk/doctype/hd_article_category/hd_article_category.json || helpdesk/helpdesk/doctype/hd_customer_member/hd_customer_member.json || helpdesk/helpdesk/doctype/hd_settings/hd_settings.json || helpdesk/helpdesk/doctype/hd_team/hd_team.json,desk/src/components/Settings/Assignment || Rules/AssignmentRuleView.vue:46 || Rules/AssignmentRuleView.vue:47 || desk/src/components/Settings/FieldDependency/FieldDependencyList.vue:68 || desk/src/components/Settings/Holiday/HolidayView.vue:37 || desk/src/components/Settings/Holiday/HolidayView.vue:38 || desk/src/components/Settings/SavedReplies/SavedReplyView.vue:47 || desk/src/components/Settings/Sla/SlaPolicyView.vue:42 || desk/src/components/Settings/Sla/SlaPolicyView.vue:43 || helpdesk/helpdesk/doctype/hd_article_category/hd_article_category.json || helpdesk/helpdesk/doctype/hd_organization/hd_organization.json || helpdesk/helpdesk/doctype/hd_settings/hd_settings.json || helpdesk/helpdesk/doctype/hd_team/hd_team.json,client-js,HD Settings,"[""Label of the brand_name (Data) field in DocType 'HD Settings'"", ""Label of the category_name (Data) field in DocType 'HD Article Category'"", ""Label of the contact_name (Link) field in DocType 'HD Customer Member'"", ""Label of the team_name (Data) field in DocType 'HD Team'""]",,,,,,,existente correcta,revisado inicial Helpdesk,sí,sí,,,Name→Nombre (crossapp).,,,
helpdesk:c13f465ca3c3e01f,helpdesk,helpdesk,helpdesk,helpdesk,,Helpdesk,Name Weight,Name Weight,,,Peso del nombre,,Peso del nombre,,Label of the name_weight (Int) field in DocType 'HD Settings',etiqueta de campo/elemento,,helpdesk/helpdesk/doctype/hd_settings/hd_settings.json,helpdesk/helpdesk/doctype/hd_settings/hd_settings.json,helpdesk/helpdesk/doctype/hd_settings/hd_settings.json,doctype-json,Hd Settings,"[""Label of the name_weight (Int) field in DocType 'HD Settings'""]",,,,,,,existente correcta,revisado inicial Helpdesk,sí,sí,,,Correcta.,,,
helpdesk:0f9627d7bf649415,helpdesk,helpdesk,src,src,,Src,Name is required,Name is required,,,,,El nombre es obligatorio,,,,,desk/src/components/customer/NewCustomerDialog.vue:151,desk/src/components/customer/NewCustomerDialog.vue:151,,client-js,,[],,,,,,,traducción propuesta,revisado inicial Helpdesk,sí,sí,,,Name is required.,,,"POT-only: en el universo fresco, sin traducir"
helpdesk:ba08204ba248215f,helpdesk,helpdesk,helpdesk,helpdesk,,Helpdesk,"Name shown on the customer portal<br> (e.g., Replied → Awaiting Response).","Name shown on the customer portal<br> (e.g., Replied → Awaiting Response).",,,"Nombre que se muestra en el portal del cliente<br> (por ejemplo, Respondido → Esperando respuesta).",,"Nombre que se muestra en el portal del cliente<br> (por ejemplo, Respondido → Esperando respuesta).",,Description of the 'Label (customer view)' (Data) field in DocType 'HD Ticket Status',descripción,,helpdesk/helpdesk/doctype/hd_ticket_status/hd_ticket_status.json,helpdesk/helpdesk/doctype/hd_ticket_status/hd_ticket_status.json,helpdesk/helpdesk/doctype/hd_ticket_status/hd_ticket_status.json,doctype-json,Hd Ticket Status,"[""Description of the 'Label (customer view)' (Data) field in DocType 'HD Ticket Status'""]",,,,,,,existente correcta,revisado inicial Helpdesk,sí,sí,,,Correcta; placeholder <br> preservado.,,,
helpdesk:eb90448c85a64418,helpdesk,helpdesk,src,src,,Src,Navigation,Navigation,,,Navegación,,Navegación,,,,,desk/src/components/modals/ShortcutsModal.vue:105,desk/src/components/modals/ShortcutsModal.vue:105,desk/src/components/modals/ShortcutsModal.vue:105,client-js,,[],,,,,,,existente correcta,revisado inicial Helpdesk,sí,sí,,,,,,
helpdesk:c4652218d4af8d45,helpdesk,helpdesk,src,src,,Src,Negative,Negative,,,,,Negativo,,,,,desk/src/components/contact/FeedbackList.vue:121,desk/src/components/contact/FeedbackList.vue:121,,client-js,,[],,,,,,,traducción propuesta,revisado inicial Helpdesk,sí,sí,,,Negative (calificación de comentario).,,,"POT-only: en el universo fresco, sin traducir"
helpdesk:037f638279b5ef5c,helpdesk,helpdesk,src,src,,Src,Negative first,Negative first,,,,,Negativos primero,,,,,desk/src/pages/home/components/RecentFeedback.vue:386,desk/src/pages/home/components/RecentFeedback.vue:386 || desk/src/pages/home/components/RecentFeedback.vue:404,desk/src/pages/home/components/RecentFeedback.vue:392 || desk/src/pages/home/components/RecentFeedback.vue:410,client-js,,[],,,,,,,traducción propuesta,revisado inicial Helpdesk,sí,sí,,,Orden de comentarios: negativos primero.,,,
helpdesk:030beed8cd7ed527,helpdesk,helpdesk,src,src,,Src,Never,Never,,,,,Nunca,,,,,desk/src/components/customer/ContactCard.vue:137,desk/src/components/customer/ContactCard.vue:137,,client-js,,[],,,,,,,traducción propuesta,revisado inicial Helpdesk,sí,sí,,,Never→Nunca (crossapp).,,,"POT-only: en el universo fresco, sin traducir"
helpdesk:6e1d8dcd86d61309,helpdesk,helpdesk,src,src,,Src,New,New,,,Nuevo,,Nuevo,,,,,desk/src/components/SavedRepliesSelectorModal.vue:16,desk/src/components/SavedRepliesSelectorModal.vue:16 || desk/src/components/Settings/Assignment Rules/AssignmentRulesList.vue:19 || desk/src/components/Settings/EmailAccountList.vue:12 || desk/src/components/Settings/FieldDependency/FieldDependencyList.vue:27 || desk/src/components/Settings/Holiday/Holidays.vue:12 || desk/src/components/Settings/SavedReplies/SavedRepliesList.vue:12 || desk/src/components/Settings/Sla/SlaPolicies.vue:25 || desk/src/components/Settings/Teams/TeamsList.vue:10 || desk/src/components/ticket/ActivityHeader.vue:19 || desk/src/pages/home/Home.vue:55,desk/src/components/SavedRepliesSelectorModal.vue:16 || desk/src/components/Settings/Assignment || Rules/AssignmentRulesList.vue:19 || desk/src/components/Settings/EmailAccountList.vue:12 || desk/src/components/Settings/FieldDependency/FieldDependencyList.vue:27 || desk/src/components/Settings/Holiday/Holidays.vue:12 || desk/src/components/Settings/SavedReplies/SavedRepliesList.vue:12 || desk/src/components/Settings/Sla/SlaPolicies.vue:25 || desk/src/components/Settings/Teams/TeamsList.vue:10 || desk/src/components/ticket/ActivityHeader.vue:19 || desk/src/pages/home/Home.vue:55,client-js,,[],,,,,,,existente correcta,revisado inicial Helpdesk,sí,sí,,,crossapp New->Nuevo.,,,
helpdesk:e4e0ea054c9b2516,helpdesk,helpdesk,src,src,,Src,New Article,New Article,,,Nuevo artículo,,Nuevo artículo,,,,,desk/src/pages/knowledge-base/NewArticle.vue:175,desk/src/pages/knowledge-base/NewArticle.vue:175 || desk/src/pages/knowledge-base/NewArticle.vue:182,desk/src/pages/knowledge-base/NewArticle.vue:174 || desk/src/pages/knowledge-base/NewArticle.vue:181,client-js,,[],,,,,,,existente correcta,revisado inicial Helpdesk,sí,sí,,,Article→artículo.,,,
helpdesk:74ab3c5f2978969c,helpdesk,helpdesk,src,src,,Src,New Assignment Rule,New Assignment Rule,,,,,Nueva regla de asignación,,,,,desk/src/components/Settings/Assignment Rules/AssignmentRuleView.vue:9,desk/src/components/Settings/Assignment Rules/AssignmentRuleView.vue:9,desk/src/components/Settings/Assignment || Rules/AssignmentRuleView.vue:4,client-js,,[],,,,,,,traducción propuesta,revisado inicial Helpdesk,sí,sí,,,Vacío en upstream.,,,
helpdesk:e0d5edd1a26b19ae,helpdesk,helpdesk,src,src,,Src,New Assignment Rule Name,New Assignment Rule Name,,,Nuevo nombre de regla de asignación,,Nuevo nombre de regla de asignación,,,,,desk/src/components/Settings/Assignment Rules/AssignmentRuleListItem.vue:59,desk/src/components/Settings/Assignment Rules/AssignmentRuleListItem.vue:59,desk/src/components/Settings/Assignment || Rules/AssignmentRuleListItem.vue:59,client-js,,[],,,,,,,existente correcta,revisado inicial Helpdesk,sí,sí,,,Correcta.,,,
helpdesk:f69f53f52424a7dd,helpdesk,helpdesk,src,src,,Src,New Business Holiday,New Business Holiday,,,Nuevo día festivo de empresa,,Nuevo día festivo empresarial,,,,,desk/src/components/Settings/Holiday/HolidayView.vue:8,desk/src/components/Settings/Holiday/HolidayView.vue:8,desk/src/components/Settings/Holiday/HolidayView.vue:3,client-js,,[],,,,,,,existente mejorable,revisado inicial Helpdesk,sí,sí,,,'de empresa' aceptable; 'empresarial' más natural. Business Holiday.,,,
helpdesk:4cdbd094d6b4d838,helpdesk,helpdesk,src,src,,Src,New Call Log,New Call Log,,,Nuevo registro de llamadas,,Nuevo registro de llamadas,,,,,desk/src/pages/call-logs/CallLogModal.vue:221,desk/src/pages/call-logs/CallLogModal.vue:221,desk/src/pages/call-logs/CallLogModal.vue:221,client-js,,[],,,,,,,existente correcta,revisado inicial Helpdesk,sí,sí,,,Correcta.,,,
helpdesk:02b11e296e9d9c5f,helpdesk,helpdesk,src,src,,Src,New Field Dependency,New Field Dependency,,,Nueva dependencia de campo,,Nueva dependencia de campo,,,,,desk/src/components/Settings/FieldDependency/FieldDependency.vue:114,desk/src/components/Settings/FieldDependency/FieldDependency.vue:114,desk/src/components/Settings/FieldDependency/FieldDependency.vue:104,client-js,,[],,,,,,,existente correcta,revisado inicial Helpdesk,sí,sí,,,Título.,,,
helpdesk:93c8cddd7145c3a3,helpdesk,helpdesk,src,src,,Src,New Holiday List Name,New Holiday List Name,,,Nuevo nombre de lista de días festivos,,Nuevo nombre de lista de días festivos,,,,,desk/src/components/Settings/Holiday/HolidayListItem.vue:36,desk/src/components/Settings/Holiday/HolidayListItem.vue:36,desk/src/components/Settings/Holiday/HolidayListItem.vue:36,client-js,,[],,,,,,,existente correcta,revisado inicial Helpdesk,sí,sí,,,New Holiday List Name.,,,
helpdesk:b132b95d3656ce8a,helpdesk,helpdesk,src,src,,Src,New Password,New Password,,,Nueva Contraseña,,Nueva contraseña,,,,,desk/src/components/Settings/Profile/components/ChangePasswordModal.vue:8,desk/src/components/Settings/Profile/components/ChangePasswordModal.vue:8,desk/src/components/Settings/Profile/components/ChangePasswordModal.vue:8,client-js,,[],,,,,,,existente mejorable,revisado inicial Helpdesk,sí,sí,,,Cross-app: New Password->Nueva contraseña.,,,
helpdesk:6ef86da9f8223142,helpdesk,helpdesk,src,src,,Src,New SLA Policy,New SLA Policy,,,Nueva política de ANS,,Nueva política de SLA,,,,,desk/src/components/Settings/Sla/SlaPolicyView.vue:8,desk/src/components/Settings/Sla/SlaPolicyView.vue:8,desk/src/components/Settings/Sla/SlaPolicyView.vue:3,client-js,,[],,,,,,,existente mejorable,revisado inicial Helpdesk,sí,sí,,,Revertido ANS->SLA.,,,
helpdesk:50cbe231bc0d3ad9,helpdesk,helpdesk,src,src,,Src,New SLA Policy Name,New SLA Policy Name,,,Nuevo nombre de política de ANS,,Nombre de la nueva política de SLA,,,,,desk/src/components/Settings/Sla/SlaPolicyListItem.vue:46,desk/src/components/Settings/Sla/SlaPolicyListItem.vue:46,desk/src/components/Settings/Sla/SlaPolicyListItem.vue:48,client-js,,[],,,,,,,existente mejorable,revisado inicial Helpdesk,sí,sí,,,Revertido ANS->SLA; reordenado natural.,,,
helpdesk:556c174ecf71b530,helpdesk,helpdesk,src,src,,Src,New Saved Reply,New Saved Reply,,,Nueva respuesta guardada,,Nueva respuesta guardada,,,,,desk/src/components/Settings/SavedReplies/SavedReplyView.vue:8,desk/src/components/Settings/SavedReplies/SavedReplyView.vue:8,desk/src/components/Settings/SavedReplies/SavedReplyView.vue:3,client-js,,[],,,,,,,existente correcta,revisado inicial Helpdesk,sí,sí,,,New Saved Reply.,,,
helpdesk:189b2815013894d8,helpdesk,helpdesk,src,src,,Src,New Saved reply Name,New Saved reply Name,,,Nuevo nombre de respuesta guardada,,Nuevo nombre de respuesta guardada,,,,,desk/src/components/Settings/SavedReplies/SavedRepliesList.vue:163,desk/src/components/Settings/SavedReplies/SavedRepliesList.vue:163,desk/src/components/Settings/SavedReplies/SavedRepliesList.vue:184,client-js,,[],,,,,,,existente correcta,revisado inicial Helpdesk,sí,sí,,,New Saved reply Name.,,,
helpdesk:3a5a0de729fb204a,helpdesk,helpdesk,src,src,,Src,New Subject,New Subject,,,Nuevo asunto,,Nuevo asunto,,,,,desk/src/pages/ticket/MobileTicketAgent.vue:139,desk/src/pages/ticket/MobileTicketAgent.vue:139,desk/src/pages/ticket/MobileTicketAgent.vue:141,client-js,,[],,,,,,,existente correcta,revisado inicial Helpdesk,sí,sí,,,Subject→Asunto; natural.,,,
helpdesk:e8480cf81c168711,helpdesk,helpdesk,src,src,,Src,New Team,New Team,,,Nuevo Equipo,,Nuevo Equipo,,,,,desk/src/components/Settings/Teams/NewTeam.vue:8,desk/src/components/Settings/Teams/NewTeam.vue:8,desk/src/components/Settings/Teams/NewTeam.vue:3,client-js,,[],,,,,,,existente correcta,revisado inicial Helpdesk,sí,sí,,,Team->Equipo; correcta.,,,
helpdesk:f51edd4b969fac41,helpdesk,helpdesk,src,src,,Src,New Ticket,New Ticket,,,Nuevo ticket,,Nuevo ticket,,,,,desk/src/pages/ticket/TicketNew.vue:303,desk/src/pages/ticket/TicketNew.vue:303 || desk/src/pages/ticket/TicketNew.vue:313,desk/src/pages/ticket/TicketNew.vue:302 || desk/src/pages/ticket/TicketNew.vue:312,client-js,,[],,,,,,,existente correcta,revisado inicial Helpdesk,sí,sí,,,Ticket protegido.,,,
helpdesk:e441eb8c82b8615a,helpdesk,helpdesk,src,src,,Src,New and old title cannot be same,New and old title cannot be same,,,El título nuevo y el anterior no pueden ser iguales,,El título nuevo y el anterior no pueden ser iguales,,,,,desk/src/components/Settings/Teams/RenameTeamModal.vue:53,desk/src/components/Settings/Teams/RenameTeamModal.vue:53,desk/src/components/Settings/Teams/RenameTeamModal.vue:53,client-js,,[],,,,,,,existente correcta,revisado inicial Helpdesk,sí,sí,,,Correcta.,,,
helpdesk:dc4df7cc63381596,helpdesk,helpdesk,src,src,,Src,New and updated customers sync automatically between Helpdesk and ERPNext.,New and updated customers sync automatically between Helpdesk and ERPNext.,,,,,Los clientes nuevos y actualizados se sincronizan automáticamente entre Helpdesk y ERPNext.,,,,,desk/src/components/erpnext-integration/ERPNextIntegrationSettings.vue:86,desk/src/components/erpnext-integration/ERPNextIntegrationSettings.vue:86,desk/src/components/erpnext-integration/ERPNextIntegrationSettings.vue:86,client-js,,[],,,,,,,traducción propuesta,revisado inicial Helpdesk,sí,sí,,,Nombres de producto conservados.,,,
helpdesk:483389c11d03d9c8,helpdesk,helpdesk,src,src,,Src,New team,New team,,,Nuevo equipo,,Nuevo equipo,,,,,desk/src/components/Settings/NewTeamModal.vue:4,desk/src/components/Settings/NewTeamModal.vue:4,desk/src/components/Settings/NewTeamModal.vue:4,client-js,,[],,,,,,,existente correcta,revisado inicial Helpdesk,sí,sí,,,Team->equipo; correcta.,,,
helpdesk:75ecf8fe783ccd00,helpdesk,helpdesk,src,src,,Src,New title is required,New title is required,,,El nuevo título es obligatorio,,El nuevo título es obligatorio,,,,,desk/src/components/Settings/Teams/RenameTeamModal.vue:51,desk/src/components/Settings/Teams/RenameTeamModal.vue:51,desk/src/components/Settings/Teams/RenameTeamModal.vue:51,client-js,,[],,,,,,,existente correcta,revisado inicial Helpdesk,sí,sí,,,Correcta.,,,
helpdesk:d6a629ce1f92bd78,helpdesk,helpdesk,src,src,,Src,New users will have to be manually registered by system managers.,New users will have to be manually registered by system managers.,,,Los nuevos usuarios tendrán que ser registrados manualmente por los responsables del sistema.,,Los nuevos usuarios tendrán que ser registrados manualmente por los responsables del sistema.,,,,,desk/src/components/Settings/General/General.vue:50,desk/src/components/Settings/General/General.vue:50,desk/src/components/Settings/General/General.vue:50,client-js,,[],,,,,,,existente correcta,revisado inicial Helpdesk,sí,sí,,,Cross-app: coincide con traducción aprobada.,,,
helpdesk:e33fdcfa59e742d0,helpdesk,helpdesk,src,src,,Src,Next,Next,,,,,Siguiente,,,,,desk/src/components/Questionnaire.vue:128,desk/src/components/Questionnaire.vue:128,,client-js,,[],,,,,,,traducción propuesta,revisado inicial Helpdesk,sí,sí,,,crossapp Next->Siguiente.,,,"POT-only: en el universo fresco, sin traducir"
helpdesk:b049cc50ecfab757,helpdesk,helpdesk,src,src,,Src,Next ticket,Next ticket,,,Siguiente ticket,,Siguiente ticket,,,,,desk/src/components/modals/ShortcutsModal.vue:107,desk/src/components/modals/ShortcutsModal.vue:107,desk/src/components/modals/ShortcutsModal.vue:107,client-js,,[],,,,,,,existente correcta,revisado inicial Helpdesk,sí,sí,,,Ticket minúscula en oración.,,,
helpdesk:f9ff44e101beabb6,helpdesk,helpdesk,src,src,,Src,No Answer,No Answer,,,Sin respuesta,,Sin respuesta,,,,,desk/src/pages/call-logs/CallLogModal.vue:216,desk/src/pages/call-logs/CallLogModal.vue:216,desk/src/pages/call-logs/CallLogModal.vue:216,client-js,,[],,,,,,,existente correcta,revisado inicial Helpdesk,sí,sí,,,crossapp No Answer->Sin respuesta.,,,
helpdesk:1cba610e6c67fcf2,helpdesk,helpdesk,src,src,,Src,No Data Found,No Data Found,,,No se encontraron datos,,No se encontraron datos,,,,,desk/src/components/ListViewBuilder.vue:345,desk/src/components/ListViewBuilder.vue:345,desk/src/components/ListViewBuilder.vue:345,client-js,,[],,,,,,,existente correcta,revisado inicial Helpdesk,sí,sí,,,,,,
helpdesk:ce66615fbe9a2987,helpdesk,helpdesk,helpdesk,helpdesk,,Helpdesk,No Email Account found for {0},No Email Account found for {0},,,,,No se encontró ninguna cuenta de correo para {0},,,,,helpdesk/helpdesk/doctype/hd_ticket/hd_ticket.py:555,helpdesk/helpdesk/doctype/hd_ticket/hd_ticket.py:555,helpdesk/helpdesk/doctype/hd_ticket/hd_ticket.py:496,doctype-controller,Hd Ticket,[],{0},,{0},ok,,,traducción propuesta,revisado inicial Helpdesk,sí,sí,,,Email Account→cuenta de correo; placeholder {0} preservado.,,,
helpdesk:733c8b1361163ccf,helpdesk,helpdesk,api,api,,Api,No HD Agent record for current user,No HD Agent record for current user,,,,,No hay registro de Agente HD para el usuario actual,,,,,helpdesk/api/agent.py:41,helpdesk/api/agent.py:41,helpdesk/api/agent.py:73,python,,[],,,,,,,traducción propuesta,revisado inicial Helpdesk,sí,sí,,,Vacío en upstream. HD Agent->Agente HD (Agent->Agente).,,,
helpdesk:225a235412c8eecd,helpdesk,helpdesk,src,src,,Src,No Holiday list found,No Holiday list found,,,No se encontró lista de festividades,,No se encontró lista de festividades,,,,,desk/src/components/Settings/Holiday/HolidayList.vue:20,desk/src/components/Settings/Holiday/HolidayList.vue:20,desk/src/components/Settings/Holiday/HolidayList.vue:20,client-js,,[],,,,,,,existente correcta,revisado inicial Helpdesk,sí,sí,,,Holiday list; consistente con Holiday List->Lista de festividades.,,,
helpdesk:4fcf6d7db88d7210,helpdesk,helpdesk,src,src,,Src,No SLA found,No SLA found,,,No se encontraron ANS,,No se encontró ningún SLA,,,,,desk/src/components/Settings/Sla/SlaPolicyList.vue:20,desk/src/components/Settings/Sla/SlaPolicyList.vue:20,desk/src/components/Settings/Sla/SlaPolicyList.vue:20,client-js,,[],,,,,,,existente mejorable,revisado inicial Helpdesk,sí,sí,,,Revertido ANS->SLA.,,,
helpdesk:aabfabc5608a4115,helpdesk,helpdesk,api,api,,Api,No Team,No Team,,,Sin equipo,,Sin equipo,,,,,helpdesk/api/dashboard.py:452,helpdesk/api/dashboard.py:452,helpdesk/api/dashboard.py:442,python,,[],,,,,,,existente correcta,revisado inicial Helpdesk,sí,sí,,,Team->Equipo.,,,
helpdesk:fb43278231293640,helpdesk,helpdesk,src,src,,Src,No active tickets,No active tickets,,,,,Sin tickets activos,,,,,desk/src/components/customer/ContactCard.vue:115,desk/src/components/customer/ContactCard.vue:115 || desk/src/components/customer/ContactCard.vue:144 || desk/src/components/customer/ContactCard.vue:148,,client-js,,[],,,,,,,traducción propuesta,revisado inicial Helpdesk,sí,sí,,,tickets protegido en inglés.,,,"POT-only: en el universo fresco, sin traducir"
helpdesk:05a5065df93969c5,helpdesk,helpdesk,src,src,,Src,No additional comments,No additional comments,,,,,Sin comentarios adicionales,,,,,desk/src/pages/home/components/RecentFeedback.vue:206,desk/src/pages/home/components/RecentFeedback.vue:206,desk/src/pages/home/components/RecentFeedback.vue:206,client-js,,[],,,,,,,traducción propuesta,revisado inicial Helpdesk,sí,sí,,,Feedback context: sin comentarios adicionales.,,,
helpdesk:86956ab76b636991,helpdesk,helpdesk,src,src,,Src,No agents found,No agents found,,,,,No se encontraron agentes,,,,,desk/src/components/ticket-agent/AssignTo.vue:139,desk/src/components/ticket-agent/AssignTo.vue:139,desk/src/components/ticket-agent/AssignTo.vue:144,client-js,,[],,,,,,,traducción propuesta,revisado inicial Helpdesk,sí,sí,,,,,,
helpdesk:53346a866eb990ea,helpdesk,helpdesk,src,src,,Src,No articles found for the applied filters. Try adjusting or clearing your filters.,No articles found for the applied filters. Try adjusting or clearing your filters.,,,,,No se encontraron artículos para los filtros aplicados. Intente ajustar o limpiar sus filtros.,,,,,desk/src/pages/knowledge-base/KnowledgeBaseAgent.vue:421,desk/src/pages/knowledge-base/KnowledgeBaseAgent.vue:421,desk/src/pages/knowledge-base/KnowledgeBaseAgent.vue:425,client-js,,[],,,,,,,traducción propuesta,revisado inicial Helpdesk,sí,sí,,,Vacío en upstream.,,,
helpdesk:3b83bf74916ae4ae,helpdesk,helpdesk,src,src,,Src,No articles found in the following category.,No articles found in the following category.,,,,,No se encontraron artículos en la siguiente categoría.,,,,,desk/src/pages/knowledge-base/KnowledgeBaseAgent.vue:424,desk/src/pages/knowledge-base/KnowledgeBaseAgent.vue:424,desk/src/pages/knowledge-base/KnowledgeBaseAgent.vue:428,client-js,,[],,,,,,,traducción propuesta,revisado inicial Helpdesk,sí,sí,,,Vacío en upstream.,,,
helpdesk:a659758cc855d3f3,helpdesk,helpdesk,src,src,,Src,No assignment rule found,No assignment rule found,,,No se encontró ninguna regla de asignación,,No se encontró ninguna regla de asignación,,,,,desk/src/components/Settings/Assignment Rules/AssignmentRulesListView.vue:20,desk/src/components/Settings/Assignment Rules/AssignmentRulesListView.vue:20,desk/src/components/Settings/Assignment || Rules/AssignmentRulesListView.vue:20,client-js,,[],,,,,,,existente correcta,revisado inicial Helpdesk,sí,sí,,,Correcta.,,,
helpdesk:e365988352abab07,helpdesk,helpdesk,src,src,,Src,No average metrics,No average metrics,,,,,Sin métricas promedio,,,,,desk/src/pages/home/components/AvgTimeMetrics.vue:105,desk/src/pages/home/components/AvgTimeMetrics.vue:105,desk/src/pages/home/components/AvgTimeMetrics.vue:105,client-js,,[],,,,,,,traducción propuesta,revisado inicial Helpdesk,sí,sí,,,,,,
helpdesk:cd321b8c09d839aa,helpdesk,helpdesk,src,src,,Src,No categories available,No categories available,,,,,No hay categorías disponibles,,,,,desk/src/components/knowledge-base/CategoryFolderContainer.vue:17,desk/src/components/knowledge-base/CategoryFolderContainer.vue:17,desk/src/components/knowledge-base/CategoryFolderContainer.vue:17,client-js,,[],,,,,,,traducción propuesta,revisado inicial Helpdesk,sí,sí,,,,,,
helpdesk:a7961f1a963645d3,helpdesk,helpdesk,src,src,,Src,No changes made,No changes made,,,No se ha realizado ningún cambio,,No se ha realizado ningún cambio,,,,,desk/src/components/Settings/EmailEdit.vue:345,desk/src/components/Settings/EmailEdit.vue:345,desk/src/components/Settings/EmailEdit.vue:344,client-js,,[],,,,,,,existente correcta,revisado inicial Helpdesk,sí,sí,,,crossapp: No changes made.,,,
helpdesk:ef404367ebf3a158,helpdesk,helpdesk,src,src,,Src,No charts added,No charts added,,,,,No hay gráficas agregadas,,,,,desk/src/pages/home/Home.vue:88,desk/src/pages/home/Home.vue:88,desk/src/pages/home/Home.vue:88,client-js,,[],,,,,,,traducción propuesta,revisado inicial Helpdesk,sí,sí,,,MX: gráficas.,,,
helpdesk:c849082af9068b55,helpdesk,helpdesk,src,src,,Src,No contacts found,No contacts found,,,,,No se encontraron contactos,,,,,desk/src/components/customer/CustomerContactTab.vue:29,desk/src/components/customer/CustomerContactTab.vue:29,,client-js,,[],,,,,,,traducción propuesta,revisado inicial Helpdesk,sí,sí,,,No contacts found; Contact→Contacto.,,,"POT-only: en el universo fresco, sin traducir"
helpdesk:a37877866ffadb04,helpdesk,helpdesk,src,src,,Src,No contacts found for the applied filters. Try adjusting or clearing your filters.,No contacts found for the applied filters. Try adjusting or clearing your filters.,,,,,No se encontraron contactos con los filtros aplicados. Intenta ajustarlos o limpiarlos.,,,,,desk/src/pages/contact/Contacts.vue:66,desk/src/pages/contact/Contacts.vue:66,desk/src/pages/desk/contact/Contacts.vue:82,client-js,,[],,,,,,,traducción propuesta,revisado inicial Helpdesk,sí,sí,,,No contacts found for the applied filters.,,,
helpdesk:ab3a3029bb01037a,helpdesk,helpdesk,helpdesk,helpdesk,,Helpdesk,No contacts to add,No contacts to add,,,,,No hay contactos para agregar,,,,,helpdesk/helpdesk/doctype/hd_customer/hd_customer.py:247,helpdesk/helpdesk/doctype/hd_customer/hd_customer.py:247,,doctype-controller,Hd Customer,[],,,,,,,traducción propuesta,revisado inicial Helpdesk,sí,sí,,,Contact→Contacto; MX 'agregar'.,,,"POT-only: en el universo fresco, sin traducir"
helpdesk:73b941c2c6e40589,helpdesk,helpdesk,src,src,,Src,No country found,No country found,,,,,No se encontró ningún país,,,,,desk/src/components/frappe-ui/PhoneControl/PhoneControl.vue:110,desk/src/components/frappe-ui/PhoneControl/PhoneControl.vue:110,,client-js,,[],,,,,,,traducción propuesta,revisado inicial Helpdesk,sí,sí,,,,,,"POT-only: en el universo fresco, sin traducir"
helpdesk:45dfd22bb8d89fed,helpdesk,helpdesk,src,src,,Src,No customers found for the applied filters. Try adjusting or clearing your filters.,No customers found for the applied filters. Try adjusting or clearing your filters.,,,,,No se encontraron clientes con los filtros aplicados. Intenta ajustarlos o limpiarlos.,,,,,desk/src/pages/customer/Customers.vue:68,desk/src/pages/customer/Customers.vue:68,desk/src/pages/desk/customer/Customers.vue:91,client-js,,[],,,,,,,traducción propuesta,revisado inicial Helpdesk,sí,sí,,,customers→clientes.,,,
helpdesk:f5068ce9dbae7fae,helpdesk,helpdesk,src,src,,Src,No email account found,No email account found,,,No se encontró ninguna cuenta de correo electrónico,,No se encontró ninguna cuenta de correo electrónico,,,,,desk/src/components/Settings/EmailAccountList.vue:51,desk/src/components/Settings/EmailAccountList.vue:51,desk/src/components/Settings/EmailAccountList.vue:46,client-js,,[],,,,,,,existente correcta,revisado inicial Helpdesk,sí,sí,,,,,,
helpdesk:5de1e540ae945d60,helpdesk,helpdesk,src,src,,Src,No feedback,No feedback,,,,,Sin comentarios,,,,,desk/src/pages/home/components/RecentFeedback.vue:277,desk/src/pages/home/components/RecentFeedback.vue:277,desk/src/pages/home/components/RecentFeedback.vue:283,client-js,,[],,,,,,,traducción propuesta,revisado inicial Helpdesk,sí,sí,,,Feedback->Comentarios.,,,
helpdesk:06414ed9998e5386,helpdesk,helpdesk,src,src,,Src,No feedback yet,No feedback yet,,,,,Aún no hay comentarios,,,,,desk/src/components/contact/ContactFeedback.vue:16,desk/src/components/contact/ContactFeedback.vue:16,,client-js,,[],,,,,,,traducción propuesta,revisado inicial Helpdesk,sí,sí,,,Feedback→Comentarios (glosario).,,,"POT-only: en el universo fresco, sin traducir"
helpdesk:5428bd447f62abce,helpdesk,helpdesk,src,src,,Src,No fields found,No fields found,,,,,No se encontraron campos,,,,,desk/src/components/view-controls/filter/FilterFieldList.vue:55,desk/src/components/view-controls/filter/FilterFieldList.vue:55,desk/src/components/view-controls/filter/FilterFieldList.vue:46,client-js,,[],,,,,,,traducción propuesta,revisado inicial Helpdesk,sí,sí,,,,,,
helpdesk:7a9a79563a1333f2,helpdesk,helpdesk,src,src,,Src,No members found,No members found,,,No se encontraron miembros,,No se encontraron miembros,,,,,desk/src/components/Settings/Teams/TeamEdit.vue:105,desk/src/components/Settings/Teams/TeamEdit.vue:105,desk/src/components/Settings/Teams/TeamEdit.vue:94,client-js,,[],,,,,,,existente correcta,revisado inicial Helpdesk,sí,sí,,,Correcta.,,,
helpdesk:e1588b24c27d322e,helpdesk,helpdesk,src,src,,Src,No new notifications,No new notifications,,,No hay nuevas notificaciones,,No hay nuevas notificaciones,,,,,desk/src/pages/MobileNotifications.vue:71,desk/src/pages/MobileNotifications.vue:71,desk/src/pages/MobileNotifications.vue:68,client-js,,[],,,,,,,existente correcta,revisado inicial Helpdesk,sí,sí,,,,,,
helpdesk:aaf1ac5538f57500,helpdesk,helpdesk,src,src,,Src,No new tickets assigned to you in the last 7 days,No new tickets assigned to you in the last 7 days,,,,,No se le asignaron tickets nuevos en los últimos 7 días,,,,,desk/src/pages/home/components/PendingTickets.vue:256,desk/src/pages/home/components/PendingTickets.vue:256,desk/src/pages/home/components/PendingTickets.vue:258,client-js,,[],,,,,,,traducción propuesta,revisado inicial Helpdesk + pase dirigido,sí,,,,Impersonal/usted (se le).,,,
helpdesk:fd94e9699828ffe7,helpdesk,helpdesk,src,src,,Src,No next ticket,No next ticket,,,,,No hay ticket siguiente,,,,,desk/src/components/ticket-agent/TicketNavigation.vue:22,desk/src/components/ticket-agent/TicketNavigation.vue:22,desk/src/components/ticket-agent/TicketNavigation.vue:25,client-js,,[],,,,,,,traducción propuesta,revisado inicial Helpdesk,sí,sí,,,,,,
helpdesk:a598e9cf9bb372cd,helpdesk,helpdesk,src,src,,Src,No one,No one,,,,,Nadie,,,,,desk/src/components/ticket-agent/AssignTo.vue:33,desk/src/components/ticket-agent/AssignTo.vue:33,desk/src/components/ticket-agent/AssignTo.vue:33,client-js,,[],,,,,,,traducción propuesta,revisado inicial Helpdesk,sí,sí,,,'No one' como opción de asignación.,,,
helpdesk:bc533ffbf31d9486,helpdesk,helpdesk,src,src,,Src,No pending tickets,No pending tickets,,,,,No hay tickets pendientes,,,,,desk/src/pages/home/components/PendingTickets.vue:259,desk/src/pages/home/components/PendingTickets.vue:259,desk/src/pages/home/components/PendingTickets.vue:261,client-js,,[],,,,,,,traducción propuesta,revisado inicial Helpdesk,sí,sí,,,Tickets protegido.,,,
helpdesk:77fc31b96f8c1e8b,helpdesk,helpdesk,src,src,,Src,No previous ticket,No previous ticket,,,,,No hay ticket anterior,,,,,desk/src/components/ticket-agent/TicketNavigation.vue:7,desk/src/components/ticket-agent/TicketNavigation.vue:7,desk/src/components/ticket-agent/TicketNavigation.vue:10,client-js,,[],,,,,,,traducción propuesta,revisado inicial Helpdesk,sí,sí,,,,,,
helpdesk:6014cda4a8a0ae80,helpdesk,helpdesk,src,src,,Src,No reason,No reason,,,,,Sin motivo,,,,,desk/src/pages/home/components/PendingTickets.vue:92,desk/src/pages/home/components/PendingTickets.vue:92,desk/src/pages/home/components/PendingTickets.vue:94,client-js,,[],,,,,,,traducción propuesta,revisado inicial Helpdesk,sí,sí,,,Reason→Motivo (cross-app usa Motivo).,,,
helpdesk:d22f9d525398c020,helpdesk,helpdesk,src,src,,Src,No recently assigned tickets,No recently assigned tickets,,,,,No hay tickets asignados recientemente,,,,,desk/src/pages/home/components/PendingTickets.vue:255,desk/src/pages/home/components/PendingTickets.vue:255,desk/src/pages/home/components/PendingTickets.vue:257,client-js,,[],,,,,,,traducción propuesta,revisado inicial Helpdesk,sí,sí,,,Tickets protegido.,,,
helpdesk:2fc28bc413704796,helpdesk,helpdesk,src,src,,Src,No results,No results,,,,,Sin resultados,,,,,desk/src/components/view-controls/filter/FilterValueEditor.vue:87,desk/src/components/view-controls/filter/FilterValueEditor.vue:87,desk/src/components/view-controls/filter/FilterValueEditor.vue:64,client-js,,[],,,,,,,traducción propuesta,revisado inicial Helpdesk,sí,sí,,,,,,
helpdesk:f32e9200ec70ec0a,helpdesk,helpdesk,src,src,,Src,No results found,No results found,,,,,No se encontraron resultados,,,,,desk/src/components/EmailMultiSelect.vue:137,desk/src/components/EmailMultiSelect.vue:137 || desk/src/components/Settings/Assignment Rules/AssigneeSearch.vue:78,desk/src/components/Settings/Assignment || Rules/AssigneeSearch.vue:79,client-js,,[],,,,,,,traducción propuesta,revisado inicial Helpdesk,sí,sí,,,,,,
helpdesk:0f83d9227625b601,helpdesk,helpdesk,src,src,,Src,No reviews found,No reviews found,,,,,No se encontraron reseñas,,,,,desk/src/components/contact/FeedbackList.vue:28,desk/src/components/contact/FeedbackList.vue:28,,client-js,,[],,,,,,,traducción propuesta,revisado inicial Helpdesk,sí,sí,,,reviews→reseñas (crossapp).,,,"POT-only: en el universo fresco, sin traducir"
helpdesk:69e1febe50e00946,helpdesk,helpdesk,src,src,,Src,No saved replies found,No saved replies found,,,,,No se encontraron respuestas guardadas,,,,,desk/src/components/SavedRepliesSelectorModal.vue:122,desk/src/components/SavedRepliesSelectorModal.vue:122 || desk/src/components/Settings/SavedReplies/SavedRepliesList.vue:72,desk/src/components/SavedRepliesSelectorModal.vue:113 || desk/src/components/Settings/SavedReplies/SavedRepliesList.vue:91,client-js,,[],,,,,,,traducción propuesta,revisado inicial Helpdesk,sí,sí,,,,,,
helpdesk:de2fc4761e25cdc0,helpdesk,helpdesk,src,src,,Src,No system user is linked with this contact,No system user is linked with this contact,,,,,No hay ningún usuario del sistema vinculado a este contacto,,,,,desk/src/composables/contact.ts:547,desk/src/composables/contact.ts:547,,client-js,,[],,,,,,,traducción propuesta,revisado inicial Helpdesk,sí,sí,,,No system user is linked with this contact.,,,"POT-only: en el universo fresco, sin traducir"
helpdesk:a6e4f2126dbd9016,helpdesk,helpdesk,src,src,,Src,No tickets found,No tickets found,,,,,No se encontraron tickets,,,,,desk/src/components/customer/TicketsTab.vue:51,desk/src/components/customer/TicketsTab.vue:51 || desk/src/pages/ticket/Tickets.vue:185,desk/src/pages/ticket/Tickets.vue:192,client-js,,[],,,,,,,traducción propuesta,revisado inicial Helpdesk,sí,sí,,,,,,
helpdesk:3a67b3cb099354ed,helpdesk,helpdesk,src,src,,Src,No tickets found for the applied filters. Try adjusting or clearing your filters.,No tickets found for the applied filters. Try adjusting or clearing your filters.,,,,,No se encontraron tickets para los filtros aplicados. Ajuste o limpie sus filtros.,,,,,desk/src/pages/ticket/Tickets.vue:195,desk/src/pages/ticket/Tickets.vue:195,desk/src/pages/ticket/Tickets.vue:202,client-js,,[],,,,,,,traducción propuesta,revisado inicial Helpdesk + pase dirigido,sí,,,,Imperativo usted; sus filtros.,,,
helpdesk:7484350625d5d975,helpdesk,helpdesk,src,src,,Src,No tickets found for this view. Try adjusting your filters or creating a new view.,No tickets found for this view. Try adjusting your filters or creating a new view.,,,,,No se encontraron tickets para esta vista. Ajuste sus filtros o cree una vista nueva.,,,,,desk/src/pages/ticket/Tickets.vue:191,desk/src/pages/ticket/Tickets.vue:191,desk/src/pages/ticket/Tickets.vue:198,client-js,,[],,,,,,,traducción propuesta,revisado inicial Helpdesk + pase dirigido,sí,,,,Imperativo usted; sus filtros.,,,
helpdesk:73a2d32eba279ae0,helpdesk,helpdesk,src,src,,Src,No tickets found to preview.,No tickets found to preview.,,,No se encontraron tickets para previsualizar.,,No se encontraron tickets para previsualizar.,,,,,desk/src/components/Settings/SavedReplies/components/PreviewDialog.vue:104,desk/src/components/Settings/SavedReplies/components/PreviewDialog.vue:104,desk/src/components/Settings/SavedReplies/components/PreviewDialog.vue:99,client-js,,[],,,,,,,existente correcta,revisado inicial Helpdesk,sí,sí,,,Tickets protegido en inglés.,,,
helpdesk:6d69e4b2274fda62,helpdesk,helpdesk,src,src,,Src,No tickets selected,No tickets selected,,,,,No se seleccionaron tickets,,,,,desk/src/components/ticket-agent/BulkReplyModal.vue:90,desk/src/components/ticket-agent/BulkReplyModal.vue:90,desk/src/components/ticket-agent/BulkReplyModal.vue:84,client-js,,[],,,,,,,traducción propuesta,revisado inicial Helpdesk,sí,sí,,,,,,
helpdesk:260c818c8e6d4f70,helpdesk,helpdesk,helpdesk,helpdesk,,Helpdesk,No user linked to contact {0},No user linked to contact {0},,,,,No hay ningún usuario vinculado al contacto {0},,,,,helpdesk/helpdesk/doctype/hd_customer/hd_customer.py:166,helpdesk/helpdesk/doctype/hd_customer/hd_customer.py:166,,doctype-controller,Hd Customer,[],{0},,{0},ok,,,traducción propuesta,revisado inicial Helpdesk,sí,sí,,,Contact→Contacto.,,,"POT-only: en el universo fresco, sin traducir"
helpdesk:0de6a6b15549be8e,helpdesk,helpdesk,utils.py,api;utils.py,sí,Utils.Py,Not Allowed,Not Allowed,,,No permitido,,No permitido,,,,,helpdesk/api/ticket.py:76,helpdesk/api/ticket.py:76 || helpdesk/utils.py:187 || helpdesk/utils.py:207,helpdesk/api/ticket.py:76 || helpdesk/utils.py:182,python,,[],,,,,,,existente correcta,revisado inicial Helpdesk,sí,sí,,,Cross-app aprobado.,,,
helpdesk:df139a49c5bfe795,helpdesk,helpdesk,src,src,,Src,Not Assigned,Not Assigned,,,,,Sin asignar,,,,,desk/src/pages/home/components/PendingTickets.vue:67,desk/src/pages/home/components/PendingTickets.vue:67,desk/src/pages/home/components/PendingTickets.vue:69,client-js,,[],,,,,,,traducción propuesta,revisado inicial Helpdesk,sí,sí,,,Assigned→asignar; 'Sin asignar' es el uso MX natural para agente no asignado.,,,
helpdesk:80b8e067aa176cf8,helpdesk,helpdesk,src,src,,Src,Not Saved,Not Saved,,,No guardado,,No guardado,,,,,desk/src/components/Settings/Profile/UserEmailSettings.vue:16,desk/src/components/Settings/Profile/UserEmailSettings.vue:16 || desk/src/pages/call-logs/CallLogModal.vue:10,desk/src/pages/call-logs/CallLogModal.vue:10,client-js,,[],,,,,,,existente correcta,revisado inicial Helpdesk,sí,sí,,,crossapp: Not Saved→No guardado.,,,
helpdesk:e74bf479687c543c,helpdesk,helpdesk,src,src,,Src,Not Set,Not Set,,,No especificado,,No especificado,,,,,desk/src/components/view-controls/filter/FilterValueEditor.vue:227,desk/src/components/view-controls/filter/FilterValueEditor.vue:227,desk/src/components/view-controls/filter/FilterValueEditor.vue:203,client-js,,[],,,,,,,existente correcta,revisado inicial Helpdesk,sí,sí,,,Coincide con crossapp 'Not Set'.,,,
helpdesk:5ea16c7cd4dee214,helpdesk,helpdesk,helpdesk,helpdesk,,Helpdesk,Not Specified,Not Specified,,,No especificado,,No especificado,,,,,helpdesk/helpdesk/report/ticket_analytics/ticket_analytics.py:250,helpdesk/helpdesk/report/ticket_analytics/ticket_analytics.py:250 || helpdesk/helpdesk/report/ticket_summary/ticket_summary.py:270 || helpdesk/helpdesk/report/ticket_summary/ticket_summary.py:363,helpdesk/helpdesk/report/ticket_analytics/ticket_analytics.py:250 || helpdesk/helpdesk/report/ticket_summary/ticket_summary.py:270 || helpdesk/helpdesk/report/ticket_summary/ticket_summary.py:363,report,,[],,,,,,,existente correcta,revisado inicial Helpdesk,sí,sí,,,Cross-app aprobado.,,,
helpdesk:31f4adffd5c59bc8,helpdesk,helpdesk,src,src,,Src,Not installed,Not installed,,,,,No instalado,,,,,desk/src/components/erpnext-integration/ERPNextIntegrationSettings.vue:14,desk/src/components/erpnext-integration/ERPNextIntegrationSettings.vue:14,desk/src/components/erpnext-integration/ERPNextIntegrationSettings.vue:14,client-js,,[],,,,,,,traducción propuesta,revisado inicial Helpdesk,sí,sí,,,Not installed.,,,
helpdesk:96ac7791ef9ad0fb,helpdesk,helpdesk,helpdesk,helpdesk,,Helpdesk,Notification Settings,Notification Settings,,,Configuración de las notificaciones,,Configuración de notificaciones,,Label of a Link in the Helpdesk Workspace,etiqueta de campo/elemento,,helpdesk/helpdesk/workspace/helpdesk/helpdesk.json,helpdesk/helpdesk/workspace/helpdesk/helpdesk.json,helpdesk/helpdesk/workspace/helpdesk/helpdesk.json,workspace,Helpdesk (Workspace),"[""Label of a Link in the Helpdesk Workspace""]",,,,,,,existente mejorable,revisado inicial Helpdesk,sí,sí,,,crossapp 'Notification Settings'='Configuración de notificaciones'.,,,
helpdesk:e01a6b725e5b480d,helpdesk,helpdesk,src,src,,Src,Notifications,Notifications,,,Notificaciones,,Notificaciones,,,,,desk/src/components/layouts/AppSidebar.vue:224,desk/src/components/layouts/AppSidebar.vue:224 || desk/src/components/layouts/AppSidebar.vue:233 || desk/src/pages/MobileNotifications.vue:6,desk/src/components/layouts/Sidebar.vue:36 || desk/src/components/notifications/Notifications.vue:16 || desk/src/pages/MobileNotifications.vue:6,client-js,,[],,,,,,,existente correcta,revisado inicial Helpdesk,sí,sí,,,crossapp.,,,
helpdesk:40341b9dd8eca4bf,helpdesk,helpdesk,src,src,,Src,Notion,Notion,,,,,Notion,,,,,desk/src/pages/PersonaForm.vue:118,desk/src/pages/PersonaForm.vue:118,,client-js,,[],,,,,,,igual al inglés válida,revisado inicial Helpdesk,sí,sí,,,Nombre propio de producto.,,,"POT-only: en el universo fresco, sin traducir"
helpdesk:1def6d2750d581a9,helpdesk,helpdesk,src,src,,Src,Now,Now,,,,,Ahora,,,,,desk/src/utils.ts:111,desk/src/utils.ts:111,,client-js,,[],,,,,,,traducción propuesta,revisado inicial Helpdesk,sí,sí,,,Coincide con crossapp 'Now'.,,,"POT-only: en el universo fresco, sin traducir"
helpdesk:35fc4c9474265dcc,helpdesk,helpdesk,src,src,,Src,Old Condition,Old Condition,,,Condición antigua,,Condición antigua,,,,,desk/src/components/Settings/Assignment Rules/AssignmentRuleView.vue:155,desk/src/components/Settings/Assignment Rules/AssignmentRuleView.vue:155 || desk/src/components/Settings/Assignment Rules/AssignmentRuleView.vue:236,desk/src/components/Settings/Assignment || Rules/AssignmentRuleView.vue:146 || Rules/AssignmentRuleView.vue:227,client-js,,[],,,,,,,existente correcta,revisado inicial Helpdesk,sí,sí,,,Correcta.,,,
helpdesk:1eb913c9e7dbee38,helpdesk,helpdesk,src,src,,Src,Old Conditions,Old Conditions,,,Condiciones antiguas,,Condiciones antiguas,,,,,desk/src/components/Settings/Sla/SlaPolicyView.vue:97,desk/src/components/Settings/Sla/SlaPolicyView.vue:97,desk/src/components/Settings/Sla/SlaPolicyView.vue:88,client-js,,[],,,,,,,existente correcta,revisado inicial Helpdesk,sí,sí,,,,,,
helpdesk:ccfd1e8bd4bf4bc9,helpdesk,helpdesk,helpdesk,helpdesk,,Helpdesk,On Hold Since,On Hold Since,,,En espera desde,,En espera desde,,Label of the on_hold_since (Datetime) field in DocType 'HD Ticket',etiqueta de campo/elemento,,helpdesk/helpdesk/doctype/hd_ticket/hd_ticket.json,helpdesk/helpdesk/doctype/hd_ticket/hd_ticket.json,helpdesk/helpdesk/doctype/hd_ticket/hd_ticket.json,doctype-json,Hd Ticket,"[""Label of the on_hold_since (Datetime) field in DocType 'HD Ticket'""]",,,,,,,existente correcta,revisado inicial Helpdesk,sí,sí,,,Cross-app aprobado.,,,
helpdesk:77d81bd9829ee395,helpdesk,helpdesk,src,src,,Src,On ticket status,On ticket status,,,,,Según el estado del ticket,,,,,desk/src/components/Settings/EmailNotifications/ShareFeedback.vue:20,desk/src/components/Settings/EmailNotifications/ShareFeedback.vue:20,desk/src/components/Settings/EmailNotifications/ShareFeedback.vue:20,client-js,,[],,,,,,,traducción propuesta,revisado inicial Helpdesk,sí,sí,,,On ticket status; Status→estado; ticket protegido.,,,
helpdesk:4ca89cad6888afa1,helpdesk,helpdesk,api,api,,Api,Only administrators can delete tickets.,Only administrators can delete tickets.,,,,,Solo los administradores pueden eliminar tickets.,,,,,helpdesk/api/ticket.py:75,helpdesk/api/ticket.py:75,helpdesk/api/ticket.py:75,python,,[],,,,,,,traducción propuesta,revisado inicial Helpdesk,sí,sí,,,Tickets protegido; Delete→eliminar (cross-app).,,,
helpdesk:4dd43286cf508085,helpdesk,helpdesk,helpdesk,helpdesk,,Helpdesk,Only one default view is allowed per user for {0},Only one default view is allowed per user for {0},,,Solo se permite una vista predeterminada por usuario para {0},,Solo se permite una vista predeterminada por usuario para {0},,,,,helpdesk/helpdesk/doctype/hd_view/hd_view.py:29,helpdesk/helpdesk/doctype/hd_view/hd_view.py:29,helpdesk/helpdesk/doctype/hd_view/hd_view.py:29,doctype-controller,Hd View,[],{0},{0},{0},ok,,,existente correcta,revisado inicial Helpdesk,sí,sí,,,,,,
helpdesk:6599fa84ba6da845,helpdesk,helpdesk,helpdesk,helpdesk,,Helpdesk,Only the 'color' and 'order' fields of the 'Closed' status can be modified.,Only the 'color' and 'order' fields of the 'Closed' status can be modified.,,,Sólo se pueden modificar los campos ‘color’ y ‘orden’ del estado ‘Cerrado’.,,Solo se pueden modificar los campos 'color' y 'orden' del estado 'Cerrado'.,,,,,helpdesk/helpdesk/doctype/hd_ticket_status/hd_ticket_status.py:29,helpdesk/helpdesk/doctype/hd_ticket_status/hd_ticket_status.py:29,helpdesk/helpdesk/doctype/hd_ticket_status/hd_ticket_status.py:29,doctype-controller,Hd Ticket Status,[],,,,,,,existente mejorable,revisado inicial Helpdesk,sí,sí,,,Sustituidas comillas tipográficas curvas por rectas y 'Sólo'->'Solo' (norma actual).,,,
helpdesk:f7a40127cb81e15e,helpdesk,helpdesk,src,src,,Src,Only users with the role of ,Only users with the role of ,,,,,Solo los usuarios con el rol de ,,,,,desk/src/components/layouts/CustomerPortalPermissionDialog.vue:16,desk/src/components/layouts/CustomerPortalPermissionDialog.vue:16,,client-js,,[],,,,,,,traducción propuesta,revisado inicial Helpdesk,sí,sí,,,Fragmento; espacio final preservado (concatenación).,,,"POT-only: en el universo fresco, sin traducir"
helpdesk:0dbfaf424d012934,helpdesk,helpdesk,helpdesk,helpdesk,,Mesa de Ayuda,Open,Open,,,Abrir,,Abierto,,Estado de ticket.,estado,soporte,helpdesk/helpdesk/doctype/hd_ticket_status/hd_ticket_status.json,helpdesk/helpdesk/doctype/hd_ticket_status/hd_ticket_status.json || helpdesk/helpdesk/web_form/tickets/tickets.json,helpdesk/helpdesk/doctype/hd_ticket_status/hd_ticket_status.json || helpdesk/helpdesk/web_form/tickets/tickets.json,doctype-json,Hd Ticket Status,"[""Option for the 'Category' (Select) field in DocType 'HD Ticket Status'"", ""Option in a Select field in the tickets Web Form""]",,,,,,,existente mejorable,revisado inicial Helpdesk,sí,sí,,,LOCKED: decisión humana previa Open->Abierto (estado).,,,
helpdesk:9b2b9f8c9bc32065,helpdesk,helpdesk,src,src,,Src,Open command palette,Open command palette,,,Abrir paleta de comandos,,Abrir paleta de comandos,,,,,desk/src/components/modals/ShortcutsModal.vue:78,desk/src/components/modals/ShortcutsModal.vue:78,desk/src/components/modals/ShortcutsModal.vue:78,client-js,,[],,,,,,,existente correcta,revisado inicial Helpdesk,sí,sí,,,,,,
helpdesk:62fb034429cee2cf,helpdesk,helpdesk,src,src,,Src,Open comment box,Open comment box,,,Abrir cuadro de comentarios,,Abrir cuadro de comentarios,,,,,desk/src/components/modals/ShortcutsModal.vue:100,desk/src/components/modals/ShortcutsModal.vue:100,desk/src/components/modals/ShortcutsModal.vue:100,client-js,,[],,,,,,,existente correcta,revisado inicial Helpdesk,sí,sí,,,,,,
helpdesk:1dd0993e511c232c,helpdesk,helpdesk,src,src,,Src,Open customer,Open customer,,,,,Abrir cliente,,,,,desk/src/components/contact/EditContactDialog.vue:145,desk/src/components/contact/EditContactDialog.vue:145,,client-js,,[],,,,,,,traducción propuesta,revisado inicial Helpdesk,sí,sí,,,Open customer; Customer→Cliente.,,,"POT-only: en el universo fresco, sin traducir"
helpdesk:0d2fb86b77e0a745,helpdesk,helpdesk,src,src,,Src,Open help,Open help,,,Abrir ayuda,,Abrir ayuda,,,,,desk/src/components/modals/ShortcutsModal.vue:81,desk/src/components/modals/ShortcutsModal.vue:81,desk/src/components/modals/ShortcutsModal.vue:81,client-js,,[],,,,,,,existente correcta,revisado inicial Helpdesk,sí,sí,,,,,,
helpdesk:0790b2b9b2c3a808,helpdesk,helpdesk,src,src,,Src,Open in Desk,Open in Desk,,,Abrir en Desk,,Abrir en Desk,,,,,desk/src/components/Settings/EmailEdit.vue:38,desk/src/components/Settings/EmailEdit.vue:38,desk/src/components/Settings/EmailEdit.vue:37,client-js,,[],,,,,,,existente correcta,revisado inicial Helpdesk,sí,sí,,,'Desk' nombre propio del entorno Frappe; se conserva.,,,
helpdesk:736226fd56f04ad9,helpdesk,helpdesk,src,src,,Src,Open reply box,Open reply box,,,Abrir cuadro de respuesta,,Abrir cuadro de respuesta,,,,,desk/src/components/modals/ShortcutsModal.vue:99,desk/src/components/modals/ShortcutsModal.vue:99,desk/src/components/modals/ShortcutsModal.vue:99,client-js,,[],,,,,,,existente correcta,revisado inicial Helpdesk,sí,sí,,,,,,
helpdesk:85a3308dc83948c7,helpdesk,helpdesk,src,src,,Src,Open settings,Open settings,,,Abrir configuración,,Abrir configuración,,,,,desk/src/components/modals/ShortcutsModal.vue:79,desk/src/components/modals/ShortcutsModal.vue:79,desk/src/components/modals/ShortcutsModal.vue:79,client-js,,[],,,,,,,existente correcta,revisado inicial Helpdesk,sí,sí,,,Settings->Configuración.,,,
helpdesk:ba6b1b9f89e19583,helpdesk,helpdesk,helpdesk,helpdesk,,Helpdesk,"Open: SLA continues. <br>
Paused: SLA is paused. <br>
Resolved: SLA timer stops.","Open: SLA continues. <br>
Paused: SLA is paused. <br>
Resolved: SLA timer stops.",,,"Abierto: ANS continúa. <br>
En pausa: ANS está en pausa. <br>
Resuelto: El temporizador de ANS se detiene.",,"Abierto: SLA continúa. <br>
En pausa: SLA está en pausa. <br>
Resuelto: El temporizador de SLA se detiene.",,Description of the 'Category' (Select) field in DocType 'HD Ticket Status',descripción,,helpdesk/helpdesk/doctype/hd_ticket_status/hd_ticket_status.json,helpdesk/helpdesk/doctype/hd_ticket_status/hd_ticket_status.json,helpdesk/helpdesk/doctype/hd_ticket_status/hd_ticket_status.json,doctype-json,Hd Ticket Status,"[""Description of the 'Category' (Select) field in DocType 'HD Ticket Status'""]",,,,,,,existente mejorable,revisado inicial Helpdesk,sí,sí,,,Revertido ANS->SLA (3 ocurrencias). Placeholders <br> y \n preservados.,,,
helpdesk:063423cab471538a,helpdesk,helpdesk,helpdesk,helpdesk,,Helpdesk,Opening Date,Opening Date,,,Fecha de apertura,,Fecha de apertura,,Label of the opening_date (Date) field in DocType 'HD Ticket',etiqueta de campo/elemento,,helpdesk/helpdesk/doctype/hd_ticket/hd_ticket.json,helpdesk/helpdesk/doctype/hd_ticket/hd_ticket.json,helpdesk/helpdesk/doctype/hd_ticket/hd_ticket.json,doctype-json,Hd Ticket,"[""Label of the opening_date (Date) field in DocType 'HD Ticket'""]",,,,,,,existente correcta,revisado inicial Helpdesk,sí,sí,,,Cross-app aprobado.,,,
helpdesk:ecf16bee615118c6,helpdesk,helpdesk,helpdesk,helpdesk,,Helpdesk,Opening Time,Opening Time,,,Hora de Apertura,,Hora de Apertura,,Label of the opening_time (Time) field in DocType 'HD Ticket',etiqueta de campo/elemento,,helpdesk/helpdesk/doctype/hd_ticket/hd_ticket.json,helpdesk/helpdesk/doctype/hd_ticket/hd_ticket.json,helpdesk/helpdesk/doctype/hd_ticket/hd_ticket.json,doctype-json,Hd Ticket,"[""Label of the opening_time (Time) field in DocType 'HD Ticket'""]",,,,,,,existente correcta,revisado inicial Helpdesk,sí,sí,,,Cross-app aprobado (Opening Time).,,,
helpdesk:271bdf5612c0c1f4,helpdesk,helpdesk,helpdesk,helpdesk,,Helpdesk,Orange,Orange,,,Naranja,,Naranja,,Option for the 'Color' (Select) field in DocType 'HD Agent Status',opción de campo select,,helpdesk/helpdesk/doctype/hd_agent_status/hd_agent_status.json,helpdesk/helpdesk/doctype/hd_agent_status/hd_agent_status.json || helpdesk/helpdesk/doctype/hd_ticket_status/hd_ticket_status.json,helpdesk/helpdesk/doctype/hd_agent_status/hd_agent_status.json || helpdesk/helpdesk/doctype/hd_ticket_status/hd_ticket_status.json,doctype-json,Hd Agent Status,"[""Option for the 'Color' (Select) field in DocType 'HD Agent Status'"", ""Option for the 'Color' (Select) field in DocType 'HD Ticket Status'""]",,,,,,,existente correcta,revisado inicial Helpdesk,sí,sí,,,Orange→Naranja (crossapp).,,,
helpdesk:47d3f42e5c7a00b9,helpdesk,helpdesk,helpdesk,helpdesk,,Helpdesk,Order,Order,,,Orden,,Orden,,Label of the order (Int) field in DocType 'HD Ticket Status',etiqueta de campo/elemento,,helpdesk/helpdesk/doctype/hd_ticket_status/hd_ticket_status.json,helpdesk/helpdesk/doctype/hd_ticket_status/hd_ticket_status.json,helpdesk/helpdesk/doctype/hd_ticket_status/hd_ticket_status.json,doctype-json,Hd Ticket Status,"[""Label of the order (Int) field in DocType 'HD Ticket Status'""]",,,,,,,existente correcta,revisado inicial Helpdesk,sí,sí,,,Cross-app: Order->Orden.,,,
helpdesk:2c3d7456a8496415,helpdesk,helpdesk,helpdesk,helpdesk,,Helpdesk,Order By,Order By,,,Ordenar por,,Ordenar por,,Label of the order_by (Code) field in DocType 'HD View',etiqueta de campo/elemento,,helpdesk/helpdesk/doctype/hd_view/hd_view.json,helpdesk/helpdesk/doctype/hd_view/hd_view.json,helpdesk/helpdesk/doctype/hd_view/hd_view.json,doctype-json,Hd View,"[""Label of the order_by (Code) field in DocType 'HD View'"", ""Label of the order_by_tab (Tab Break) field in DocType 'HD View'""]",,,,,,,existente correcta,revisado inicial Helpdesk,sí,sí,,,crossapp 'Order By'='Ordenar por'.,,,
helpdesk:3088649e726c07ee,helpdesk,helpdesk,src,src,,Src,Organization Dashboard,Organization Dashboard,,,,,Tablero de la organización,,,,,desk/src/pages/dashboard/Dashboard.vue:249,desk/src/pages/dashboard/Dashboard.vue:249,desk/src/pages/dashboard/Dashboard.vue:249,client-js,,[],,,,,,,traducción propuesta,revisado inicial Helpdesk,sí,sí,,,Dashboard->Tablero.,,,
helpdesk:397ad1898231f410,helpdesk,helpdesk,src,src,,Src,Other,Other,,,Otro,,Otro,,,,,desk/src/pages/PersonaForm.vue:130,desk/src/pages/PersonaForm.vue:130 || desk/src/pages/PersonaForm.vue:148 || desk/src/pages/PersonaForm.vue:195 || desk/src/pages/PersonaForm.vue:218 || desk/src/pages/ticket/TicketFeedback.vue:52,desk/src/pages/ticket/TicketFeedback.vue:50,client-js,,[],,,,,,,existente correcta,revisado inicial Helpdesk,sí,sí,,,Crossapp: Other=Otro.,,,
helpdesk:42b6b2691b28b039,helpdesk,helpdesk,src,src,,Src,Outbound Call,Outbound Call,,,,,Llamada saliente,,,,,desk/src/components/CallArea.vue:37,desk/src/components/CallArea.vue:37,desk/src/components/CallArea.vue:37,client-js,,[],,,,,,,traducción propuesta,revisado inicial Helpdesk,sí,sí,,,Outgoing->Saliente.,,,
helpdesk:82b8b6dd51422b86,helpdesk,helpdesk,src,src,,Src,Outgoing,Outgoing,,,Saliente,,Saliente,,,,,desk/src/pages/call-logs/CallLogModal.vue:204,desk/src/pages/call-logs/CallLogModal.vue:204,desk/src/pages/call-logs/CallLogModal.vue:204,client-js,,[],,,,,,,existente correcta,revisado inicial Helpdesk,sí,sí,,,crossapp Outgoing->Saliente.,,,
helpdesk:5670c93098938049,helpdesk,helpdesk,src,src,,Src,Outgoing Port,Outgoing Port,,,,,Puerto de salida,,,,,desk/src/components/Settings/emailConfig.ts:145,desk/src/components/Settings/emailConfig.ts:145,,client-js,,[],,,,,,,traducción propuesta,revisado inicial Helpdesk,sí,sí,,,Outgoing Port.,,,"POT-only: en el universo fresco, sin traducir"
helpdesk:03574d609f80d948,helpdesk,helpdesk,src,src,,Src,Outgoing Server (SMTP),Outgoing Server (SMTP),,,,,Servidor de salida (SMTP),,,,,desk/src/components/Settings/emailConfig.ts:139,desk/src/components/Settings/emailConfig.ts:139,,client-js,,[],,,,,,,traducción propuesta,revisado inicial Helpdesk,sí,sí,,,Sigla SMTP conservada.,,,"POT-only: en el universo fresco, sin traducir"
helpdesk:17a6ccd47cb60dad,helpdesk,helpdesk,src,src,,Src,Outside working hours notice,Outside working hours notice,,,Aviso fuera del horario de oficina,,Aviso fuera del horario laboral,,,,,desk/src/components/Settings/General/components/TicketSettings.vue:199,desk/src/components/Settings/General/components/TicketSettings.vue:199,desk/src/components/Settings/General/components/TicketSettings.vue:199,client-js,,[],,,,,,,existente mejorable,revisado inicial Helpdesk,sí,sí,,,'de oficina'->'laboral' consistente con otras cadenas del bloque.,,,
helpdesk:24dbe355a1bfc8f8,helpdesk,helpdesk,src,src,,Src,Owner,Owner,,,Propietario,,Propietario,,,,,desk/src/components/Settings/SavedReplies/SavedRepliesList.vue:86,desk/src/components/Settings/SavedReplies/SavedRepliesList.vue:86,desk/src/components/Settings/SavedReplies/SavedRepliesList.vue:105,client-js,,[],,,,,,,existente correcta,revisado inicial Helpdesk,sí,sí,,,Cross-app: Owner->Propietario.,,,
helpdesk:3d803ea612d18157,helpdesk,helpdesk,src,src,,Src,Page not found,Page not found,,,Página no encontrada,,Página no encontrada,,,,,desk/src/pages/InvalidPage.vue:11,desk/src/pages/InvalidPage.vue:11,desk/src/pages/InvalidPage.vue:11,client-js,,[],,,,,,,existente correcta,revisado inicial Helpdesk,sí,sí,,,Crossapp: Page not found=Página no encontrada.,,,
helpdesk:657a30ec7915867c,helpdesk,helpdesk,src,src,,Src,Parent field,Parent field,,,,,Campo padre,,,,,desk/src/components/Settings/FieldDependency/FieldDependencyFieldsSelection.vue:5,desk/src/components/Settings/FieldDependency/FieldDependencyFieldsSelection.vue:5,desk/src/components/Settings/FieldDependency/FieldDependencyFieldsSelection.vue:5,client-js,,[],,,,,,,traducción propuesta,revisado inicial Helpdesk,sí,sí,,,Parent field en dependencia de campos.,,,
helpdesk:4dfe8c615c52db13,helpdesk,helpdesk,api,api,,Api,"Parent field, child field, and parent-child mapping are required.","Parent field, child field, and parent-child mapping are required.",,,"Se requieren campos padre, campos hijo y mapeo padre-hijo.",,"Se requieren campos padre, campos hijo y mapeo padre-hijo.",,,,,helpdesk/api/settings/field_dependency.py:47,helpdesk/api/settings/field_dependency.py:47,helpdesk/api/settings/field_dependency.py:47,python,,[],,,,,,,existente correcta,revisado inicial Helpdesk,sí,sí,,,Mensaje de validación correcto y natural.,,,
helpdesk:3889e49592894ee7,helpdesk,helpdesk,helpdesk,helpdesk;src,sí,Helpdesk,Partnership,Partnership,,,,,Asociación,,Option for the 'Customer Type' (Select) field in DocType 'HD Customer',opción de campo select,,desk/src/composables/customer.ts:164,desk/src/composables/customer.ts:164 || helpdesk/helpdesk/doctype/hd_customer/hd_customer.json,,client-js,HD Customer,"[""Option for the 'Customer Type' (Select) field in DocType 'HD Customer'""]",,,,,,,traducción propuesta,revisado inicial Helpdesk,sí,sí,,,Partnership→Asociación (crossapp).,,,"POT-only: en el universo fresco, sin traducir"
helpdesk:891dc897a4ee3eea,helpdesk,helpdesk,src,src,,Src,Password,Password,,,Contraseña,,Contraseña,,,,,desk/src/components/Settings/Profile/Profile.vue:121,desk/src/components/Settings/Profile/Profile.vue:121 || desk/src/components/Settings/emailConfig.ts:65 || desk/src/components/Settings/emailConfig.ts:97,desk/src/components/Settings/Profile/Profile.vue:144,client-js,,[],,,,,,,existente correcta,revisado inicial Helpdesk,sí,sí,,,Cross-app: Password->Contraseña.,,,
helpdesk:9b9034f828a10ed9,helpdesk,helpdesk,src,src,,Src,Password is required,Password is required,,,,,La contraseña es obligatoria,,,,,desk/src/components/Settings/emailConfig.ts:279,desk/src/components/Settings/emailConfig.ts:279 || desk/src/components/Settings/emailConfig.ts:284,,client-js,,[],,,,,,,traducción propuesta,revisado inicial Helpdesk,sí,sí,,,,,,"POT-only: en el universo fresco, sin traducir"
helpdesk:ef1429a3118d423c,helpdesk,helpdesk,src,src,,Src,Password must be at least 8 characters,Password must be at least 8 characters,,,La contraseña debe tener al menos 8 caracteres,,La contraseña debe tener al menos 8 caracteres,,,,,desk/src/components/Settings/Profile/components/ChangePasswordModal.vue:104,desk/src/components/Settings/Profile/components/ChangePasswordModal.vue:104,desk/src/components/Settings/Profile/components/ChangePasswordModal.vue:104,client-js,,[],,,,,,,existente correcta,revisado inicial Helpdesk,sí,sí,,,Validación de contraseña.,,,
helpdesk:c933a13a18f6987b,helpdesk,helpdesk,src,src,,Src,"Password must contain lowercase, uppercase, number, and symbol","Password must contain lowercase, uppercase, number, and symbol",,,"La contraseña debe contener minúsculas, mayúsculas, números y símbolos",,"La contraseña debe contener minúsculas, mayúsculas, números y símbolos",,,,,desk/src/components/Settings/Profile/components/ChangePasswordModal.vue:107,desk/src/components/Settings/Profile/components/ChangePasswordModal.vue:107,desk/src/components/Settings/Profile/components/ChangePasswordModal.vue:107,client-js,,[],,,,,,,existente correcta,revisado inicial Helpdesk,sí,sí,,,Validación de contraseña.,,,
helpdesk:778ca641a7a38a35,helpdesk,helpdesk,src,src,,Src,Password updated successfully.,Password updated successfully.,,,Contraseña actualizada con éxito.,,Contraseña actualizada con éxito.,,,,,desk/src/components/Settings/Profile/components/ChangePasswordModal.vue:87,desk/src/components/Settings/Profile/components/ChangePasswordModal.vue:87,desk/src/components/Settings/Profile/components/ChangePasswordModal.vue:87,client-js,,[],,,,,,,existente correcta,revisado inicial Helpdesk,sí,sí,,,Mensaje de éxito.,,,
helpdesk:ccbe9470d5aea476,helpdesk,helpdesk,src,src,,Src,Passwords do not match,Passwords do not match,,,Las contraseñas no coinciden,,Las contraseñas no coinciden,,,,,desk/src/components/Settings/Profile/components/ChangePasswordModal.vue:117,desk/src/components/Settings/Profile/components/ChangePasswordModal.vue:117,desk/src/components/Settings/Profile/components/ChangePasswordModal.vue:117,client-js,,[],,,,,,,existente correcta,revisado inicial Helpdesk,sí,sí,,,Cross-app: Passwords do not match.,,,
helpdesk:6ff79c24e459efb5,helpdesk,helpdesk,src,src,,Src,Passwords match,Passwords match,,,Las contraseñas coinciden,,Las contraseñas coinciden,,,,,desk/src/components/Settings/Profile/components/ChangePasswordModal.vue:123,desk/src/components/Settings/Profile/components/ChangePasswordModal.vue:123 || desk/src/components/Settings/Profile/components/ChangePasswordModal.vue:36,desk/src/components/Settings/Profile/components/ChangePasswordModal.vue:36 || desk/src/components/Settings/Profile/components/ChangePasswordModal.vue:123,client-js,,[],,,,,,,existente correcta,revisado inicial Helpdesk,sí,sí,,,Passwords match.,,,
helpdesk:6d80cee568cac972,helpdesk,helpdesk,helpdesk,helpdesk;src,sí,Helpdesk,Paused,Paused,,,Pausado,,Pausado,,Option for the 'Category' (Select) field in DocType 'HD Ticket Status',opción de campo select,,desk/src/pages/ticket/Tickets.vue:246,desk/src/pages/ticket/Tickets.vue:246 || helpdesk/helpdesk/doctype/hd_ticket/hd_ticket.json || helpdesk/helpdesk/doctype/hd_ticket_status/hd_ticket_status.json,desk/src/pages/ticket/Tickets.vue:253 || helpdesk/helpdesk/doctype/hd_ticket/hd_ticket.json || helpdesk/helpdesk/doctype/hd_ticket_status/hd_ticket_status.json,client-js,HD Ticket Status,"[""Option for the 'Category' (Select) field in DocType 'HD Ticket Status'"", ""Option for the 'SLA Status' (Select) field in DocType 'HD Ticket'""]",,,,,,,existente correcta,revisado inicial Helpdesk,sí,sí,,,Cross-app aprobado.,,,
helpdesk:9698008b8ec5161a,helpdesk,helpdesk,src,src,,Src,Pending,Pending,,,Pendiente,,Pendiente,,,,,desk/src/pages/home/components/PendingTickets.vue:220,desk/src/pages/home/components/PendingTickets.vue:220,desk/src/pages/home/components/PendingTickets.vue:222,client-js,,[],,,,,,,existente correcta,revisado inicial Helpdesk,sí,sí,,,Cross-app aprobado.,,,
helpdesk:08b476bb5497b91a,helpdesk,helpdesk,src,src,,Src,Pending Invites,Pending Invites,,,,,Invitaciones pendientes,,,,,desk/src/components/Settings/InviteAgents.vue:42,desk/src/components/Settings/InviteAgents.vue:42 || desk/src/components/customer/InviteContactDialog.vue:38,desk/src/components/Settings/InviteAgents.vue:42,client-js,,[],,,,,,,traducción propuesta,revisado inicial Helpdesk,sí,sí,,,Vacío en upstream.,,,
helpdesk:36ea756b771fed79,helpdesk,helpdesk,src,src,,Src,Pending Tickets,Pending Tickets,,,,,Tickets pendientes,,,,,desk/src/pages/home/Home.vue:353,desk/src/pages/home/Home.vue:353 || desk/src/pages/home/components/PendingTickets.vue:232 || desk/src/pages/home/components/PendingTickets.vue:236,desk/src/pages/home/Home.vue:353 || desk/src/pages/home/components/PendingTickets.vue:234 || desk/src/pages/home/components/PendingTickets.vue:238,client-js,,[],,,,,,,traducción propuesta,revisado inicial Helpdesk,sí,sí,,,Ticket protegido; Pending->Pendiente.,,,
helpdesk:ffab7ffa04f31b2d,helpdesk,helpdesk,api,api,,Api,Percentage of total tickets by channel,Percentage of total tickets by channel,,,,,Porcentaje del total de tickets por canal,,,,,helpdesk/api/dashboard.py:564,helpdesk/api/dashboard.py:564,helpdesk/api/dashboard.py:554,python,,[],,,,,,,traducción propuesta,revisado inicial Helpdesk,sí,sí,,,,,,
helpdesk:4a164826e0c4275b,helpdesk,helpdesk,api,api,,Api,Percentage of total tickets by priority,Percentage of total tickets by priority,,,,,Porcentaje del total de tickets por prioridad,,,,,helpdesk/api/dashboard.py:524,helpdesk/api/dashboard.py:524,helpdesk/api/dashboard.py:514,python,,[],,,,,,,traducción propuesta,revisado inicial Helpdesk,sí,sí,,,,,,
helpdesk:90e931d61ef78be7,helpdesk,helpdesk,api,api,,Api,Percentage of total tickets by team,Percentage of total tickets by team,,,,,Porcentaje del total de tickets por equipo,,,,,helpdesk/api/dashboard.py:458,helpdesk/api/dashboard.py:458,helpdesk/api/dashboard.py:448,python,,[],,,,,,,traducción propuesta,revisado inicial Helpdesk,sí,sí,,,Team->Equipo.,,,
helpdesk:ead53ae04ee63d73,helpdesk,helpdesk,api,api,,Api,Percentage of total tickets by type,Percentage of total tickets by type,,,,,Porcentaje del total de tickets por tipo,,,,,helpdesk/api/dashboard.py:491,helpdesk/api/dashboard.py:491,helpdesk/api/dashboard.py:481,python,,[],,,,,,,traducción propuesta,revisado inicial Helpdesk,sí,sí,,,,,,
helpdesk:be93b8da23ed0165,helpdesk,helpdesk,src,src,,Src,Period,Period,,,Período,,Periodo,,,,,desk/src/pages/dashboard/Dashboard.vue:46,desk/src/pages/dashboard/Dashboard.vue:46,desk/src/pages/dashboard/Dashboard.vue:46,client-js,,[],,,,,,,existente mejorable,revisado inicial Helpdesk,sí,sí,,,"Válido; crossapp usa 'Periodo' sin tilde, ambos correctos, se conserva. | convergencia global Gettext (publicación)",,,
helpdesk:ffd0a3cfa37707a9,helpdesk,helpdesk,helpdesk,helpdesk,,Helpdesk,Persona Captured,Persona Captured,,,,,Perfil capturado,,Label of the persona_captured (Check) field in DocType 'HD Settings',etiqueta de campo/elemento,,helpdesk/helpdesk/doctype/hd_settings/hd_settings.json,helpdesk/helpdesk/doctype/hd_settings/hd_settings.json,,doctype-json,Hd Settings,"[""Label of the persona_captured (Check) field in DocType 'HD Settings'""]",,,,,,,traducción propuesta,revisado inicial Helpdesk,sí,sí,,,Persona Captured: campo de onboarding; 'Persona'=perfil/rol de usuario.,,,"POT-only: en el universo fresco, sin traducir"
helpdesk:5211ff247e34c4b1,helpdesk,helpdesk,src,helpdesk;src,sí,Src,Personal,Personal,,,Personal,,Personal,,Option for the 'Scope' (Select) field in DocType 'HD Saved Reply',opción de campo select,,desk/src/components/SavedRepliesSelectorModal.vue:176,desk/src/components/SavedRepliesSelectorModal.vue:176 || desk/src/components/Settings/SavedReplies/SavedRepliesList.vue:303 || desk/src/components/Settings/SavedReplies/SavedRepliesList.vue:337 || desk/src/components/Settings/SavedReplies/SavedReplyView.vue:200 || helpdesk/helpdesk/doctype/hd_saved_reply/hd_saved_reply.json,desk/src/components/SavedRepliesSelectorModal.vue:170 || desk/src/components/Settings/SavedReplies/SavedRepliesList.vue:330 || desk/src/components/Settings/SavedReplies/SavedRepliesList.vue:370 || desk/src/components/Settings/SavedReplies/SavedReplyView.vue:190 || helpdesk/helpdesk/doctype/hd_saved_reply/hd_saved_reply.json,client-js,HD Saved Reply,"[""Option for the 'Scope' (Select) field in DocType 'HD Saved Reply'""]",,,,,,,existente correcta,revisado inicial Helpdesk,sí,sí,,,crossapp 'Personal'='Personal'.,,,
helpdesk:2a5eb62031284d8f,helpdesk,helpdesk,src,src,,Src,Personal mobile no,Personal mobile no,,,Número de móvil personal,,Número de móvil personal,,,,,desk/src/components/Settings/Telephony/ExotelSettings.vue:64,desk/src/components/Settings/Telephony/ExotelSettings.vue:64,desk/src/components/Settings/Telephony/ExotelSettings.vue:54,client-js,,[],,,,,,,existente correcta,revisado inicial Helpdesk,sí,sí,,,Personal mobile no.,,,
helpdesk:0fdc3b51fb314578,helpdesk,helpdesk,src,src,,Src,Phone,Phone,,,Teléfono,,Teléfono,,,,,desk/src/components/Settings/SavedReplies/savedReplies.ts:82,desk/src/components/Settings/SavedReplies/savedReplies.ts:82 || desk/src/components/contact/EditContactDialog.vue:80 || desk/src/components/ticket/SetContactPhoneModal.vue:25 || desk/src/composables/contact.ts:451,desk/src/components/desk/global/NewContactDialog.vue:133 || desk/src/components/ticket/SetContactPhoneModal.vue:25,client-js,,[],,,,,,,existente correcta,revisado inicial Helpdesk,sí,sí,,,Cross-app: Phone->Teléfono.,,,
helpdesk:5c88eddfeb1fac21,helpdesk,helpdesk,src,src,,Src,Phone Numbers,Phone Numbers,,,,,Números de teléfono,,,,,desk/src/composables/contact.ts:457,desk/src/composables/contact.ts:457,,client-js,,[],,,,,,,traducción propuesta,revisado inicial Helpdesk,sí,sí,,,Phone Numbers.,,,"POT-only: en el universo fresco, sin traducir"
helpdesk:34c1ae0476c09b15,helpdesk,helpdesk,src,src,,Src,Phone calls,Phone calls,,,,,Llamadas telefónicas,,,,,desk/src/pages/PersonaForm.vue:143,desk/src/pages/PersonaForm.vue:143,,client-js,,[],,,,,,,traducción propuesta,revisado inicial Helpdesk,sí,sí,,,Phone calls.,,,"POT-only: en el universo fresco, sin traducir"
helpdesk:8b8ddf35bd241950,helpdesk,helpdesk,src,src,,Src,Photo,Photo,,,,,Foto,,,,,desk/src/components/contact/EditContactDialog.vue:24,desk/src/components/contact/EditContactDialog.vue:24 || desk/src/components/contact/NewContactDialog.vue:41,,client-js,,[],,,,,,,traducción propuesta,revisado inicial Helpdesk,sí,sí,,,Photo→Foto.,,,"POT-only: en el universo fresco, sin traducir"
helpdesk:fa5a3115ca4b7eaf,helpdesk,helpdesk,src,src,,Src,Pick an option,Pick an option,,,Seleccione una opción,,Seleccione una opción,,,,,desk/src/pages/ticket/TicketFeedback.vue:38,desk/src/pages/ticket/TicketFeedback.vue:38,desk/src/pages/ticket/TicketFeedback.vue:36,client-js,,[],,,,,,,existente correcta,revisado inicial Helpdesk,sí,sí,,,Natural; consistente con Select cross-app.,,,
helpdesk:23baaf312d503279,helpdesk,helpdesk,src,src,,Src,Pin View,Pin View,,,,,Fijar vista,,,,,desk/src/composables/useView.ts:225,desk/src/composables/useView.ts:225,desk/src/pages/ticket/Tickets.vue:468,client-js,,[],,,,,,,traducción propuesta,revisado inicial Helpdesk,sí,sí,,,'Pinned'='Fijado' en crossapp.,,,
helpdesk:d84e761ded4d59dc,helpdesk,helpdesk,src,src,,Src,Pin to sidebar,Pin to sidebar,,,,,Fijar en la barra lateral,,,,,desk/src/components/ViewModal.vue:43,desk/src/components/ViewModal.vue:43,,client-js,,[],,,,,,,traducción propuesta,revisado inicial Helpdesk,sí,sí,,,Pinned->Fijado.,,,"POT-only: en el universo fresco, sin traducir"
helpdesk:15b9e37134dabc0d,helpdesk,helpdesk,helpdesk,helpdesk,,Helpdesk,Pink,Pink,,,Rosa,,Rosa,,Option for the 'Color' (Select) field in DocType 'HD Agent Status',opción de campo select,,helpdesk/helpdesk/doctype/hd_agent_status/hd_agent_status.json,helpdesk/helpdesk/doctype/hd_agent_status/hd_agent_status.json || helpdesk/helpdesk/doctype/hd_ticket_status/hd_ticket_status.json,helpdesk/helpdesk/doctype/hd_agent_status/hd_agent_status.json || helpdesk/helpdesk/doctype/hd_ticket_status/hd_ticket_status.json,doctype-json,Hd Agent Status,"[""Option for the 'Color' (Select) field in DocType 'HD Agent Status'"", ""Option for the 'Color' (Select) field in DocType 'HD Ticket Status'""]",,,,,,,existente correcta,revisado inicial Helpdesk,sí,sí,,,Pink→Rosa (crossapp).,,,
helpdesk:d471848aa1c8ca80,helpdesk,helpdesk,helpdesk,helpdesk,,Helpdesk,Pinned,Pinned,,,,,Fijado,,Label of the pinned (Check) field in DocType 'HD View',etiqueta de campo/elemento,,helpdesk/helpdesk/doctype/hd_view/hd_view.json,helpdesk/helpdesk/doctype/hd_view/hd_view.json,helpdesk/helpdesk/doctype/hd_view/hd_view.json,doctype-json,Hd View,"[""Label of the pinned (Check) field in DocType 'HD View'""]",,,,,,,traducción propuesta,revisado inicial Helpdesk,sí,sí,,,crossapp 'Pinned'='Fijado'.,,,
helpdesk:3c8e23af74fc3c61,helpdesk,helpdesk,helpdesk,helpdesk,,Helpdesk,Placeholder,Placeholder,,,Marcador de posición,,Marcador de posición,,Label of the placeholder (Data) field in DocType 'HD Ticket Template Field',etiqueta de campo/elemento,,helpdesk/helpdesk/doctype/hd_ticket_template_field/hd_ticket_template_field.json,helpdesk/helpdesk/doctype/hd_ticket_template_field/hd_ticket_template_field.json,helpdesk/helpdesk/doctype/hd_ticket_template_field/hd_ticket_template_field.json,doctype-json,Hd Ticket Template Field,"[""Label of the placeholder (Data) field in DocType 'HD Ticket Template Field'""]",,,,,,,existente correcta,revisado inicial Helpdesk,sí,sí,,,Cross-app: Placeholder->Marcador de posición.,,,
helpdesk:15ae528337f32efb,helpdesk,helpdesk,helpdesk,helpdesk,,Helpdesk,Please add this priority in the <a href='/app/hd-service-level-agreement'>required SLA documents</a>,Please add this priority in the <a href='/app/hd-service-level-agreement'>required SLA documents</a>,,,"Por favor, añade esta prioridad en los documentos <a href='/app/hd-service-level-agreement'>requeridos de ANS</a>",,"Por favor, añade esta prioridad en los <a href='/app/hd-service-level-agreement'>documentos de SLA requeridos</a>",,,,,helpdesk/helpdesk/doctype/hd_ticket_priority/hd_ticket_priority.py:21,helpdesk/helpdesk/doctype/hd_ticket_priority/hd_ticket_priority.py:21,helpdesk/helpdesk/doctype/hd_ticket_priority/hd_ticket_priority.py:21,doctype-controller,Hd Ticket Priority,[],,,,,,,existente mejorable,revisado inicial Helpdesk,sí,sí,,,REVERTIDO ANS→SLA; HTML y href preservados; orden de frase corregido.,,,
helpdesk:b3510692c4495cdf,helpdesk,helpdesk,helpdesk,helpdesk,,Helpdesk,Please add {0} priority in {1} SLA,Please add {0} priority in {1} SLA,,,Agregue prioridad {0} en {1} ANS,,Agregue la prioridad {0} en el SLA {1},,,,,helpdesk/helpdesk/doctype/hd_service_level_agreement/hd_service_level_agreement.py:341,helpdesk/helpdesk/doctype/hd_service_level_agreement/hd_service_level_agreement.py:341,helpdesk/helpdesk/doctype/hd_service_level_agreement/hd_service_level_agreement.py:341,doctype-controller,Hd Service Level Agreement,[],{0};{1},{0};{1},{0};{1},ok,,,existente mejorable,revisado inicial Helpdesk,sí,sí,,,Revertido ANS->SLA; {0}{1} preservados.,,,
helpdesk:bd73624fcab0f2c8,helpdesk,helpdesk,src,src,,Src,Please configure your Exotel settings correctly,Please configure your Exotel settings correctly,,,,,Configure correctamente sus ajustes de Exotel,,,,,desk/src/components/Settings/Telephony/Telephony.vue:213,desk/src/components/Settings/Telephony/Telephony.vue:213,desk/src/components/Settings/Telephony/Telephony.vue:219,client-js,,[],,,,,,,traducción propuesta,revisado inicial Helpdesk + pase dirigido,sí,,,,Imperativo usted; sus ajustes.,,,
helpdesk:bf8abb2b11373999,helpdesk,helpdesk,src,src,,Src,Please configure your Twilio settings correctly,Please configure your Twilio settings correctly,,,,,Configure correctamente sus ajustes de Twilio,,,,,desk/src/components/Settings/Telephony/Telephony.vue:209,desk/src/components/Settings/Telephony/Telephony.vue:209,desk/src/components/Settings/Telephony/Telephony.vue:215,client-js,,[],,,,,,,traducción propuesta,revisado inicial Helpdesk + pase dirigido,sí,,,,Imperativo usted; sus ajustes.,,,
helpdesk:c67ce31b991c9443,helpdesk,helpdesk,src,src,,Src,Please create a new ticket to proceed with the next step.,Please create a new ticket to proceed with the next step.,,,,,Cree un ticket nuevo para continuar con el siguiente paso.,,,,,desk/src/components/layouts/Sidebar.vue:448,desk/src/components/layouts/Sidebar.vue:448,desk/src/components/layouts/Sidebar.vue:658,client-js,,[],,,,,,,traducción propuesta,revisado inicial Helpdesk + pase dirigido,sí,,,,Imperativo usted.,,,
helpdesk:379f0507d22273c8,helpdesk,helpdesk,src,src,,Src,Please enter a subject to continue,Please enter a subject to continue,,,"Por favor, introduzca un asunto para continuar",,Ingrese un asunto para continuar,,,,,desk/src/pages/ticket/TicketNew.vue:83,desk/src/pages/ticket/TicketNew.vue:83,desk/src/pages/ticket/TicketNew.vue:83,client-js,,[],,,,,,,existente mejorable,revisado inicial Helpdesk + pase dirigido,sí,,,,"Imperativo usted (Ingrese, MX).",,,
helpdesk:832af336d8b19e8e,helpdesk,helpdesk,src,src,,Src,Please enter a valid phone number,Please enter a valid phone number,,,"Por favor, introduzca un número de teléfono válido",,Ingrese un número de teléfono válido,,,,,desk/src/pages/call-logs/CallLogModal.vue:368,desk/src/pages/call-logs/CallLogModal.vue:368 || desk/src/pages/call-logs/CallLogModal.vue:376,desk/src/pages/call-logs/CallLogModal.vue:368 || desk/src/pages/call-logs/CallLogModal.vue:376,client-js,,[],,,,,,,existente mejorable,revisado inicial Helpdesk,sí,sí,,,MX: 'introduzca' peninsular -> 'ingrese'.,,,
helpdesk:91c7112348093323,helpdesk,helpdesk,src,src,,Src,Please enter at least one valid email to send an invite.,Please enter at least one valid email to send an invite.,,,,,Ingrese al menos un correo electrónico válido para enviar una invitación.,,,,,desk/src/components/Settings/InviteAgents.vue:187,desk/src/components/Settings/InviteAgents.vue:187,desk/src/components/Settings/InviteAgents.vue:185,client-js,,[],,,,,,,traducción propuesta,revisado inicial Helpdesk,sí,sí,,,Vacío en upstream.,,,
helpdesk:be7e6c291fcb5eb5,helpdesk,helpdesk,src,src,,Src,Please fill all required fields,Please fill all required fields,,,"Por favor, complete todos los campos obligatorios",,"Por favor, complete todos los campos obligatorios",,,,,desk/src/components/Settings/Teams/NewTeam.vue:138,desk/src/components/Settings/Teams/NewTeam.vue:138 || desk/src/pages/call-logs/CallLogModal.vue:264 || desk/src/pages/call-logs/CallLogModal.vue:310,desk/src/components/Settings/Teams/NewTeam.vue:129 || desk/src/pages/call-logs/CallLogModal.vue:264 || desk/src/pages/call-logs/CallLogModal.vue:310,client-js,,[],,,,,,,existente correcta,revisado inicial Helpdesk,sí,sí,,,Correcta.,,,
helpdesk:83f86cb57937f211,helpdesk,helpdesk,src,src,,Src,Please fill all required fields for Exotel,Please fill all required fields for Exotel,,,"Por favor, complete todos los campos obligatorios para Exotel",,"Por favor, completa todos los campos obligatorios para Exotel",,,,,desk/src/components/Settings/Telephony/ExotelSettings.vue:251,desk/src/components/Settings/Telephony/ExotelSettings.vue:251,desk/src/components/Settings/Telephony/ExotelSettings.vue:240,client-js,,[],,,,,,,existente mejorable,revisado inicial Helpdesk,sí,sí,,,Tuteo consistente; Exotel nombre propio.,,,
helpdesk:82a63230731d4833,helpdesk,helpdesk,src,src,,Src,Please fill all required fields for Twilio,Please fill all required fields for Twilio,,,"Por favor, complete todos los campos obligatorios para Twilio",,"Por favor, completa todos los campos obligatorios para Twilio",,,,,desk/src/components/Settings/Telephony/ExotelSettings.vue:247,desk/src/components/Settings/Telephony/ExotelSettings.vue:247 || desk/src/components/Settings/Telephony/TwilioSettings.vue:215,desk/src/components/Settings/Telephony/ExotelSettings.vue:236 || desk/src/components/Settings/Telephony/TwilioSettings.vue:204,client-js,,[],,,,,,,existente mejorable,revisado inicial Helpdesk,sí,sí,,,Tuteo consistente; Twilio nombre propio.,,,
helpdesk:7bd42162a2265c9f,helpdesk,helpdesk,src,src,,Src,Please fill all the required fields,Please fill all the required fields,,,,,Completa todos los campos obligatorios,,,,,desk/src/components/Settings/SavedReplies/SavedReplyView.vue:311,desk/src/components/Settings/SavedReplies/SavedReplyView.vue:311,desk/src/components/Settings/SavedReplies/SavedReplyView.vue:303,client-js,,[],,,,,,,traducción propuesta,revisado inicial Helpdesk,sí,sí,,,Please fill all the required fields.,,,
helpdesk:1ebe56f5c2bf6978,helpdesk,helpdesk,src,src,,Src,Please fix the errors in the form,Please fix the errors in the form,,,,,Corrija los errores del formulario,,,,,desk/src/components/Settings/Sla/Modals/WorkDayModal.vue:244,desk/src/components/Settings/Sla/Modals/WorkDayModal.vue:244,desk/src/components/Settings/Sla/Modals/WorkDayModal.vue:244,client-js,,[],,,,,,,traducción propuesta,revisado inicial Helpdesk,sí,sí,,,,,,
helpdesk:d127cdeeff0faf62,helpdesk,helpdesk,api,api,,Api,Please provide saved_reply_id,Please provide saved_reply_id,,,"Por favor, proporcione un ID de respuesta guardada (saved_reply_id)",,Proporcione el saved_reply_id,,,,,helpdesk/api/saved_replies.py:11,helpdesk/api/saved_replies.py:11,helpdesk/api/saved_replies.py:11,python,,[],,,,,,,existente mejorable,revisado inicial Helpdesk,sí,sí,,,Identificador técnico verbatim; se quita redundancia 'Por favor'.,,,
helpdesk:f830b154d04a3a76,helpdesk,helpdesk,src,src,,Src,Please select at least one restriction option for teams in the settings.,Please select at least one restriction option for teams in the settings.,,,,,Seleccione al menos una opción de restricción para equipos en la configuración.,,,,,desk/src/components/Settings/General/General.vue:237,desk/src/components/Settings/General/General.vue:237,desk/src/components/Settings/General/General.vue:239,client-js,,[],,,,,,,traducción propuesta,revisado inicial Helpdesk + pase dirigido,sí,,,,Imperativo usted.,,,
helpdesk:5723227c6f278ee0,helpdesk,helpdesk,helpdesk,helpdesk,,Helpdesk,Please select weekly off day,Please select weekly off day,,,Por favor seleccione el día libre de la semana,,Por favor seleccione el día libre de la semana,,,,,helpdesk/helpdesk/doctype/hd_service_holiday_list/hd_service_holiday_list.py:41,helpdesk/helpdesk/doctype/hd_service_holiday_list/hd_service_holiday_list.py:41,helpdesk/helpdesk/doctype/hd_service_holiday_list/hd_service_holiday_list.py:41,doctype-controller,Hd Service Holiday List,[],,,,,,,existente correcta,revisado inicial Helpdesk,sí,sí,,,Cross-app Please select weekly off day.,,,
helpdesk:c7166ecf7507e6cc,helpdesk,helpdesk,src,src,,Src,Policy name,Policy name,,,,,Nombre de la política,,,,,desk/src/components/Settings/Sla/SlaPolicyList.vue:32,desk/src/components/Settings/Sla/SlaPolicyList.vue:32,desk/src/components/Settings/Sla/SlaPolicyList.vue:32,client-js,,[],,,,,,,traducción propuesta,revisado inicial Helpdesk,sí,sí,,,,,,
helpdesk:21239a6887c94427,helpdesk,helpdesk,src,src,,Src,Positive,Positive,,,,,Positivo,,,,,desk/src/components/contact/FeedbackList.vue:120,desk/src/components/contact/FeedbackList.vue:120,,client-js,,[],,,,,,,traducción propuesta,revisado inicial Helpdesk,sí,sí,,,Positive (calificación de comentario).,,,"POT-only: en el universo fresco, sin traducir"
helpdesk:d44927a51b08510d,helpdesk,helpdesk,src,src,,Src,Positive first,Positive first,,,,,Positivos primero,,,,,desk/src/pages/home/components/RecentFeedback.vue:382,desk/src/pages/home/components/RecentFeedback.vue:382 || desk/src/pages/home/components/RecentFeedback.vue:405 || desk/src/pages/home/components/RecentFeedback.vue:409,desk/src/pages/home/components/RecentFeedback.vue:388 || desk/src/pages/home/components/RecentFeedback.vue:411 || desk/src/pages/home/components/RecentFeedback.vue:415,client-js,,[],,,,,,,traducción propuesta,revisado inicial Helpdesk,sí,sí,,,Orden de comentarios: positivos primero.,,,
helpdesk:dd7db8ff7b098523,helpdesk,helpdesk,helpdesk,helpdesk;src,sí,Helpdesk,Prefer knowledge base,Prefer knowledge base,,,Prefiero la base de conocimientos,,Preferir la base de conocimiento,,Label of the prefer_knowledge_base (Check) field in DocType 'HD Settings',etiqueta de campo/elemento,,desk/src/components/Settings/General/components/WorkflowKnowledgebaseSettings.vue:10,desk/src/components/Settings/General/components/WorkflowKnowledgebaseSettings.vue:10 || helpdesk/helpdesk/doctype/hd_settings/hd_settings.json,desk/src/components/Settings/General/components/WorkflowKnowledgebaseSettings.vue:10 || helpdesk/helpdesk/doctype/hd_settings/hd_settings.json,client-js,HD Settings,"[""Label of the prefer_knowledge_base (Check) field in DocType 'HD Settings'""]",,,,,,,existente mejorable,revisado inicial Helpdesk,sí,sí,,,Etiqueta de check; 'Prefiero' (1ª persona) es incorrecto; Knowledge Base→Base de conocimiento.,,,
helpdesk:d9957713fca0958f,helpdesk,helpdesk,src,src,,Src,Preferences,Preferences,,,,,Preferencias,,,,,desk/src/components/Settings/Preferences/Preferences.vue:6,desk/src/components/Settings/Preferences/Preferences.vue:6 || desk/src/components/Settings/settingsModal.ts:58,desk/src/components/Settings/Preferences/Preferences.vue:6,client-js,,[],,,,,,,traducción propuesta,revisado inicial Helpdesk,sí,sí,,,Cross-app: Preferences->Preferencias.,,,
helpdesk:2c94409333aecadf,helpdesk,helpdesk,src,src,,Src,Preferences updated successfully.,Preferences updated successfully.,,,,,Preferencias actualizadas con éxito.,,,,,desk/src/components/Settings/Preferences/Preferences.vue:75,desk/src/components/Settings/Preferences/Preferences.vue:75,desk/src/components/Settings/Preferences/Preferences.vue:75,client-js,,[],,,,,,,traducción propuesta,revisado inicial Helpdesk,sí,sí,,,Mensaje de éxito.,,,
helpdesk:6d52e0b45e0699c6,helpdesk,helpdesk,src,src,,Src,Presets,Presets,,,Preajustes,,Predefinidos,,,,,desk/src/pages/dashboard/Dashboard.vue:468,desk/src/pages/dashboard/Dashboard.vue:468,desk/src/pages/dashboard/Dashboard.vue:468,client-js,,[],,,,,,,existente mejorable,revisado inicial Helpdesk,sí,sí,,,'Preajustes' poco natural MX; 'Predefinidos' (rangos predefinidos).,,,
helpdesk:477d2191c2adec5d,helpdesk,helpdesk,src,src,,Src,Press enter to search,Press enter to search,,,,,Presiona Enter para buscar,,,,,desk/src/pages/SearchAgent.vue:108,desk/src/pages/SearchAgent.vue:108,desk/src/pages/SearchAgent.vue:108,client-js,,[],,,,,,,traducción propuesta,revisado inicial Helpdesk,sí,sí,,,Vacío en upstream. 'Presiona' registro MX.,,,
helpdesk:00ab34b3c97e17c6,helpdesk,helpdesk,src,src,,Src,Preview,Preview,,,Vista Previa,,Vista previa,,,,,desk/src/components/Settings/SavedReplies/SavedReplyView.vue:20,desk/src/components/Settings/SavedReplies/SavedReplyView.vue:20 || desk/src/components/Settings/SavedReplies/components/PreviewDialog.vue:26 || desk/src/components/Settings/SavedReplies/components/PreviewDialog.vue:4,desk/src/components/Settings/SavedReplies/SavedReplyView.vue:11 || desk/src/components/Settings/SavedReplies/components/PreviewDialog.vue:4 || desk/src/components/Settings/SavedReplies/components/PreviewDialog.vue:26,client-js,,[],,,,,,,existente mejorable,revisado inicial Helpdesk,sí,sí,,,Cross-app: Preview->Vista previa; capitalización de oración.,,,
helpdesk:33fa002e1faa40ca,helpdesk,helpdesk,src,src,,Src,Previous ticket,Previous ticket,,,Ticket anterior,,Ticket anterior,,,,,desk/src/components/modals/ShortcutsModal.vue:108,desk/src/components/modals/ShortcutsModal.vue:108,desk/src/components/modals/ShortcutsModal.vue:108,client-js,,[],,,,,,,existente correcta,revisado inicial Helpdesk,sí,sí,,,Ticket minúscula en oración.,,,
helpdesk:78950159225ad8b6,helpdesk,helpdesk,src,src,,Src,Primary,Primary,,,,,Principal,,,,,desk/src/components/contact/ContactInputRow.vue:20,desk/src/components/contact/ContactInputRow.vue:20 || desk/src/components/customer/ContactCard.vue:31 || desk/src/components/customer/ContactCard.vue:36,,client-js,,[],,,,,,,traducción propuesta,revisado inicial Helpdesk,sí,sí,,,Primary de contacto→Principal (contacto principal).,,,"POT-only: en el universo fresco, sin traducir"
helpdesk:e1b8b0d18dfc2e3e,helpdesk,helpdesk,helpdesk,helpdesk;src,sí,Helpdesk,Primary Contact,Primary Contact,,,,,Contacto principal,,Label of the primary_contact (Link) field in DocType 'HD Customer',etiqueta de campo/elemento,,desk/src/components/customer/NewCustomerDialog.vue:62,desk/src/components/customer/NewCustomerDialog.vue:62 || helpdesk/helpdesk/doctype/hd_customer/hd_customer.json,,client-js,HD Customer,"[""Label of the primary_contact (Link) field in DocType 'HD Customer'""]",,,,,,,traducción propuesta,revisado inicial Helpdesk,sí,sí,,,Primary Contact→Contacto principal (crossapp).,,,"POT-only: en el universo fresco, sin traducir"
helpdesk:1a4043c933769324,helpdesk,helpdesk,helpdesk,helpdesk,,Helpdesk,Primary contact must be one of the listed contacts,Primary contact must be one of the listed contacts,,,,,El contacto principal debe ser uno de los contactos de la lista,,,,,helpdesk/helpdesk/doctype/hd_customer/hd_customer.py:83,helpdesk/helpdesk/doctype/hd_customer/hd_customer.py:83,,doctype-controller,Hd Customer,[],,,,,,,traducción propuesta,revisado inicial Helpdesk,sí,sí,,,Primary Contact→Contacto principal (glosario).,,,"POT-only: en el universo fresco, sin traducir"
helpdesk:4bf292e0b970cbc9,helpdesk,helpdesk,src,src,,Src,Primary contact updated,Primary contact updated,,,,,Contacto principal actualizado,,,,,desk/src/components/customer/ContactCard.vue:280,desk/src/components/customer/ContactCard.vue:280,,client-js,,[],,,,,,,traducción propuesta,revisado inicial Helpdesk,sí,sí,,,Primary contact updated.,,,"POT-only: en el universo fresco, sin traducir"
helpdesk:8d24f830154b4b86,helpdesk,helpdesk,helpdesk,helpdesk,,Helpdesk,Priorities,Priorities,,,Prioridades,,Prioridades,,Label of the priorities (Table) field in DocType 'HD Service Level Agreement',etiqueta de campo/elemento,,helpdesk/helpdesk/doctype/hd_service_level_agreement/hd_service_level_agreement.json,helpdesk/helpdesk/doctype/hd_service_level_agreement/hd_service_level_agreement.json,helpdesk/helpdesk/doctype/hd_service_level_agreement/hd_service_level_agreement.json,doctype-json,Hd Service Level Agreement,"[""Label of the priorities (Table) field in DocType 'HD Service Level Agreement'""]",,,,,,,existente correcta,revisado inicial Helpdesk,sí,sí,,,Cross-app Priorities.,,,
helpdesk:f9bf5208112131d5,helpdesk,helpdesk,src,helpdesk;src,sí,Mesa de Ayuda,Priority,Priority,,,Prioridad,,Prioridad,,Mesa de Ayuda,campo,soporte,desk/src/components/Settings/Assignment Rules/AssignmentRuleView.vue:68,desk/src/components/Settings/Assignment Rules/AssignmentRuleView.vue:68 || desk/src/components/Settings/Assignment Rules/AssignmentRulesListView.vue:30 || desk/src/components/customer/TicketsTab.vue:217 || desk/src/components/customer/TicketsTab.vue:250 || desk/src/pages/SearchAgent.vue:68 || desk/src/pages/SearchAgent.vue:69 || desk/src/pages/home/components/PendingTickets.vue:33 || helpdesk/helpdesk/doctype/hd_service_level_priority/hd_service_level_priority.json || helpdesk/helpdesk/doctype/hd_settings/hd_settings.json || helpdesk/helpdesk/doctype/hd_ticket/hd_ticket.json || helpdesk/helpdesk/doctype/hd_ticket_type/hd_ticket_type.json || helpdesk/helpdesk/web_form/tickets/tickets.json,desk/src/components/Settings/Assignment || Rules/AssignmentRuleView.vue:59 || Rules/AssignmentRulesListView.vue:30 || desk/src/pages/SearchAgent.vue:68 || desk/src/pages/SearchAgent.vue:69 || desk/src/pages/home/components/PendingTickets.vue:35 || helpdesk/helpdesk/doctype/hd_escalation_rule/hd_escalation_rule.json || helpdesk/helpdesk/doctype/hd_service_level_priority/hd_service_level_priority.json || helpdesk/helpdesk/doctype/hd_settings/hd_settings.json || helpdesk/helpdesk/doctype/hd_ticket/hd_ticket.json || helpdesk/helpdesk/doctype/hd_ticket_type/hd_ticket_type.json || helpdesk/helpdesk/web_form/tickets/tickets.json,client-js,tickets (Web Form),"[""Label of a field in the tickets Web Form"", ""Label of the priority (Link) field in DocType 'HD Service Level Priority'"", ""Label of the priority (Link) field in DocType 'HD Ticket Type'"", ""Label of the priority (Link) field in DocType 'HD Ticket'"", ""Label of the priority_section (Section Break) field in DocType 'HD Settings'""]",,,,,,,existente correcta,revisado inicial Helpdesk,sí,sí,,,LOCKED: Priority->Prioridad.,,,
helpdesk:0e5979d911246e38,helpdesk,helpdesk,helpdesk,helpdesk,,Helpdesk,Priority <u>{0}</u> must be included in the SLA {1}.,Priority <u>{0}</u> must be included in the SLA {1}.,,,La prioridad <u>{0}</u> debe incluirse en el ANS{1}.,,La prioridad <u>{0}</u> debe incluirse en el SLA {1}.,,,,,helpdesk/helpdesk/doctype/hd_service_level_agreement/hd_service_level_agreement.py:86,helpdesk/helpdesk/doctype/hd_service_level_agreement/hd_service_level_agreement.py:86,helpdesk/helpdesk/doctype/hd_service_level_agreement/hd_service_level_agreement.py:86,doctype-controller,Hd Service Level Agreement,[],{0};{1},{0};{1},{0};{1},ok,,,existente mejorable,revisado inicial Helpdesk,sí,sí,,,Revertido ANS->SLA; añadido espacio antes de {1}; HTML y placeholders preservados.,,,
helpdesk:941bfc671475d205,helpdesk,helpdesk,helpdesk,helpdesk,,Helpdesk,Priority {0} has been repeated.,Priority {0} has been repeated.,,,La prioridad {0} se ha repetido.,,La prioridad {0} se ha repetido.,,,,,helpdesk/helpdesk/doctype/hd_service_level_agreement/hd_service_level_agreement.py:75,helpdesk/helpdesk/doctype/hd_service_level_agreement/hd_service_level_agreement.py:75,helpdesk/helpdesk/doctype/hd_service_level_agreement/hd_service_level_agreement.py:75,doctype-controller,Hd Service Level Agreement,[],{0},{0},{0},ok,,,existente correcta,revisado inicial Helpdesk,sí,sí,,,Cross-app; {0} preservado.,,,
helpdesk:88a6a2ffb28ded41,helpdesk,helpdesk,src,src,,Src,Private Views,Private Views,,,Vistas privadas,,Vistas privadas,,,,,desk/src/components/layouts/AppSidebar.vue:261,desk/src/components/layouts/AppSidebar.vue:261 || desk/src/pages/ticket/Tickets.vue:370,desk/src/components/layouts/Sidebar.vue:309 || desk/src/pages/ticket/Tickets.vue:377,client-js,,[],,,,,,,existente correcta,revisado inicial Helpdesk,sí,sí,,,,,,
helpdesk:fd37095ce4d27ab0,helpdesk,helpdesk,src,src,,Src,Product Experts,Product Experts,,,Expertos en productos,,Expertos en productos,,,,,desk/src/components/Settings/Teams/NewTeam.vue:39,desk/src/components/Settings/Teams/NewTeam.vue:39 || desk/src/components/Settings/Teams/RenameTeamModal.vue:11,desk/src/components/Settings/Teams/NewTeam.vue:30 || desk/src/components/Settings/Teams/RenameTeamModal.vue:11,client-js,,[],,,,,,,existente correcta,revisado inicial Helpdesk,sí,sí,,,Correcta.,,,
helpdesk:b6b19be3f36bff07,helpdesk,helpdesk,src,src,,Src,Product experts,Product experts,,,Expertos en productos,,Expertos en productos,,,,,desk/src/components/Settings/NewTeamModal.vue:20,desk/src/components/Settings/NewTeamModal.vue:20,desk/src/components/Settings/NewTeamModal.vue:20,client-js,,[],,,,,,,existente correcta,revisado inicial Helpdesk,sí,sí,,,Correcta (placeholder de ejemplo).,,,
helpdesk:71c045eff38f8276,helpdesk,helpdesk,src,src,,Src,Profile,Profile,,,Perfil,,Perfil,,,,,desk/src/components/Settings/Profile/Profile.vue:3,desk/src/components/Settings/Profile/Profile.vue:3 || desk/src/components/Settings/settingsModal.ts:49,desk/src/components/Settings/Profile/Profile.vue:3,client-js,,[],,,,,,,existente correcta,revisado inicial Helpdesk,sí,sí,,,Cross-app: Profile->Perfil.,,,
helpdesk:bd06702d57c3fe1d,helpdesk,helpdesk,src,src,,Src,Profile Picture,Profile Picture,,,,,Foto de perfil,,,,,desk/src/composables/contact.ts:412,desk/src/composables/contact.ts:412,,client-js,,[],,,,,,,traducción propuesta,revisado inicial Helpdesk,sí,sí,,,Profile Picture→Foto de perfil (crossapp).,,,"POT-only: en el universo fresco, sin traducir"
helpdesk:2b988c20b8c1b9ba,helpdesk,helpdesk,src,src,,Src,Profile updated successfully.,Profile updated successfully.,,,Perfil actualizado con éxito.,,Perfil actualizado con éxito.,,,,,desk/src/components/Settings/Profile/Profile.vue:204,desk/src/components/Settings/Profile/Profile.vue:204,desk/src/components/Settings/Profile/Profile.vue:228,client-js,,[],,,,,,,existente correcta,revisado inicial Helpdesk,sí,sí,,,Cross-app: coincide con traducción aprobada.,,,
helpdesk:2785736c8dfbdf3b,helpdesk,helpdesk,helpdesk,helpdesk,,Helpdesk,Public,Public,,,Público,,Público,,Label of the public (Check) field in DocType 'HD View',etiqueta de campo/elemento,,helpdesk/helpdesk/doctype/hd_view/hd_view.json,helpdesk/helpdesk/doctype/hd_view/hd_view.json,helpdesk/helpdesk/doctype/hd_view/hd_view.json,doctype-json,Hd View,"[""Label of the public (Check) field in DocType 'HD View'""]",,,,,,,existente correcta,revisado inicial Helpdesk,sí,sí,,,crossapp 'Public'='Público'.,,,
helpdesk:d7dead73aac88545,helpdesk,helpdesk,src,src,,Src,Public Views,Public Views,,,,,Vistas públicas,,,,,desk/src/components/layouts/AppSidebar.vue:254,desk/src/components/layouts/AppSidebar.vue:254 || desk/src/pages/ticket/Tickets.vue:385,desk/src/components/layouts/Sidebar.vue:301 || desk/src/pages/ticket/Tickets.vue:392,client-js,,[],,,,,,,traducción propuesta,revisado inicial Helpdesk,sí,sí,,,,,,
helpdesk:f29404c18aec5f3e,helpdesk,helpdesk,src,src,,Src,Publish,Publish,,,Publicar,,Publicar,,,,,desk/src/pages/knowledge-base/Article.vue:21,desk/src/pages/knowledge-base/Article.vue:21,desk/src/pages/knowledge-base/Article.vue:21,client-js,,[],,,,,,,existente correcta,revisado inicial Helpdesk,sí,sí,,,crossapp: Publish→Publicar.,,,
helpdesk:f20f919a05b3500f,helpdesk,helpdesk,helpdesk,helpdesk;src,sí,Helpdesk,Published,Published,,,Publicado,,Publicado,,Option for the 'Status' (Select) field in DocType 'HD Article',opción de campo select,,desk/src/pages/knowledge-base/KnowledgeBaseAgent.vue:439,desk/src/pages/knowledge-base/KnowledgeBaseAgent.vue:439 || helpdesk/helpdesk/doctype/hd_article/hd_article.json,desk/src/pages/knowledge-base/KnowledgeBaseAgent.vue:443 || helpdesk/helpdesk/doctype/hd_article/hd_article.json,client-js,HD Article,"[""Option for the 'Status' (Select) field in DocType 'HD Article'""]",,,,,,,existente correcta,revisado inicial Helpdesk,sí,sí,,,Cross-app: Published->Publicado.,,,
helpdesk:98af9f2b61e58667,helpdesk,helpdesk,helpdesk,helpdesk,,Helpdesk,Published On,Published On,,,Publicado el,,Publicado el,,Label of the published_on (Datetime) field in DocType 'HD Article',etiqueta de campo/elemento,,helpdesk/helpdesk/doctype/hd_article/hd_article.json,helpdesk/helpdesk/doctype/hd_article/hd_article.json,helpdesk/helpdesk/doctype/hd_article/hd_article.json,doctype-json,Hd Article,"[""Label of the published_on (Datetime) field in DocType 'HD Article'""]",,,,,,,existente correcta,revisado inicial Helpdesk,sí,sí,,,Etiqueta datetime published_on.,,,
helpdesk:319e7a34732a0c44,helpdesk,helpdesk,helpdesk,helpdesk,,Helpdesk,Published articles must have content.,Published articles must have content.,,,Los artículos publicados deben tener contenido.,,Los artículos publicados deben tener contenido.,,,,,helpdesk/helpdesk/doctype/hd_article/hd_article.py:24,helpdesk/helpdesk/doctype/hd_article/hd_article.py:24,helpdesk/helpdesk/doctype/hd_article/hd_article.py:24,doctype-controller,Hd Article,[],,,,,,,existente correcta,revisado inicial Helpdesk,sí,sí,,,,,,
helpdesk:afbde66c1debd7b4,helpdesk,helpdesk,src,src,,Src,Pull Emails,Pull Emails,,,Comprobar correos electrónicos entrantes,,Comprobar correos electrónicos entrantes,,,,,desk/src/components/Settings/EmailEdit.vue:151,desk/src/components/Settings/EmailEdit.vue:151,desk/src/components/Settings/EmailEdit.vue:149,client-js,,[],,,,,,,existente correcta,revisado inicial Helpdesk,sí,sí,,,crossapp: Pull Emails.,,,
helpdesk:ca78822c9aec20e4,helpdesk,helpdesk,src,src,,Src,"Pulling emails, this may take a few minutes.","Pulling emails, this may take a few minutes.",,,"Extrayendo correos electrónicos, esto puede tardar unos minutos.",,"Obteniendo correos electrónicos, esto puede tardar unos minutos.",,,,,desk/src/components/Settings/EmailEdit.vue:408,desk/src/components/Settings/EmailEdit.vue:408,desk/src/components/Settings/EmailEdit.vue:407,client-js,,[],,,,,,,existente mejorable,revisado inicial Helpdesk,sí,sí,,,'Extrayendo' poco natural; 'Obteniendo' consistente con Pull.,,,
helpdesk:8e55e44c2f79070f,helpdesk,helpdesk,helpdesk,helpdesk,,Helpdesk,Quarterly,Quarterly,,,Trimestral,,Trimestral,,,,,helpdesk/helpdesk/report/ticket_analytics/ticket_analytics.js:36,helpdesk/helpdesk/report/ticket_analytics/ticket_analytics.js:36,helpdesk/helpdesk/report/ticket_analytics/ticket_analytics.js:36,report,,[],,,,,,,existente correcta,revisado inicial Helpdesk,sí,sí,,,Cross-app aprobado.,,,
helpdesk:1f487fe9a7dfafbd,helpdesk,helpdesk,src,src,,Src,Queued,Queued,,,En cola,,En cola,,,,,desk/src/pages/call-logs/CallLogModal.vue:213,desk/src/pages/call-logs/CallLogModal.vue:213,desk/src/pages/call-logs/CallLogModal.vue:213,client-js,,[],,,,,,,existente correcta,revisado inicial Helpdesk,sí,sí,,,crossapp Queued->En cola.,,,
helpdesk:0769609d59623dfc,helpdesk,helpdesk,helpdesk,helpdesk,,Helpdesk,Raised By (Email),Raised By (Email),,,Propuesto por (Email),,Propuesto por (Email),,Label of the raised_by (Data) field in DocType 'HD Ticket',etiqueta de campo/elemento,,helpdesk/helpdesk/doctype/hd_ticket/hd_ticket.json,helpdesk/helpdesk/doctype/hd_ticket/hd_ticket.json,helpdesk/helpdesk/doctype/hd_ticket/hd_ticket.json,doctype-json,Hd Ticket,"[""Label of the raised_by (Data) field in DocType 'HD Ticket'""]",,,,,,,existente correcta,revisado inicial Helpdesk,sí,sí,,,Cross-app aprobado (Raised By (Email)).,,,
helpdesk:696f92a898023e8b,helpdesk,helpdesk,helpdesk,helpdesk,,Helpdesk,Range,Range,,,Rango,,Rango,,,,,helpdesk/helpdesk/report/ticket_analytics/ticket_analytics.js:31,helpdesk/helpdesk/report/ticket_analytics/ticket_analytics.js:31,helpdesk/helpdesk/report/ticket_analytics/ticket_analytics.js:31,report,,[],,,,,,,existente correcta,revisado inicial Helpdesk,sí,sí,,,Cross-app aprobado.,,,
helpdesk:860ab3253f304ffd,helpdesk,helpdesk,helpdesk,helpdesk,,Helpdesk,Rate Your Support Experience,Rate Your Support Experience,,,Califica tu experiencia de soporte,,Califique su experiencia de soporte,,Title of the email-feedback Web Form,,,helpdesk/helpdesk/web_form/email_feedback/email_feedback.json,helpdesk/helpdesk/web_form/email_feedback/email_feedback.json,helpdesk/helpdesk/web_form/email_feedback/email_feedback.json,code,,"[""Title of the email-feedback Web Form""]",,,,,,,existente mejorable,revisado inicial Helpdesk + pase dirigido,sí,,,,Imperativo usted; su experiencia.,,,
helpdesk:85308578fc64d03e,helpdesk,helpdesk,src,src,,Src,Rate this ticket,Rate this ticket,,,Califica este ticket,,Califica este ticket,,,,,desk/src/pages/ticket/TicketFeedback.vue:4,desk/src/pages/ticket/TicketFeedback.vue:4,desk/src/pages/ticket/TicketFeedback.vue:4,client-js,,[],,,,,,,existente correcta,revisado inicial Helpdesk,sí,sí,,,Ticket protegido; tuteo natural en portal.,,,
helpdesk:8835314f627dfd60,helpdesk,helpdesk,api,api,,Api,Rated Tickets,Rated Tickets,,,Tickets calificados,,Tickets calificados,,,,,helpdesk/api/dashboard.py:383,helpdesk/api/dashboard.py:383,helpdesk/api/dashboard.py:373,python,,[],,,,,,,existente correcta,revisado inicial Helpdesk,sí,sí,,,,,,
helpdesk:8b51ff273f7f1847,helpdesk,helpdesk,helpdesk,api;helpdesk,sí,Helpdesk,Rating,Rating,,,Clasificación,,Calificación,,Label of the feedback_rating (Rating) field in DocType 'HD Ticket',etiqueta de campo/elemento,,helpdesk/api/dashboard.py:394,helpdesk/api/dashboard.py:394 || helpdesk/helpdesk/doctype/hd_ticket/hd_ticket.json || helpdesk/helpdesk/doctype/hd_ticket_feedback_option/hd_ticket_feedback_option.json,desk/src/pages/home/components/RecentFeedback.vue:318 || helpdesk/api/dashboard.py:384 || helpdesk/helpdesk/doctype/hd_ticket/hd_ticket.json || helpdesk/helpdesk/doctype/hd_ticket_feedback_option/hd_ticket_feedback_option.json,python,HD Ticket,"[""Label of the feedback_rating (Rating) field in DocType 'HD Ticket'"", ""Label of the rating (Rating) field in DocType 'HD Ticket Feedback Option'""]",,,,,,,existente mejorable,revisado inicial Helpdesk,sí,sí,,,Rating→Calificación (cross-app); 'Clasificación' es falso amigo/incorrecto.,,,
helpdesk:9f662c9619d0aac2,helpdesk,helpdesk,helpdesk,helpdesk,,Helpdesk,Rating must be between 0.2 and 1.0,Rating must be between 0.2 and 1.0,,,La calificación debe estar entre 0.2 y 1.0,,La calificación debe estar entre 0.2 y 1.0,,,,,helpdesk/helpdesk/doctype/hd_ticket_feedback_option/hd_ticket_feedback_option.py:23,helpdesk/helpdesk/doctype/hd_ticket_feedback_option/hd_ticket_feedback_option.py:23,helpdesk/helpdesk/doctype/hd_ticket_feedback_option/hd_ticket_feedback_option.py:23,doctype-controller,Hd Ticket Feedback Option,[],,,,,,,existente correcta,revisado inicial Helpdesk,sí,sí,,,Rating→calificación; natural.,,,
helpdesk:271e3f28fb0155e5,helpdesk,helpdesk,helpdesk,helpdesk,,Helpdesk,Rating {0} is not allowed,Rating {0} is not allowed,,,La calificación {0} no está permitida,,La calificación {0} no está permitida,,,,,helpdesk/helpdesk/doctype/hd_ticket_feedback_option/hd_ticket_feedback_option.py:19,helpdesk/helpdesk/doctype/hd_ticket_feedback_option/hd_ticket_feedback_option.py:19,helpdesk/helpdesk/doctype/hd_ticket_feedback_option/hd_ticket_feedback_option.py:19,doctype-controller,Hd Ticket Feedback Option,[],{0},{0},{0},ok,,,existente correcta,revisado inicial Helpdesk,sí,sí,,,Rating→calificación; placeholder {0} preservado.,,,
helpdesk:0aab24ce6d29da22,helpdesk,helpdesk,helpdesk,helpdesk,,Helpdesk,Reaction,Reaction,,,Reacción,,Reacción,,Option for the 'Type' (Select) field in DocType 'HD Notification',opción de campo select,,helpdesk/helpdesk/doctype/hd_notification/hd_notification.json,helpdesk/helpdesk/doctype/hd_notification/hd_notification.json,helpdesk/helpdesk/doctype/hd_notification/hd_notification.json,doctype-json,Hd Notification,"[""Option for the 'Type' (Select) field in DocType 'HD Notification'""]",,,,,,,existente correcta,revisado inicial Helpdesk,sí,sí,,,Opción de tipo de notificación.,,,
helpdesk:aa3886dc8c47e6a5,helpdesk,helpdesk,helpdesk,helpdesk,,Helpdesk,Reactions,Reactions,,,Reacciones,,Reacciones,,Label of the reactions (Table) field in DocType 'HD Ticket Comment',etiqueta de campo/elemento,,helpdesk/helpdesk/doctype/hd_ticket_comment/hd_ticket_comment.json,helpdesk/helpdesk/doctype/hd_ticket_comment/hd_ticket_comment.json,helpdesk/helpdesk/doctype/hd_ticket_comment/hd_ticket_comment.json,doctype-json,Hd Ticket Comment,"[""Label of the reactions (Table) field in DocType 'HD Ticket Comment'""]",,,,,,,existente correcta,revisado inicial Helpdesk,sí,sí,,,Natural MX.,,,
helpdesk:e2cb631b2ee3e706,helpdesk,helpdesk,helpdesk,helpdesk,,Helpdesk,Read,Read,,,Leer,,Leer,,Label of the read (Check) field in DocType 'HD Notification',etiqueta de campo/elemento,,helpdesk/helpdesk/doctype/hd_notification/hd_notification.json,helpdesk/helpdesk/doctype/hd_notification/hd_notification.json,helpdesk/helpdesk/doctype/hd_notification/hd_notification.json,doctype-json,Hd Notification,"[""Label of the read (Check) field in DocType 'HD Notification'""]",,,,,,,existente correcta,revisado inicial Helpdesk,sí,sí,,,Cross-app: Read->Leer (campo Check leído).,,,
helpdesk:b263d72af427faef,helpdesk,helpdesk,src,src,,Src,Reason,Reason,,,Razón,,Motivo,,,,,desk/src/pages/home/components/PendingTickets.vue:39,desk/src/pages/home/components/PendingTickets.vue:39,desk/src/pages/home/components/PendingTickets.vue:41,client-js,,[],,,,,,,existente mejorable,revisado inicial Helpdesk,sí,sí,,,Reason→Motivo (cross-app); 'Razón' inconsistente.,,,
helpdesk:68010d7774fb5826,helpdesk,helpdesk,src,src,,Src,Recent,Recent,,,,,Recientes,,,,,desk/src/pages/home/components/PendingTickets.vue:224,desk/src/pages/home/components/PendingTickets.vue:224,desk/src/pages/home/components/PendingTickets.vue:226,client-js,,[],,,,,,,traducción propuesta,revisado inicial Helpdesk,sí,sí,,,Encabezado de lista (tickets recientes).,,,
helpdesk:058ea4fa930d3cdf,helpdesk,helpdesk,src,src,,Src,Recent Tickets,Recent Tickets,,,,,Tickets recientes,,,,,desk/src/pages/home/components/PendingTickets.vue:231,desk/src/pages/home/components/PendingTickets.vue:231,desk/src/pages/home/components/PendingTickets.vue:233,client-js,,[],,,,,,,traducción propuesta,revisado inicial Helpdesk,sí,sí,,,Tickets protegido.,,,
helpdesk:a920b72ac659c9e2,helpdesk,helpdesk,src,src,,Src,Record Calls,Record Calls,,,,,Grabar llamadas,,,,,desk/src/components/Settings/Telephony/ExotelSettings.vue:40,desk/src/components/Settings/Telephony/ExotelSettings.vue:40 || desk/src/components/Settings/Telephony/TwilioSettings.vue:39,desk/src/components/Settings/Telephony/ExotelSettings.vue:30 || desk/src/components/Settings/Telephony/TwilioSettings.vue:29,client-js,,[],,,,,,,traducción propuesta,revisado inicial Helpdesk,sí,sí,,,Record Calls.,,,
helpdesk:59e5bf8d9464e8e7,helpdesk,helpdesk,src,src,,Src,Recurring Holidays,Recurring Holidays,,,,,Días festivos recurrentes,,,,,desk/src/components/Settings/Holiday/HolidayView.vue:133,desk/src/components/Settings/Holiday/HolidayView.vue:133,desk/src/components/Settings/Holiday/HolidayView.vue:114,client-js,,[],,,,,,,traducción propuesta,revisado inicial Helpdesk,sí,sí,,,Recurring Holidays.,,,
helpdesk:6f5a1b533973fad4,helpdesk,helpdesk,helpdesk,helpdesk;src,sí,Helpdesk,Recurring holidays,Recurring holidays,,,Vacaciones recurrentes,,Vacaciones recurrentes,,Label of the recurring_holidays (JSON) field in DocType 'HD Service Holiday List',etiqueta de campo/elemento,,desk/src/components/Settings/Holiday/HolidayView.vue:197,desk/src/components/Settings/Holiday/HolidayView.vue:197 || helpdesk/helpdesk/doctype/hd_service_holiday_list/hd_service_holiday_list.json,desk/src/components/Settings/Holiday/HolidayView.vue:178 || helpdesk/helpdesk/doctype/hd_service_holiday_list/hd_service_holiday_list.json,client-js,HD Service Holiday List,"[""Label of the recurring_holidays (JSON) field in DocType 'HD Service Holiday List'""]",,,,,,,existente correcta,revisado inicial Helpdesk,sí,sí,,,,,,
helpdesk:078aa24ce895b93b,helpdesk,helpdesk,helpdesk,helpdesk,,Helpdesk,Red,Red,,,Rojo,,Rojo,,Option for the 'Color' (Select) field in DocType 'HD Agent Status',opción de campo select,,helpdesk/helpdesk/doctype/hd_agent_status/hd_agent_status.json,helpdesk/helpdesk/doctype/hd_agent_status/hd_agent_status.json || helpdesk/helpdesk/doctype/hd_ticket_status/hd_ticket_status.json,helpdesk/helpdesk/doctype/hd_agent_status/hd_agent_status.json || helpdesk/helpdesk/doctype/hd_ticket_status/hd_ticket_status.json,doctype-json,Hd Agent Status,"[""Option for the 'Color' (Select) field in DocType 'HD Agent Status'"", ""Option for the 'Color' (Select) field in DocType 'HD Ticket Status'""]",,,,,,,existente correcta,revisado inicial Helpdesk,sí,sí,,,Red→Rojo (crossapp).,,,
helpdesk:dc6e840e6aa48bb7,helpdesk,helpdesk,src,src,,Src,Reddit,Reddit,,,,,Reddit,,,,,desk/src/pages/PersonaForm.vue:214,desk/src/pages/PersonaForm.vue:214,,client-js,,[],,,,,,,igual al inglés válida,revisado inicial Helpdesk,sí,sí,,,Nombre propio.,,,"POT-only: en el universo fresco, sin traducir"
helpdesk:498786953f3609b2,helpdesk,helpdesk,helpdesk,helpdesk,,Helpdesk,Reference,Reference,,,Referencia,,Referencia,,Label of the reference_tab (Tab Break) field in DocType 'HD Ticket',etiqueta de campo/elemento,,helpdesk/helpdesk/doctype/hd_ticket/hd_ticket.json,helpdesk/helpdesk/doctype/hd_ticket/hd_ticket.json,helpdesk/helpdesk/doctype/hd_ticket/hd_ticket.json,doctype-json,Hd Ticket,"[""Label of the reference_tab (Tab Break) field in DocType 'HD Ticket'""]",,,,,,,existente correcta,revisado inicial Helpdesk,sí,sí,,,Cross-app aprobado.,,,
helpdesk:e8288ac4e915dd80,helpdesk,helpdesk,helpdesk,helpdesk,,Helpdesk,Reference Ticket,Reference Ticket,,,Ticket de referencia,,Ticket de referencia,,Label of the reference_ticket (Link) field in DocType 'HD Ticket Comment',etiqueta de campo/elemento,,helpdesk/helpdesk/doctype/hd_ticket_comment/hd_ticket_comment.json,helpdesk/helpdesk/doctype/hd_ticket_comment/hd_ticket_comment.json,helpdesk/helpdesk/doctype/hd_ticket_comment/hd_ticket_comment.json,doctype-json,Hd Ticket Comment,"[""Label of the reference_ticket (Link) field in DocType 'HD Ticket Comment'""]",,,,,,,existente correcta,revisado inicial Helpdesk,sí,sí,,,Ticket protegido; Reference→referencia.,,,
helpdesk:e6e916fa42477964,helpdesk,helpdesk,helpdesk,helpdesk,,Helpdesk,References,References,,,Referencias,,Referencias,,Label of the references_section (Section Break) field in DocType 'HD Notification',etiqueta de campo/elemento,,helpdesk/helpdesk/doctype/hd_customer/hd_customer.json,helpdesk/helpdesk/doctype/hd_customer/hd_customer.json || helpdesk/helpdesk/doctype/hd_notification/hd_notification.json,helpdesk/helpdesk/doctype/hd_customer/hd_customer.json || helpdesk/helpdesk/doctype/hd_notification/hd_notification.json,doctype-json,Hd Customer,"[""Label of the references_section (Section Break) field in DocType 'HD Notification'"", ""Label of the references_tab (Tab Break) field in DocType 'HD Customer'""]",,,,,,,existente correcta,revisado inicial Helpdesk,sí,sí,,,References→Referencias (crossapp).,,,
helpdesk:9a527a244017aa80,helpdesk,helpdesk,src,src,,Src,Refresh,Refresh,,,Actualizar,,Actualizar,,,,,desk/src/pages/home/Home.vue:11,desk/src/pages/home/Home.vue:11,desk/src/pages/home/Home.vue:11,client-js,,[],,,,,,,existente correcta,revisado inicial Helpdesk,sí,sí,,,crossapp Refresh->Actualizar.,,,
helpdesk:9314a516d9dcfd4d,helpdesk,helpdesk,src,src,,Src,Refresh Apps,Refresh Apps,,,Refrescar aplicaciones,,Actualizar aplicaciones,,,,,desk/src/components/Settings/Telephony/TwilioSettings.vue:85,desk/src/components/Settings/Telephony/TwilioSettings.vue:85,desk/src/components/Settings/Telephony/TwilioSettings.vue:75,client-js,,[],,,,,,,existente mejorable,revisado inicial Helpdesk,sí,sí,,,'Refrescar aplicaciones' poco natural MX; 'Actualizar' es lo estándar (Refresh=Actualizar en glosario).,,,
helpdesk:3f84c3376a5d9486,helpdesk,helpdesk,helpdesk,helpdesk,,Helpdesk,Regenerate Search Index,Regenerate Search Index,,,Regenerar índice de búsqueda,,Regenerar índice de búsqueda,,,,,helpdesk/helpdesk/doctype/hd_settings/hd_settings.js:6,helpdesk/helpdesk/doctype/hd_settings/hd_settings.js:6,helpdesk/helpdesk/doctype/hd_settings/hd_settings.js:6,doctype-controller,Hd Settings,[],,,,,,,existente correcta,revisado inicial Helpdesk,sí,sí,,,Correcta y natural.,,,
helpdesk:2719f70a7764ac16,helpdesk,helpdesk,src,src,,Src,Remove,Remove,,,Eliminar,,Eliminar,,,,,desk/src/components/Settings/General/components/LogoUpload.vue:48,desk/src/components/Settings/General/components/LogoUpload.vue:48 || desk/src/components/Settings/Profile/UserEmailSettings.vue:88 || desk/src/components/contact/ContactInputRow.vue:45 || desk/src/components/contact/ContactInputRow.vue:50,desk/src/components/Settings/General/components/LogoUpload.vue:48 || desk/src/components/Settings/Profile/UserEmailSettings.vue:75,client-js,,[],,,,,,,existente correcta,revisado inicial Helpdesk,sí,sí,,,Cross-app: Remove->Eliminar.,,,
helpdesk:2f83d9b0f953e39f,helpdesk,helpdesk,src,src,,Src,Remove Contact,Remove Contact,,,,,Quitar contacto,,,,,desk/src/components/customer/ContactCard.vue:190,desk/src/components/customer/ContactCard.vue:190 || desk/src/components/customer/ContactCard.vue:294,,client-js,,[],,,,,,,traducción propuesta,revisado inicial Helpdesk,sí,sí,,,Remove Contact; Contact→Contacto.,,,"POT-only: en el universo fresco, sin traducir"
helpdesk:347f8604079f16fa,helpdesk,helpdesk,src,src,,Src,Remove Logo,Remove Logo,,,Eliminar logotipo,,Eliminar logotipo,,,,,desk/src/components/Settings/General/components/Branding.vue:110,desk/src/components/Settings/General/components/Branding.vue:110,desk/src/components/Settings/General/components/Branding.vue:110,client-js,,[],,,,,,,existente correcta,revisado inicial Helpdesk,sí,sí,,,Remove Logo.,,,
helpdesk:6b77f191e2c25cb9,helpdesk,helpdesk,src,src,,Src,Remove Photo,Remove Photo,,,,,Eliminar foto,,,,,desk/src/components/Settings/Profile/Profile.vue:173,desk/src/components/Settings/Profile/Profile.vue:173,desk/src/components/Settings/Profile/Profile.vue:197,client-js,,[],,,,,,,traducción propuesta,revisado inicial Helpdesk,sí,sí,,,Remove Photo.,,,
helpdesk:50f452408ced6f43,helpdesk,helpdesk,src,src,,Src,Remove filter,Remove filter,,,,,Eliminar filtro,,,,,desk/src/components/view-controls/filter/Filter.vue:74,desk/src/components/view-controls/filter/Filter.vue:74 || desk/src/components/view-controls/filter/Filter.vue:75,,client-js,,[],,,,,,,traducción propuesta,revisado inicial Helpdesk,sí,sí,,,Remove->Eliminar.,,,"POT-only: en el universo fresco, sin traducir"
helpdesk:1a593e879cf7b6ab,helpdesk,helpdesk,src,src,,Src,Remove image,Remove image,,,,,Eliminar imagen,,,,,desk/src/components/ImageAvatar.vue:25,desk/src/components/ImageAvatar.vue:25,,client-js,,[],,,,,,,traducción propuesta,revisado inicial Helpdesk,sí,sí,,,Remove->Eliminar.,,,"POT-only: en el universo fresco, sin traducir"
helpdesk:83b126007711fe4a,helpdesk,helpdesk,src,src,,Src,Remove primary,Remove primary,,,,,Quitar como principal,,,,,desk/src/components/contact/ContactInputRow.vue:20,desk/src/components/contact/ContactInputRow.vue:20 || desk/src/components/contact/ContactInputRow.vue:24,,client-js,,[],,,,,,,traducción propuesta,revisado inicial Helpdesk,sí,sí,,,Remove primary (contacto principal).,,,"POT-only: en el universo fresco, sin traducir"
helpdesk:6bd2533bcf5787a1,helpdesk,helpdesk,src,src,,Src,Rename,Rename,,,Renombrar,,Renombrar,,,,,desk/src/components/Settings/Teams/TeamEdit.vue:263,desk/src/components/Settings/Teams/TeamEdit.vue:263 || desk/src/components/Settings/Teams/TeamsList.vue:160 || desk/src/components/ticket-agent/TicketSubjectModal.vue:21 || desk/src/pages/ticket/MobileTicketAgent.vue:130,desk/src/components/Settings/Teams/TeamEdit.vue:252 || desk/src/components/Settings/Teams/TeamsList.vue:161 || desk/src/components/ticket-agent/TicketSubjectModal.vue:21 || desk/src/pages/ticket/MobileTicketAgent.vue:132,client-js,,[],,,,,,,existente correcta,revisado inicial Helpdesk,sí,sí,,,Cross-app: Rename->Renombrar.,,,
helpdesk:6ddd84ee24c86ebe,helpdesk,helpdesk,src,src,,Src,Rename (Ctrl + ⏎),Rename (Ctrl + ⏎),,,,,Renombrar (Ctrl + ⏎),,,,,desk/src/components/ticket-agent/TicketSubjectModal.vue:24,desk/src/components/ticket-agent/TicketSubjectModal.vue:24,desk/src/components/ticket-agent/TicketSubjectModal.vue:24,client-js,,[],,,,,,,traducción propuesta,revisado inicial Helpdesk,sí,sí,,,Ctrl y ⏎ preservados.,,,
helpdesk:2f57506a68e8f921,helpdesk,helpdesk,src,src,,Src,Rename (⌘ + ⏎),Rename (⌘ + ⏎),,,,,Renombrar (⌘ + ⏎),,,,,desk/src/components/ticket-agent/TicketSubjectModal.vue:23,desk/src/components/ticket-agent/TicketSubjectModal.vue:23,desk/src/components/ticket-agent/TicketSubjectModal.vue:23,client-js,,[],,,,,,,traducción propuesta,revisado inicial Helpdesk,sí,sí,,,⌘ y ⏎ preservados.,,,
helpdesk:6c025db728cf2abd,helpdesk,helpdesk,src,src,,Src,Rename team,Rename team,,,Cambiar nombre del equipo,,Cambiar nombre del equipo,,,,,desk/src/components/Settings/Teams/RenameTeamModal.vue:63,desk/src/components/Settings/Teams/RenameTeamModal.vue:63,desk/src/components/Settings/Teams/RenameTeamModal.vue:63,client-js,,[],,,,,,,existente correcta,revisado inicial Helpdesk,sí,sí,,,Correcta.,,,
helpdesk:ef22bfd4835574c9,helpdesk,helpdesk,src,src,,Src,Replace filter,Replace filter,,,,,Reemplazar filtro,,,,,desk/src/components/view-controls/filter/Filter.vue:66,desk/src/components/view-controls/filter/Filter.vue:66 || desk/src/components/view-controls/filter/Filter.vue:67,,client-js,,[],,,,,,,traducción propuesta,revisado inicial Helpdesk,sí,sí,,,,,,"POT-only: en el universo fresco, sin traducir"
helpdesk:d451e8bc20365b5f,helpdesk,helpdesk,src,src,,Src,Replace image,Replace image,,,,,Reemplazar imagen,,,,,desk/src/components/ImageAvatar.vue:17,desk/src/components/ImageAvatar.vue:17,,client-js,,[],,,,,,,traducción propuesta,revisado inicial Helpdesk,sí,sí,,,,,,"POT-only: en el universo fresco, sin traducir"
helpdesk:74b2834f32cfa375,helpdesk,helpdesk,src,src,,Src,Replace with an icon...,Replace with an icon...,,,,,Reemplazar con un icono...,,,,,desk/src/components/ViewModal.vue:32,desk/src/components/ViewModal.vue:32,,client-js,,[],,,,,,,traducción propuesta,revisado inicial Helpdesk,sí,sí,,,,,,"POT-only: en el universo fresco, sin traducir"
helpdesk:f48bc73d624f0c66,helpdesk,helpdesk,helpdesk,helpdesk,,Helpdesk,Replied,Replied,,,Respondido,,Respondido,,Option in a Select field in the tickets Web Form,opción de campo select,,helpdesk/helpdesk/web_form/tickets/tickets.json,helpdesk/helpdesk/web_form/tickets/tickets.json,helpdesk/helpdesk/web_form/tickets/tickets.json,code,tickets (Web Form),"[""Option in a Select field in the tickets Web Form""]",,,,,,,existente correcta,revisado inicial Helpdesk,sí,sí,,,Cross-app: Replied->Respondido.,,,
helpdesk:5bb6b0ef0b7a95b3,helpdesk,helpdesk,src,src,,Mesa de Ayuda,Reply,Reply,,,Responder,,Responder,,Mesa de Ayuda,botón/acción,soporte,desk/src/components/EmailArea.vue:54,desk/src/components/EmailArea.vue:54,desk/src/components/EmailArea.vue:54,client-js,,[],,,,,,,existente correcta,revisado inicial Helpdesk,sí,sí,,,LOCKED (decisión humana): Reply→Responder verbatim.,,,
helpdesk:dbad41707a027ff9,helpdesk,helpdesk,src,src,,Src,Reply All,Reply All,,,Responder a todos,,Responder a todos,,,,,desk/src/components/EmailArea.vue:59,desk/src/components/EmailArea.vue:59,desk/src/components/EmailArea.vue:59,client-js,,[],,,,,,,existente correcta,revisado inicial Helpdesk,sí,sí,,,crossapp: Reply All→Responder a todos.,,,
helpdesk:a5a640abaf191a2b,helpdesk,helpdesk,helpdesk,helpdesk,,Helpdesk,Reply From Agent,Reply From Agent,,,Respuesta del agente,,Respuesta del agente,,Label of the reply_from_agent_section (Section Break) field in DocType 'HD Settings',etiqueta de campo/elemento,,helpdesk/helpdesk/doctype/hd_settings/hd_settings.json,helpdesk/helpdesk/doctype/hd_settings/hd_settings.json,helpdesk/helpdesk/doctype/hd_settings/hd_settings.json,doctype-json,Hd Settings,"[""Label of the reply_from_agent_section (Section Break) field in DocType 'HD Settings'""]",,,,,,,existente correcta,revisado inicial Helpdesk,sí,sí,,,Reply From Agent (sección); agente=Agent.,,,
helpdesk:6f19185f3cc46f6f,helpdesk,helpdesk,helpdesk,helpdesk,,Helpdesk,Reply From Contact,Reply From Contact,,,Respuesta del contacto,,Respuesta del contacto,,Label of the reply_from_contact_section (Section Break) field in DocType 'HD Settings',etiqueta de campo/elemento,,helpdesk/helpdesk/doctype/hd_settings/hd_settings.json,helpdesk/helpdesk/doctype/hd_settings/hd_settings.json,helpdesk/helpdesk/doctype/hd_settings/hd_settings.json,doctype-json,Hd Settings,"[""Label of the reply_from_contact_section (Section Break) field in DocType 'HD Settings'""]",,,,,,,existente correcta,revisado inicial Helpdesk,sí,sí,,,Contact=Contacto; correcta.,,,
helpdesk:0d61b53a71cb3aa5,helpdesk,helpdesk,src,src,,Src,Reply from agent,Reply from agent,,,Respuesta del agente,,Respuesta del agente,,,,,desk/src/components/Settings/EmailNotifications/NotificationList.vue:84,desk/src/components/Settings/EmailNotifications/NotificationList.vue:84,desk/src/components/Settings/EmailNotifications/NotificationList.vue:84,client-js,,[],,,,,,,existente correcta,revisado inicial Helpdesk,sí,sí,,,Reply (sustantivo aquí)→Respuesta; Agent→agente.,,,
helpdesk:968aa2bdfdc1d46d,helpdesk,helpdesk,src,src,,Src,Reply from contact,Reply from contact,,,Respuesta del contacto,,Respuesta del contacto,,,,,desk/src/components/Settings/EmailNotifications/NotificationList.vue:77,desk/src/components/Settings/EmailNotifications/NotificationList.vue:77,desk/src/components/Settings/EmailNotifications/NotificationList.vue:77,client-js,,[],,,,,,,existente correcta,revisado inicial Helpdesk,sí,sí,,,Contact→contacto.,,,
helpdesk:5931462a13242eb1,helpdesk,helpdesk,src,src,,Src,Reply on a ticket,Reply on a ticket,,,Responder a un ticket,,Responder a un ticket,,,,,desk/src/components/layouts/Sidebar.vue:284,desk/src/components/layouts/Sidebar.vue:284,desk/src/components/layouts/Sidebar.vue:494,client-js,,[],,,,,,,existente correcta,revisado inicial Helpdesk,sí,sí,,,Reply->Responder.,,,
helpdesk:79f9eb3348e8dd56,helpdesk,helpdesk,helpdesk,helpdesk,,Helpdesk,Required,Required,,,Requerido,,Requerido,,Label of the required (Check) field in DocType 'HD Ticket Template Field',etiqueta de campo/elemento,,helpdesk/helpdesk/doctype/hd_ticket_template_field/hd_ticket_template_field.json,helpdesk/helpdesk/doctype/hd_ticket_template_field/hd_ticket_template_field.json,helpdesk/helpdesk/doctype/hd_ticket_template_field/hd_ticket_template_field.json,doctype-json,Hd Ticket Template Field,"[""Label of the required (Check) field in DocType 'HD Ticket Template Field'""]",,,,,,,existente correcta,revisado inicial Helpdesk,sí,sí,,,Correcta para etiqueta de campo obligatorio.,,,
helpdesk:35426c8c2e1534c7,helpdesk,helpdesk,src,src,,Src,Resend Invite,Resend Invite,,,,,Reenviar invitación,,,,,desk/src/pages/contact/Contact.vue:281,desk/src/pages/contact/Contact.vue:281,,client-js,,[],,,,,,,traducción propuesta,revisado inicial Helpdesk,sí,sí,,,Resend Invite.,,,"POT-only: en el universo fresco, sin traducir"
helpdesk:735c703e14f86ce6,helpdesk,helpdesk,src,src,,Src,Reset,Reset,,,Reiniciar,,Restablecer,,,,,desk/src/components/SelectDropdown.vue:47,desk/src/components/SelectDropdown.vue:47 || desk/src/pages/home/Home.vue:19,desk/src/components/SelectDropdown.vue:47 || desk/src/pages/home/Home.vue:19,client-js,,[],,,,,,,existente mejorable,revisado inicial Helpdesk,sí,sí,,,crossapp Reset->Restablecer; 'Reiniciar' es incorrecto para Reset de filtros.,,,
helpdesk:4d8e34cfd3f92a6b,helpdesk,helpdesk,src,src,,Src,Reset Content,Reset Content,,,Restablecer contenido,,Restablecer contenido,,,,,desk/src/components/Settings/EmailNotifications/Notification.vue:89,desk/src/components/Settings/EmailNotifications/Notification.vue:89 || desk/src/components/Settings/General/components/TicketSettings.vue:252,desk/src/components/Settings/EmailNotifications/Notification.vue:89 || desk/src/components/Settings/General/components/TicketSettings.vue:252,client-js,,[],,,,,,,existente correcta,revisado inicial Helpdesk,sí,sí,,,,,,
helpdesk:bc1f4d424abfaeb5,helpdesk,helpdesk,src,src,,Src,Reset content,Reset content,,,Restablecer contenido,,Restablecer contenido,,,,,desk/src/components/Settings/EmailNotifications/Notification.vue:114,desk/src/components/Settings/EmailNotifications/Notification.vue:114,desk/src/components/Settings/EmailNotifications/Notification.vue:114,client-js,,[],,,,,,,existente correcta,revisado inicial Helpdesk,sí,sí,,,,,,
helpdesk:c2c2f4487a109d97,helpdesk,helpdesk,src,src,,Src,Reset password email sent successfully,Reset password email sent successfully,,,,,Correo de restablecimiento de contraseña enviado correctamente,,,,,desk/src/composables/contact.ts:555,desk/src/composables/contact.ts:555,,client-js,,[],,,,,,,traducción propuesta,revisado inicial Helpdesk,sí,sí,,,Reset password email sent successfully.,,,"POT-only: en el universo fresco, sin traducir"
helpdesk:ed771e9fe526d4e8,helpdesk,helpdesk,helpdesk,helpdesk;src,sí,Helpdesk,Resolution,Resolution,,,Resolución,,Resolución,,Label of the resolution_tab (Tab Break) field in DocType 'HD Ticket',etiqueta de campo/elemento,,desk/src/components/customer/TicketsTab.vue:226,desk/src/components/customer/TicketsTab.vue:226 || helpdesk/helpdesk/doctype/hd_ticket/hd_ticket.json,helpdesk/helpdesk/doctype/hd_ticket/hd_ticket.json,client-js,HD Ticket,"[""Label of the resolution_tab (Tab Break) field in DocType 'HD Ticket'""]",,,,,,,existente correcta,revisado inicial Helpdesk,sí,sí,,,Resolution→Resolución (cross-app).,,,
helpdesk:dba6c21e102db364,helpdesk,helpdesk,helpdesk,helpdesk,,Helpdesk,Resolution By,Resolution By,,,Resolución por,,Resolución por,,Label of the resolution_by (Datetime) field in DocType 'HD Ticket',etiqueta de campo/elemento,,helpdesk/helpdesk/doctype/hd_ticket/hd_ticket.json,helpdesk/helpdesk/doctype/hd_ticket/hd_ticket.json,helpdesk/helpdesk/doctype/hd_ticket/hd_ticket.json,doctype-json,Hd Ticket,"[""Label of the resolution_by (Datetime) field in DocType 'HD Ticket'""]",,,,,,,existente correcta,revisado inicial Helpdesk,sí,sí,,,Cross-app aprobado.,,,
helpdesk:f2b2ff75a90df414,helpdesk,helpdesk,helpdesk,helpdesk,,Helpdesk,Resolution Date,Resolution Date,,,Fecha de resolución,,Fecha de resolución,,Label of the resolution_date (Datetime) field in DocType 'HD Ticket',etiqueta de campo/elemento,,helpdesk/helpdesk/doctype/hd_ticket/hd_ticket.json,helpdesk/helpdesk/doctype/hd_ticket/hd_ticket.json,helpdesk/helpdesk/doctype/hd_ticket/hd_ticket.json,doctype-json,Hd Ticket,"[""Label of the resolution_date (Datetime) field in DocType 'HD Ticket'""]",,,,,,,existente correcta,revisado inicial Helpdesk,sí,sí,,,Cross-app aprobado.,,,
helpdesk:4064775096405df4,helpdesk,helpdesk,helpdesk,helpdesk,,Helpdesk,Resolution Details,Resolution Details,,,Detalles de la resolución,,Detalles de la resolución,,Label of the resolution_details (Text Editor) field in DocType 'HD Ticket',etiqueta de campo/elemento,,helpdesk/helpdesk/doctype/hd_ticket/hd_ticket.json,helpdesk/helpdesk/doctype/hd_ticket/hd_ticket.json,helpdesk/helpdesk/doctype/hd_ticket/hd_ticket.json,doctype-json,Hd Ticket,"[""Label of the resolution_details (Text Editor) field in DocType 'HD Ticket'""]",,,,,,,existente correcta,revisado inicial Helpdesk,sí,sí,,,Cross-app aprobado.,,,
helpdesk:b5b6cc228064d832,helpdesk,helpdesk,helpdesk,helpdesk,,Helpdesk,Resolution Due,Resolution Due,,,Resolución pendiente,,Resolución pendiente,,Option for the 'SLA Status' (Select) field in DocType 'HD Ticket',opción de campo select,,helpdesk/helpdesk/doctype/hd_ticket/hd_ticket.json,helpdesk/helpdesk/doctype/hd_ticket/hd_ticket.json,helpdesk/helpdesk/doctype/hd_ticket/hd_ticket.json,doctype-json,Hd Ticket,"[""Option for the 'SLA Status' (Select) field in DocType 'HD Ticket'""]",,,,,,,existente correcta,revisado inicial Helpdesk,sí,sí,,,Cross-app aprobado (Resolution Due).,,,
helpdesk:fb2c71d0780b7f0a,helpdesk,helpdesk,helpdesk,helpdesk,,Helpdesk,Resolution Failed By,Resolution Failed By,,,,,Resolución incumplida el,,Label of the resolution_failed_by (Duration) field in DocType 'HD Ticket',etiqueta de campo/elemento,,helpdesk/helpdesk/doctype/hd_ticket/hd_ticket.json,helpdesk/helpdesk/doctype/hd_ticket/hd_ticket.json,helpdesk/helpdesk/doctype/hd_ticket/hd_ticket.json,doctype-json,Hd Ticket,"[""Label of the resolution_failed_by (Duration) field in DocType 'HD Ticket'""]",,,,,,,traducción propuesta,revisado inicial Helpdesk,sí,sí,,,Campo 'resolution_failed_by' (Duration); paralelo a first_response_failed_by.,,,
helpdesk:11ca4dde9426f528,helpdesk,helpdesk,helpdesk,helpdesk,,Helpdesk,Resolution Time,Resolution Time,,,Tiempo de resolucion,,Tiempo de resolución,,Label of the resolution_time (Duration) field in DocType 'HD Service Level Priority',etiqueta de campo/elemento,,helpdesk/helpdesk/doctype/hd_service_level_priority/hd_service_level_priority.json,helpdesk/helpdesk/doctype/hd_service_level_priority/hd_service_level_priority.json || helpdesk/helpdesk/doctype/hd_ticket/hd_ticket.json,helpdesk/helpdesk/doctype/hd_service_level_priority/hd_service_level_priority.json || helpdesk/helpdesk/doctype/hd_ticket/hd_ticket.json,doctype-json,Hd Service Level Priority,"[""Label of the resolution_time (Duration) field in DocType 'HD Service Level Priority'"", ""Label of the resolution_time (Duration) field in DocType 'HD Ticket'""]",,,,,,,existente mejorable,revisado inicial Helpdesk,sí,sí,,,Falta tilde en 'resolucion' del upstream.,,,
helpdesk:8647afafea6229ef,helpdesk,helpdesk,helpdesk,helpdesk,,Mesa de Ayuda,Resolved,Resolved,,,Resuelto,,Resuelto,,Mesa de Ayuda,estado,soporte,helpdesk/helpdesk/doctype/hd_ticket_status/hd_ticket_status.json,helpdesk/helpdesk/doctype/hd_ticket_status/hd_ticket_status.json,helpdesk/helpdesk/doctype/hd_ticket_status/hd_ticket_status.json,doctype-json,Hd Ticket Status,"[""Option for the 'Category' (Select) field in DocType 'HD Ticket Status'""]",,,,,,,existente correcta,revisado inicial Helpdesk,sí,sí,,,LOCKED: Resolved->Resuelto.,,,
helpdesk:20d3aafa51850350,helpdesk,helpdesk,helpdesk,helpdesk;src,sí,Helpdesk,Response,Response,,,Respuesta,,Respuesta,,Label of the response_tab (Tab Break) field in DocType 'HD Ticket',etiqueta de campo/elemento,,desk/src/components/Settings/SavedReplies/SavedReplyView.vue:99,desk/src/components/Settings/SavedReplies/SavedReplyView.vue:99 || helpdesk/helpdesk/doctype/hd_ticket/hd_ticket.json,desk/src/components/Settings/SavedReplies/SavedReplyView.vue:89 || helpdesk/helpdesk/doctype/hd_ticket/hd_ticket.json,client-js,HD Ticket,"[""Label of the response_tab (Tab Break) field in DocType 'HD Ticket'""]",,,,,,,existente correcta,revisado inicial Helpdesk,sí,sí,,,Response→Respuesta (cross-app).,,,
helpdesk:7e0a335f226a813b,helpdesk,helpdesk,helpdesk,helpdesk,,Helpdesk,Response By,Response By,,,Respuesta por,,Respuesta por,,Label of the response_by (Datetime) field in DocType 'HD Ticket',etiqueta de campo/elemento,,helpdesk/helpdesk/doctype/hd_ticket/hd_ticket.json,helpdesk/helpdesk/doctype/hd_ticket/hd_ticket.json,helpdesk/helpdesk/doctype/hd_ticket/hd_ticket.json,doctype-json,Hd Ticket,"[""Label of the response_by (Datetime) field in DocType 'HD Ticket'""]",,,,,,,existente correcta,revisado inicial Helpdesk,sí,sí,,,Cross-app aprobado (Response By).,,,
helpdesk:10c54ee6f88f29c1,helpdesk,helpdesk,helpdesk,helpdesk,,Helpdesk,Response Time for {0} priority in row {1} can't be greater than Resolution Time.,Response Time for {0} priority in row {1} can't be greater than Resolution Time.,,,El tiempo de respuesta para la {0} prioridad en la fila {1} no puede ser mayor que el tiempo de resolución.,,El tiempo de respuesta para la {0} prioridad en la fila {1} no puede ser mayor que el tiempo de resolución.,,,,,helpdesk/helpdesk/doctype/hd_service_level_agreement/hd_service_level_agreement.py:65,helpdesk/helpdesk/doctype/hd_service_level_agreement/hd_service_level_agreement.py:65,helpdesk/helpdesk/doctype/hd_service_level_agreement/hd_service_level_agreement.py:65,doctype-controller,Hd Service Level Agreement,[],{0};{1},{0};{1},{0};{1},ok,,,existente correcta,revisado inicial Helpdesk,sí,sí,,,Cross-app aprobado exacto; {0}{1} preservados.,,,
helpdesk:32dd3371a5091cf6,helpdesk,helpdesk,helpdesk,helpdesk;src,sí,Helpdesk,Response and Resolution,Response and Resolution,,,Respuesta y resolución,,Respuesta y resolución,,Label of the response_and_resolution_time_section (Section Break) field in DocType 'HD Service Level Agreement',etiqueta de campo/elemento,,desk/src/components/Settings/Sla/SlaPolicyView.vue:188,desk/src/components/Settings/Sla/SlaPolicyView.vue:188 || helpdesk/helpdesk/doctype/hd_service_level_agreement/hd_service_level_agreement.json,desk/src/components/Settings/Sla/SlaPolicyView.vue:179 || helpdesk/helpdesk/doctype/hd_service_level_agreement/hd_service_level_agreement.json,client-js,HD Service Level Agreement,"[""Label of the response_and_resolution_time_section (Section Break) field in DocType 'HD Service Level Agreement'""]",,,,,,,existente correcta,revisado inicial Helpdesk,sí,sí,,,Cross-app Response and Resolution.,,,
helpdesk:26ca1713da6671e9,helpdesk,helpdesk,src,src,,Src,Response is required,Response is required,,,La respuesta es obligatoria,,La respuesta es obligatoria,,,,,desk/src/components/Settings/SavedReplies/SavedReplyView.vue:415,desk/src/components/Settings/SavedReplies/SavedReplyView.vue:415,desk/src/components/Settings/SavedReplies/SavedReplyView.vue:407,client-js,,[],,,,,,,existente correcta,revisado inicial Helpdesk,sí,sí,,,Response is required; Response->Respuesta.,,,
helpdesk:eb2cb550475cf449,helpdesk,helpdesk,helpdesk,helpdesk,,Helpdesk,Restrict agent assignment to selected Team,Restrict agent assignment to selected Team,,,Restringir la asignación de agentes al equipo seleccionado,,Restringir la asignación de agentes al equipo seleccionado,,Label of the assign_within_team (Check) field in DocType 'HD Settings',etiqueta de campo/elemento,,helpdesk/helpdesk/doctype/hd_settings/hd_settings.json,helpdesk/helpdesk/doctype/hd_settings/hd_settings.json,helpdesk/helpdesk/doctype/hd_settings/hd_settings.json,doctype-json,Hd Settings,"[""Label of the assign_within_team (Check) field in DocType 'HD Settings'""]",,,,,,,existente correcta,revisado inicial Helpdesk,sí,sí,,,"agentes, equipo; correcta.",,,
helpdesk:b9ae8c4198d64b95,helpdesk,helpdesk,src,src,,Src,Restrict agent assignment to selected team,Restrict agent assignment to selected team,,,,,Restringir la asignación de agentes al equipo seleccionado,,,,,desk/src/components/Settings/General/components/TicketSettings.vue:57,desk/src/components/Settings/General/components/TicketSettings.vue:57,desk/src/components/Settings/General/components/TicketSettings.vue:57,client-js,,[],,,,,,,traducción propuesta,revisado inicial Helpdesk,sí,sí,,,,,,
helpdesk:b85cc078d4c6f1d4,helpdesk,helpdesk,helpdesk,helpdesk,,Helpdesk,Restrict tickets by Team,Restrict tickets by Team,,,Restringir tickets por equipo,,Restringir tickets por equipo,,Label of the restrict_tickets_by_agent_group (Check) field in DocType 'HD Settings',etiqueta de campo/elemento,,helpdesk/helpdesk/doctype/hd_settings/hd_settings.json,helpdesk/helpdesk/doctype/hd_settings/hd_settings.json,helpdesk/helpdesk/doctype/hd_settings/hd_settings.json,doctype-json,Hd Settings,"[""Label of the restrict_tickets_by_agent_group (Check) field in DocType 'HD Settings'""]",,,,,,,existente correcta,revisado inicial Helpdesk,sí,sí,,,ticket protegido; Team=equipo; correcta.,,,
helpdesk:75c08143d9886a61,helpdesk,helpdesk,src,src,,Src,Restrict tickets by team,Restrict tickets by team,,,Restringir tickets por equipo,,Restringir tickets por equipo,,,,,desk/src/components/Settings/General/components/TicketSettings.vue:35,desk/src/components/Settings/General/components/TicketSettings.vue:35,desk/src/components/Settings/General/components/TicketSettings.vue:35,client-js,,[],,,,,,,existente correcta,revisado inicial Helpdesk,sí,sí,,,,,,
helpdesk:c0af158f639e0909,helpdesk,helpdesk,src,src,,Src,Restrict tickets to be viewed and managed by team members only.,Restrict tickets to be viewed and managed by team members only.,,,Restringir los tickets para que solo los miembros del equipo puedan verlos y gestionarlos.,,Restringir los tickets para que solo los miembros del equipo puedan verlos y gestionarlos.,,,,,desk/src/components/Settings/General/components/TicketSettings.vue:38,desk/src/components/Settings/General/components/TicketSettings.vue:38,desk/src/components/Settings/General/components/TicketSettings.vue:38,client-js,,[],,,,,,,existente correcta,revisado inicial Helpdesk,sí,sí,,,,,,
helpdesk:ed33a54e38add14b,helpdesk,helpdesk,src,src,,Src,Restrict visibility to these teams,Restrict visibility to these teams,,,,,Restringir visibilidad a estos equipos,,,,,desk/src/components/Settings/SavedReplies/SavedReplyView.vue:93,desk/src/components/Settings/SavedReplies/SavedReplyView.vue:93,desk/src/components/Settings/SavedReplies/SavedReplyView.vue:83,client-js,,[],,,,,,,traducción propuesta,revisado inicial Helpdesk,sí,sí,,,Team->equipos.,,,
helpdesk:f737f7d4845a98a9,helpdesk,helpdesk,src,src,,Src,Reviews,Reviews,,,Comentarios,,Reseñas,,,,,desk/src/pages/home/Home.vue:341,desk/src/pages/home/Home.vue:341 || desk/src/pages/home/components/RecentFeedback.vue:22 || desk/src/pages/home/components/RecentFeedback.vue:7,desk/src/pages/home/Home.vue:341 || desk/src/pages/home/components/RecentFeedback.vue:7 || desk/src/pages/home/components/RecentFeedback.vue:22,client-js,,[],,,,,,,existente mejorable,revisado inicial Helpdesk,sí,sí,,,crossapp Reviews->Reseñas; 'Comentarios' aquí es incorrecto (Reviews != Comments).,,,
helpdesk:78a04fa2d31dc633,helpdesk,helpdesk,src,src,,Src,Revoke Invite,Revoke Invite,,,,,Revocar invitación,,,,,desk/src/components/customer/RevokeInviteButton.vue:12,desk/src/components/customer/RevokeInviteButton.vue:12,,client-js,,[],,,,,,,traducción propuesta,revisado inicial Helpdesk,sí,sí,,,Revoke Invite.,,,"POT-only: en el universo fresco, sin traducir"
helpdesk:846febf2f13175d7,helpdesk,helpdesk,src,src,,Src,Revoke Manager Access,Revoke Manager Access,,,,,Revocar acceso de administrador,,,,,desk/src/components/customer/ContactCard.vue:221,desk/src/components/customer/ContactCard.vue:221,,client-js,,[],,,,,,,traducción propuesta,revisado inicial Helpdesk,sí,sí,,,Revoke Manager Access.,,,"POT-only: en el universo fresco, sin traducir"
helpdesk:3e0d494ae050f8bb,helpdesk,helpdesk,src,src,,Src,Ringing,Ringing,,,Zumbido,,Sonando,,,,,desk/src/pages/call-logs/CallLogModal.vue:215,desk/src/pages/call-logs/CallLogModal.vue:215,desk/src/pages/call-logs/CallLogModal.vue:215,client-js,,[],,,,,,,existente mejorable,revisado inicial Helpdesk,sí,sí,,,"Estado de llamada; 'Zumbido' (crossapp) es erróneo aquí, la llamada está sonando/repicando.",,,
helpdesk:f88c310a2371cfc9,helpdesk,helpdesk,src,src,,Src,Role,Role,,,Rol,,Rol,,,,,desk/src/components/Settings/InviteAgents.vue:19,desk/src/components/Settings/InviteAgents.vue:19 || desk/src/components/customer/ContactCard.vue:165 || desk/src/components/customer/InviteContactDialog.vue:32,desk/src/components/Settings/InviteAgents.vue:19,client-js,,[],,,,,,,existente correcta,revisado inicial Helpdesk,sí,sí,,,Cross-app: Role->Rol.,,,
helpdesk:3df572ce641dde10,helpdesk,helpdesk,src,src,,Src,Role updated successfully,Role updated successfully,,,,,Rol actualizado correctamente,,,,,desk/src/components/customer/ContactCard.vue:248,desk/src/components/customer/ContactCard.vue:248,,client-js,,[],,,,,,,traducción propuesta,revisado inicial Helpdesk,sí,sí,,,Role updated successfully.,,,"POT-only: en el universo fresco, sin traducir"
helpdesk:f210994291032409,helpdesk,helpdesk,helpdesk,helpdesk,,Helpdesk,Route Name,Route Name,,,,,Nombre de la ruta,,Label of the route_name (Data) field in DocType 'HD View',etiqueta de campo/elemento,,helpdesk/helpdesk/doctype/hd_view/hd_view.json,helpdesk/helpdesk/doctype/hd_view/hd_view.json,helpdesk/helpdesk/doctype/hd_view/hd_view.json,doctype-json,Hd View,"[""Label of the route_name (Data) field in DocType 'HD View'""]",,,,,,,traducción propuesta,revisado inicial Helpdesk,sí,sí,,,Etiqueta route_name.,,,
helpdesk:422a828a49085c22,helpdesk,helpdesk,helpdesk,helpdesk,,Helpdesk,Rows,Rows,,,,,Filas,,Label of the rows (Code) field in DocType 'HD View',etiqueta de campo/elemento,,helpdesk/helpdesk/doctype/hd_view/hd_view.json,helpdesk/helpdesk/doctype/hd_view/hd_view.json,helpdesk/helpdesk/doctype/hd_view/hd_view.json,doctype-json,Hd View,"[""Label of the rows (Code) field in DocType 'HD View'""]",,,,,,,traducción propuesta,revisado inicial Helpdesk,sí,sí,,,,,,
helpdesk:9e21694824cba8c6,helpdesk,helpdesk,src,src,,Src,Run an initial sync to reconcile existing records. New ones update automatically.,Run an initial sync to reconcile existing records. New ones update automatically.,,,,,Ejecuta una sincronización inicial para reconciliar los registros existentes. Los nuevos se actualizan automáticamente.,,,,,desk/src/components/erpnext-integration/ERPNextIntegrationSettings.vue:108,desk/src/components/erpnext-integration/ERPNextIntegrationSettings.vue:108,desk/src/components/erpnext-integration/ERPNextIntegrationSettings.vue:108,client-js,,[],,,,,,,traducción propuesta,revisado inicial Helpdesk,sí,sí,,,Instrucción de sincronización.,,,
helpdesk:fa61166f985718ca,helpdesk,helpdesk,src,helpdesk;src,sí,Src,SLA,SLA,,,ANS,,SLA,,Label of the sla (Link) field in DocType 'HD Ticket',etiqueta de campo/elemento,,desk/src/pages/home/components/PendingTickets.vue:216,desk/src/pages/home/components/PendingTickets.vue:216 || desk/src/pages/ticket/MobileTicketAgent.vue:74 || helpdesk/helpdesk/doctype/hd_ticket/hd_ticket.json,desk/src/pages/home/components/PendingTickets.vue:218 || desk/src/pages/ticket/MobileTicketAgent.vue:76 || helpdesk/helpdesk/doctype/hd_ticket/hd_ticket.json,client-js,HD Ticket,"[""Label of the sla (Link) field in DocType 'HD Ticket'"", ""Label of the sla_tab (Tab Break) field in DocType 'HD Ticket'""]",,,,,,,igual al inglés válida,revisado inicial Helpdesk,sí,sí,,,REVERTIDO ANS→SLA. Término protegido.,,,
helpdesk:a4d83de10ffc44ce,helpdesk,helpdesk,src,src,,Src,SLA Alerts,SLA Alerts,,,,,Alertas de SLA,,,,,desk/src/pages/home/components/PendingTickets.vue:230,desk/src/pages/home/components/PendingTickets.vue:230,desk/src/pages/home/components/PendingTickets.vue:232,client-js,,[],,,,,,,traducción propuesta,revisado inicial Helpdesk,sí,sí,,,SLA protegido.,,,
helpdesk:222a4a3d80afe263,helpdesk,helpdesk,helpdesk,helpdesk,,Helpdesk,SLA Creation,SLA Creation,,,Creación de ANS,,Creación de SLA,,Label of the service_level_agreement_creation (Datetime) field in DocType 'HD Ticket',etiqueta de campo/elemento,,helpdesk/helpdesk/doctype/hd_ticket/hd_ticket.json,helpdesk/helpdesk/doctype/hd_ticket/hd_ticket.json,helpdesk/helpdesk/doctype/hd_ticket/hd_ticket.json,doctype-json,Hd Ticket,"[""Label of the service_level_agreement_creation (Datetime) field in DocType 'HD Ticket'""]",,,,,,,existente mejorable,revisado inicial Helpdesk,sí,sí,,,REVERTIDO ANS→SLA. SLA protegido.,,,
helpdesk:21081384d031e69d,helpdesk,helpdesk,helpdesk,helpdesk,,Helpdesk,SLA Mapping,SLA Mapping,,,Mapeo de ANS,,Asignación de SLA,,Label of the sla_mapping_section (Section Break) field in DocType 'HD Ticket Status',etiqueta de campo/elemento,,helpdesk/helpdesk/doctype/hd_ticket_status/hd_ticket_status.json,helpdesk/helpdesk/doctype/hd_ticket_status/hd_ticket_status.json,helpdesk/helpdesk/doctype/hd_ticket_status/hd_ticket_status.json,doctype-json,Hd Ticket Status,"[""Label of the sla_mapping_section (Section Break) field in DocType 'HD Ticket Status'""]",,,,,,,existente mejorable,revisado inicial Helpdesk,sí,sí,,,Revertido ANS->SLA. 'Mapeo' es literal; 'Asignación de SLA' es más natural para vincular estados a un SLA.,,,
helpdesk:1651c6658c879f78,helpdesk,helpdesk,src,src,,Src,SLA Policies,SLA Policies,,,,,Políticas de SLA,,,,,desk/src/components/Settings/settingsModal.ts:108,desk/src/components/Settings/settingsModal.ts:108,,client-js,,[],,,,,,,traducción propuesta,revisado inicial Helpdesk,sí,sí,,,SLA protegido en inglés.,,,"POT-only: en el universo fresco, sin traducir"
helpdesk:fa8ce75c442b7aad,helpdesk,helpdesk,helpdesk,helpdesk,,Helpdesk,SLA Status,SLA Status,,,,,Estado de SLA,,Label of the agreement_status (Select) field in DocType 'HD Ticket',etiqueta de campo/elemento,,helpdesk/helpdesk/doctype/hd_ticket/hd_ticket.json,helpdesk/helpdesk/doctype/hd_ticket/hd_ticket.json,helpdesk/helpdesk/doctype/hd_ticket/hd_ticket.json,doctype-json,Hd Ticket,"[""Label of the agreement_status (Select) field in DocType 'HD Ticket'""]",,,,,,,traducción propuesta,revisado inicial Helpdesk,sí,sí,,,SLA protegido; Status→Estado.,,,
helpdesk:9daa93399c5e4477,helpdesk,helpdesk,src,src,,Src,SLA policy created successfully.,SLA policy created successfully.,,,,,Política de SLA creada correctamente.,,,,,desk/src/components/Settings/Sla/SlaPolicyView.vue:440,desk/src/components/Settings/Sla/SlaPolicyView.vue:440,desk/src/components/Settings/Sla/SlaPolicyView.vue:430,client-js,,[],,,,,,,traducción propuesta,revisado inicial Helpdesk,sí,sí,,,,,,
helpdesk:b8188caac660b791,helpdesk,helpdesk,src,src,,Src,SLA policy deleted successfully.,SLA policy deleted successfully.,,,,,Política de SLA eliminada correctamente.,,,,,desk/src/components/Settings/Sla/SlaPolicyListItem.vue:165,desk/src/components/Settings/Sla/SlaPolicyListItem.vue:165,desk/src/components/Settings/Sla/SlaPolicyListItem.vue:167,client-js,,[],,,,,,,traducción propuesta,revisado inicial Helpdesk,sí,sí,,,SLA protegido.,,,
helpdesk:a3a074229918e1fa,helpdesk,helpdesk,src,src,,Src,SLA policy duplicated successfully.,SLA policy duplicated successfully.,,,,,Política de SLA duplicada correctamente.,,,,,desk/src/components/Settings/Sla/SlaPolicyListItem.vue:137,desk/src/components/Settings/Sla/SlaPolicyListItem.vue:137,desk/src/components/Settings/Sla/SlaPolicyListItem.vue:139,client-js,,[],,,,,,,traducción propuesta,revisado inicial Helpdesk,sí,sí,,,,,,
helpdesk:8fbcd416270cbe73,helpdesk,helpdesk,src,src,,Src,SLA policy name is required.,SLA policy name is required.,,,,,El nombre de la política de SLA es obligatorio.,,,,,desk/src/stores/sla.ts:134,desk/src/stores/sla.ts:134,,client-js,,[],,,,,,,traducción propuesta,revisado inicial Helpdesk,sí,sí,,,,,,"POT-only: en el universo fresco, sin traducir"
helpdesk:82a90262f004caca,helpdesk,helpdesk,src,src,,Src,SLA policy status updated successfully.,SLA policy status updated successfully.,,,,,Estado de la política de SLA actualizado correctamente.,,,,,desk/src/components/Settings/Sla/SlaPolicyListItem.vue:182,desk/src/components/Settings/Sla/SlaPolicyListItem.vue:182,desk/src/components/Settings/Sla/SlaPolicyListItem.vue:184,client-js,,[],,,,,,,traducción propuesta,revisado inicial Helpdesk,sí,sí,,,,,,
helpdesk:2fc59bb99f3c7c1f,helpdesk,helpdesk,src,src,,Src,SLA policy updated successfully.,SLA policy updated successfully.,,,,,Política de SLA actualizada correctamente.,,,,,desk/src/components/Settings/Sla/SlaPolicyView.vue:479,desk/src/components/Settings/Sla/SlaPolicyView.vue:479,desk/src/components/Settings/Sla/SlaPolicyView.vue:469,client-js,,[],,,,,,,traducción propuesta,revisado inicial Helpdesk,sí,sí,,,,,,
helpdesk:776be8588d5e8cea,helpdesk,helpdesk,src,src,,Src,SLA set as default cannot be disabled,SLA set as default cannot be disabled,,,,,El SLA establecido como predeterminado no se puede deshabilitar,,,,,desk/src/components/Settings/Sla/SlaPolicyView.vue:488,desk/src/components/Settings/Sla/SlaPolicyView.vue:488,desk/src/components/Settings/Sla/SlaPolicyView.vue:478,client-js,,[],,,,,,,traducción propuesta,revisado inicial Helpdesk,sí,sí,,,,,,
helpdesk:2cf5e73aa73c820b,helpdesk,helpdesk,src,src,,Src,SLA set as default cannot be disabled.,SLA set as default cannot be disabled.,,,,,El SLA establecido como predeterminado no se puede deshabilitar.,,,,,desk/src/components/Settings/Sla/SlaPolicyListItem.vue:172,desk/src/components/Settings/Sla/SlaPolicyListItem.vue:172,desk/src/components/Settings/Sla/SlaPolicyListItem.vue:174,client-js,,[],,,,,,,traducción propuesta,revisado inicial Helpdesk,sí,sí,,,,,,
helpdesk:85c2ddd4593a757a,helpdesk,helpdesk,src,src,,Src,SLAs align your team and customers with defined timelines for a reliable experience. Learn more about SLA ,SLAs align your team and customers with defined timelines for a reliable experience. Learn more about SLA ,,,,,Los SLA alinean a su equipo y clientes con plazos definidos para una experiencia confiable. Más información sobre SLA ,,,,,desk/src/components/Settings/Sla/SlaPolicies.vue:11,desk/src/components/Settings/Sla/SlaPolicies.vue:11,desk/src/components/Settings/Sla/SlaPolicies.vue:11,client-js,,[],,,,,,,traducción propuesta,revisado inicial Helpdesk + pase dirigido,sí,,,,su equipo (usted); SLA en inglés; se preserva espacio final.,,,
helpdesk:cd4dba8062dda9d9,helpdesk,helpdesk,src,src,,Src,Salesforce Service Cloud,Salesforce Service Cloud,,,,,Salesforce Service Cloud,,,,,desk/src/pages/PersonaForm.vue:124,desk/src/pages/PersonaForm.vue:124,,client-js,,[],,,,,,,igual al inglés válida,revisado inicial Helpdesk,sí,sí,,,Nombre propio de producto.,,,"POT-only: en el universo fresco, sin traducir"
helpdesk:4cd62bc72eb0bca8,helpdesk,helpdesk,helpdesk,helpdesk,,Helpdesk,Saturday,Saturday,,,Sábado,,Sábado,,Option for the 'Weekly Off' (Select) field in DocType 'HD Service Holiday List',opción de campo select,,helpdesk/helpdesk/doctype/hd_service_day/hd_service_day.json,helpdesk/helpdesk/doctype/hd_service_day/hd_service_day.json || helpdesk/helpdesk/doctype/hd_service_holiday_list/hd_service_holiday_list.json,helpdesk/helpdesk/doctype/hd_service_day/hd_service_day.json || helpdesk/helpdesk/doctype/hd_service_holiday_list/hd_service_holiday_list.json,doctype-json,Hd Service Day,"[""Option for the 'Weekly Off' (Select) field in DocType 'HD Service Holiday List'"", ""Option for the 'Workday' (Select) field in DocType 'HD Service Day'""]",,,,,,,existente correcta,revisado inicial Helpdesk,sí,sí,,,Cross-app Saturday.,,,
helpdesk:bedf0585ba28e4f4,helpdesk,helpdesk,src,helpdesk;src,sí,Src,Save,Save,,,Guardar,,Guardar,,Button label of the email-feedback Web Form,,,desk/src/components/ListViewBuilder.vue:704,desk/src/components/ListViewBuilder.vue:704 || desk/src/components/Settings/Assignment Rules/AssignmentRuleView.vue:29 || desk/src/components/Settings/EmailNotifications/Notification.vue:39 || desk/src/components/Settings/FieldDependency/FieldDependency.vue:28 || desk/src/components/Settings/General/General.vue:15 || desk/src/components/Settings/Holiday/HolidayView.vue:18 || desk/src/components/Settings/Preferences/Preferences.vue:16 || desk/src/components/Settings/SavedReplies/SavedReplyView.vue:31 || desk/src/components/Settings/Sla/SlaPolicyView.vue:28 || desk/src/components/Settings/Teams/NewTeam.vue:25 || desk/src/components/Settings/Telephony/ExotelSettings.vue:20 || desk/src/components/Settings/Telephony/Telephony.vue:17 || desk/src/components/Settings/Telephony/TwilioSettings.vue:20 || desk/src/components/contact/EditContactDialog.vue:166 || desk/src/components/customer/EditCustomerDialog.vue:73 || desk/src/pages/call-logs/CallLogModal.vue:225 || desk/src/pages/home/Home.vue:27 || desk/src/pages/knowledge-base/Article.vue:152 || helpdesk/helpdesk/web_form/email_feedback/email_feedback.json,desk/src/components/ListViewBuilder.vue:704 || desk/src/components/Settings/Assignment || Rules/AssignmentRuleView.vue:20 || desk/src/components/Settings/EmailNotifications/Notification.vue:39 || desk/src/components/Settings/FieldDependency/FieldDependency.vue:19 || desk/src/components/Settings/General/General.vue:15 || desk/src/components/Settings/Holiday/HolidayView.vue:9 || desk/src/components/Settings/Preferences/Preferences.vue:16 || desk/src/components/Settings/SavedReplies/SavedReplyView.vue:22 || desk/src/components/Settings/Sla/SlaPolicyView.vue:19 || desk/src/components/Settings/Teams/NewTeam.vue:16 || desk/src/components/Settings/Telephony/ExotelSettings.vue:10 || desk/src/components/Settings/Telephony/Telephony.vue:17 || desk/src/components/Settings/Telephony/TwilioSettings.vue:10 || desk/src/pages/call-logs/CallLogModal.vue:225 || desk/src/pages/desk/contact/ContactDialog.vue:72 || desk/src/pages/desk/customer/CustomerDialog.vue:38 || desk/src/pages/home/Home.vue:27 || desk/src/pages/knowledge-base/Article.vue:152 || helpdesk/helpdesk/web_form/email_feedback/email_feedback.json,client-js,,"[""Button label of the email-feedback Web Form""]",,,,,,,existente correcta,revisado inicial Helpdesk,sí,sí,,,crossapp Save->Guardar.,,,
helpdesk:37b50d810d545c83,helpdesk,helpdesk,src,src,,Src,Save Changes,Save Changes,,,,,Guardar cambios,,,,,desk/src/components/ListViewBuilder.vue:17,desk/src/components/ListViewBuilder.vue:17,desk/src/components/ListViewBuilder.vue:17,client-js,,[],,,,,,,traducción propuesta,revisado inicial Helpdesk,sí,sí,,,,,,
helpdesk:84cc6bc3a7d35839,helpdesk,helpdesk,src,src,,Src,Saved Replies,Saved Replies,,,,,Respuestas guardadas,,,,,desk/src/components/SavedRepliesSelectorModal.vue:12,desk/src/components/SavedRepliesSelectorModal.vue:12 || desk/src/components/Settings/SavedReplies/SavedRepliesList.vue:3 || desk/src/components/Settings/settingsModal.ts:132 || desk/src/components/layouts/Sidebar.vue:407,desk/src/components/SavedRepliesSelectorModal.vue:12 || desk/src/components/Settings/SavedReplies/SavedRepliesList.vue:3 || desk/src/components/layouts/Sidebar.vue:617,client-js,,[],,,,,,,traducción propuesta,revisado inicial Helpdesk,sí,sí,,,Saved Replies; Reply->Responder pero aquí sustantivo=respuestas.,,,
helpdesk:180c6a36f2c5e354,helpdesk,helpdesk,src,src,,Src,Saved Views,Saved Views,,,,,Vistas guardadas,,,,,desk/src/pages/ticket/Tickets.vue:364,desk/src/pages/ticket/Tickets.vue:364,desk/src/pages/ticket/Tickets.vue:371,client-js,,[],,,,,,,traducción propuesta,revisado inicial Helpdesk,sí,sí,,,Views→Vistas.,,,
helpdesk:6531b304b8ed3e1c,helpdesk,helpdesk,src,src,,Src,Saved reply deleted successfully.,Saved reply deleted successfully.,,,,,Respuesta guardada eliminada con éxito.,,,,,desk/src/components/Settings/SavedReplies/SavedRepliesList.vue:266,desk/src/components/Settings/SavedReplies/SavedRepliesList.vue:266,desk/src/components/Settings/SavedReplies/SavedRepliesList.vue:286,client-js,,[],,,,,,,traducción propuesta,revisado inicial Helpdesk,sí,sí,,,Mensaje de éxito.,,,
helpdesk:020525e056dc4209,helpdesk,helpdesk,src,src,,Src,Saved reply duplicated successfully.,Saved reply duplicated successfully.,,,,,Respuesta guardada duplicada con éxito.,,,,,desk/src/components/Settings/SavedReplies/SavedRepliesList.vue:283,desk/src/components/Settings/SavedReplies/SavedRepliesList.vue:283,desk/src/components/Settings/SavedReplies/SavedRepliesList.vue:303,client-js,,[],,,,,,,traducción propuesta,revisado inicial Helpdesk,sí,sí,,,Mensaje de éxito.,,,
helpdesk:56192a4dff2ec6c9,helpdesk,helpdesk,src,src,,Src,Saved reply saved successfully.,Saved reply saved successfully.,,,,,Respuesta guardada guardada con éxito.,,,,,desk/src/components/Settings/SavedReplies/SavedReplyView.vue:334,desk/src/components/Settings/SavedReplies/SavedReplyView.vue:334,desk/src/components/Settings/SavedReplies/SavedReplyView.vue:326,client-js,,[],,,,,,,traducción propuesta,revisado inicial Helpdesk,sí,,,,"Redundancia 'guardada guardada' del origen 'Saved reply saved'; se conserva sentido literal, aceptable en UI.",,,
helpdesk:10b40e9bc8fb1908,helpdesk,helpdesk,src,src,,Src,Saved reply updated successfully.,Saved reply updated successfully.,,,,,Respuesta guardada actualizada con éxito.,,,,,desk/src/components/Settings/SavedReplies/SavedReplyView.vue:397,desk/src/components/Settings/SavedReplies/SavedReplyView.vue:397,desk/src/components/Settings/SavedReplies/SavedReplyView.vue:389,client-js,,[],,,,,,,traducción propuesta,revisado inicial Helpdesk,sí,sí,,,Mensaje de éxito.,,,
helpdesk:16895a6b1a9d213d,helpdesk,helpdesk,src,src,,Src,Scaling support as we grow,Scaling support as we grow,,,,,Escalar el soporte a medida que crecemos,,,,,desk/src/pages/PersonaForm.vue:185,desk/src/pages/PersonaForm.vue:185,,client-js,,[],,,,,,,traducción propuesta,revisado inicial Helpdesk,sí,sí,,,Scaling support as we grow.,,,"POT-only: en el universo fresco, sin traducir"
helpdesk:8503410272f52518,helpdesk,helpdesk,src,src,,Src,Schedule name,Schedule name,,,,,Nombre del horario,,,,,desk/src/components/Settings/Holiday/HolidayList.vue:29,desk/src/components/Settings/Holiday/HolidayList.vue:29,desk/src/components/Settings/Holiday/HolidayList.vue:29,client-js,,[],,,,,,,traducción propuesta,revisado inicial Helpdesk,sí,sí,,,Schedule name (horario laboral).,,,
helpdesk:383c5347967b444c,helpdesk,helpdesk,helpdesk,helpdesk;src,sí,Helpdesk,Scope,Scope,,,Alcance,,Alcance,,Label of the scope (Select) field in DocType 'HD Saved Reply',etiqueta de campo/elemento,,desk/src/components/Settings/SavedReplies/SavedRepliesList.vue:87,desk/src/components/Settings/SavedReplies/SavedRepliesList.vue:87 || helpdesk/helpdesk/doctype/hd_saved_reply/hd_saved_reply.json,desk/src/components/Settings/SavedReplies/SavedRepliesList.vue:106 || desk/src/components/Settings/SavedReplies/SavedReplyView.vue:57 || helpdesk/helpdesk/doctype/hd_saved_reply/hd_saved_reply.json,client-js,HD Saved Reply,"[""Label of the scope (Select) field in DocType 'HD Saved Reply'""]",,,,,,,existente correcta,revisado inicial Helpdesk,sí,sí,,,Crossapp: Scope=Alcance.,,,
helpdesk:c9c33c82f1107378,helpdesk,helpdesk,helpdesk,helpdesk,,Helpdesk,Script,Script,,,Script,,Script,,Label of the script (Code) field in DocType 'HD Form Script',etiqueta de campo/elemento,,helpdesk/helpdesk/doctype/hd_form_script/hd_form_script.json,helpdesk/helpdesk/doctype/hd_form_script/hd_form_script.json,helpdesk/helpdesk/doctype/hd_form_script/hd_form_script.json,doctype-json,Hd Form Script,"[""Label of the script (Code) field in DocType 'HD Form Script'""]",,,,,,,igual al inglés válida,revisado inicial Helpdesk,sí,sí,,,Término técnico; crossapp 'Script'='Script'.,,,
helpdesk:12872451e93ff552,helpdesk,helpdesk,src,helpdesk;src,sí,Src,Search,Search,,,Buscar,,Buscar,,Label of the search_tab (Tab Break) field in DocType 'HD Settings',etiqueta de campo/elemento,,desk/src/components/SavedRepliesSelectorModal.vue:27,desk/src/components/SavedRepliesSelectorModal.vue:27 || desk/src/components/Settings/Agents.vue:24 || desk/src/components/Settings/Assignment Rules/AssigneeSearch.vue:28 || desk/src/components/Settings/Assignment Rules/AssignmentRulesList.vue:37 || desk/src/components/Settings/Holiday/Holidays.vue:27 || desk/src/components/Settings/SavedReplies/SavedRepliesList.vue:25 || desk/src/components/Settings/Sla/SlaPolicies.vue:40 || desk/src/components/Settings/Teams/TeamsList.vue:25 || desk/src/components/command-palette/CP.vue:121 || desk/src/components/layouts/AppSidebar.vue:212 || desk/src/pages/SearchAgent.vue:7 || helpdesk/helpdesk/doctype/hd_settings/hd_settings.json,desk/src/components/SavedRepliesSelectorModal.vue:27 || desk/src/components/Settings/Agents.vue:24 || desk/src/components/Settings/Assignment || Rules/AssigneeSearch.vue:29 || Rules/AssignmentRulesList.vue:38 || desk/src/components/Settings/Holiday/Holidays.vue:28 || desk/src/components/Settings/SavedReplies/SavedRepliesList.vue:26 || desk/src/components/Settings/Sla/SlaPolicies.vue:41 || desk/src/components/Settings/Teams/TeamsList.vue:26 || desk/src/components/command-palette/CP.vue:121 || desk/src/components/layouts/Sidebar.vue:14 || desk/src/pages/SearchAgent.vue:7 || helpdesk/helpdesk/doctype/hd_settings/hd_settings.json,client-js,HD Settings,"[""Label of the search_tab (Tab Break) field in DocType 'HD Settings'""]",,,,,,,existente correcta,revisado inicial Helpdesk,sí,sí,,,Crossapp: Search=Buscar.,,,
helpdesk:17056dcf4ee62a45,helpdesk,helpdesk,helpdesk,helpdesk,,Helpdesk,Search Index Regenerated,Search Index Regenerated,,,Índice de búsqueda regenerado,,Índice de búsqueda regenerado,,,,,helpdesk/helpdesk/doctype/hd_settings/hd_settings.js:10,helpdesk/helpdesk/doctype/hd_settings/hd_settings.js:10,helpdesk/helpdesk/doctype/hd_settings/hd_settings.js:10,doctype-controller,Hd Settings,[],,,,,,,existente correcta,revisado inicial Helpdesk,sí,sí,,,Correcta.,,,
helpdesk:c28afba9e7c01ed1,helpdesk,helpdesk,helpdesk,helpdesk,,Helpdesk,Search Score,Search Score,,,Puntuación de búsqueda,,Puntuación de búsqueda,,,,,helpdesk/helpdesk/report/ticket_search_analysis/ticket_search_analysis.py:40,helpdesk/helpdesk/report/ticket_search_analysis/ticket_search_analysis.py:40,helpdesk/helpdesk/report/ticket_search_analysis/ticket_search_analysis.py:40,report,,[],,,,,,,existente correcta,revisado inicial Helpdesk,sí,sí,,,Natural MX.,,,
helpdesk:8ab8aacaf627af43,helpdesk,helpdesk,src,src,,Src,Search agents...,Search agents...,,,,,Buscar agentes...,,,,,desk/src/components/ticket-agent/AssignTo.vue:62,desk/src/components/ticket-agent/AssignTo.vue:62,desk/src/components/ticket-agent/AssignTo.vue:62,client-js,,[],,,,,,,traducción propuesta,revisado inicial Helpdesk,sí,sí,,,,,,
helpdesk:fff9558a8aad265e,helpdesk,helpdesk,src,src,,Src,Search by ID or Subject,Search by ID or Subject,,,,,Buscar por ID o asunto,,,,,desk/src/components/customer/TicketsTab.vue:9,desk/src/components/customer/TicketsTab.vue:9,,client-js,,[],,,,,,,traducción propuesta,revisado inicial Helpdesk,sí,sí,,,,,,"POT-only: en el universo fresco, sin traducir"
helpdesk:6cce13cbf3e2c9c0,helpdesk,helpdesk,src,src,,Src,Search country,Search country,,,,,Buscar país,,,,,desk/src/components/frappe-ui/PhoneControl/PhoneControl.vue:73,desk/src/components/frappe-ui/PhoneControl/PhoneControl.vue:73,,client-js,,[],,,,,,,traducción propuesta,revisado inicial Helpdesk,sí,sí,,,,,,"POT-only: en el universo fresco, sin traducir"
helpdesk:827913bcd0af40ea,helpdesk,helpdesk,src,src,,Src,Search fields...,Search fields...,,,Busca campos...,,Buscar campos...,,,,,desk/src/components/view-controls/filter/Filter.vue:120,desk/src/components/view-controls/filter/Filter.vue:120,desk/src/components/view-controls/filter/Filter.vue:90,client-js,,[],,,,,,,existente mejorable,revisado inicial Helpdesk,sí,sí,,,"Placeholder de búsqueda: usar 'Buscar' (imperativo), no 'Busca'.",,,
helpdesk:3f7a00751a5b7b30,helpdesk,helpdesk,src,src,,Src,"Search for ""{0}""","Search for ""{0}""",,,,,"Buscar ""{0}""",,,,,desk/src/components/command-palette/CP.vue:126,desk/src/components/command-palette/CP.vue:126,desk/src/components/command-palette/CP.vue:126,client-js,,[],{0},,{0},ok,,,traducción propuesta,revisado inicial Helpdesk,sí,sí,,,Placeholder {0} y comillas preservadas.,,,
helpdesk:ca13182e394dced6,helpdesk,helpdesk,src,src,,Src,Search index does not exist. Please build the index first.,Search index does not exist. Please build the index first.,,,,,El índice de búsqueda no existe. Primero cree el índice.,,,,,desk/src/pages/SearchAgent.vue:100,desk/src/pages/SearchAgent.vue:100,desk/src/pages/SearchAgent.vue:100,client-js,,[],,,,,,,traducción propuesta,revisado inicial Helpdesk,sí,sí,,,Vacío en upstream.,,,
helpdesk:3e768ca115a32b34,helpdesk,helpdesk,api,api,,Api,Search index not available. Please contact administrator.,Search index not available. Please contact administrator.,,,Índice de búsqueda no disponible. Contacte con el administrador.,,Índice de búsqueda no disponible. Contacte al administrador.,,,,,helpdesk/api/search.py:41,helpdesk/api/search.py:41,helpdesk/api/search.py:41,python,,[],,,,,,,existente mejorable,revisado inicial Helpdesk,sí,sí,,,'contactar al' más natural en MX que 'contactar con'.,,,
helpdesk:8cad9a1b36a1eaa5,helpdesk,helpdesk,api,api,,Api,Search query must be at least 2 characters,Search query must be at least 2 characters,,,La consulta de búsqueda debe tener al menos 2 caracteres,,La consulta de búsqueda debe tener al menos 2 caracteres,,,,,helpdesk/api/search.py:17,helpdesk/api/search.py:17,helpdesk/api/search.py:17,python,,[],,,,,,,existente correcta,revisado inicial Helpdesk,sí,sí,,,,,,
helpdesk:19c9e9f76e346453,helpdesk,helpdesk,src,src,,Src,Search ticket,Search ticket,,,,,Buscar ticket,,,,,desk/src/components/Settings/SavedReplies/components/PreviewDialog.vue:20,desk/src/components/Settings/SavedReplies/components/PreviewDialog.vue:20,desk/src/components/Settings/SavedReplies/components/PreviewDialog.vue:20,client-js,,[],,,,,,,traducción propuesta,revisado inicial Helpdesk,sí,sí,,,"Search ticket; Ticket protegido, minúscula en frase.",,,
helpdesk:703e9ead5453cda3,helpdesk,helpdesk,src,src,,Src,"Search tickets, comments, and communications...","Search tickets, comments, and communications...",,,,,"Buscar tickets, comentarios y comunicaciones...",,,,,desk/src/pages/SearchAgent.vue:16,desk/src/pages/SearchAgent.vue:16,desk/src/pages/SearchAgent.vue:16,client-js,,[],,,,,,,traducción propuesta,revisado inicial Helpdesk,sí,sí,,,Vacío en upstream. tickets préstamo; '...' preservado.,,,
helpdesk:2817ec54e42e6210,helpdesk,helpdesk,src,src,,Src,"Search tickets, emails, comments, or #234 to navigate to ticket","Search tickets, emails, comments, or #234 to navigate to ticket",,,,,"Busca tickets, correos, comentarios, o #234 para ir a un ticket",,,,,desk/src/components/command-palette/CP.vue:12,desk/src/components/command-palette/CP.vue:12,desk/src/components/command-palette/CP.vue:12,client-js,,[],,,,,,,traducción propuesta,revisado inicial Helpdesk,sí,sí,,,Ticket protegido; #234 preservado.,,,
helpdesk:89d0717ecbf23f0e,helpdesk,helpdesk,src,src,,Src,Search...,Search...,,,Buscar...,,Buscar...,,,,,desk/src/components/view-controls/filter/FilterValueEditor.vue:37,desk/src/components/view-controls/filter/FilterValueEditor.vue:37,desk/src/components/view-controls/filter/FilterValueEditor.vue:33,client-js,,[],,,,,,,existente correcta,revisado inicial Helpdesk,sí,sí,,,Coincide con crossapp 'Search...'.,,,
helpdesk:c1d191d232c39d66,helpdesk,helpdesk,src,src,,Src,Searched for:,Searched for:,,,,,Se buscó:,,,,,desk/src/pages/SearchAgent.vue:137,desk/src/pages/SearchAgent.vue:137,desk/src/pages/SearchAgent.vue:137,client-js,,[],,,,,,,traducción propuesta,revisado inicial Helpdesk,sí,sí,,,Vacío en upstream. Etiqueta que precede al término buscado.,,,
helpdesk:3f4621fd5336c709,helpdesk,helpdesk,src,src,,Src,Searching...,Searching...,,,Buscando...,,Buscando...,,,,,desk/src/components/view-controls/filter/FilterValueEditor.vue:81,desk/src/components/view-controls/filter/FilterValueEditor.vue:81 || desk/src/pages/SearchAgent.vue:111,desk/src/pages/SearchAgent.vue:111,client-js,,[],,,,,,,existente correcta,revisado inicial Helpdesk,sí,sí,,,,,,
helpdesk:b56b6502c9855da8,helpdesk,helpdesk,src,src,,Src,See all {0} tickets,See all {0} tickets,,,,,Ver los {0} tickets,,,,,desk/src/pages/home/components/PendingTickets.vue:145,desk/src/pages/home/components/PendingTickets.vue:145,desk/src/pages/home/components/PendingTickets.vue:147,client-js,,[],{0},,{0},ok,,,traducción propuesta,revisado inicial Helpdesk,sí,sí,,,Tickets protegido; placeholder {0} preservado.,,,
helpdesk:189a6128ccf7a488,helpdesk,helpdesk,src,src,,Src,Select,Select,,,Seleccionar,,Seleccionar,,,,,desk/src/pages/call-logs/CallLogModal.vue:101,desk/src/pages/call-logs/CallLogModal.vue:101 || desk/src/pages/call-logs/CallLogModal.vue:28 || desk/src/pages/call-logs/CallLogModal.vue:57 || desk/src/pages/call-logs/CallLogModal.vue:80 || desk/src/pages/call-logs/CallLogModal.vue:92,desk/src/pages/call-logs/CallLogModal.vue:28 || desk/src/pages/call-logs/CallLogModal.vue:57 || desk/src/pages/call-logs/CallLogModal.vue:80 || desk/src/pages/call-logs/CallLogModal.vue:92 || desk/src/pages/call-logs/CallLogModal.vue:101,client-js,,[],,,,,,,existente correcta,revisado inicial Helpdesk,sí,sí,,,crossapp Select->Seleccionar.,,,
helpdesk:bd27f6d37401bc08,helpdesk,helpdesk,src,src,,Src,Select Category,Select Category,,,,,Seleccionar categoría,,,,,desk/src/pages/knowledge-base/NewArticle.vue:19,desk/src/pages/knowledge-base/NewArticle.vue:19,desk/src/pages/knowledge-base/NewArticle.vue:19,client-js,,[],,,,,,,traducción propuesta,revisado inicial Helpdesk,sí,sí,,,Select→Seleccionar (crossapp).,,,
helpdesk:73b957a5c9f202aa,helpdesk,helpdesk,src,src,,Src,Select Country,Select Country,,,,,Seleccionar país,,,,,desk/src/composables/customer.ts:187,desk/src/composables/customer.ts:187,,client-js,,[],,,,,,,traducción propuesta,revisado inicial Helpdesk,sí,sí,,,Select Country→Seleccionar país (crossapp).,,,"POT-only: en el universo fresco, sin traducir"
helpdesk:5caefa82f4825b27,helpdesk,helpdesk,src,src,,Src,Select Customer,Select Customer,,,,,Seleccionar cliente,,,,,desk/src/components/contact/EditContactDialog.vue:159,desk/src/components/contact/EditContactDialog.vue:159 || desk/src/composables/contact.ts:465,,client-js,,[],,,,,,,traducción propuesta,revisado inicial Helpdesk,sí,sí,,,Select Customer; Customer→Cliente.,,,"POT-only: en el universo fresco, sin traducir"
helpdesk:df9190e4994680bb,helpdesk,helpdesk,src,src,,Src,Select Range,Select Range,,,,,Seleccionar rango,,,,,desk/src/pages/dashboard/Dashboard.vue:25,desk/src/pages/dashboard/Dashboard.vue:25,desk/src/pages/dashboard/Dashboard.vue:25,client-js,,[],,,,,,,traducción propuesta,revisado inicial Helpdesk,sí,sí,,,Range->Rango.,,,
helpdesk:20350009eb9a6208,helpdesk,helpdesk,src,src,,Src,Select Timezone,Select Timezone,,,,,Seleccionar zona horaria,,,,,desk/src/components/Settings/Preferences/components/LanguageTimezoneSetting.vue:31,desk/src/components/Settings/Preferences/components/LanguageTimezoneSetting.vue:31,desk/src/components/Settings/Preferences/components/LanguageTimezoneSetting.vue:31,client-js,,[],,,,,,,traducción propuesta,revisado inicial Helpdesk,sí,sí,,,Select Timezone.,,,
helpdesk:9255bf4f46efb2da,helpdesk,helpdesk,helpdesk,helpdesk,,Helpdesk,Select a Default Priority.,Select a Default Priority.,,,Seleccione una prioridad predeterminada.,,Seleccione una prioridad predeterminada.,,,,,helpdesk/helpdesk/doctype/hd_service_level_agreement/hd_service_level_agreement.py:167,helpdesk/helpdesk/doctype/hd_service_level_agreement/hd_service_level_agreement.py:167,helpdesk/helpdesk/doctype/hd_service_level_agreement/hd_service_level_agreement.py:167,doctype-controller,Hd Service Level Agreement,[],,,,,,,existente correcta,revisado inicial Helpdesk,sí,sí,,,Cross-app Select a Default Priority.,,,
helpdesk:e52f272995280f14,helpdesk,helpdesk,src,src,,Src,Select a Value,Select a Value,,,,,Seleccione un valor,,,,,desk/src/components/view-controls/Filter.vue:423,desk/src/components/view-controls/Filter.vue:423,,client-js,,[],,,,,,,traducción propuesta,revisado inicial Helpdesk,sí,sí,,,Value->Valor.,,,"POT-only: en el universo fresco, sin traducir"
helpdesk:846ae09d35e61efd,helpdesk,helpdesk,src,src,,Src,Select a rating,Select a rating,,,Seleccione una calificación,,Seleccione una calificación,,,,,desk/src/pages/ticket/TicketFeedback.vue:27,desk/src/pages/ticket/TicketFeedback.vue:27,desk/src/pages/ticket/TicketFeedback.vue:26,client-js,,[],,,,,,,existente correcta,revisado inicial Helpdesk,sí,sí,,,Rating→Calificación.,,,
helpdesk:096913fa31f4c609,helpdesk,helpdesk,src,src,,Src,Select an Option,Select an Option,,,,,Seleccione una opción,,,,,desk/src/components/view-controls/Filter.vue:424,desk/src/components/view-controls/Filter.vue:424,,client-js,,[],,,,,,,traducción propuesta,revisado inicial Helpdesk,sí,sí,,,,,,"POT-only: en el universo fresco, sin traducir"
helpdesk:a1d3a4c53971f0cd,helpdesk,helpdesk,src,src,,Src,Select an icon...,Select an icon...,,,,,Seleccionar un icono...,,,,,desk/src/components/ViewModal.vue:33,desk/src/components/ViewModal.vue:33,,client-js,,[],,,,,,,traducción propuesta,revisado inicial Helpdesk,sí,sí,,,,,,"POT-only: en el universo fresco, sin traducir"
helpdesk:dec2c6f314c05925,helpdesk,helpdesk,src,src,,Src,Select country,Select country,,,,,Seleccionar país,,,,,desk/src/components/frappe-ui/PhoneControl/PhoneControl.vue:17,desk/src/components/frappe-ui/PhoneControl/PhoneControl.vue:17,,client-js,,[],,,,,,,traducción propuesta,revisado inicial Helpdesk,sí,sí,,,crossapp Select Country->Seleccionar país.,,,"POT-only: en el universo fresco, sin traducir"
helpdesk:fef44afb2407abc1,helpdesk,helpdesk,src,src,,Src,Select range,Select range,,,,,Seleccionar rango,,,,,desk/src/pages/home/components/AvgTimeMetrics.vue:37,desk/src/pages/home/components/AvgTimeMetrics.vue:37 || desk/src/pages/home/components/RecentFeedback.vue:151,desk/src/pages/home/components/AvgTimeMetrics.vue:37 || desk/src/pages/home/components/RecentFeedback.vue:151,client-js,,[],,,,,,,traducción propuesta,revisado inicial Helpdesk,sí,sí,,,Range->Rango.,,,
helpdesk:4492240dc42c0c7c,helpdesk,helpdesk,src,src,,Src,Select team size,Select team size,,,,,Seleccionar tamaño del equipo,,,,,desk/src/pages/PersonaForm.vue:101,desk/src/pages/PersonaForm.vue:101,,client-js,,[],,,,,,,traducción propuesta,revisado inicial Helpdesk,sí,sí,,,Team=equipo; Select team size.,,,"POT-only: en el universo fresco, sin traducir"
helpdesk:04c42d3639aa0060,helpdesk,helpdesk,src,src,,Src,Select teams,Select teams,,,Seleccionar equipos,,Seleccionar equipos,,,,,desk/src/components/Settings/SavedReplies/SavedReplyView.vue:88,desk/src/components/Settings/SavedReplies/SavedReplyView.vue:88,desk/src/components/Settings/SavedReplies/SavedReplyView.vue:78,client-js,,[],,,,,,,existente correcta,revisado inicial Helpdesk,sí,sí,,,Select teams; Team->equipos.,,,
helpdesk:652261e49f4b8800,helpdesk,helpdesk,src,src,,Src,Select ticket to preview,Select ticket to preview,,,Seleccionar ticket para vista previa,,Seleccionar ticket para vista previa,,,,,desk/src/components/Settings/SavedReplies/components/PreviewDialog.vue:17,desk/src/components/Settings/SavedReplies/components/PreviewDialog.vue:17,desk/src/components/Settings/SavedReplies/components/PreviewDialog.vue:17,client-js,,[],,,,,,,existente correcta,revisado inicial Helpdesk,sí,sí,,,Ticket protegido; Preview->vista previa.,,,
helpdesk:9204c44a34ba7e21,helpdesk,helpdesk,src,src,,Src,Select timezone,Select timezone,,,,,Seleccionar zona horaria,,,,,desk/src/components/TimezoneControl.vue:5,desk/src/components/TimezoneControl.vue:5,,client-js,,[],,,,,,,traducción propuesta,revisado inicial Helpdesk,sí,sí,,,,,,"POT-only: en el universo fresco, sin traducir"
helpdesk:dcdae42f7ee42ba5,helpdesk,helpdesk,src,src,,Src,Select what type all tickets get by default.,Select what type all tickets get by default.,,,Seleccione el tipo que obtienen todos los tickets por defecto.,,Seleccione el tipo que obtienen todos los tickets por defecto.,,,,,desk/src/components/Settings/General/components/TicketSettings.vue:132,desk/src/components/Settings/General/components/TicketSettings.vue:132,desk/src/components/Settings/General/components/TicketSettings.vue:132,client-js,,[],,,,,,,existente correcta,revisado inicial Helpdesk,sí,sí,,,,,,
helpdesk:bdcabd0eae4b54eb,helpdesk,helpdesk,helpdesk,helpdesk,,Helpdesk,Select your weekly off day,Select your weekly off day,,,Seleccione su día libre semanal,,Seleccione su día libre semanal,,,,,helpdesk/helpdesk/doctype/hd_service_holiday_list/hd_service_holiday_list.js:41,helpdesk/helpdesk/doctype/hd_service_holiday_list/hd_service_holiday_list.js:41,helpdesk/helpdesk/doctype/hd_service_holiday_list/hd_service_holiday_list.js:41,doctype-controller,Hd Service Holiday List,[],,,,,,,existente correcta,revisado inicial Helpdesk,sí,sí,,,Cross-app Select your weekly off day.,,,
helpdesk:cbff9087925ab09b,helpdesk,helpdesk,src,src,,Src,Send,Send,,,Enviar,,Enviar,,,,,desk/src/pages/ticket/TicketCustomer.vue:78,desk/src/pages/ticket/TicketCustomer.vue:78,desk/src/pages/ticket/TicketCustomer.vue:78,client-js,,[],,,,,,,existente correcta,revisado inicial Helpdesk,sí,sí,,,Cross-app aprobado.,,,
helpdesk:1b2a225f33b9e248,helpdesk,helpdesk,src,src,,Src,Send Invites,Send Invites,,,,,Enviar invitaciones,,,,,desk/src/components/Settings/InviteAgents.vue:37,desk/src/components/Settings/InviteAgents.vue:37,desk/src/components/Settings/InviteAgents.vue:37,client-js,,[],,,,,,,traducción propuesta,revisado inicial Helpdesk,sí,sí,,,Vacío en upstream.,,,
helpdesk:390efa5d2d8b8550,helpdesk,helpdesk,src,src,,Src,Send Reply,Send Reply,,,,,Enviar respuesta,,,,,desk/src/components/ticket-agent/BulkReplyModal.vue:38,desk/src/components/ticket-agent/BulkReplyModal.vue:38,desk/src/components/ticket-agent/BulkReplyModal.vue:32,client-js,,[],,,,,,,traducción propuesta,revisado inicial Helpdesk,sí,sí,,,,,,
helpdesk:6d8a42faac960695,helpdesk,helpdesk,helpdesk,helpdesk,,Helpdesk,Send feedback when,Send feedback when,,,Enviar retroalimentación cuando,,Enviar comentarios cuando,,Label of the send_email_feedback_on_status (Link) field in DocType 'HD Settings',etiqueta de campo/elemento,,helpdesk/helpdesk/doctype/hd_settings/hd_settings.json,helpdesk/helpdesk/doctype/hd_settings/hd_settings.json,helpdesk/helpdesk/doctype/hd_settings/hd_settings.json,doctype-json,Hd Settings,"[""Label of the send_email_feedback_on_status (Link) field in DocType 'HD Settings'""]",,,,,,,existente mejorable,revisado inicial Helpdesk,sí,sí,,,Feedback→Comentarios; 'retroalimentación' reemplazado.,,,
helpdesk:eb9ebf298f4ec136,helpdesk,helpdesk,src,src,,Src,Send reset password email,Send reset password email,,,,,Enviar correo de restablecimiento de contraseña,,,,,desk/src/pages/contact/Contact.vue:296,desk/src/pages/contact/Contact.vue:296,,client-js,,[],,,,,,,traducción propuesta,revisado inicial Helpdesk,sí,sí,,,Send reset password email.,,,"POT-only: en el universo fresco, sin traducir"
helpdesk:18dbe500d76c4877,helpdesk,helpdesk,src,src,,Src,Send to {0} tickets,Send to {0} tickets,,,,,Enviar a {0} tickets,,,,,desk/src/components/ticket-agent/BulkReplyModal.vue:39,desk/src/components/ticket-agent/BulkReplyModal.vue:39,desk/src/components/ticket-agent/BulkReplyModal.vue:33,client-js,,[],{0},,{0},ok,,,traducción propuesta,revisado inicial Helpdesk,sí,sí,,,{0} preservado.,,,
helpdesk:1912c8747bc0d29f,helpdesk,helpdesk,src,src,,Src,Sent to all of the agents assigned to the ticket whenever a contact has replied.,Sent to all of the agents assigned to the ticket whenever a contact has replied.,,,,,Se envía a todos los agentes asignados al ticket cuando un contacto responde.,,,,,desk/src/components/Settings/EmailNotifications/NotificationList.vue:78,desk/src/components/Settings/EmailNotifications/NotificationList.vue:78,desk/src/components/Settings/EmailNotifications/NotificationList.vue:78,client-js,,[],,,,,,,traducción propuesta,revisado inicial Helpdesk,sí,sí,,,ticket protegido; Agent/Contact glosario.,,,
helpdesk:9d9ce03de8b7f201,helpdesk,helpdesk,src,src,,Src,Sent to all of the recipients associated with the ticket whenever an agent has replied.,Sent to all of the recipients associated with the ticket whenever an agent has replied.,,,,,Se envía a todos los destinatarios asociados al ticket cuando un agente responde.,,,,,desk/src/components/Settings/EmailNotifications/NotificationList.vue:85,desk/src/components/Settings/EmailNotifications/NotificationList.vue:85,desk/src/components/Settings/EmailNotifications/NotificationList.vue:85,client-js,,[],,,,,,,traducción propuesta,revisado inicial Helpdesk,sí,sí,,,recipients→destinatarios; ticket protegido.,,,
helpdesk:d21cfdb7ee332d4b,helpdesk,helpdesk,src,src,,Src,Sent to the user right after creating an email ticket.,Sent to the user right after creating an email ticket.,,,Enviado al usuario justo después de crear un ticket por correo electrónico.,,Enviado al usuario justo después de crear un ticket por correo electrónico.,,,,,desk/src/components/Settings/EmailNotifications/NotificationList.vue:73,desk/src/components/Settings/EmailNotifications/NotificationList.vue:73,desk/src/components/Settings/EmailNotifications/NotificationList.vue:73,client-js,,[],,,,,,,existente correcta,revisado inicial Helpdesk,sí,sí,,,ticket protegido minúscula.,,,
helpdesk:d836a69f1a309050,helpdesk,helpdesk,src,src,,Src,Sent to the user who has raised the ticket after the ticket is closed or resolved.,Sent to the user who has raised the ticket after the ticket is closed or resolved.,,,Enviado al usuario que ha generado el ticket después de cerrar o resolver el ticket.,,Enviado al usuario que ha generado el ticket después de cerrar o resolver el ticket.,,,,,desk/src/components/Settings/EmailNotifications/NotificationList.vue:66,desk/src/components/Settings/EmailNotifications/NotificationList.vue:66,desk/src/components/Settings/EmailNotifications/NotificationList.vue:66,client-js,,[],,,,,,,existente correcta,revisado inicial Helpdesk,sí,sí,,,ticket protegido; natural.,,,
helpdesk:e104ba8e00ddcd66,helpdesk,helpdesk,src,src,,Src,Service Level Agreement,Service Level Agreement,,,Acuerdo de nivel de servicio,,Acuerdo de nivel de servicio,,,,,desk/src/components/layouts/Sidebar.vue:408,desk/src/components/layouts/Sidebar.vue:408,desk/src/components/layouts/Sidebar.vue:618,client-js,,[],,,,,,,existente correcta,revisado inicial Helpdesk,sí,sí,,,Service Level Agreement forma larga (glosario/crossapp).,,,
helpdesk:a42c66aa331fa201,helpdesk,helpdesk,src,src,,Src,Service Level Agreements (SLAs),Service Level Agreements (SLAs),,,Acuerdos de Nivel de Servicio (ANSs),,Acuerdos de Nivel de Servicio (SLAs),,,,,desk/src/components/Settings/Sla/SlaPolicies.vue:5,desk/src/components/Settings/Sla/SlaPolicies.vue:5,desk/src/components/Settings/Sla/SlaPolicies.vue:5,client-js,,[],,,,,,,existente mejorable,revisado inicial Helpdesk,sí,sí,,,Revertido ANSs->SLAs; SLA protegido.,,,
helpdesk:ce3e10b6f2d170f4,helpdesk,helpdesk,helpdesk,helpdesk,,Helpdesk,Service Level Name,Service Level Name,,,Nombre del nivel de servicio,,Nombre del nivel de servicio,,Label of the service_level (Data) field in DocType 'HD Service Level Agreement',etiqueta de campo/elemento,,helpdesk/helpdesk/doctype/hd_service_level_agreement/hd_service_level_agreement.json,helpdesk/helpdesk/doctype/hd_service_level_agreement/hd_service_level_agreement.json,helpdesk/helpdesk/doctype/hd_service_level_agreement/hd_service_level_agreement.json,doctype-json,Hd Service Level Agreement,"[""Label of the service_level (Data) field in DocType 'HD Service Level Agreement'""]",,,,,,,existente correcta,revisado inicial Helpdesk,sí,sí,,,Cross-app Service Level Name.,,,
helpdesk:2bdc26d8ee4d3387,helpdesk,helpdesk,api,api,,Api,Service not supported,Service not supported,,,Servicio no soportado,,Servicio no compatible,,,,,helpdesk/api/settings/email.py:14,helpdesk/api/settings/email.py:14,helpdesk/api/settings/email.py:14,python,,[],,,,,,,existente mejorable,revisado inicial Helpdesk,sí,sí,,,'no soportado' es calco; 'no compatible' más natural MX.,,,
helpdesk:7c38d9953fa13ba9,helpdesk,helpdesk,src,src,,Src,Set,Set,,,Establecer,,Establecer,,,,,desk/src/components/view-controls/Filter.vue:418,desk/src/components/view-controls/Filter.vue:418 || desk/src/components/view-controls/filter/FilterValueEditor.vue:226,desk/src/components/view-controls/filter/FilterValueEditor.vue:202,client-js,,[],,,,,,,existente correcta,revisado inicial Helpdesk,sí,sí,,,crossapp Set->Establecer.,,,
helpdesk:04c5d810783d3b3e,helpdesk,helpdesk,src,src,,Src,Set Phone Number,Set Phone Number,,,Establecer número de teléfono,,Establecer número de teléfono,,,,,desk/src/components/ticket/SetContactPhoneModal.vue:4,desk/src/components/ticket/SetContactPhoneModal.vue:4 || desk/src/components/ticket/SetContactPhoneModal.vue:7,desk/src/components/ticket/SetContactPhoneModal.vue:4 || desk/src/components/ticket/SetContactPhoneModal.vue:7,client-js,,[],,,,,,,existente correcta,revisado inicial Helpdesk,sí,sí,,,Set→Establecer (cross-app); natural.,,,
helpdesk:691b5bd81890b8a2,helpdesk,helpdesk,src,src,,Src,Set Primary Contact,Set Primary Contact,,,,,Establecer contacto principal,,,,,desk/src/components/customer/ContactCard.vue:265,desk/src/components/customer/ContactCard.vue:265,,client-js,,[],,,,,,,traducción propuesta,revisado inicial Helpdesk,sí,sí,,,Set Primary Contact.,,,"POT-only: en el universo fresco, sin traducir"
helpdesk:d3b94ed4b4229483,helpdesk,helpdesk,helpdesk,helpdesk,,Helpdesk,Set Resolution Time for Priority {0} in row {1}.,Set Resolution Time for Priority {0} in row {1}.,,,Establecer el tiempo de resolución para la prioridad {0} en la fila {1}.,,Establecer el tiempo de resolución para la prioridad {0} en la fila {1}.,,,,,helpdesk/helpdesk/doctype/hd_service_level_agreement/hd_service_level_agreement.py:56,helpdesk/helpdesk/doctype/hd_service_level_agreement/hd_service_level_agreement.py:56,helpdesk/helpdesk/doctype/hd_service_level_agreement/hd_service_level_agreement.py:56,doctype-controller,Hd Service Level Agreement,[],{0};{1},{0};{1},{0};{1},ok,,,existente correcta,revisado inicial Helpdesk,sí,sí,,,{0}{1} preservados.,,,
helpdesk:e1e82f6b56fdec06,helpdesk,helpdesk,helpdesk,helpdesk,,Helpdesk,Set Response Time for Priority {0} in row {1}.,Set Response Time for Priority {0} in row {1}.,,,Establecer el tiempo de respuesta para la prioridad {0} en la fila {1}.,,Establecer el tiempo de respuesta para la prioridad {0} en la fila {1}.,,,,,helpdesk/helpdesk/doctype/hd_service_level_agreement/hd_service_level_agreement.py:48,helpdesk/helpdesk/doctype/hd_service_level_agreement/hd_service_level_agreement.py:48,helpdesk/helpdesk/doctype/hd_service_level_agreement/hd_service_level_agreement.py:48,doctype-controller,Hd Service Level Agreement,[],{0};{1},{0};{1},{0};{1},ok,,,existente correcta,revisado inicial Helpdesk,sí,sí,,,Cross-app aprobado; {0}{1} preservados.,,,
helpdesk:a057c7d019c2cc7d,helpdesk,helpdesk,src,src,,Src,Set as Primary,Set as Primary,,,,,Marcar como principal,,,,,desk/src/components/customer/ContactCard.vue:156,desk/src/components/customer/ContactCard.vue:156,,client-js,,[],,,,,,,traducción propuesta,revisado inicial Helpdesk,sí,sí,,,Set as Primary (contacto principal).,,,"POT-only: en el universo fresco, sin traducir"
helpdesk:f92593c497a78f5b,helpdesk,helpdesk,src,src,,Src,Set as default SLA,Set as default SLA,,,Establecer como ANS predeterminado,,Establecer como SLA predeterminado,,,,,desk/src/components/Settings/Sla/SlaPolicyView.vue:84,desk/src/components/Settings/Sla/SlaPolicyView.vue:84,desk/src/components/Settings/Sla/SlaPolicyView.vue:75,client-js,,[],,,,,,,existente mejorable,revisado inicial Helpdesk,sí,sí,,,Revertido ANS->SLA.,,,
helpdesk:487b4bc5b411faf8,helpdesk,helpdesk,src,src,,Src,Set as primary,Set as primary,,,,,Marcar como principal,,,,,desk/src/components/contact/ContactInputRow.vue:32,desk/src/components/contact/ContactInputRow.vue:32 || desk/src/components/contact/ContactInputRow.vue:36,,client-js,,[],,,,,,,traducción propuesta,revisado inicial Helpdesk,sí,sí,,,Set as primary (contacto principal).,,,"POT-only: en el universo fresco, sin traducir"
helpdesk:da868e50db47d047,helpdesk,helpdesk,helpdesk,helpdesk,,Helpdesk,Set once an admin completes the onboarding persona questionnaire,Set once an admin completes the onboarding persona questionnaire,,,,,Se establece cuando un administrador completa el cuestionario de perfil de la incorporación,,Description of the 'Persona Captured' (Check) field in DocType 'HD Settings',descripción,,helpdesk/helpdesk/doctype/hd_settings/hd_settings.json,helpdesk/helpdesk/doctype/hd_settings/hd_settings.json,,doctype-json,Hd Settings,"[""Description of the 'Persona Captured' (Check) field in DocType 'HD Settings'""]",,,,,,,traducción propuesta,revisado inicial Helpdesk,sí,sí,,,Persona=perfil; onboarding=incorporación; descripción de campo Persona Captured.,,,"POT-only: en el universo fresco, sin traducir"
helpdesk:de68053a08ff99c4,helpdesk,helpdesk,src,src,,Src,Set status,Set status,,,,,Establecer estado,,,,,desk/src/components/AvailabilityMenu.vue:5,desk/src/components/AvailabilityMenu.vue:5 || desk/src/components/AvailabilityMenuMobile.vue:25,desk/src/components/AvailabilityMenu.vue:5 || desk/src/components/AvailabilityMenuMobile.vue:22,client-js,,[],,,,,,,traducción propuesta,revisado inicial Helpdesk,sí,sí,,,Set->Establecer; Status->Estado. Disponibilidad del agente.,,,
helpdesk:5d1224bf80946abb,helpdesk,helpdesk,src,src,,Src,"Set the default status assigned when a ticket is created, and the status to apply when a ticket is reopened. If not specified, the default status from HD Settings will be used.","Set the default status assigned when a ticket is created, and the status to apply when a ticket is reopened. If not specified, the default status from HD Settings will be used.",,,"Establezca el estado predeterminado asignado cuando se crea un ticket y el estado que se aplicará cuando se vuelva a abrir un ticket. Si no se especifica, se utilizará el estado predeterminado de la configuración de HD.",,"Establezca el estado predeterminado asignado cuando se crea un ticket y el estado que se aplicará cuando se vuelva a abrir un ticket. Si no se especifica, se utilizará el estado predeterminado de la configuración de HD.",,,,,desk/src/components/Settings/Sla/SlaPolicyView.vue:240,desk/src/components/Settings/Sla/SlaPolicyView.vue:240,desk/src/components/Settings/Sla/SlaPolicyView.vue:231,client-js,,[],,,,,,,existente correcta,revisado inicial Helpdesk + pase dirigido,sí,,,,Ya está en usted/impersonal; sin cambios.,,,
helpdesk:42d0549c36451646,helpdesk,helpdesk,src,src,,Src,Set up a customer portal,Set up a customer portal,,,,,Configurar un portal del cliente,,,,,desk/src/pages/PersonaForm.vue:228,desk/src/pages/PersonaForm.vue:228,,client-js,,[],,,,,,,traducción propuesta,revisado inicial Helpdesk,sí,sí,,,Customer=cliente; Set up a customer portal.,,,"POT-only: en el universo fresco, sin traducir"
helpdesk:72e617fb59d8e8c1,helpdesk,helpdesk,src,src,,Src,"Set working days, hours, and holidays by selecting a predefined schedule or creating a new one.","Set working days, hours, and holidays by selecting a predefined schedule or creating a new one.",,,"Establezca los días laborables, las horas y los días festivos seleccionando un horario predefinido o creando uno nuevo.",,"Establezca los días laborables, las horas y los días festivos seleccionando un horario predefinido o creando uno nuevo.",,,,,desk/src/components/Settings/Sla/SlaHolidays.vue:9,desk/src/components/Settings/Sla/SlaHolidays.vue:9,desk/src/components/Settings/Sla/SlaHolidays.vue:9,client-js,,[],,,,,,,existente correcta,revisado inicial Helpdesk,sí,sí,,,,,,
helpdesk:9b56bbfad2fc6cc9,helpdesk,helpdesk,src,src,,Src,Set your availability so your team knows when you're reachable.,Set your availability so your team knows when you're reachable.,,,,,Configure su disponibilidad para que su equipo sepa cuándo está disponible.,,,,,desk/src/components/Settings/Profile/Profile.vue:92,desk/src/components/Settings/Profile/Profile.vue:92,desk/src/components/Settings/Profile/Profile.vue:115,client-js,,[],,,,,,,traducción propuesta,revisado inicial Helpdesk + pase dirigido,sí,,,,Impersonal/usted; su disponibilidad/su equipo.,,,
helpdesk:dcc4151733187e57,helpdesk,helpdesk,src,src,,Src,"Set your team’s working days, hours, and holidays using a template or custom schedule.","Set your team’s working days, hours, and holidays using a template or custom schedule.",,,"Configure los días laborables, las horas y los días festivos de su equipo utilizando una plantilla o un horario personalizado.",,"Configure los días laborables, las horas y los días festivos de su equipo usando una plantilla o un horario personalizado.",,,,,desk/src/components/Settings/Holiday/Holidays.vue:5,desk/src/components/Settings/Holiday/Holidays.vue:5,desk/src/components/Settings/Holiday/Holidays.vue:5,client-js,,[],,,,,,,existente mejorable,revisado inicial Helpdesk + pase dirigido,sí,,,,Imperativo usted; su equipo.,,,
helpdesk:1d1c443b47527aa8,helpdesk,helpdesk,helpdesk,helpdesk,,Helpdesk,Setting <strong>{0}</strong> as the default SLA removes <strong>{1}</strong> as the default SLA. You’ll need to add a condition in <strong>{1}</strong> for the SLA to work.,Setting <strong>{0}</strong> as the default SLA removes <strong>{1}</strong> as the default SLA. You’ll need to add a condition in <strong>{1}</strong> for the SLA to work.,,,"Al establecer <strong>{0}</strong> como ANS predeterminado, se elimina <strong>{1}</strong> como ANS predeterminado. Deberá agregar una condición en <strong>{1}</strong> para que el ANS funcione.",,"Al establecer <strong>{0}</strong> como SLA predeterminado, se elimina <strong>{1}</strong> como SLA predeterminado. Deberá agregar una condición en <strong>{1}</strong> para que el SLA funcione.",,,,,helpdesk/helpdesk/doctype/hd_service_level_agreement/hd_service_level_agreement.py:125,helpdesk/helpdesk/doctype/hd_service_level_agreement/hd_service_level_agreement.py:125,helpdesk/helpdesk/doctype/hd_service_level_agreement/hd_service_level_agreement.py:125,doctype-controller,Hd Service Level Agreement,[],{0};{1};{1},{0};{1};{1},{0};{1};{1},ok,,,existente mejorable,revisado inicial Helpdesk,sí,sí,,,Revertido ANS->SLA (x3); HTML y {0}{1}{1} preservados.,,,
helpdesk:7581bf35a1739851,helpdesk,helpdesk,src,src,,Src,Setting up Frappe Mail requires you to have an API key and API Secret of your email account. Read more,Setting up Frappe Mail requires you to have an API key and API Secret of your email account. Read more,,,,,Para configurar Frappe Mail necesita tener una clave de API y una Clave Secreta de API de su cuenta de correo. Más información,,,,,desk/src/components/Settings/emailConfig.ts:218,desk/src/components/Settings/emailConfig.ts:218,,client-js,,[],,,,,,,traducción propuesta,revisado inicial Helpdesk + pase dirigido,sí,,,,Impersonal/usted; su cuenta.,,,"POT-only: en el universo fresco, sin traducir"
helpdesk:a596fa17b25583e7,helpdesk,helpdesk,src,src,,Src,"Setting up GMail requires you to enable two factor authentication
		  and app specific passwords. Read more","Setting up GMail requires you to enable two factor authentication
		  and app specific passwords. Read more",,,,,"Para configurar GMail necesitas habilitar la autenticación en dos pasos
		  y contraseñas específicas de aplicación. Más información",,,,,desk/src/components/Settings/emailConfig.ts:170,desk/src/components/Settings/emailConfig.ts:170,,client-js,,[],,,,,,,traducción propuesta,revisado inicial Helpdesk,sí,sí,,,Se preservan \n y las dos tabulaciones exactas del origen.,,,"POT-only: en el universo fresco, sin traducir"
helpdesk:2a0bdbf40cc4e8c5,helpdesk,helpdesk,src,src,,Src,"Setting up Outlook requires you to enable two factor authentication
		  and app specific passwords. Read more","Setting up Outlook requires you to enable two factor authentication
		  and app specific passwords. Read more",,,,,"Para configurar Outlook necesitas habilitar la autenticación en dos pasos
		  y contraseñas específicas de aplicación. Más información",,,,,desk/src/components/Settings/emailConfig.ts:178,desk/src/components/Settings/emailConfig.ts:178,,client-js,,[],,,,,,,traducción propuesta,revisado inicial Helpdesk,sí,sí,,,Se preservan \n y tabulaciones.,,,"POT-only: en el universo fresco, sin traducir"
helpdesk:35149cd063549de0,helpdesk,helpdesk,src,src,,Src,"Setting up Sendgrid requires you to enable two factor authentication
		  and app specific passwords. Read more","Setting up Sendgrid requires you to enable two factor authentication
		  and app specific passwords. Read more",,,,,"Para configurar Sendgrid necesitas habilitar la autenticación en dos pasos
		  y contraseñas específicas de aplicación. Más información",,,,,desk/src/components/Settings/emailConfig.ts:186,desk/src/components/Settings/emailConfig.ts:186,,client-js,,[],,,,,,,traducción propuesta,revisado inicial Helpdesk,sí,sí,,,Se preservan \n y tabulaciones.,,,"POT-only: en el universo fresco, sin traducir"
helpdesk:3a85e6c8c597951d,helpdesk,helpdesk,src,src,,Src,"Setting up SparkPost requires you to enable two factor authentication
		  and app specific passwords. Read more","Setting up SparkPost requires you to enable two factor authentication
		  and app specific passwords. Read more",,,,,"Para configurar SparkPost necesitas habilitar la autenticación en dos pasos
		  y contraseñas específicas de aplicación. Más información",,,,,desk/src/components/Settings/emailConfig.ts:194,desk/src/components/Settings/emailConfig.ts:194,,client-js,,[],,,,,,,traducción propuesta,revisado inicial Helpdesk,sí,sí,,,Se preservan \n y tabulaciones.,,,"POT-only: en el universo fresco, sin traducir"
helpdesk:851f8eba40f79292,helpdesk,helpdesk,src,src,,Src,"Setting up Yahoo requires you to enable two factor authentication
		  and app specific passwords. Read more","Setting up Yahoo requires you to enable two factor authentication
		  and app specific passwords. Read more",,,,,"Para configurar Yahoo necesitas habilitar la autenticación en dos pasos
		  y contraseñas específicas de aplicación. Más información",,,,,desk/src/components/Settings/emailConfig.ts:202,desk/src/components/Settings/emailConfig.ts:202,,client-js,,[],,,,,,,traducción propuesta,revisado inicial Helpdesk,sí,sí,,,Se preservan \n y tabulaciones.,,,"POT-only: en el universo fresco, sin traducir"
helpdesk:ae4f19976c094e91,helpdesk,helpdesk,src,src,,Src,"Setting up Yandex requires you to enable two factor authentication
		  and app specific passwords. Read more","Setting up Yandex requires you to enable two factor authentication
		  and app specific passwords. Read more",,,,,"Para configurar Yandex necesitas habilitar la autenticación en dos pasos
		  y contraseñas específicas de aplicación. Más información",,,,,desk/src/components/Settings/emailConfig.ts:210,desk/src/components/Settings/emailConfig.ts:210,,client-js,,[],,,,,,,traducción propuesta,revisado inicial Helpdesk,sí,sí,,,Se preservan \n y tabulaciones.,,,"POT-only: en el universo fresco, sin traducir"
helpdesk:d546147b4098859c,helpdesk,helpdesk,helpdesk,helpdesk;src,sí,Helpdesk,Settings,Settings,,,Configuración,,Configuración,,Label of the column_break_feto (Column Break) field in DocType 'HD Team',etiqueta de campo/elemento,,desk/src/components/layouts/Sidebar.vue:179,desk/src/components/layouts/Sidebar.vue:179 || helpdesk/helpdesk/doctype/hd_team/hd_team.json,desk/src/components/layouts/Sidebar.vue:386 || desk/src/components/layouts/Sidebar.vue:632 || helpdesk/helpdesk/doctype/hd_team/hd_team.json,client-js,HD Team,"[""Label of the column_break_feto (Column Break) field in DocType 'HD Team'""]",,,,,,,existente correcta,revisado inicial Helpdesk,sí,sí,,,Settings→Configuración (glosario/crossapp).,,,
helpdesk:06bd91e3815b85ee,helpdesk,helpdesk,src,src,,Src,Settings updated,Settings updated,,,,,Configuración actualizada,,,,,desk/src/components/Settings/General/General.vue:251,desk/src/components/Settings/General/General.vue:251 || desk/src/components/Settings/General/General.vue:289 || desk/src/components/Settings/General/General.vue:298,desk/src/components/Settings/General/General.vue:253 || desk/src/components/Settings/General/General.vue:291 || desk/src/components/Settings/General/General.vue:300,client-js,,[],,,,,,,traducción propuesta,revisado inicial Helpdesk,sí,sí,,,Settings updated.,,,
helpdesk:7c2280dd75ba622a,helpdesk,helpdesk,src,src,,Src,Settings updated successfully.,Settings updated successfully.,,,,,Configuración actualizada correctamente.,,,,,desk/src/components/Settings/EmailNotifications/Acknowledgement.vue:47,desk/src/components/Settings/EmailNotifications/Acknowledgement.vue:47 || desk/src/components/Settings/EmailNotifications/ReplyToAgents.vue:47 || desk/src/components/Settings/EmailNotifications/ReplyViaAgent.vue:47 || desk/src/components/Settings/EmailNotifications/ShareFeedback.vue:77,desk/src/components/Settings/EmailNotifications/Acknowledgement.vue:47 || desk/src/components/Settings/EmailNotifications/ReplyToAgents.vue:47 || desk/src/components/Settings/EmailNotifications/ReplyViaAgent.vue:47 || desk/src/components/Settings/EmailNotifications/ShareFeedback.vue:77,client-js,,[],,,,,,,traducción propuesta,revisado inicial Helpdesk,sí,sí,,,Settings→Configuración.,,,
helpdesk:2af3d77ab3cc7597,helpdesk,helpdesk,helpdesk,helpdesk,,Helpdesk,Setup,Setup,,,Configuración,,Configuración,,Label of the setup_section (Section Break) field in DocType 'HD Settings',etiqueta de campo/elemento,,helpdesk/helpdesk/doctype/hd_settings/hd_settings.json,helpdesk/helpdesk/doctype/hd_settings/hd_settings.json,helpdesk/helpdesk/doctype/hd_settings/hd_settings.json,doctype-json,Hd Settings,"[""Label of the setup_section (Section Break) field in DocType 'HD Settings'""]",,,,,,,existente correcta,revisado inicial Helpdesk,sí,sí,,,Crossapp: Setup=Configuración.,,,
helpdesk:821b22e77c269f2e,helpdesk,helpdesk,src,src,,Src,Setup Email,Setup Email,,,,,Configurar correo,,,,,desk/src/components/Settings/EmailAdd.vue:3,desk/src/components/Settings/EmailAdd.vue:3,desk/src/components/Settings/EmailAdd.vue:3,client-js,,[],,,,,,,traducción propuesta,revisado inicial Helpdesk,sí,sí,,,Setup Email; acción.,,,
helpdesk:280d1875ee2a8d1c,helpdesk,helpdesk,src,src,,Src,Setup SLA,Setup SLA,,,,,Configurar SLA,,,,,desk/src/components/layouts/Sidebar.vue:251,desk/src/components/layouts/Sidebar.vue:251,desk/src/components/layouts/Sidebar.vue:461,client-js,,[],,,,,,,traducción propuesta,revisado inicial Helpdesk,sí,sí,,,SLA protegido; Setup->Configurar.,,,
helpdesk:edc5e66474e93a44,helpdesk,helpdesk,src,src,,Src,Share,Share,,,Compartir,,Compartir,,,,,desk/src/pages/knowledge-base/Article.vue:642,desk/src/pages/knowledge-base/Article.vue:642 || desk/src/pages/knowledge-base/KnowledgeBaseAgent.vue:163,desk/src/pages/knowledge-base/Article.vue:649 || desk/src/pages/knowledge-base/KnowledgeBaseAgent.vue:167,client-js,,[],,,,,,,existente correcta,revisado inicial Helpdesk,sí,sí,,,crossapp: Share→Compartir.,,,
helpdesk:bb2c251eca39a34d,helpdesk,helpdesk,helpdesk,helpdesk,,Helpdesk,Share Feedback,Share Feedback,,,Compartir Comentarios,,Compartir Comentarios,,Label of the share_feedback_section (Section Break) field in DocType 'HD Settings',etiqueta de campo/elemento,,helpdesk/helpdesk/doctype/hd_settings/hd_settings.json,helpdesk/helpdesk/doctype/hd_settings/hd_settings.json,helpdesk/helpdesk/doctype/hd_settings/hd_settings.json,doctype-json,Hd Settings,"[""Label of the share_feedback_section (Section Break) field in DocType 'HD Settings'""]",,,,,,,existente correcta,revisado inicial Helpdesk,sí,sí,,,Feedback→Comentarios ya aplicado; Share=Compartir.,,,
helpdesk:d5ae6aaa3c27c462,helpdesk,helpdesk,src,src,,Src,Share feedback,Share feedback,,,,,Compartir comentarios,,,,,desk/src/components/Settings/EmailNotifications/NotificationList.vue:65,desk/src/components/Settings/EmailNotifications/NotificationList.vue:65,desk/src/components/Settings/EmailNotifications/NotificationList.vue:65,client-js,,[],,,,,,,traducción propuesta,revisado inicial Helpdesk,sí,sí,,,Share feedback; Feedback→comentarios (glosario).,,,
helpdesk:db74de5df48c692c,helpdesk,helpdesk,src,src,,Src,"Shared email inbox (Gmail, Outlook, etc.)","Shared email inbox (Gmail, Outlook, etc.)",,,,,"Bandeja de correo compartida (Gmail, Outlook, etc.)",,,,,desk/src/pages/PersonaForm.vue:127,desk/src/pages/PersonaForm.vue:127,,client-js,,[],,,,,,,traducción propuesta,revisado inicial Helpdesk,sí,sí,,,Nombres propios conservados.,,,"POT-only: en el universo fresco, sin traducir"
helpdesk:71b3413bc11d3ffa,helpdesk,helpdesk,src,src,,Src,Shortcuts,Shortcuts,,,Atajos,,Atajos,,,,,desk/src/components/layouts/Sidebar.vue:174,desk/src/components/layouts/Sidebar.vue:174,desk/src/components/layouts/Sidebar.vue:381,client-js,,[],,,,,,,existente correcta,revisado inicial Helpdesk,sí,sí,,,crossapp Shortcuts->Atajos.,,,
helpdesk:8e786199e946de97,helpdesk,helpdesk,helpdesk,helpdesk,,Helpdesk,Show Customer Portal Permission Notice,Show Customer Portal Permission Notice,,,,,Mostrar aviso de permisos del Portal del Cliente,,Label of the show_customer_portal_permission_notice (Check) field in DocType 'HD Settings',etiqueta de campo/elemento,,helpdesk/helpdesk/doctype/hd_settings/hd_settings.json,helpdesk/helpdesk/doctype/hd_settings/hd_settings.json,,doctype-json,Hd Settings,"[""Label of the show_customer_portal_permission_notice (Check) field in DocType 'HD Settings'""]",,,,,,,traducción propuesta,revisado inicial Helpdesk,sí,sí,,,Show Customer Portal Permission Notice; Customer=Cliente.,,,"POT-only: en el universo fresco, sin traducir"
helpdesk:c3a9162fefa78bf4,helpdesk,helpdesk,helpdesk,helpdesk,,Helpdesk,Show end users a different view,Show end users a different view,,,Mostrar a los usuarios finales una vista diferente,,Mostrar a los usuarios finales una vista diferente,,Label of the different_view (Check) field in DocType 'HD Ticket Status',etiqueta de campo/elemento,,helpdesk/helpdesk/doctype/hd_ticket_status/hd_ticket_status.json,helpdesk/helpdesk/doctype/hd_ticket_status/hd_ticket_status.json,helpdesk/helpdesk/doctype/hd_ticket_status/hd_ticket_status.json,doctype-json,Hd Ticket Status,"[""Label of the different_view (Check) field in DocType 'HD Ticket Status'""]",,,,,,,existente correcta,revisado inicial Helpdesk,sí,sí,,,Correcta y natural.,,,
helpdesk:2379fe1b7260613f,helpdesk,helpdesk,src,src,,Src,Show in sidebar,Show in sidebar,,,,,Mostrar en la barra lateral,,,,,desk/src/composables/useView.ts:235,desk/src/composables/useView.ts:235,desk/src/pages/ticket/Tickets.vue:481,client-js,,[],,,,,,,traducción propuesta,revisado inicial Helpdesk,sí,sí,,,,,,
helpdesk:d75cf66ab8701d0e,helpdesk,helpdesk,src,src,,Src,Show keyboard shortcuts,Show keyboard shortcuts,,,,,Mostrar atajos de teclado,,,,,desk/src/components/modals/ShortcutsModal.vue:80,desk/src/components/modals/ShortcutsModal.vue:80,desk/src/components/modals/ShortcutsModal.vue:80,client-js,,[],,,,,,,traducción propuesta,revisado inicial Helpdesk,sí,sí,,,crossapp Show keyboard shortcuts.,,,
helpdesk:2c8135d727c73d4a,helpdesk,helpdesk,src,src,,Src,Showing {0} of {1} {2},Showing {0} of {1} {2},,,,,Mostrando {0} de {1} {2},,,,,desk/src/pages/home/components/PendingTickets.vue:152,desk/src/pages/home/components/PendingTickets.vue:152 || desk/src/pages/home/components/PendingTickets.vue:156,desk/src/pages/home/components/PendingTickets.vue:154,client-js,,[],{0};{1};{2},,{0};{1};{2},ok,,,traducción propuesta,revisado inicial Helpdesk,sí,sí,,,Placeholders {0};{1};{2} preservados.,,,
helpdesk:adca703c614f5fa0,helpdesk,helpdesk,src,src,,Src,Signature,Signature,,,Firma,,Firma,,,,,desk/src/components/Settings/Profile/UserEmailSettings.vue:37,desk/src/components/Settings/Profile/UserEmailSettings.vue:37,desk/src/components/Settings/Profile/UserEmailSettings.vue:22,client-js,,[],,,,,,,existente correcta,revisado inicial Helpdesk,sí,sí,,,crossapp: Signature→Firma.,,,
helpdesk:5394cff9d8657f77,helpdesk,helpdesk,helpdesk,helpdesk,,Helpdesk,"Simple Python Expression, Example: doc.status == 'Open' and doc.ticket_type == 'Bug'","Simple Python Expression, Example: doc.status == 'Open' and doc.ticket_type == 'Bug'",,,"Expresión Python simple, Ejemplo: doc.status == 'Abierto' y doc.ticket_type == 'Bug'",,"Expresión Python simple, Ejemplo: doc.status == 'Open' and doc.ticket_type == 'Bug'",,Description of the 'Condition' (Code) field in DocType 'HD Service Level Agreement',descripción,,helpdesk/helpdesk/doctype/hd_service_level_agreement/hd_service_level_agreement.json,helpdesk/helpdesk/doctype/hd_service_level_agreement/hd_service_level_agreement.json,helpdesk/helpdesk/doctype/hd_service_level_agreement/hd_service_level_agreement.json,doctype-json,Hd Service Level Agreement,"[""Description of the 'Condition' (Code) field in DocType 'HD Service Level Agreement'""]",,,,,,,existente mejorable,revisado inicial Helpdesk,sí,sí,,,Codigo no debe traducirse: 'Abierto' y 'y' romperían la expresión Python.,,,
helpdesk:0468d4eacca3ba68,helpdesk,helpdesk,helpdesk,helpdesk,,Helpdesk,Skip e-mail workflow,Skip e-mail workflow,,,Omitir el flujo de trabajo de correo electrónico,,Omitir el flujo de trabajo de correo electrónico,,Label of the skip_email_workflow (Check) field in DocType 'HD Settings',etiqueta de campo/elemento,,helpdesk/helpdesk/doctype/hd_settings/hd_settings.json,helpdesk/helpdesk/doctype/hd_settings/hd_settings.json,helpdesk/helpdesk/doctype/hd_settings/hd_settings.json,doctype-json,Hd Settings,"[""Label of the skip_email_workflow (Check) field in DocType 'HD Settings'""]",,,,,,,existente correcta,revisado inicial Helpdesk,sí,sí,,,Workflow=Flujo de trabajo (crossapp); correcta.,,,
helpdesk:9b1a807f60c5099d,helpdesk,helpdesk,src,src,,Src,Skip email workflow,Skip email workflow,,,,,Omitir flujo de correo,,,,,desk/src/components/Settings/General/components/WorkflowKnowledgebaseSettings.vue:26,desk/src/components/Settings/General/components/WorkflowKnowledgebaseSettings.vue:26,desk/src/components/Settings/General/components/WorkflowKnowledgebaseSettings.vue:26,client-js,,[],,,,,,,traducción propuesta,revisado inicial Helpdesk,sí,sí,,,"Skip email workflow; workflow→flujo (glosario Workflow→Flujo de trabajo, se abrevia por espacio).",,,
helpdesk:7b318b58cbc18ccd,helpdesk,helpdesk,src,src,,Src,Skip for now,Skip for now,,,,,Omitir por ahora,,,,,desk/src/components/Questionnaire.vue:137,desk/src/components/Questionnaire.vue:137,,client-js,,[],,,,,,,traducción propuesta,revisado inicial Helpdesk,sí,sí,,,,,,"POT-only: en el universo fresco, sin traducir"
helpdesk:7bcf6995c75cbb7c,helpdesk,helpdesk,src,src,,Src,Social media,Social media,,,,,Redes sociales,,,,,desk/src/pages/PersonaForm.vue:146,desk/src/pages/PersonaForm.vue:146,,client-js,,[],,,,,,,traducción propuesta,revisado inicial Helpdesk,sí,sí,,,Social media; 'redes sociales' natural MX.,,,"POT-only: en el universo fresco, sin traducir"
helpdesk:98cd81e34188b336,helpdesk,helpdesk,src,src,,Src,Some error occurred while renaming assignment rule,Some error occurred while renaming assignment rule,,,,,Ocurrió un error al cambiar el nombre de la regla de asignación,,,,,desk/src/components/Settings/Assignment Rules/AssignmentRuleView.vue:627,desk/src/components/Settings/Assignment Rules/AssignmentRuleView.vue:627,desk/src/components/Settings/Assignment || Rules/AssignmentRuleView.vue:617,client-js,,[],,,,,,,traducción propuesta,revisado inicial Helpdesk,sí,sí,,,Vacío en upstream.,,,
helpdesk:f912272644beb807,helpdesk,helpdesk,src,src,,Src,Some error occurred while renaming holiday list,Some error occurred while renaming holiday list,,,,,Ocurrió un error al renombrar la lista de días festivos,,,,,desk/src/components/Settings/Holiday/HolidayView.vue:419,desk/src/components/Settings/Holiday/HolidayView.vue:419,desk/src/components/Settings/Holiday/HolidayView.vue:399,client-js,,[],,,,,,,traducción propuesta,revisado inicial Helpdesk,sí,sí,,,Mensaje de error.,,,
helpdesk:c7fe5931fa43d695,helpdesk,helpdesk,src,src,,Src,Some error occurred while renaming saved reply,Some error occurred while renaming saved reply,,,,,Ocurrió un error al renombrar la respuesta guardada,,,,,desk/src/components/Settings/SavedReplies/SavedReplyView.vue:376,desk/src/components/Settings/SavedReplies/SavedReplyView.vue:376,desk/src/components/Settings/SavedReplies/SavedReplyView.vue:368,client-js,,[],,,,,,,traducción propuesta,revisado inicial Helpdesk,sí,sí,,,Mensaje de error.,,,
helpdesk:f10109c82ac036fe,helpdesk,helpdesk,src,src,,Src,Some error occurred while updating assignment rule,Some error occurred while updating assignment rule,,,,,Ocurrió un error al actualizar la regla de asignación,,,,,desk/src/components/Settings/Assignment Rules/AssignmentRuleView.vue:611,desk/src/components/Settings/Assignment Rules/AssignmentRuleView.vue:611,desk/src/components/Settings/Assignment || Rules/AssignmentRuleView.vue:601,client-js,,[],,,,,,,traducción propuesta,revisado inicial Helpdesk,sí,sí,,,Vacío en upstream.,,,
helpdesk:632309c7cc345e13,helpdesk,helpdesk,src,src,,Src,Some error occurred while updating holiday list,Some error occurred while updating holiday list,,,,,Ocurrió un error al actualizar la lista de días festivos,,,,,desk/src/components/Settings/Holiday/HolidayView.vue:409,desk/src/components/Settings/Holiday/HolidayView.vue:409,desk/src/components/Settings/Holiday/HolidayView.vue:389,client-js,,[],,,,,,,traducción propuesta,revisado inicial Helpdesk,sí,sí,,,Mensaje de error.,,,
helpdesk:efa271de2950367f,helpdesk,helpdesk,api,api,,Api,Source and target category cannot be same,Source and target category cannot be same,,,La categoría de origen y la de destino no pueden ser la misma,,La categoría de origen y la de destino no pueden ser la misma,,,,,helpdesk/api/knowledge_base.py:125,helpdesk/api/knowledge_base.py:125,helpdesk/api/knowledge_base.py:125,python,,[],,,,,,,existente correcta,revisado inicial Helpdesk,sí,sí,,,,,,
helpdesk:846013d83d627d85,helpdesk,helpdesk,helpdesk,helpdesk,,Helpdesk,Source and target ticket cannot be same,Source and target ticket cannot be same,,,El ticket de origen y el de destino no pueden ser el mismo,,El ticket de origen y el de destino no pueden ser el mismo,,,,,helpdesk/helpdesk/doctype/hd_ticket/api.py:339,helpdesk/helpdesk/doctype/hd_ticket/api.py:339,helpdesk/helpdesk/doctype/hd_ticket/api.py:339,doctype-controller,Hd Ticket,[],,,,,,,existente correcta,revisado inicial Helpdesk,sí,sí,,,Ticket protegido; natural.,,,
helpdesk:191d114ada70c835,helpdesk,helpdesk,helpdesk,helpdesk,,Helpdesk,Source ticket does not exist,Source ticket does not exist,,,El ticket de origen no existe,,El ticket de origen no existe,,,,,helpdesk/helpdesk/doctype/hd_ticket/api.py:335,helpdesk/helpdesk/doctype/hd_ticket/api.py:335,helpdesk/helpdesk/doctype/hd_ticket/api.py:335,doctype-controller,Hd Ticket,[],,,,,,,existente correcta,revisado inicial Helpdesk,sí,sí,,,Ticket protegido.,,,
helpdesk:54a6857fd5980f97,helpdesk,helpdesk,helpdesk,helpdesk,,Helpdesk,Split and Merge,Split and Merge,,,Dividir y combinar,,Dividir y combinar,,Label of the split_and_merge_section (Section Break) field in DocType 'HD Ticket',etiqueta de campo/elemento,,helpdesk/helpdesk/doctype/hd_ticket/hd_ticket.json,helpdesk/helpdesk/doctype/hd_ticket/hd_ticket.json,helpdesk/helpdesk/doctype/hd_ticket/hd_ticket.json,doctype-json,Hd Ticket,"[""Label of the split_and_merge_section (Section Break) field in DocType 'HD Ticket'""]",,,,,,,existente correcta,revisado inicial Helpdesk,sí,sí,,,merge→combinar (consistencia con el bloque).,,,
helpdesk:772bb130939390f5,helpdesk,helpdesk,src,src,,Src,Spreadsheets,Spreadsheets,,,,,Hojas de cálculo,,,,,desk/src/pages/PersonaForm.vue:117,desk/src/pages/PersonaForm.vue:117,,client-js,,[],,,,,,,traducción propuesta,revisado inicial Helpdesk,sí,sí,,,Spreadsheets.,,,"POT-only: en el universo fresco, sin traducir"
helpdesk:0bf184a89c6940df,helpdesk,helpdesk,helpdesk,helpdesk,,Helpdesk,"Standard Form Scripts can't be modified, duplicate the script instead.","Standard Form Scripts can't be modified, duplicate the script instead.",,,"Los scripts de formato estándar no se pueden modificar, en su lugar duplique el script.",,"Los Form Scripts estándar no se pueden modificar; en su lugar, duplique el script.",,,,,helpdesk/helpdesk/doctype/hd_form_script/hd_form_script.js:9,helpdesk/helpdesk/doctype/hd_form_script/hd_form_script.js:9,helpdesk/helpdesk/doctype/hd_form_script/hd_form_script.js:9,doctype-controller,Hd Form Script,[],,,,,,,existente mejorable,revisado inicial Helpdesk,sí,sí,,,'Form Script' es el nombre del DocType; se conserva.,,,
helpdesk:8bae99b442edc50d,helpdesk,helpdesk,helpdesk,helpdesk,,Helpdesk,Standard Views cannot be deleted.,Standard Views cannot be deleted.,,,,,Las vistas estándar no se pueden eliminar.,,,,,helpdesk/helpdesk/doctype/hd_view/hd_view.py:54,helpdesk/helpdesk/doctype/hd_view/hd_view.py:54,helpdesk/helpdesk/doctype/hd_view/hd_view.py:55,doctype-controller,Hd View,[],,,,,,,traducción propuesta,revisado inicial Helpdesk,sí,sí,,,,,,
helpdesk:2e2ed59c5b333a4e,helpdesk,helpdesk,helpdesk,helpdesk,,Helpdesk,Start Date,Start Date,,,Fecha de inicio,,Fecha de inicio,,Label of the start_date (Date) field in DocType 'HD Service Level Agreement',etiqueta de campo/elemento,,helpdesk/helpdesk/doctype/hd_service_level_agreement/hd_service_level_agreement.json,helpdesk/helpdesk/doctype/hd_service_level_agreement/hd_service_level_agreement.json,helpdesk/helpdesk/doctype/hd_service_level_agreement/hd_service_level_agreement.json,doctype-json,Hd Service Level Agreement,"[""Label of the start_date (Date) field in DocType 'HD Service Level Agreement'""]",,,,,,,existente correcta,revisado inicial Helpdesk,sí,sí,,,Cross-app Start Date.,,,
helpdesk:6074416575db0c76,helpdesk,helpdesk,helpdesk,helpdesk,,Helpdesk,Start Time,Start Time,,,Hora de inicio,,Hora de inicio,,Label of the start_time (Time) field in DocType 'HD Service Day',etiqueta de campo/elemento,,helpdesk/helpdesk/doctype/hd_service_day/hd_service_day.json,helpdesk/helpdesk/doctype/hd_service_day/hd_service_day.json,helpdesk/helpdesk/doctype/hd_service_day/hd_service_day.json,doctype-json,Hd Service Day,"[""Label of the start_time (Time) field in DocType 'HD Service Day'""]",,,,,,,existente correcta,revisado inicial Helpdesk,sí,sí,,,Cross-app Start Time.,,,
helpdesk:cf09fcd51f917806,helpdesk,helpdesk,helpdesk,helpdesk,,Helpdesk,Start Time can't be greater than or equal to End Time in row <u>{0}</u>.,Start Time can't be greater than or equal to End Time in row <u>{0}</u>.,,,La hora de inicio no puede ser mayor o igual que la hora de finalización en la fila <u>{0}</u>.,,La hora de inicio no puede ser mayor o igual que la hora de finalización en la fila <u>{0}</u>.,,,,,helpdesk/helpdesk/doctype/hd_service_level_agreement/hd_service_level_agreement.py:100,helpdesk/helpdesk/doctype/hd_service_level_agreement/hd_service_level_agreement.py:100,helpdesk/helpdesk/doctype/hd_service_level_agreement/hd_service_level_agreement.py:100,doctype-controller,Hd Service Level Agreement,[],{0},{0},{0},ok,,,existente correcta,revisado inicial Helpdesk,sí,sí,,,HTML y {0} preservados.,,,
helpdesk:1f331f0f59c04ec4,helpdesk,helpdesk,helpdesk,helpdesk;src,sí,Mesa de Ayuda,Status,Status,,,Estado,,Estado,,Mesa de Ayuda,campo,soporte,desk/src/components/customer/TicketsTab.vue:216,desk/src/components/customer/TicketsTab.vue:216 || desk/src/components/customer/TicketsTab.vue:245 || desk/src/pages/SearchAgent.vue:59 || desk/src/pages/SearchAgent.vue:60 || desk/src/pages/call-logs/CallLogModal.vue:53 || desk/src/pages/home/components/PendingTickets.vue:30 || helpdesk/helpdesk/doctype/hd_article/hd_article.json || helpdesk/helpdesk/doctype/hd_settings/hd_settings.json || helpdesk/helpdesk/doctype/hd_ticket/hd_ticket.json || helpdesk/helpdesk/report/ticket_analytics/ticket_analytics.js:44 || helpdesk/helpdesk/report/ticket_summary/ticket_summary.js:31 || helpdesk/helpdesk/web_form/tickets/tickets.json,desk/src/pages/SearchAgent.vue:59 || desk/src/pages/SearchAgent.vue:60 || desk/src/pages/call-logs/CallLogModal.vue:53 || desk/src/pages/home/components/PendingTickets.vue:32 || helpdesk/helpdesk/doctype/hd_article/hd_article.json || helpdesk/helpdesk/doctype/hd_settings/hd_settings.json || helpdesk/helpdesk/doctype/hd_ticket/hd_ticket.json || helpdesk/helpdesk/report/ticket_analytics/ticket_analytics.js:44 || helpdesk/helpdesk/report/ticket_summary/ticket_summary.js:31 || helpdesk/helpdesk/web_form/tickets/tickets.json,client-js,tickets (Web Form),"[""Label of a field in the tickets Web Form"", ""Label of the status (Link) field in DocType 'HD Ticket'"", ""Label of the status (Select) field in DocType 'HD Article'"", ""Label of the status_section (Section Break) field in DocType 'HD Settings'""]",,,,,,,existente correcta,revisado inicial Helpdesk,sí,sí,,,LOCKED: Status->Estado.,,,
helpdesk:cd72a8cdfcee1434,helpdesk,helpdesk,helpdesk,helpdesk,,Helpdesk,Status ,Status ,,,Estado ,,Estado ,,Label of the auto_close_status (Link) field in DocType 'HD Settings',etiqueta de campo/elemento,,helpdesk/helpdesk/doctype/hd_settings/hd_settings.json,helpdesk/helpdesk/doctype/hd_settings/hd_settings.json,helpdesk/helpdesk/doctype/hd_settings/hd_settings.json,doctype-json,Hd Settings,"[""Label of the auto_close_status (Link) field in DocType 'HD Settings'""]",,,,,,,existente correcta,revisado inicial Helpdesk,sí,sí,,,Status (con espacio final); Estado (glosario). Espacio final preservado.,,,
helpdesk:561d490b24c43ed0,helpdesk,helpdesk,helpdesk,helpdesk,,Helpdesk,Status Category,Status Category,,,Categoría de estado,,Categoría de estado,,Label of the status_category (Data) field in DocType 'HD Ticket',etiqueta de campo/elemento,,helpdesk/helpdesk/doctype/hd_ticket/hd_ticket.json,helpdesk/helpdesk/doctype/hd_ticket/hd_ticket.json,helpdesk/helpdesk/doctype/hd_ticket/hd_ticket.json,doctype-json,Hd Ticket,"[""Label of the status_category (Data) field in DocType 'HD Ticket'""]",,,,,,,existente correcta,revisado inicial Helpdesk,sí,sí,,,Status→estado; natural.,,,
helpdesk:a41d3a0978e7f0eb,helpdesk,helpdesk,helpdesk,helpdesk;src,sí,Helpdesk,Status Details,Status Details,,,Detalles del estado,,Detalles del estado,,Label of the status_details (Section Break) field in DocType 'HD Service Level Agreement',etiqueta de campo/elemento,,desk/src/components/Settings/Sla/SlaPolicyView.vue:236,desk/src/components/Settings/Sla/SlaPolicyView.vue:236 || helpdesk/helpdesk/doctype/hd_service_level_agreement/hd_service_level_agreement.json,desk/src/components/Settings/Sla/SlaPolicyView.vue:227 || helpdesk/helpdesk/doctype/hd_service_level_agreement/hd_service_level_agreement.json,client-js,HD Service Level Agreement,"[""Label of the status_details (Section Break) field in DocType 'HD Service Level Agreement'""]",,,,,,,existente correcta,revisado inicial Helpdesk,sí,sí,,,Cross-app Status Details.,,,
helpdesk:f79dc54edac3675d,helpdesk,helpdesk,helpdesk,helpdesk,,Helpdesk,Status Order,Status Order,,,,,Orden del Estado,,Label of the status_order (Int) field in DocType 'HD Agent Status',etiqueta de campo/elemento,,helpdesk/helpdesk/doctype/hd_agent_status/hd_agent_status.json,helpdesk/helpdesk/doctype/hd_agent_status/hd_agent_status.json,helpdesk/helpdesk/doctype/hd_agent_status/hd_agent_status.json,doctype-json,Hd Agent Status,"[""Label of the status_order (Int) field in DocType 'HD Agent Status'""]",,,,,,,traducción propuesta,revisado inicial Helpdesk,sí,sí,,,Status Order: orden de visualización de estados.,,,
helpdesk:60859a59e71129e2,helpdesk,helpdesk,src,src,,Src,Status is required,Status is required,,,,,El estado es obligatorio,,,,,desk/src/pages/call-logs/CallLogModal.vue:382,desk/src/pages/call-logs/CallLogModal.vue:382,desk/src/pages/call-logs/CallLogModal.vue:382,client-js,,[],,,,,,,traducción propuesta,revisado inicial Helpdesk,sí,sí,,,Status->Estado.,,,
helpdesk:d47f6a9ff34f6c8f,helpdesk,helpdesk,helpdesk,helpdesk,,Helpdesk,"Status of the ticket, when a customer replies on the ticket with this SLA.

If not selected, the value will be takes from HD Settings DocType.","Status of the ticket, when a customer replies on the ticket with this SLA.

If not selected, the value will be takes from HD Settings DocType.",,,"Estado del ticket, cuando un cliente responde al ticket con este ANS.

Si no se selecciona, el valor se tomará del DocType de configuración de HD.",,"Estado del ticket cuando un cliente responde al ticket con este SLA.

Si no se selecciona, el valor se tomará del DocType de configuración de HD.",,Description of the 'Ticket Reopen status' (Link) field in DocType 'HD Service Level Agreement',descripción,,helpdesk/helpdesk/doctype/hd_service_level_agreement/hd_service_level_agreement.json,helpdesk/helpdesk/doctype/hd_service_level_agreement/hd_service_level_agreement.json,helpdesk/helpdesk/doctype/hd_service_level_agreement/hd_service_level_agreement.json,doctype-json,Hd Service Level Agreement,"[""Description of the 'Ticket Reopen status' (Link) field in DocType 'HD Service Level Agreement'""]",,,,,,,existente mejorable,revisado inicial Helpdesk + pase dirigido,sí,,,,Ya impersonal; se preservan \n; SLA en inglés.,,,
helpdesk:6210c7041bb78645,helpdesk,helpdesk,helpdesk,helpdesk,,Helpdesk,"Status of the ticket, when a customer replies on the ticket.","Status of the ticket, when a customer replies on the ticket.",,,"Estado del ticket, cuando un cliente responde al ticket.",,"Estado del ticket, cuando un cliente responde al ticket.",,Description of the 'Ticket Reopen status' (Link) field in DocType 'HD Settings',descripción,,helpdesk/helpdesk/doctype/hd_settings/hd_settings.json,helpdesk/helpdesk/doctype/hd_settings/hd_settings.json,helpdesk/helpdesk/doctype/hd_settings/hd_settings.json,doctype-json,Hd Settings,"[""Description of the 'Ticket Reopen status' (Link) field in DocType 'HD Settings'""]",,,,,,,existente correcta,revisado inicial Helpdesk,sí,sí,,,ticket protegido; cliente; correcta.,,,
helpdesk:4d1ef2d056c2f670,helpdesk,helpdesk,helpdesk,helpdesk,,Helpdesk,"Status of the ticket, when it is created in the system with this SLA.
If not selected, the value will be taken from HD Settings DocType","Status of the ticket, when it is created in the system with this SLA.
If not selected, the value will be taken from HD Settings DocType",,,"Estado del ticket, cuando se crea en el sistema con este ANS.
Si no se selecciona, el valor se tomará del DocType de configuración de HD",,"Estado del ticket cuando se crea en el sistema con este SLA.
Si no se selecciona, el valor se tomará del DocType de configuración de HD",,Description of the 'Default Ticket Status' (Link) field in DocType 'HD Service Level Agreement',descripción,,helpdesk/helpdesk/doctype/hd_service_level_agreement/hd_service_level_agreement.json,helpdesk/helpdesk/doctype/hd_service_level_agreement/hd_service_level_agreement.json,helpdesk/helpdesk/doctype/hd_service_level_agreement/hd_service_level_agreement.json,doctype-json,Hd Service Level Agreement,"[""Description of the 'Default Ticket Status' (Link) field in DocType 'HD Service Level Agreement'""]",,,,,,,existente mejorable,revisado inicial Helpdesk + pase dirigido,sí,,,,Ya impersonal; se preserva \n; SLA en inglés.,,,
helpdesk:f7e70e4fb6f1d5ce,helpdesk,helpdesk,helpdesk,helpdesk,,Helpdesk,"Status of the ticket, when it is created in the system.","Status of the ticket, when it is created in the system.",,,"Estado del ticket, cuando se crea en el sistema.",,"Estado del ticket, cuando se crea en el sistema.",,Description of the 'Default ticket status' (Link) field in DocType 'HD Settings',descripción,,helpdesk/helpdesk/doctype/hd_settings/hd_settings.json,helpdesk/helpdesk/doctype/hd_settings/hd_settings.json,helpdesk/helpdesk/doctype/hd_settings/hd_settings.json,doctype-json,Hd Settings,"[""Description of the 'Default ticket status' (Link) field in DocType 'HD Settings'""]",,,,,,,existente correcta,revisado inicial Helpdesk + pase dirigido,sí,,,,Impersonal; sin cambios.,,,
helpdesk:7d2ea298c14f583c,helpdesk,helpdesk,src,src,,Src,Status updated successfully.,Status updated successfully.,,,,,Estado actualizado correctamente.,,,,,desk/src/stores/agentStatus.ts:80,desk/src/stores/agentStatus.ts:80,,client-js,,[],,,,,,,traducción propuesta,revisado inicial Helpdesk,sí,sí,,,Vacío en upstream. Status->Estado.,,,"POT-only: en el universo fresco, sin traducir"
helpdesk:dd2c8836ceb59e12,helpdesk,helpdesk,helpdesk,helpdesk;src,sí,Helpdesk,Subject,Subject,,,Asunto,,Asunto,,Label of a field in the tickets Web Form,etiqueta de campo/elemento,,desk/src/components/customer/TicketsTab.vue:215,desk/src/components/customer/TicketsTab.vue:215 || desk/src/pages/home/components/PendingTickets.vue:27 || desk/src/pages/ticket/TicketNew.vue:63 || helpdesk/helpdesk/doctype/hd_ticket/hd_ticket.json || helpdesk/helpdesk/report/ticket_search_analysis/ticket_search_analysis.py:30 || helpdesk/helpdesk/web_form/tickets/tickets.json,desk/src/pages/home/components/PendingTickets.vue:29 || desk/src/pages/ticket/TicketNew.vue:63 || helpdesk/helpdesk/doctype/hd_ticket/hd_ticket.json || helpdesk/helpdesk/report/ticket_search_analysis/ticket_search_analysis.py:30 || helpdesk/helpdesk/web_form/tickets/tickets.json,client-js,tickets (Web Form),"[""Label of a field in the tickets Web Form"", ""Label of the subject (Data) field in DocType 'HD Ticket'""]",,,,,,,existente correcta,revisado inicial Helpdesk,sí,sí,,,Cross-app: Subject->Asunto.,,,
helpdesk:1685351d36596dfe,helpdesk,helpdesk,helpdesk,helpdesk,,Helpdesk,Subject Weight,Subject Weight,,,Peso del Asunto,,Peso del Asunto,,Label of the subject_weight (Int) field in DocType 'HD Settings',etiqueta de campo/elemento,,helpdesk/helpdesk/doctype/hd_settings/hd_settings.json,helpdesk/helpdesk/doctype/hd_settings/hd_settings.json,helpdesk/helpdesk/doctype/hd_settings/hd_settings.json,doctype-json,Hd Settings,"[""Label of the subject_weight (Int) field in DocType 'HD Settings'""]",,,,,,,existente correcta,revisado inicial Helpdesk,sí,sí,,,Subject Weight; Subject=Asunto (crossapp).,,,
helpdesk:d4ce1f55231bb0a1,helpdesk,helpdesk,src,src,,Src,Subject is required,Subject is required,,,El Asunto es obligatorio,,El asunto es obligatorio,,,,,desk/src/components/ticket/TicketSplitModal.vue:74,desk/src/components/ticket/TicketSplitModal.vue:74,desk/src/components/ticket/TicketSplitModal.vue:74,client-js,,[],,,,,,,existente mejorable,revisado inicial Helpdesk,sí,sí,,,Minúscula en oración; consistente con otros mensajes de validación.,,,
helpdesk:9e976064b8afbae3,helpdesk,helpdesk,src,src,,Src,Submit,Submit,,,Validar,,Enviar,,,,,desk/src/pages/ticket/TicketFeedback.vue:8,desk/src/pages/ticket/TicketFeedback.vue:8 || desk/src/pages/ticket/TicketNew.vue:121 || desk/src/pages/ticket/TicketNew.vue:96,desk/src/pages/ticket/TicketFeedback.vue:8 || desk/src/pages/ticket/TicketNew.vue:96 || desk/src/pages/ticket/TicketNew.vue:120,client-js,,[],,,,,,,existente mejorable,revisado inicial Helpdesk,sí,sí,,,Submit en formulario de feedback del portal; 'Validar' es galicismo. Botón de envío→Enviar (más natural que 'Confirmar' aquí).,,,
helpdesk:0e914b2a034b891f,helpdesk,helpdesk,helpdesk,helpdesk,,Helpdesk,Summary,Summary,,,Resumen,,Resumen,,Label of the summary (Text Editor) field in DocType 'HD Ticket',etiqueta de campo/elemento,,helpdesk/helpdesk/doctype/hd_ticket/hd_ticket.json,helpdesk/helpdesk/doctype/hd_ticket/hd_ticket.json,helpdesk/helpdesk/doctype/hd_ticket/hd_ticket.json,doctype-json,Hd Ticket,"[""Label of the summary (Text Editor) field in DocType 'HD Ticket'""]",,,,,,,existente correcta,revisado inicial Helpdesk,sí,sí,,,Cross-app aprobado.,,,
helpdesk:fe4dd7f8c330f9c1,helpdesk,helpdesk,helpdesk,helpdesk,,Helpdesk,Sunday,Sunday,,,Domingo,,Domingo,,Option for the 'Weekly Off' (Select) field in DocType 'HD Service Holiday List',opción de campo select,,helpdesk/helpdesk/doctype/hd_service_day/hd_service_day.json,helpdesk/helpdesk/doctype/hd_service_day/hd_service_day.json || helpdesk/helpdesk/doctype/hd_service_holiday_list/hd_service_holiday_list.json,helpdesk/helpdesk/doctype/hd_service_day/hd_service_day.json || helpdesk/helpdesk/doctype/hd_service_holiday_list/hd_service_holiday_list.json,doctype-json,Hd Service Day,"[""Option for the 'Weekly Off' (Select) field in DocType 'HD Service Holiday List'"", ""Option for the 'Workday' (Select) field in DocType 'HD Service Day'""]",,,,,,,existente correcta,revisado inicial Helpdesk,sí,sí,,,Cross-app Sunday.,,,
helpdesk:2c196751072b46ee,helpdesk,helpdesk,src,src,,Src,Support,Support,,,Soporte,,Soporte,,,,,desk/src/components/layouts/MobileSidebar.vue:94,desk/src/components/layouts/MobileSidebar.vue:94 || desk/src/components/layouts/Sidebar.vue:159,desk/src/components/layouts/Sidebar.vue:366,client-js,,[],,,,,,,existente correcta,revisado inicial Helpdesk,sí,sí,,,crossapp Support->Soporte.,,,
helpdesk:9354c245965fc73e,helpdesk,helpdesk,src,src,,Src,Support / Sales,Support / Sales,,,,,Soporte / Ventas,,,,,desk/src/components/Settings/emailConfig.ts:17,desk/src/components/Settings/emailConfig.ts:17,,client-js,,[],,,,,,,traducción propuesta,revisado inicial Helpdesk,sí,sí,,,Support→Soporte (crossapp); Sales→Ventas.,,,"POT-only: en el universo fresco, sin traducir"
helpdesk:c424b23e3500f118,helpdesk,helpdesk,helpdesk,helpdesk,,Helpdesk,Support Hour Distribution,Support Hour Distribution,,,Soporte de distribución de horas,,Distribución de horas de soporte,,Name of a report,nombre de reporte,,helpdesk/helpdesk/report/support_hour_distribution/support_hour_distribution.json,helpdesk/helpdesk/report/support_hour_distribution/support_hour_distribution.json,helpdesk/helpdesk/report/support_hour_distribution/support_hour_distribution.json,report,,"[""Name of a report""]",,,,,,,existente mejorable,revisado inicial Helpdesk,sí,sí,,,Corrige orden; crossapp 'Support Hour Distribution'.,,,
helpdesk:47b6af0be773f518,helpdesk,helpdesk,helpdesk,helpdesk,,Helpdesk,Support Policy,Support Policy,,,Política de Soporte,,Política de Soporte,,Label of a Link in the Helpdesk Workspace,etiqueta de campo/elemento,,helpdesk/helpdesk/workspace/helpdesk/helpdesk.json,helpdesk/helpdesk/workspace/helpdesk/helpdesk.json,helpdesk/helpdesk/workspace/helpdesk/helpdesk.json,workspace,Helpdesk (Workspace),"[""Label of a Link in the Helpdesk Workspace""]",,,,,,,existente correcta,revisado inicial Helpdesk,sí,sí,,,,,,
helpdesk:3fa45e87531a03a9,helpdesk,helpdesk,helpdesk,helpdesk,,Helpdesk,Support Team,Support Team,,,Equipo de soporte,,Equipo de soporte,,Name of a role,nombre de rol,,helpdesk/helpdesk/doctype/hd_service_holiday_list/hd_service_holiday_list.json,helpdesk/helpdesk/doctype/hd_service_holiday_list/hd_service_holiday_list.json || helpdesk/helpdesk/doctype/hd_ticket_type/hd_ticket_type.json,helpdesk/helpdesk/doctype/hd_service_holiday_list/hd_service_holiday_list.json || helpdesk/helpdesk/doctype/hd_ticket_type/hd_ticket_type.json,doctype-json,Hd Service Holiday List,"[""Name of a role""]",,,,,,,existente correcta,revisado inicial Helpdesk,sí,sí,,,Cross-app Support Team; nombre de rol.,,,
helpdesk:ecd57f324f4cb919,helpdesk,helpdesk,src,src,,Src,Support portal,Support portal,,,,,Portal de soporte,,,,,desk/src/pages/PersonaForm.vue:141,desk/src/pages/PersonaForm.vue:141,,client-js,,[],,,,,,,traducción propuesta,revisado inicial Helpdesk,sí,sí,,,Support portal.,,,"POT-only: en el universo fresco, sin traducir"
helpdesk:d78d4e259129cbb5,helpdesk,helpdesk,src,src,,Src,"Switch between light, dark, or system theme","Switch between light, dark, or system theme",,,,,"Alternar entre tema claro, oscuro o del sistema",,,,,desk/src/components/Settings/Preferences/components/ThemeSwitcher.vue:9,desk/src/components/Settings/Preferences/components/ThemeSwitcher.vue:9,desk/src/components/Settings/Preferences/components/ThemeSwitcher.vue:11,client-js,,[],,,,,,,traducción propuesta,revisado inicial Helpdesk,sí,sí,,,Cross-app: reusa traducción aprobada exacta.,,,
helpdesk:b325621a4f2e1244,helpdesk,helpdesk,src,src,,Src,Switch between outgoing email accounts when sending emails from your configured accounts.,Switch between outgoing email accounts when sending emails from your configured accounts.,,,,,Alterne entre cuentas de correo saliente al enviar mensajes desde sus cuentas configuradas.,,,,,desk/src/components/Settings/Profile/UserEmailSettings.vue:57,desk/src/components/Settings/Profile/UserEmailSettings.vue:57,desk/src/components/Settings/Profile/UserEmailSettings.vue:44,client-js,,[],,,,,,,traducción propuesta,revisado inicial Helpdesk + pase dirigido,sí,,,,Imperativo usted; sus cuentas.,,,
helpdesk:cc967c5d0b8913f4,helpdesk,helpdesk,helpdesk,helpdesk,,Helpdesk,Sync Customers,Sync Customers,,,,,Sincronizar clientes,,,,,helpdesk/helpdesk/doctype/erpnext_hd_settings/erpnext_hd_settings.js:16,helpdesk/helpdesk/doctype/erpnext_hd_settings/erpnext_hd_settings.js:16 || helpdesk/helpdesk/doctype/erpnext_hd_settings/erpnext_hd_settings.js:18,helpdesk/helpdesk/doctype/erpnext_hd_settings/erpnext_hd_settings.js:16 || helpdesk/helpdesk/doctype/erpnext_hd_settings/erpnext_hd_settings.js:18,doctype-controller,Erpnext Hd Settings,[],,,,,,,traducción propuesta,revisado inicial Helpdesk,sí,sí,,,Sync Customers (botón).,,,
helpdesk:00fe0d0e90b38a21,helpdesk,helpdesk,src,src,,Src,Sync Customers with ERPNext,Sync Customers with ERPNext,,,,,Sincronizar clientes con ERPNext,,,,,desk/src/components/erpnext-integration/ERPNextCustomerSyncButton.vue:14,desk/src/components/erpnext-integration/ERPNextCustomerSyncButton.vue:14,,client-js,,[],,,,,,,traducción propuesta,revisado inicial Helpdesk,sí,sí,,,Customers→clientes; ERPNext protegido.,,,"POT-only: en el universo fresco, sin traducir"
helpdesk:5f375fd008c704c1,helpdesk,helpdesk,helpdesk,helpdesk,,Helpdesk,Sync all customers between ERPNext and Helpdesk? The sync runs in the background and can take a few minutes depending on the number of customers.,Sync all customers between ERPNext and Helpdesk? The sync runs in the background and can take a few minutes depending on the number of customers.,,,,,¿Sincronizar todos los clientes entre ERPNext y Helpdesk? La sincronización se ejecuta en segundo plano y puede tardar unos minutos según la cantidad de clientes.,,,,,helpdesk/helpdesk/doctype/erpnext_hd_settings/erpnext_hd_settings.js:22,helpdesk/helpdesk/doctype/erpnext_hd_settings/erpnext_hd_settings.js:22,helpdesk/helpdesk/doctype/erpnext_hd_settings/erpnext_hd_settings.js:22,doctype-controller,Erpnext Hd Settings,[],,,,,,,traducción propuesta,revisado inicial Helpdesk,sí,sí,,,Confirmación de sincronización.,,,
helpdesk:ff91fad75d6b7cd0,helpdesk,helpdesk,src,src,,Src,Sync completed successfully,Sync completed successfully,,,,,Sincronización completada correctamente,,,,,desk/src/components/erpnext-integration/ERPNextCustomerSyncButton.vue:61,desk/src/components/erpnext-integration/ERPNextCustomerSyncButton.vue:61 || desk/src/components/erpnext-integration/ERPNextIntegrationSettings.vue:216,desk/src/components/erpnext-integration/ERPNextIntegrationSettings.vue:216,client-js,,[],,,,,,,traducción propuesta,revisado inicial Helpdesk,sí,sí,,,Sync completed successfully.,,,
helpdesk:7ee4edf3e5ac0f4d,helpdesk,helpdesk,src,src,,Src,Sync customers between Helpdesk and ERPNext.,Sync customers between Helpdesk and ERPNext.,,,,,Sincroniza clientes entre Helpdesk y ERPNext.,,,,,desk/src/components/erpnext-integration/ERPNextIntegrationSettings.vue:3,desk/src/components/erpnext-integration/ERPNextIntegrationSettings.vue:3 || desk/src/components/erpnext-integration/ERPNextIntegrationSettings.vue:39,desk/src/components/erpnext-integration/ERPNextIntegrationSettings.vue:3 || desk/src/components/erpnext-integration/ERPNextIntegrationSettings.vue:39,client-js,,[],,,,,,,traducción propuesta,revisado inicial Helpdesk,sí,sí,,,Nombres de producto conservados.,,,
helpdesk:bb98f47f99d599a4,helpdesk,helpdesk,src,src,,Src,Sync now,Sync now,,,,,Sincronizar ahora,,,,,desk/src/components/erpnext-integration/ERPNextIntegrationSettings.vue:120,desk/src/components/erpnext-integration/ERPNextIntegrationSettings.vue:120,desk/src/components/erpnext-integration/ERPNextIntegrationSettings.vue:120,client-js,,[],,,,,,,traducción propuesta,revisado inicial Helpdesk,sí,sí,,,Botón Sync now.,,,
helpdesk:cf1cdec6cfe00f92,helpdesk,helpdesk,src,helpdesk;public;src,sí,Src,Sync started,Sync started,,,,,Sincronización iniciada,,,,,desk/src/components/erpnext-integration/ERPNextCustomerSyncButton.vue:49,desk/src/components/erpnext-integration/ERPNextCustomerSyncButton.vue:49 || desk/src/components/erpnext-integration/ERPNextIntegrationSettings.vue:197 || helpdesk/helpdesk/doctype/erpnext_hd_settings/erpnext_hd_settings.js:35 || helpdesk/public/erpnext/customer_list.js:36,desk/src/components/erpnext-integration/ERPNextIntegrationSettings.vue:197 || helpdesk/helpdesk/doctype/erpnext_hd_settings/erpnext_hd_settings.js:35,client-js,,[],,,,,,,traducción propuesta,revisado inicial Helpdesk,sí,sí,,,Sync started.,,,
helpdesk:2ffdcca2e2b40a80,helpdesk,helpdesk,src,src,,Src,Sync your existing customers,Sync your existing customers,,,,,Sincronice sus clientes existentes,,,,,desk/src/components/erpnext-integration/ERPNextIntegrationSettings.vue:104,desk/src/components/erpnext-integration/ERPNextIntegrationSettings.vue:104,desk/src/components/erpnext-integration/ERPNextIntegrationSettings.vue:104,client-js,,[],,,,,,,traducción propuesta,revisado inicial Helpdesk + pase dirigido,sí,,,,Imperativo usted; sus clientes.,,,
helpdesk:7632918f1b8cb5b6,helpdesk,helpdesk,src,src,,Src,Syncing…,Syncing…,,,,,Sincronizando…,,,,,desk/src/components/erpnext-integration/ERPNextCustomerSyncButton.vue:14,desk/src/components/erpnext-integration/ERPNextCustomerSyncButton.vue:14 || desk/src/components/erpnext-integration/ERPNextIntegrationSettings.vue:120,desk/src/components/erpnext-integration/ERPNextIntegrationSettings.vue:120,client-js,,[],,,,,,,traducción propuesta,revisado inicial Helpdesk,sí,sí,,,Syncing…; elipsis preservada.,,,
helpdesk:a0aaf31830d138c4,helpdesk,helpdesk,helpdesk,helpdesk,,Helpdesk,Synonyms,Synonyms,,,Sinónimos,,Sinónimos,,Label of the synonyms (Table) field in DocType 'HD Synonyms',etiqueta de campo/elemento,,helpdesk/helpdesk/doctype/hd_synonyms/hd_synonyms.json,helpdesk/helpdesk/doctype/hd_synonyms/hd_synonyms.json,helpdesk/helpdesk/doctype/hd_synonyms/hd_synonyms.json,doctype-json,Hd Synonyms,"[""Label of the synonyms (Table) field in DocType 'HD Synonyms'""]",,,,,,,existente correcta,revisado inicial Helpdesk,sí,sí,,,,,,
helpdesk:0ffaf3ab463a8eed,helpdesk,helpdesk,helpdesk,helpdesk,,Helpdesk,System,System,,,Sistema,,Sistema,,Label of the is_system (Check) field in DocType 'HD Ticket Type',etiqueta de campo/elemento,,helpdesk/helpdesk/doctype/hd_ticket_type/hd_ticket_type.json,helpdesk/helpdesk/doctype/hd_ticket_type/hd_ticket_type.json,helpdesk/helpdesk/doctype/hd_ticket_type/hd_ticket_type.json,doctype-json,Hd Ticket Type,"[""Label of the is_system (Check) field in DocType 'HD Ticket Type'""]",,,,,,,existente correcta,revisado inicial Helpdesk,sí,sí,,,Cross-app: System->Sistema.,,,
helpdesk:3074928a73abd01f,helpdesk,helpdesk,helpdesk,helpdesk,,Helpdesk,System Manager,System Manager,,,Administrador del sistema,,Administrador del Sistema,,Name of a role,nombre de rol,,helpdesk/helpdesk/doctype/erpnext_hd_settings/erpnext_hd_settings.json,helpdesk/helpdesk/doctype/erpnext_hd_settings/erpnext_hd_settings.json || helpdesk/helpdesk/doctype/hd_agent/hd_agent.json || helpdesk/helpdesk/doctype/hd_agent_status/hd_agent_status.json || helpdesk/helpdesk/doctype/hd_article/hd_article.json || helpdesk/helpdesk/doctype/hd_article_category/hd_article_category.json || helpdesk/helpdesk/doctype/hd_article_feedback/hd_article_feedback.json || helpdesk/helpdesk/doctype/hd_customer/hd_customer.json || helpdesk/helpdesk/doctype/hd_email_feedback/hd_email_feedback.json || helpdesk/helpdesk/doctype/hd_field_layout/hd_field_layout.json || helpdesk/helpdesk/doctype/hd_form_script/hd_form_script.json || helpdesk/helpdesk/doctype/hd_notification/hd_notification.json || helpdesk/helpdesk/doctype/hd_saved_reply/hd_saved_reply.json || helpdesk/helpdesk/doctype/hd_service_holiday_list/hd_service_holiday_list.json || helpdesk/helpdesk/doctype/hd_service_level_agreement/hd_service_level_agreement.json || helpdesk/helpdesk/doctype/hd_settings/hd_settings.json || helpdesk/helpdesk/doctype/hd_stopword/hd_stopword.json || helpdesk/helpdesk/doctype/hd_synonyms/hd_synonyms.json || helpdesk/helpdesk/doctype/hd_team/hd_team.json || helpdesk/helpdesk/doctype/hd_ticket/hd_ticket.json || helpdesk/helpdesk/doctype/hd_ticket_activity/hd_ticket_activity.json || helpdesk/helpdesk/doctype/hd_ticket_comment/hd_ticket_comment.json || helpdesk/helpdesk/doctype/hd_ticket_feedback_option/hd_ticket_feedback_option.json || helpdesk/helpdesk/doctype/hd_ticket_priority/hd_ticket_priority.json || helpdesk/helpdesk/doctype/hd_ticket_status/hd_ticket_status.json || helpdesk/helpdesk/doctype/hd_ticket_template/hd_ticket_template.json || helpdesk/helpdesk/doctype/hd_ticket_type/hd_ticket_type.json || helpdesk/helpdesk/doctype/hd_view/hd_view.json,helpdesk/helpdesk/doctype/erpnext_hd_settings/erpnext_hd_settings.json || helpdesk/helpdesk/doctype/hd_action/hd_action.json || helpdesk/helpdesk/doctype/hd_agent/hd_agent.json || helpdesk/helpdesk/doctype/hd_agent_status/hd_agent_status.json || helpdesk/helpdesk/doctype/hd_article/hd_article.json || helpdesk/helpdesk/doctype/hd_article_category/hd_article_category.json || helpdesk/helpdesk/doctype/hd_article_feedback/hd_article_feedback.json || helpdesk/helpdesk/doctype/hd_customer/hd_customer.json || helpdesk/helpdesk/doctype/hd_desk_account_request/hd_desk_account_request.json || helpdesk/helpdesk/doctype/hd_email_feedback/hd_email_feedback.json || helpdesk/helpdesk/doctype/hd_escalation_rule/hd_escalation_rule.json || helpdesk/helpdesk/doctype/hd_field_layout/hd_field_layout.json || helpdesk/helpdesk/doctype/hd_form_script/hd_form_script.json || helpdesk/helpdesk/doctype/hd_notification/hd_notification.json || helpdesk/helpdesk/doctype/hd_organization/hd_organization.json || helpdesk/helpdesk/doctype/hd_portal_signup_request/hd_portal_signup_request.json || helpdesk/helpdesk/doctype/hd_saved_reply/hd_saved_reply.json || helpdesk/helpdesk/doctype/hd_service_holiday_list/hd_service_holiday_list.json || helpdesk/helpdesk/doctype/hd_service_level_agreement/hd_service_level_agreement.json || helpdesk/helpdesk/doctype/hd_settings/hd_settings.json || helpdesk/helpdesk/doctype/hd_stopword/hd_stopword.json || helpdesk/helpdesk/doctype/hd_synonyms/hd_synonyms.json || helpdesk/helpdesk/doctype/hd_team/hd_team.json || helpdesk/helpdesk/doctype/hd_ticket/hd_ticket.json || helpdesk/helpdesk/doctype/hd_ticket_activity/hd_ticket_activity.json || helpdesk/helpdesk/doctype/hd_ticket_comment/hd_ticket_comment.json || helpdesk/helpdesk/doctype/hd_ticket_feedback_option/hd_ticket_feedback_option.json || helpdesk/helpdesk/doctype/hd_ticket_priority/hd_ticket_priority.json || helpdesk/helpdesk/doctype/hd_ticket_status/hd_ticket_status.json || helpdesk/helpdesk/doctype/hd_ticket_template/hd_ticket_template.json || helpdesk/helpdesk/doctype/hd_ticket_type/hd_ticket_type.json || helpdesk/helpdesk/doctype/hd_view/hd_view.json,doctype-json,Erpnext Hd Settings,"[""Name of a role""]",,,,,,,existente mejorable,revisado inicial Helpdesk,sí,sí,,,Crossapp: System Manager=Administrador del Sistema (capitalización).,,,
helpdesk:012dc60b15167b6f,helpdesk,helpdesk,helpdesk,helpdesk,,Helpdesk,System types can not be deleted,System types can not be deleted,,,Los tipos de sistema no se pueden eliminar,,Los tipos de sistema no se pueden eliminar,,,,,helpdesk/helpdesk/doctype/hd_ticket_type/hd_ticket_type.py:12,helpdesk/helpdesk/doctype/hd_ticket_type/hd_ticket_type.py:12,helpdesk/helpdesk/doctype/hd_ticket_type/hd_ticket_type.py:12,doctype-controller,Hd Ticket Type,[],,,,,,,existente correcta,revisado inicial Helpdesk,sí,sí,,,Correcta y natural.,,,
helpdesk:1f521b13c181f974,helpdesk,helpdesk,helpdesk,helpdesk,,Helpdesk,Tampered Access,Tampered Access,,,Acceso manipulado,,Acceso manipulado,,,,,helpdesk/helpdesk/doctype/hd_email_feedback/hd_email_feedback.py:22,helpdesk/helpdesk/doctype/hd_email_feedback/hd_email_feedback.py:22,helpdesk/helpdesk/doctype/hd_email_feedback/hd_email_feedback.py:22,doctype-controller,Hd Email Feedback,[],,,,,,,existente correcta,revisado inicial Helpdesk,sí,sí,,,Tampered access.,,,
helpdesk:14cdfea20860eb6a,helpdesk,helpdesk,helpdesk,helpdesk,,Helpdesk,Target ticket does not exist,Target ticket does not exist,,,El ticket de destino no existe,,El ticket de destino no existe,,,,,helpdesk/helpdesk/doctype/hd_ticket/api.py:337,helpdesk/helpdesk/doctype/hd_ticket/api.py:337,helpdesk/helpdesk/doctype/hd_ticket/api.py:337,doctype-controller,Hd Ticket,[],,,,,,,existente correcta,revisado inicial Helpdesk,sí,sí,,,Ticket protegido.,,,
helpdesk:58f049b2abf66412,helpdesk,helpdesk,helpdesk,helpdesk,,Helpdesk,Teal,Teal,,,Turquesa,,Turquesa,,Option for the 'Color' (Select) field in DocType 'HD Agent Status',opción de campo select,,helpdesk/helpdesk/doctype/hd_agent_status/hd_agent_status.json,helpdesk/helpdesk/doctype/hd_agent_status/hd_agent_status.json || helpdesk/helpdesk/doctype/hd_ticket_status/hd_ticket_status.json,helpdesk/helpdesk/doctype/hd_agent_status/hd_agent_status.json || helpdesk/helpdesk/doctype/hd_ticket_status/hd_ticket_status.json,doctype-json,Hd Agent Status,"[""Option for the 'Color' (Select) field in DocType 'HD Agent Status'"", ""Option for the 'Color' (Select) field in DocType 'HD Ticket Status'""]",,,,,,,existente correcta,revisado inicial Helpdesk,sí,sí,,,Teal→Turquesa; natural MX.,,,
helpdesk:d7cb04b6386e62f8,helpdesk,helpdesk,src,helpdesk;src,sí,Mesa de Ayuda,Team,Team,,,Equipo,,Equipo,,Mesa de Ayuda,DocType,soporte,desk/src/components/Settings/SavedReplies/SavedRepliesList.vue:341,desk/src/components/Settings/SavedReplies/SavedRepliesList.vue:341 || desk/src/components/Settings/SavedReplies/SavedReplyView.vue:205 || desk/src/components/layouts/Sidebar.vue:403 || desk/src/pages/SearchAgent.vue:50 || desk/src/pages/SearchAgent.vue:51 || desk/src/pages/dashboard/Dashboard.vue:57 || desk/src/pages/home/components/PendingTickets.vue:36 || helpdesk/helpdesk/doctype/hd_saved_reply/hd_saved_reply.json || helpdesk/helpdesk/doctype/hd_saved_reply_team/hd_saved_reply_team.json || helpdesk/helpdesk/doctype/hd_ticket/hd_ticket.json || helpdesk/helpdesk/workspace/helpdesk/helpdesk.json,desk/src/components/Settings/SavedReplies/SavedRepliesList.vue:374 || desk/src/components/Settings/SavedReplies/SavedReplyView.vue:195 || desk/src/components/layouts/Sidebar.vue:613 || desk/src/pages/SearchAgent.vue:50 || desk/src/pages/SearchAgent.vue:51 || desk/src/pages/dashboard/Dashboard.vue:57 || desk/src/pages/home/components/PendingTickets.vue:38 || helpdesk/helpdesk/doctype/hd_escalation_rule/hd_escalation_rule.json || helpdesk/helpdesk/doctype/hd_saved_reply/hd_saved_reply.json || helpdesk/helpdesk/doctype/hd_saved_reply_team/hd_saved_reply_team.json || helpdesk/helpdesk/doctype/hd_ticket/hd_ticket.json || helpdesk/helpdesk/workspace/helpdesk/helpdesk.json,client-js,Helpdesk (Workspace),"[""Label of a Link in the Helpdesk Workspace"", ""Label of the agent_group (Link) field in DocType 'HD Ticket'"", ""Label of the team (Link) field in DocType 'HD Saved Reply Team'"", ""Option for the 'Scope' (Select) field in DocType 'HD Saved Reply'""]",,,,,,,existente correcta,revisado inicial Helpdesk,sí,,,,"LOCKED: decisión humana Team→Equipo, preservada verbatim.",,,
helpdesk:9e9fcff9917e8603,helpdesk,helpdesk,src,src,,Src,Team Name,Team Name,,,,,Nombre del equipo,,,,,desk/src/components/Settings/Teams/NewTeam.vue:38,desk/src/components/Settings/Teams/NewTeam.vue:38,desk/src/components/Settings/Teams/NewTeam.vue:29,client-js,,[],,,,,,,traducción propuesta,revisado inicial Helpdesk,sí,sí,,,Vacío en upstream. Team->equipo.,,,
helpdesk:d539ab7fd6085075,helpdesk,helpdesk,helpdesk,helpdesk,,Helpdesk,Team Restrictions,Team Restrictions,,,Restricciones de equipo,,Restricciones de equipo,,Label of the agent_groups_section (Section Break) field in DocType 'HD Settings',etiqueta de campo/elemento,,helpdesk/helpdesk/doctype/hd_settings/hd_settings.json,helpdesk/helpdesk/doctype/hd_settings/hd_settings.json,helpdesk/helpdesk/doctype/hd_settings/hd_settings.json,doctype-json,Hd Settings,"[""Label of the agent_groups_section (Section Break) field in DocType 'HD Settings'""]",,,,,,,existente correcta,revisado inicial Helpdesk,sí,sí,,,Team Restrictions; equipo=Team.,,,
helpdesk:df4b89ac962b9798,helpdesk,helpdesk,src,src,,Src,Team can now access all tickets.,Team can now access all tickets.,,,,,El equipo ahora puede acceder a todos los tickets.,,,,,desk/src/components/Settings/Teams/TeamEdit.vue:280,desk/src/components/Settings/Teams/TeamEdit.vue:280,desk/src/components/Settings/Teams/TeamEdit.vue:269,client-js,,[],,,,,,,traducción propuesta,revisado inicial Helpdesk,sí,sí,,,"Vacío en upstream. Team->equipo, tickets préstamo.",,,
helpdesk:d23331a305e82a26,helpdesk,helpdesk,src,src,,Src,Team created,Team created,,,,,Equipo creado,,,,,desk/src/components/Settings/NewTeamModal.vue:52,desk/src/components/Settings/NewTeamModal.vue:52,desk/src/components/Settings/NewTeamModal.vue:52,client-js,,[],,,,,,,traducción propuesta,revisado inicial Helpdesk,sí,sí,,,Vacío en upstream. Team->Equipo.,,,
helpdesk:4a3cd5668e80702b,helpdesk,helpdesk,src,src,,Src,Team created successfully.,Team created successfully.,,,,,Equipo creado correctamente.,,,,,desk/src/components/Settings/Teams/NewTeam.vue:149,desk/src/components/Settings/Teams/NewTeam.vue:149,desk/src/components/Settings/Teams/NewTeam.vue:140,client-js,,[],,,,,,,traducción propuesta,revisado inicial Helpdesk,sí,sí,,,Vacío en upstream.,,,
helpdesk:02aab9e7a82ac046,helpdesk,helpdesk,src,src,,Src,Team deleted successfully.,Team deleted successfully.,,,,,Equipo eliminado correctamente.,,,,,desk/src/components/Settings/Teams/TeamEdit.vue:173,desk/src/components/Settings/Teams/TeamEdit.vue:173 || desk/src/components/Settings/Teams/TeamsList.vue:184,desk/src/components/Settings/Teams/TeamEdit.vue:162 || desk/src/components/Settings/Teams/TeamsList.vue:185,client-js,,[],,,,,,,traducción propuesta,revisado inicial Helpdesk,sí,sí,,,Vacío en upstream.,,,
helpdesk:f6fc03285bd5f87b,helpdesk,helpdesk,src,src,,Src,Team disabled successfully.,Team disabled successfully.,,,,,Equipo deshabilitado correctamente.,,,,,desk/src/components/Settings/Teams/TeamEdit.vue:195,desk/src/components/Settings/Teams/TeamEdit.vue:195,desk/src/components/Settings/Teams/TeamEdit.vue:184,client-js,,[],,,,,,,traducción propuesta,revisado inicial Helpdesk,sí,sí,,,Vacío en upstream.,,,
helpdesk:9438a218d8a2f752,helpdesk,helpdesk,src,src,,Src,Team enabled successfully.,Team enabled successfully.,,,,,Equipo habilitado correctamente.,,,,,desk/src/components/Settings/Teams/TeamEdit.vue:194,desk/src/components/Settings/Teams/TeamEdit.vue:194,desk/src/components/Settings/Teams/TeamEdit.vue:183,client-js,,[],,,,,,,traducción propuesta,revisado inicial Helpdesk,sí,sí,,,Vacío en upstream.,,,
helpdesk:dcbdc6079d9c25a6,helpdesk,helpdesk,src,src,,Src,Team name,Team name,,,,,Nombre del equipo,,,,,desk/src/components/Settings/Teams/TeamsList.vue:50,desk/src/components/Settings/Teams/TeamsList.vue:50,desk/src/components/Settings/Teams/TeamsList.vue:51,client-js,,[],,,,,,,traducción propuesta,revisado inicial Helpdesk,sí,sí,,,Vacío en upstream. Team->equipo.,,,
helpdesk:e3747ad871bc8923,helpdesk,helpdesk,src,src,,Src,Team renamed successfully.,Team renamed successfully.,,,,,Equipo renombrado correctamente.,,,,,desk/src/components/Settings/Teams/RenameTeamModal.vue:56,desk/src/components/Settings/Teams/RenameTeamModal.vue:56,desk/src/components/Settings/Teams/RenameTeamModal.vue:56,client-js,,[],,,,,,,traducción propuesta,revisado inicial Helpdesk,sí,sí,,,Vacío en upstream.,,,
helpdesk:2fa0828dfbe56ef4,helpdesk,helpdesk,src,src,,Src,Team will only see their own tickets.,Team will only see their own tickets.,,,,,El equipo solo verá sus propios tickets.,,,,,desk/src/components/Settings/Teams/TeamEdit.vue:281,desk/src/components/Settings/Teams/TeamEdit.vue:281,desk/src/components/Settings/Teams/TeamEdit.vue:270,client-js,,[],,,,,,,traducción propuesta,revisado inicial Helpdesk,sí,sí,,,Vacío en upstream. Team->equipo.,,,
helpdesk:ce4a31260b8815ea,helpdesk,helpdesk,src,helpdesk;src,sí,Src,Teams,Teams,,,Equipos,,Equipos,,Label of the teams (Table MultiSelect) field in DocType 'HD Saved Reply',etiqueta de campo/elemento,,desk/src/components/Settings/SavedReplies/SavedReplyView.vue:84,desk/src/components/Settings/SavedReplies/SavedReplyView.vue:84 || desk/src/components/Settings/Teams/TeamsList.vue:3 || desk/src/components/Settings/settingsModal.ts:102 || helpdesk/helpdesk/doctype/hd_saved_reply/hd_saved_reply.json,desk/src/components/Settings/SavedReplies/SavedReplyView.vue:74 || desk/src/components/Settings/Teams/TeamsList.vue:3 || helpdesk/helpdesk/doctype/hd_saved_reply/hd_saved_reply.json,client-js,HD Saved Reply,"[""Label of the teams (Table MultiSelect) field in DocType 'HD Saved Reply'""]",,,,,,,existente correcta,revisado inicial Helpdesk,sí,sí,,,Teams=Equipos (glosario).,,,
helpdesk:fdae615a66791c8e,helpdesk,helpdesk,src,src,,Src,Telephony,Telephony,,,,,Telefonía,,,,,desk/src/components/Settings/Telephony/Telephony.vue:6,desk/src/components/Settings/Telephony/Telephony.vue:6 || desk/src/components/Settings/settingsModal.ts:142,desk/src/components/Settings/Telephony/Telephony.vue:6,client-js,,[],,,,,,,traducción propuesta,revisado inicial Helpdesk,sí,sí,,,Sección de configuración de telefonía.,,,
helpdesk:c531b6d79183d0da,helpdesk,helpdesk,src,src,,Src,Telephony settings updated successfully.,Telephony settings updated successfully.,,,,,Configuración de telefonía actualizada con éxito.,,,,,desk/src/components/Settings/Telephony/ExotelSettings.vue:292,desk/src/components/Settings/Telephony/ExotelSettings.vue:292 || desk/src/components/Settings/Telephony/Telephony.vue:254 || desk/src/components/Settings/Telephony/TwilioSettings.vue:244,desk/src/components/Settings/Telephony/ExotelSettings.vue:281 || desk/src/components/Settings/Telephony/Telephony.vue:260 || desk/src/components/Settings/Telephony/TwilioSettings.vue:233,client-js,,[],,,,,,,traducción propuesta,revisado inicial Helpdesk,sí,sí,,,Mensaje de éxito.,,,
helpdesk:0481895a79d60f9a,helpdesk,helpdesk,src,src,,Src,Tell us about your organization,Tell us about your organization,,,,,Cuéntenos sobre su organización,,,,,desk/src/pages/PersonaForm.vue:93,desk/src/pages/PersonaForm.vue:93,,client-js,,[],,,,,,,traducción propuesta,revisado inicial Helpdesk + pase dirigido,sí,,,,Impersonal/usted; su organización.,,,"POT-only: en el universo fresco, sin traducir"
helpdesk:4207683d044b7e9b,helpdesk,helpdesk,src,src,,Src,Tell us more,Tell us more,,,,,Cuéntanos más,,,,,desk/src/components/Questionnaire.vue:193,desk/src/components/Questionnaire.vue:193 || desk/src/pages/ticket/TicketFeedback.vue:56,desk/src/pages/ticket/TicketFeedback.vue:54,client-js,,[],,,,,,,traducción propuesta,revisado inicial Helpdesk,sí,sí,,,,,,
helpdesk:2c95a7cdcccf6c37,helpdesk,helpdesk,helpdesk,helpdesk,,Helpdesk,Template,Template,,,Plantilla,,Plantilla,,Label of the template (Link) field in DocType 'HD Ticket',etiqueta de campo/elemento,,helpdesk/helpdesk/doctype/hd_ticket/hd_ticket.json,helpdesk/helpdesk/doctype/hd_ticket/hd_ticket.json,helpdesk/helpdesk/doctype/hd_ticket/hd_ticket.json,doctype-json,Hd Ticket,"[""Label of the template (Link) field in DocType 'HD Ticket'""]",,,,,,,existente correcta,revisado inicial Helpdesk,sí,sí,,,Cross-app aprobado.,,,
helpdesk:0d0d866c334983ae,helpdesk,helpdesk,helpdesk,helpdesk,,Helpdesk,Template Name,Template Name,,,Nombre de Plantilla,,Nombre de la Plantilla,,Label of the template_name (Data) field in DocType 'HD Ticket Template',etiqueta de campo/elemento,,helpdesk/helpdesk/doctype/hd_ticket_template/hd_ticket_template.json,helpdesk/helpdesk/doctype/hd_ticket_template/hd_ticket_template.json,helpdesk/helpdesk/doctype/hd_ticket_template/hd_ticket_template.json,doctype-json,Hd Ticket Template,"[""Label of the template_name (Data) field in DocType 'HD Ticket Template'""]",,,,,,,existente mejorable,revisado inicial Helpdesk,sí,sí,,,Cross-app Template Name->Nombre de la Plantilla (glosario).,,,
helpdesk:38b65aa7843042c9,helpdesk,helpdesk,helpdesk,helpdesk,,Helpdesk,The 'Closed' status cannot be renamed.,The 'Closed' status cannot be renamed.,,,El estado 'Closed' no se puede cambiar de nombre.,,El estado 'Cerrado' no se puede cambiar de nombre.,,,,,helpdesk/helpdesk/doctype/hd_ticket_status/hd_ticket_status.py:12,helpdesk/helpdesk/doctype/hd_ticket_status/hd_ticket_status.py:12,helpdesk/helpdesk/doctype/hd_ticket_status/hd_ticket_status.py:12,doctype-controller,Hd Ticket Status,[],,,,,,,existente mejorable,revisado inicial Helpdesk,sí,sí,,,'Closed' sin traducir en upstream; traducido a 'Cerrado' (cross-app Closed->Cerrado).,,,
helpdesk:06774084e4298dae,helpdesk,helpdesk,extends,extends,,Extends,The Assign Condition JSON '{0}' is invalid: </br> {1},The Assign Condition JSON '{0}' is invalid: </br> {1},,,,,El JSON de la condición de asignación '{0}' no es válido: </br> {1},,,,,helpdesk/extends/assignment_rule.py:20,helpdesk/extends/assignment_rule.py:20,helpdesk/extends/assignment_rule.py:20,python,,[],{0};{1},,{0};{1},ok,,,traducción propuesta,revisado inicial Helpdesk,sí,sí,,,"Vacío en upstream. {0}, {1} y </br> preservados.",,,
helpdesk:b658258fab07bb49,helpdesk,helpdesk,extends,extends,,Extends,The Unassign Condition JSON '{0}' is invalid: </br> {1},The Unassign Condition JSON '{0}' is invalid: </br> {1},,,,,El JSON de la condición de desasignación '{0}' no es válido: </br> {1},,,,,helpdesk/extends/assignment_rule.py:28,helpdesk/extends/assignment_rule.py:28,helpdesk/extends/assignment_rule.py:28,python,,[],{0};{1},,{0};{1},ok,,,traducción propuesta,revisado inicial Helpdesk,sí,sí,,,"Vacío en upstream. {0}, {1} y </br> preservados.",,,
helpdesk:b2b97767778c0a10,helpdesk,helpdesk,helpdesk,helpdesk,,Helpdesk,The assignment condition '{0}' is invalid: {1},The assignment condition '{0}' is invalid: {1},,,,,La condición de asignación '{0}' no es válida: {1},,,,,helpdesk/helpdesk/doctype/hd_service_level_agreement/hd_service_level_agreement.py:147,helpdesk/helpdesk/doctype/hd_service_level_agreement/hd_service_level_agreement.py:147,helpdesk/helpdesk/doctype/hd_service_level_agreement/hd_service_level_agreement.py:147,doctype-controller,Hd Service Level Agreement,[],{0};{1},,{0};{1},ok,,,traducción propuesta,revisado inicial Helpdesk,sí,sí,,,{0}{1} preservados.,,,
helpdesk:47c006dce15e232c,helpdesk,helpdesk,helpdesk,helpdesk,,Helpdesk,The assignment condition json '{0}' is invalid: {1},The assignment condition json '{0}' is invalid: {1},,,,,El json de la condición de asignación '{0}' no es válido: {1},,,,,helpdesk/helpdesk/doctype/hd_service_level_agreement/hd_service_level_agreement.py:154,helpdesk/helpdesk/doctype/hd_service_level_agreement/hd_service_level_agreement.py:154,helpdesk/helpdesk/doctype/hd_service_level_agreement/hd_service_level_agreement.py:154,doctype-controller,Hd Service Level Agreement,[],{0};{1},,{0};{1},ok,,,traducción propuesta,revisado inicial Helpdesk,sí,sí,,,{0}{1} preservados.,,,
helpdesk:17fed274d86bf33d,helpdesk,helpdesk,helpdesk,helpdesk,,Helpdesk,The contact {0} is linked to multiple customers. Please select the customer manually.,The contact {0} is linked to multiple customers. Please select the customer manually.,,,,,El contacto {0} está vinculado a varios clientes. Seleccione el cliente manualmente.,,,,,helpdesk/helpdesk/doctype/hd_ticket/hd_ticket.py:339,helpdesk/helpdesk/doctype/hd_ticket/hd_ticket.py:339,,doctype-controller,Hd Ticket,[],{0},,{0},ok,,,traducción propuesta,revisado inicial Helpdesk + pase dirigido,sí,,,,Imperativo usted; se preserva {0}.,,,"POT-only: en el universo fresco, sin traducir"
helpdesk:a4b9285a3ba60f5d,helpdesk,helpdesk,src,src,,Src,"The feedback dialog will be shown, when a user tries to close a ticket from the customer portal.","The feedback dialog will be shown, when a user tries to close a ticket from the customer portal.",,,,,El diálogo de comentarios se mostrará cuando un usuario intente cerrar un ticket desde el portal del cliente.,,,,,desk/src/components/Settings/General/components/TicketSettings.vue:13,desk/src/components/Settings/General/components/TicketSettings.vue:13,desk/src/components/Settings/General/components/TicketSettings.vue:13,client-js,,[],,,,,,,traducción propuesta,revisado inicial Helpdesk,sí,sí,,,Feedback->comentarios.,,,
helpdesk:c85bb2bd612395cb,helpdesk,helpdesk,helpdesk,helpdesk,,Helpdesk,The holiday on {0} is not between From Date and To Date,The holiday on {0} is not between From Date and To Date,,,El día de fiesta en {0} no es entre De la fecha y Hasta la fecha,,El día festivo del {0} no está entre la fecha inicial y la fecha final,,,,,helpdesk/helpdesk/doctype/hd_service_holiday_list/hd_service_holiday_list.py:54,helpdesk/helpdesk/doctype/hd_service_holiday_list/hd_service_holiday_list.py:54,helpdesk/helpdesk/doctype/hd_service_holiday_list/hd_service_holiday_list.py:54,doctype-controller,Hd Service Holiday List,[],{0},{0},{0},ok,,,existente mejorable,revisado inicial Helpdesk,sí,sí,,,Cross-app aprobado exacto; {0} preservado. | convergencia global Gettext v0.3.0,,,
helpdesk:5fbf4a750fefbe2a,helpdesk,helpdesk,src,src,,Src,The number of days must be 1 or more,The number of days must be 1 or more,,,,,El número de días debe ser 1 o más,,,,,desk/src/components/Settings/General/components/TicketSettings.vue:187,desk/src/components/Settings/General/components/TicketSettings.vue:187,desk/src/components/Settings/General/components/TicketSettings.vue:187,client-js,,[],,,,,,,traducción propuesta,revisado inicial Helpdesk,sí,sí,,,,,,
helpdesk:10f6e2016f4e19c4,helpdesk,helpdesk,helpdesk,helpdesk,,Helpdesk,The selected customer {0} is not linked to the contact {1}.Please select a valid customer or update the contact's linked customers.,The selected customer {0} is not linked to the contact {1}.Please select a valid customer or update the contact's linked customers.,,,,,El cliente seleccionado {0} no está vinculado al contacto {1}. Seleccione un cliente válido o actualice los clientes vinculados del contacto.,,,,,helpdesk/helpdesk/doctype/hd_ticket/hd_ticket.py:321,helpdesk/helpdesk/doctype/hd_ticket/hd_ticket.py:321,,doctype-controller,Hd Ticket,[],{0};{1},,{0};{1},ok,,,traducción propuesta,revisado inicial Helpdesk + pase dirigido,sí,,,,Imperativo usted; se preservan {0} y {1}.,,,"POT-only: en el universo fresco, sin traducir"
helpdesk:eae7d4a84c806dc0,helpdesk,helpdesk,helpdesk,helpdesk,,Helpdesk,The status for sending feedback must be of <u>Resolved</u> category.,The status for sending feedback must be of <u>Resolved</u> category.,,,El estado para enviar comentarios debe ser de categoría <u>Resuelto</u>.,,El estado para enviar comentarios debe ser de categoría <u>Resuelto</u>.,,,,,helpdesk/helpdesk/doctype/hd_settings/hd_settings.py:40,helpdesk/helpdesk/doctype/hd_settings/hd_settings.py:40,helpdesk/helpdesk/doctype/hd_settings/hd_settings.py:40,doctype-controller,Hd Settings,[],,,,,,,existente correcta,revisado inicial Helpdesk,sí,sí,,,Feedback→comentarios; Resolved=Resuelto; HTML <u> preservado.,,,
helpdesk:1d1a666f8a5d950a,helpdesk,helpdesk,src,src,,Src,The ticket status will automatically change whenever the agent respond to a ticket.,The ticket status will automatically change whenever the agent respond to a ticket.,,,,,El estado del ticket cambiará automáticamente cada vez que el agente responda a un ticket.,,,,,desk/src/components/Settings/General/components/TicketSettings.vue:83,desk/src/components/Settings/General/components/TicketSettings.vue:83,desk/src/components/Settings/General/components/TicketSettings.vue:83,client-js,,[],,,,,,,traducción propuesta,revisado inicial Helpdesk,sí,sí,,,,,,
helpdesk:5dd2d059107d4822,helpdesk,helpdesk,src,src,,Src,Theme,Theme,,,Tema,,Tema,,,,,desk/src/components/Settings/Preferences/components/ThemeSwitcher.vue:5,desk/src/components/Settings/Preferences/components/ThemeSwitcher.vue:5,desk/src/components/Settings/Preferences/components/ThemeSwitcher.vue:6,client-js,,[],,,,,,,existente correcta,revisado inicial Helpdesk,sí,sí,,,Cross-app: Theme->Tema.,,,
helpdesk:ebf9c3264e90937c,helpdesk,helpdesk,src,src,,Src,There are no categories published at the moment.,There are no categories published at the moment.,,,,,No hay categorías publicadas por el momento.,,,,,desk/src/components/knowledge-base/CategoryFolderContainer.vue:18,desk/src/components/knowledge-base/CategoryFolderContainer.vue:18,desk/src/components/knowledge-base/CategoryFolderContainer.vue:18,client-js,,[],,,,,,,traducción propuesta,revisado inicial Helpdesk,sí,sí,,,,,,
helpdesk:292c18019aadab06,helpdesk,helpdesk,extends,extends,,Extends,There should be at least 1 assignment rule for ticket,There should be at least 1 assignment rule for ticket,,,,,Debe haber al menos 1 regla de asignación para el ticket,,,,,helpdesk/extends/assignment_rule.py:14,helpdesk/extends/assignment_rule.py:14,helpdesk/extends/assignment_rule.py:14,python,,[],,,,,,,traducción propuesta,revisado inicial Helpdesk,sí,sí,,,Vacío en upstream. ticket préstamo.,,,
helpdesk:f30c8c05cb39a266,helpdesk,helpdesk,src,src,,Src,They'll get access to tickets raised by everyone in the organisation.,They'll get access to tickets raised by everyone in the organisation.,,,,,Obtendrán acceso a los tickets creados por todos en la organización.,,,,,desk/src/components/customer/ContactCard.vue:223,desk/src/components/customer/ContactCard.vue:223,,client-js,,[],,,,,,,traducción propuesta,revisado inicial Helpdesk,sí,sí,,,tickets protegido; organisation→organización.,,,"POT-only: en el universo fresco, sin traducir"
helpdesk:07cd85ed94574c02,helpdesk,helpdesk,src,src,,Src,They'll only see their own tickets going forward.,They'll only see their own tickets going forward.,,,,,"En adelante, solo verán sus propios tickets.",,,,,desk/src/components/customer/ContactCard.vue:226,desk/src/components/customer/ContactCard.vue:226,,client-js,,[],,,,,,,traducción propuesta,revisado inicial Helpdesk,sí,sí,,,tickets protegido; 'going forward'=en adelante.,,,"POT-only: en el universo fresco, sin traducir"
helpdesk:9a863af221bfe893,helpdesk,helpdesk,extends,extends,,Extends,This Assignment Rule is linked to the Team {0}.</br> User {1} is added in the Assignment Rule but not in the linked Team. Please add the user in the {2} to ensure proper team structure.,This Assignment Rule is linked to the Team {0}.</br> User {1} is added in the Assignment Rule but not in the linked Team. Please add the user in the {2} to ensure proper team structure.,,,,,Esta regla de asignación está vinculada al Equipo {0}.</br> El usuario {1} está agregado en la regla de asignación pero no en el equipo vinculado. Agregue el usuario en {2} para asegurar una estructura de equipo correcta.,,,,,helpdesk/extends/assignment_rule.py:51,helpdesk/extends/assignment_rule.py:51,helpdesk/extends/assignment_rule.py:51,python,,[],{0};{1};{2},,{0};{1};{2},ok,,,traducción propuesta,revisado inicial Helpdesk,sí,sí,,,"Vacío en upstream. {0},{1},{2} y </br> preservados. Team->Equipo.",,,
helpdesk:0e219568664b3f6e,helpdesk,helpdesk,src,src,,Src,This action is irreversible.,This action is irreversible.,,,,,Esta acción es irreversible.,,,,,desk/src/components/ticket/TicketMergeModal.vue:79,desk/src/components/ticket/TicketMergeModal.vue:79 || desk/src/components/ticket/TicketSplitModal.vue:24,desk/src/components/ticket/TicketMergeModal.vue:79 || desk/src/components/ticket/TicketSplitModal.vue:24,client-js,,[],,,,,,,traducción propuesta,revisado inicial Helpdesk,sí,sí,,,MX natural.,,,
helpdesk:b60cc7186152ca29,helpdesk,helpdesk,src,src,,Src,This contact will become the primary point of contact and will be able to view tickets raised by all other contacts in the organisation.,This contact will become the primary point of contact and will be able to view tickets raised by all other contacts in the organisation.,,,,,Este contacto se convertirá en el punto de contacto principal y podrá ver los tickets creados por todos los demás contactos de la organización.,,,,,desk/src/components/customer/ContactCard.vue:266,desk/src/components/customer/ContactCard.vue:266,,client-js,,[],,,,,,,traducción propuesta,revisado inicial Helpdesk,sí,sí,,,tickets protegido; organisation→organización.,,,"POT-only: en el universo fresco, sin traducir"
helpdesk:538b1ce160a96e7d,helpdesk,helpdesk,src,src,,Src,"This date is calculated based on configured SLAs, working hours, and holidays.","This date is calculated based on configured SLAs, working hours, and holidays.",,,,,"Esta fecha se calcula con base en los SLA configurados, el horario laboral y los días festivos.",,,,,desk/src/components/ticket/TicketCustomerSidebar.vue:73,desk/src/components/ticket/TicketCustomerSidebar.vue:73,desk/src/components/ticket/TicketCustomerSidebar.vue:68,client-js,,[],,,,,,,traducción propuesta,revisado inicial Helpdesk,sí,sí,,,"SLAs→SLA (protegido, plural inglés no se traduce a ANS). MX natural.",,,
helpdesk:94c94ac8a7689a8d,helpdesk,helpdesk,helpdesk,helpdesk,,Helpdesk,This doctype will be deprecated in the future,This doctype will be deprecated in the future,,,Este doctype quedará obsoleto en el futuro,,Este doctype quedará obsoleto en el futuro,,Description of a DocType,descripción,,helpdesk/helpdesk/doctype/hd_ticket_template/hd_ticket_template.json,helpdesk/helpdesk/doctype/hd_ticket_template/hd_ticket_template.json,helpdesk/helpdesk/doctype/hd_ticket_template/hd_ticket_template.json,doctype-json,Hd Ticket Template,"[""Description of a DocType""]",,,,,,,existente correcta,revisado inicial Helpdesk,sí,sí,,,Correcta; 'doctype' es identificador técnico.,,,
helpdesk:5cdb7f07dfe62069,helpdesk,helpdesk,helpdesk,helpdesk,,Helpdesk,"This field is used to send an email instantly without adding it into the queue. If this field is checked, the email will be sent immediately after clicking the ""Send"" button, instead of being added to the email queue for later processing.","This field is used to send an email instantly without adding it into the queue. If this field is checked, the email will be sent immediately after clicking the ""Send"" button, instead of being added to the email queue for later processing.",,,,,"Este campo se usa para enviar un correo electrónico de inmediato sin agregarlo a la cola. Si se marca este campo, el correo electrónico se enviará inmediatamente después de hacer clic en el botón ""Enviar"", en lugar de agregarse a la cola de correos para su procesamiento posterior.",,Description of the 'Instantly send e-mail' (Check) field in DocType 'HD Settings',descripción,,helpdesk/helpdesk/doctype/hd_settings/hd_settings.json,helpdesk/helpdesk/doctype/hd_settings/hd_settings.json,helpdesk/helpdesk/doctype/hd_settings/hd_settings.json,doctype-json,Hd Settings,"[""Description of the 'Instantly send e-mail' (Check) field in DocType 'HD Settings'""]",,,,,,,traducción propuesta,revisado inicial Helpdesk,sí,sí,,,Descripción de campo; comillas del botón preservadas.,,,
helpdesk:33b93325c10b8de7,helpdesk,helpdesk,helpdesk,helpdesk,,Helpdesk,"This field is used to skip email-related workflows for tickets. If this field is checked, no emails will be sent related to tickets, such as new ticket creation, status updates, or notifications.","This field is used to skip email-related workflows for tickets. If this field is checked, no emails will be sent related to tickets, such as new ticket creation, status updates, or notifications.",,,,,"Este campo se usa para omitir los flujos de trabajo relacionados con correo electrónico de los tickets. Si se marca este campo, no se enviará ningún correo relacionado con los tickets, como la creación de nuevos tickets, actualizaciones de estado o notificaciones.",,Description of the 'Skip e-mail workflow' (Check) field in DocType 'HD Settings',descripción,,helpdesk/helpdesk/doctype/hd_settings/hd_settings.json,helpdesk/helpdesk/doctype/hd_settings/hd_settings.json,helpdesk/helpdesk/doctype/hd_settings/hd_settings.json,doctype-json,Hd Settings,"[""Description of the 'Skip e-mail workflow' (Check) field in DocType 'HD Settings'""]",,,,,,,traducción propuesta,revisado inicial Helpdesk,sí,sí,,,ticket protegido; workflow=flujo de trabajo.,,,
helpdesk:78973e81ff1853df,helpdesk,helpdesk,src,src,,Src,This helps us personalize your Helpdesk experience.,This helps us personalize your Helpdesk experience.,,,,,Esto nos ayuda a personalizar su experiencia en Helpdesk.,,,,,desk/src/components/Questionnaire.vue:25,desk/src/components/Questionnaire.vue:25,,client-js,,[],,,,,,,traducción propuesta,revisado inicial Helpdesk + pase dirigido,sí,,,,su experiencia (usted).,,,"POT-only: en el universo fresco, sin traducir"
helpdesk:aa4ca2d2de86642a,helpdesk,helpdesk,www,www,,Www,This method is only meant for developer mode,This method is only meant for developer mode,,,,,Este método solo está previsto para el modo de desarrollador,,,,,helpdesk/www/helpdesk/index.py:26,helpdesk/www/helpdesk/index.py:26,helpdesk/www/helpdesk/index.py:26,python,,[],,,,,,,traducción propuesta,revisado inicial Helpdesk,sí,sí,,,Coincide con crossapp 'This method is only meant for developer mode'.,,,
helpdesk:53bd33bca89caf32,helpdesk,helpdesk,helpdesk,helpdesk,,Helpdesk,This ticket (#{0}) has been merged with ticket <a href = '/helpdesk/tickets/{1}'>#{1}</a>.,This ticket (#{0}) has been merged with ticket <a href = '/helpdesk/tickets/{1}'>#{1}</a>.,,,Este ticket (#{0}) se ha fusionado con el ticket <a href = '/helpdesk/tickets/{1}'>#{1}</a>.,,Este ticket (#{0}) se ha combinado con el ticket <a href = '/helpdesk/tickets/{1}'>#{1}</a>.,,,,,helpdesk/helpdesk/doctype/hd_ticket/api.py:373,helpdesk/helpdesk/doctype/hd_ticket/api.py:373,helpdesk/helpdesk/doctype/hd_ticket/api.py:373,doctype-controller,Hd Ticket,[],{0};{1};{1},{0};{1};{1},{0};{1};{1},ok,,,existente mejorable,revisado inicial Helpdesk,sí,sí,,,merge→combinado (consistencia); placeholders {0};{1};{1} y HTML preservados.,,,
helpdesk:a9ab3f6c17891118,helpdesk,helpdesk,helpdesk,helpdesk,,Helpdesk,This ticket has been split to a new ticket. Please follow up on ticket <a href={0}>#{1}</a>.,This ticket has been split to a new ticket. Please follow up on ticket <a href={0}>#{1}</a>.,,,"Este ticket se ha dividido en uno nuevo. Por favor, haga seguimiento al ticket <a href={0}>#{1}</a>.",,"Este ticket se ha dividido en uno nuevo. Por favor, haga seguimiento al ticket <a href={0}>#{1}</a>.",,,,,helpdesk/helpdesk/doctype/hd_ticket/api.py:514,helpdesk/helpdesk/doctype/hd_ticket/api.py:514,helpdesk/helpdesk/doctype/hd_ticket/api.py:514,doctype-controller,Hd Ticket,[],{0};{1},{0};{1},{0};{1},ok,,,existente correcta,revisado inicial Helpdesk,sí,sí,,,Ticket protegido; placeholders {0};{1} y HTML preservados.,,,
helpdesk:84315e4d21451d13,helpdesk,helpdesk,src,src,,Src,"This view is public, and will be removed for all users.","This view is public, and will be removed for all users.",,,,,Esta vista es pública y se eliminará para todos los usuarios.,,,,,desk/src/composables/useView.ts:304,desk/src/composables/useView.ts:304,desk/src/pages/ticket/Tickets.vue:544,client-js,,[],,,,,,,traducción propuesta,revisado inicial Helpdesk,sí,sí,,,,,,
helpdesk:14bccae324bb2def,helpdesk,helpdesk,src,src,,Src,This view is public. Changes made will be visible to everyone.,This view is public. Changes made will be visible to everyone.,,,,,Esta vista es pública. Los cambios realizados serán visibles para todos.,,,,,desk/src/components/ListViewBuilder.vue:699,desk/src/components/ListViewBuilder.vue:699,desk/src/components/ListViewBuilder.vue:699,client-js,,[],,,,,,,traducción propuesta,revisado inicial Helpdesk,sí,sí,,,,,,
helpdesk:80f77f66b7890c09,helpdesk,helpdesk,src,src,,Src,This will reset the content to the default message.,This will reset the content to the default message.,,,,,Esto restablecerá el contenido al mensaje predeterminado.,,,,,desk/src/components/Settings/General/components/TicketSettings.vue:249,desk/src/components/Settings/General/components/TicketSettings.vue:249,desk/src/components/Settings/General/components/TicketSettings.vue:249,client-js,,[],,,,,,,traducción propuesta,revisado inicial Helpdesk,sí,sí,,,,,,
helpdesk:1195dc96e5cd3b44,helpdesk,helpdesk,src,src,,Src,Through a support portal,Through a support portal,,,,,A través de un portal de soporte,,,,,desk/src/pages/PersonaForm.vue:161,desk/src/pages/PersonaForm.vue:161,,client-js,,[],,,,,,,traducción propuesta,revisado inicial Helpdesk,sí,sí,,,Through a support portal.,,,"POT-only: en el universo fresco, sin traducir"
helpdesk:47127eaabd512eeb,helpdesk,helpdesk,helpdesk,helpdesk,,Helpdesk,Thursday,Thursday,,,Jueves,,Jueves,,Option for the 'Weekly Off' (Select) field in DocType 'HD Service Holiday List',opción de campo select,,helpdesk/helpdesk/doctype/hd_service_day/hd_service_day.json,helpdesk/helpdesk/doctype/hd_service_day/hd_service_day.json || helpdesk/helpdesk/doctype/hd_service_holiday_list/hd_service_holiday_list.json,helpdesk/helpdesk/doctype/hd_service_day/hd_service_day.json || helpdesk/helpdesk/doctype/hd_service_holiday_list/hd_service_holiday_list.json,doctype-json,Hd Service Day,"[""Option for the 'Weekly Off' (Select) field in DocType 'HD Service Holiday List'"", ""Option for the 'Workday' (Select) field in DocType 'HD Service Day'""]",,,,,,,existente correcta,revisado inicial Helpdesk,sí,sí,,,Cross-app Thursday.,,,
helpdesk:b60532ebbb781645,helpdesk,helpdesk,helpdesk,helpdesk;src,sí,Mesa de Ayuda,Ticket,Ticket,,,,,Ticket,,AMBIGUA de estilo: 'Ticket' (anglicismo aceptado en MX) vs 'Caso'. Requiere decisión de estilo.,DocType/título,soporte,desk/src/components/layouts/Sidebar.vue:401,desk/src/components/layouts/Sidebar.vue:401 || desk/src/components/ticket/TicketMergeModal.vue:57 || desk/src/pages/call-logs/CallLogModal.vue:102 || helpdesk/helpdesk/doctype/hd_email_feedback/hd_email_feedback.json || helpdesk/helpdesk/doctype/hd_notification/hd_notification.json || helpdesk/helpdesk/doctype/hd_settings/hd_settings.json || helpdesk/helpdesk/web_form/tickets/tickets.json,desk/src/components/layouts/Sidebar.vue:611 || desk/src/components/ticket/TicketMergeModal.vue:57 || desk/src/pages/call-logs/CallLogModal.vue:102 || helpdesk/helpdesk/doctype/hd_email_feedback/hd_email_feedback.json || helpdesk/helpdesk/doctype/hd_notification/hd_notification.json || helpdesk/helpdesk/doctype/hd_settings/hd_settings.json || helpdesk/helpdesk/web_form/tickets/tickets.json,client-js,HD Notification,"[""Label of the reference_ticket (Link) field in DocType 'HD Notification'"", ""Label of the ticket (Link) field in DocType 'HD Email Feedback'"", ""Label of the ticket_tab (Tab Break) field in DocType 'HD Settings'"", ""Title of the tickets Web Form""]",,,,,,,igual al inglés válida,revisado inicial Helpdesk,sí,,sí,,Término protegido: Ticket permanece en inglés.,,,
helpdesk:d26b7a1d83975d4a,helpdesk,helpdesk,helpdesk,helpdesk,,Helpdesk,Ticket #{0}: We've received your request,Ticket #{0}: We've received your request,,,,,Ticket #{0}: Hemos recibido su solicitud,,,,,helpdesk/helpdesk/doctype/hd_ticket/hd_ticket.py:873,helpdesk/helpdesk/doctype/hd_ticket/hd_ticket.py:873,helpdesk/helpdesk/doctype/hd_ticket/hd_ticket.py:817,doctype-controller,Hd Ticket,[],{0},,{0},ok,,,traducción propuesta,revisado inicial Helpdesk + pase dirigido,sí,,,,su solicitud (usted); se preserva {0}.,,,
helpdesk:fb2466d59e58557e,helpdesk,helpdesk,helpdesk,helpdesk,,Helpdesk,Ticket Analytics,Ticket Analytics,,,Análisis de tickets,,Análisis de tickets,,Label of a Link in the Helpdesk Workspace,etiqueta de campo/elemento,,helpdesk/helpdesk/report/ticket_analytics/ticket_analytics.json,helpdesk/helpdesk/report/ticket_analytics/ticket_analytics.json || helpdesk/helpdesk/workspace/helpdesk/helpdesk.json,helpdesk/helpdesk/report/ticket_analytics/ticket_analytics.json || helpdesk/helpdesk/workspace/helpdesk/helpdesk.json,report,Helpdesk (Workspace),"[""Label of a Link in the Helpdesk Workspace"", ""Name of a report""]",,,,,,,existente correcta,revisado inicial Helpdesk,sí,sí,,,"ticket en oración minúscula, ok.",,,
helpdesk:894fb4dd6fc180ff,helpdesk,helpdesk,helpdesk,helpdesk,,Helpdesk,Ticket Configuration,Ticket Configuration,,,Configuración de Tickets,,Configuración de Tickets,,Label of a Card Break in the Helpdesk Workspace,etiqueta de campo/elemento,,helpdesk/helpdesk/workspace/helpdesk/helpdesk.json,helpdesk/helpdesk/workspace/helpdesk/helpdesk.json,helpdesk/helpdesk/workspace/helpdesk/helpdesk.json,workspace,Helpdesk (Workspace),"[""Label of a Card Break in the Helpdesk Workspace""]",,,,,,,existente correcta,revisado inicial Helpdesk,sí,sí,,,Ticket protegido.,,,
helpdesk:1884ba7dbaeff334,helpdesk,helpdesk,src,src,,Src,Ticket ID,Ticket ID,,,,,ID del ticket,,,,,desk/src/components/customer/TicketsTab.vue:214,desk/src/components/customer/TicketsTab.vue:214,,client-js,,[],,,,,,,traducción propuesta,revisado inicial Helpdesk,sí,sí,,,,,,"POT-only: en el universo fresco, sin traducir"
helpdesk:ccd7914f5f40b11e,helpdesk,helpdesk,src,src,,Src,Ticket Info,Ticket Info,,,,,Información del ticket,,,,,desk/src/components/ticket-agent/TicketDetailsTab.vue:55,desk/src/components/ticket-agent/TicketDetailsTab.vue:55,desk/src/components/ticket-agent/TicketDetailsTab.vue:55,client-js,,[],,,,,,,traducción propuesta,revisado inicial Helpdesk,sí,sí,,,,,,
helpdesk:23b027317e0ae2f6,helpdesk,helpdesk,src,src,,Src,Ticket Management,Ticket Management,,,,,Gestión de tickets,,,,,desk/src/components/modals/ShortcutsModal.vue:85,desk/src/components/modals/ShortcutsModal.vue:85,desk/src/components/modals/ShortcutsModal.vue:85,client-js,,[],,,,,,,traducción propuesta,revisado inicial Helpdesk,sí,sí,,,Ticket protegido; Management->Gestión.,,,
helpdesk:7d97ecd28bf91bff,helpdesk,helpdesk,helpdesk,helpdesk,,Helpdesk,Ticket Merged,Ticket Merged,,,Ticket fusionado,,Ticket combinado,,Label of the is_merged (Check) field in DocType 'HD Ticket',etiqueta de campo/elemento,,helpdesk/helpdesk/doctype/hd_ticket/hd_ticket.json,helpdesk/helpdesk/doctype/hd_ticket/hd_ticket.json,helpdesk/helpdesk/doctype/hd_ticket/hd_ticket.json,doctype-json,Hd Ticket,"[""Label of the is_merged (Check) field in DocType 'HD Ticket'""]",,,,,,,existente mejorable,revisado inicial Helpdesk,sí,sí,,,Ticket protegido; merged→combinado (consistencia).,,,
helpdesk:c9413a39ca7e0889,helpdesk,helpdesk,helpdesk,helpdesk,,Helpdesk,Ticket Not Found,Ticket Not Found,,,Ticket no encontrado,,Ticket no encontrado,,,,,helpdesk/helpdesk/doctype/hd_email_feedback/hd_email_feedback.py:40,helpdesk/helpdesk/doctype/hd_email_feedback/hd_email_feedback.py:40,helpdesk/helpdesk/doctype/hd_email_feedback/hd_email_feedback.py:40,doctype-controller,Hd Email Feedback,[],,,,,,,existente correcta,revisado inicial Helpdesk,sí,sí,,,Ticket protegido en inglés.,,,
helpdesk:49ec3c8fbeb032fb,helpdesk,helpdesk,helpdesk,helpdesk;src,sí,Helpdesk,Ticket Priority,Ticket Priority,,,Prioridad del ticket,,Prioridad del ticket,,,,,desk/src/components/layouts/Sidebar.vue:410,desk/src/components/layouts/Sidebar.vue:410 || helpdesk/helpdesk/report/ticket_analytics/ticket_analytics.js:50 || helpdesk/helpdesk/report/ticket_analytics/ticket_analytics.py:77 || helpdesk/helpdesk/report/ticket_summary/ticket_summary.js:37 || helpdesk/helpdesk/report/ticket_summary/ticket_summary.py:105,desk/src/components/layouts/Sidebar.vue:620 || helpdesk/helpdesk/report/ticket_analytics/ticket_analytics.js:50 || helpdesk/helpdesk/report/ticket_analytics/ticket_analytics.py:77 || helpdesk/helpdesk/report/ticket_summary/ticket_summary.js:37 || helpdesk/helpdesk/report/ticket_summary/ticket_summary.py:105,client-js,,[],,,,,,,existente correcta,revisado inicial Helpdesk,sí,sí,,,Ticket protegido; Priority->Prioridad.,,,
helpdesk:9109a3e163b5d961,helpdesk,helpdesk,helpdesk,helpdesk,,Helpdesk,Ticket Reopen status,Ticket Reopen status,,,Estado de reapertura del ticket,,Estado de reapertura del ticket,,Label of the ticket_reopen_status (Link) field in DocType 'HD Service Level Agreement',etiqueta de campo/elemento,,helpdesk/helpdesk/doctype/hd_service_level_agreement/hd_service_level_agreement.json,helpdesk/helpdesk/doctype/hd_service_level_agreement/hd_service_level_agreement.json || helpdesk/helpdesk/doctype/hd_settings/hd_settings.json,helpdesk/helpdesk/doctype/hd_service_level_agreement/hd_service_level_agreement.json || helpdesk/helpdesk/doctype/hd_settings/hd_settings.json,doctype-json,Hd Service Level Agreement,"[""Label of the ticket_reopen_status (Link) field in DocType 'HD Service Level Agreement'"", ""Label of the ticket_reopen_status (Link) field in DocType 'HD Settings'""]",,,,,,,existente correcta,revisado inicial Helpdesk,sí,sí,,,,,,
helpdesk:3ee238ddb1fb2ebf,helpdesk,helpdesk,helpdesk,helpdesk;src,sí,Helpdesk,Ticket Routing,Ticket Routing,,,Enrutamiento de Ticket,,Enrutamiento de Ticket,,Label of the ticket_routing_section (Section Break) field in DocType 'HD Settings',etiqueta de campo/elemento,,desk/src/components/Settings/Assignment Rules/AssigneeRules.vue:18,desk/src/components/Settings/Assignment Rules/AssigneeRules.vue:18 || helpdesk/helpdesk/doctype/hd_settings/hd_settings.json,desk/src/components/Settings/Assignment || Rules/AssigneeRules.vue:18,client-js,HD Settings,"[""Label of the ticket_routing_section (Section Break) field in DocType 'HD Settings'""]",,,,,,,existente correcta,revisado inicial Helpdesk,sí,sí,,,Ticket protegido en inglés; enrutamiento natural MX.,,,
helpdesk:201347644b51e890,helpdesk,helpdesk,src,src,,Src,Ticket Settings,Ticket Settings,,,,,Configuración de tickets,,,,,desk/src/components/Settings/General/components/TicketSettings.vue:4,desk/src/components/Settings/General/components/TicketSettings.vue:4,desk/src/components/Settings/General/components/TicketSettings.vue:4,client-js,,[],,,,,,,traducción propuesta,revisado inicial Helpdesk,sí,sí,,,Settings->Configuración.,,,
helpdesk:52b9a3a72206edc3,helpdesk,helpdesk,helpdesk,helpdesk,,Helpdesk,Ticket Split From,Ticket Split From,,,Ticket dividido desde,,Ticket dividido desde,,Label of the ticket_split_from (Link) field in DocType 'HD Ticket',etiqueta de campo/elemento,,helpdesk/helpdesk/doctype/hd_ticket/hd_ticket.json,helpdesk/helpdesk/doctype/hd_ticket/hd_ticket.json,helpdesk/helpdesk/doctype/hd_ticket/hd_ticket.json,doctype-json,Hd Ticket,"[""Label of the ticket_split_from (Link) field in DocType 'HD Ticket'""]",,,,,,,existente correcta,revisado inicial Helpdesk,sí,sí,,,Ticket protegido; split→dividido (consistencia).,,,
helpdesk:03d6ab80009a4aca,helpdesk,helpdesk,src,src,,Src,Ticket Subject,Ticket Subject,,,,,Asunto del ticket,,,,,desk/src/components/ticket/TicketMergeModal.vue:65,desk/src/components/ticket/TicketMergeModal.vue:65,desk/src/components/ticket/TicketMergeModal.vue:65,client-js,,[],,,,,,,traducción propuesta,revisado inicial Helpdesk,sí,sí,,,Ticket protegido; Subject→Asunto.,,,
helpdesk:4f600bab2794e9af,helpdesk,helpdesk,helpdesk,helpdesk,,Helpdesk,Ticket Summary,Ticket Summary,,,Resumen del ticket,,Resumen del ticket,,Label of a Link in the Helpdesk Workspace,etiqueta de campo/elemento,,helpdesk/helpdesk/report/ticket_summary/ticket_summary.json,helpdesk/helpdesk/report/ticket_summary/ticket_summary.json || helpdesk/helpdesk/workspace/helpdesk/helpdesk.json,helpdesk/helpdesk/report/ticket_summary/ticket_summary.json || helpdesk/helpdesk/workspace/helpdesk/helpdesk.json,report,Helpdesk (Workspace),"[""Label of a Link in the Helpdesk Workspace"", ""Name of a report""]",,,,,,,existente correcta,revisado inicial Helpdesk,sí,sí,,,Cross-app Summary->Resumen; ticket minúscula.,,,
helpdesk:4c4482abfc788205,helpdesk,helpdesk,api,api,,Api,Ticket Trend,Ticket Trend,,,,,Tendencia de tickets,,,,,helpdesk/api/dashboard.py:299,helpdesk/api/dashboard.py:299,helpdesk/api/dashboard.py:292,python,,[],,,,,,,traducción propuesta,revisado inicial Helpdesk,sí,sí,,,,,,
helpdesk:46e9df8961b34c4b,helpdesk,helpdesk,helpdesk,helpdesk;src,sí,Helpdesk,Ticket Type,Ticket Type,,,Tipo de ticket,,Tipo de ticket,,Label of a Link in the Helpdesk Workspace,etiqueta de campo/elemento,,desk/src/components/layouts/Sidebar.vue:409,desk/src/components/layouts/Sidebar.vue:409 || helpdesk/helpdesk/doctype/hd_settings/hd_settings.json || helpdesk/helpdesk/doctype/hd_ticket/hd_ticket.json || helpdesk/helpdesk/report/ticket_analytics/ticket_analytics.py:66 || helpdesk/helpdesk/report/ticket_summary/ticket_summary.py:94 || helpdesk/helpdesk/workspace/helpdesk/helpdesk.json,desk/src/components/layouts/Sidebar.vue:619 || helpdesk/helpdesk/doctype/hd_settings/hd_settings.json || helpdesk/helpdesk/doctype/hd_ticket/hd_ticket.json || helpdesk/helpdesk/report/ticket_analytics/ticket_analytics.py:66 || helpdesk/helpdesk/report/ticket_summary/ticket_summary.py:94 || helpdesk/helpdesk/workspace/helpdesk/helpdesk.json,client-js,Helpdesk (Workspace),"[""Label of a Link in the Helpdesk Workspace"", ""Label of the ticket_type (Link) field in DocType 'HD Ticket'"", ""Label of the ticket_type_section (Section Break) field in DocType 'HD Settings'""]",,,,,,,existente correcta,revisado inicial Helpdesk,sí,sí,,,Ticket como préstamo en minúscula dentro de frase.,,,
helpdesk:12002d0632b3fae6,helpdesk,helpdesk,src,src,,Src,Ticket closed successfully.,Ticket closed successfully.,,,,,Ticket cerrado correctamente.,,,,,desk/src/pages/ticket/TicketCustomer.vue:325,desk/src/pages/ticket/TicketCustomer.vue:325,desk/src/pages/ticket/TicketCustomer.vue:325,client-js,,[],,,,,,,traducción propuesta,revisado inicial Helpdesk,sí,sí,,,Ticket protegido.,,,
helpdesk:357f0519de30a814,helpdesk,helpdesk,src,src,,Src,Ticket deleted successfully.,Ticket deleted successfully.,,,,,Ticket eliminado correctamente.,,,,,desk/src/components/ticket-agent/TicketHeader.vue:218,desk/src/components/ticket-agent/TicketHeader.vue:218,desk/src/components/ticket-agent/TicketHeader.vue:218,client-js,,[],,,,,,,traducción propuesta,revisado inicial Helpdesk,sí,sí,,,,,,
helpdesk:22f413429b560861,helpdesk,helpdesk,helpdesk,helpdesk,,Helpdesk,Ticket does not exist.,Ticket does not exist.,,,El ticket no existe.,,El ticket no existe.,,,,,helpdesk/helpdesk/doctype/hd_email_feedback/hd_email_feedback.py:21,helpdesk/helpdesk/doctype/hd_email_feedback/hd_email_feedback.py:21,helpdesk/helpdesk/doctype/hd_email_feedback/hd_email_feedback.py:21,doctype-controller,Hd Email Feedback,[],,,,,,,existente correcta,revisado inicial Helpdesk,sí,sí,,,Ticket protegido; minúscula en oración.,,,
helpdesk:b8494139ba49d9ee,helpdesk,helpdesk,src,src,,Src,Ticket merged successfully.,Ticket merged successfully.,,,,,Ticket combinado correctamente.,,,,,desk/src/components/ticket/TicketMergeModal.vue:192,desk/src/components/ticket/TicketMergeModal.vue:192,desk/src/components/ticket/TicketMergeModal.vue:192,client-js,,[],,,,,,,traducción propuesta,revisado inicial Helpdesk,sí,sí,,,Ticket protegido; merged→combinado (consistente).,,,
helpdesk:42549767393173c5,helpdesk,helpdesk,helpdesk,helpdesk,,Helpdesk,Ticket must be resolved with a feedback,Ticket must be resolved with a feedback,,,El ticket debe resolverse con un comentario,,El ticket debe resolverse con comentarios,,,,,helpdesk/helpdesk/doctype/hd_ticket/hd_ticket.py:401,helpdesk/helpdesk/doctype/hd_ticket/hd_ticket.py:401,helpdesk/helpdesk/doctype/hd_ticket/hd_ticket.py:341,doctype-controller,Hd Ticket,[],,,,,,,existente mejorable,revisado inicial Helpdesk,sí,sí,,,Ticket protegido; feedback→comentarios (glosario).,,,
helpdesk:b4b7a167cb700a7e,helpdesk,helpdesk,helpdesk,helpdesk;src,sí,Helpdesk,Ticket not found,Ticket not found,,,Ticket no encontrado,,Ticket no encontrado,,,,,desk/src/pages/ticket/TicketAgent.vue:33,desk/src/pages/ticket/TicketAgent.vue:33 || helpdesk/helpdesk/doctype/hd_ticket/api.py:63,desk/src/pages/ticket/TicketAgent.vue:33 || helpdesk/helpdesk/doctype/hd_ticket/api.py:63,client-js,,[],,,,,,,existente correcta,revisado inicial Helpdesk,sí,sí,,,Ticket protegido.,,,
helpdesk:eb7a8cbeb5b3e7b8,helpdesk,helpdesk,helpdesk,helpdesk,,Helpdesk,Ticket not found for the provided key.,Ticket not found for the provided key.,,,Ticket no encontrado para la clave proporcionada.,,Ticket no encontrado para la clave proporcionada.,,,,,helpdesk/helpdesk/doctype/hd_email_feedback/hd_email_feedback.py:40,helpdesk/helpdesk/doctype/hd_email_feedback/hd_email_feedback.py:40,helpdesk/helpdesk/doctype/hd_email_feedback/hd_email_feedback.py:40,doctype-controller,Hd Email Feedback,[],,,,,,,existente correcta,revisado inicial Helpdesk,sí,sí,,,Ticket protegido; Key->clave.,,,
helpdesk:f0ea1fd07f49d391,helpdesk,helpdesk,src,src,,Src,Ticket not found.,Ticket not found.,,,Ticket no encontrado.,,Ticket no encontrado.,,,,,desk/src/pages/ticket/TicketCustomer.vue:164,desk/src/pages/ticket/TicketCustomer.vue:164,desk/src/pages/ticket/TicketCustomer.vue:164,client-js,,[],,,,,,,existente correcta,revisado inicial Helpdesk,sí,sí,,,Ticket protegido.,,,
helpdesk:832a652ea02bd888,helpdesk,helpdesk,helpdesk,helpdesk,,Helpdesk,Ticket raised outside working hours,Ticket raised outside working hours,,,,,Ticket abierto fuera del horario laboral,,Label of the raised_outside_working_hours (Check) field in DocType 'HD Ticket',etiqueta de campo/elemento,,helpdesk/helpdesk/doctype/hd_ticket/hd_ticket.json,helpdesk/helpdesk/doctype/hd_ticket/hd_ticket.json,helpdesk/helpdesk/doctype/hd_ticket/hd_ticket.json,doctype-json,Hd Ticket,"[""Label of the raised_outside_working_hours (Check) field in DocType 'HD Ticket'""]",,,,,,,traducción propuesta,revisado inicial Helpdesk,sí,sí,,,Ticket protegido; 'raised' aquí = creado/abierto.,,,
helpdesk:8c3273b7fd047856,helpdesk,helpdesk,src,src,,Src,Ticket split successfully.,Ticket split successfully.,,,,,Ticket dividido correctamente.,,,,,desk/src/components/ticket/TicketSplitModal.vue:79,desk/src/components/ticket/TicketSplitModal.vue:79,desk/src/components/ticket/TicketSplitModal.vue:79,client-js,,[],,,,,,,traducción propuesta,revisado inicial Helpdesk,sí,sí,,,Ticket protegido; split→dividido (consistente).,,,
helpdesk:e4a33e8f0affddaf,helpdesk,helpdesk,src,src,,Src,Ticket status,Ticket status,,,,,Estado del ticket,,,,,desk/src/components/Settings/General/components/TicketSettings.vue:155,desk/src/components/Settings/General/components/TicketSettings.vue:155,desk/src/components/Settings/General/components/TicketSettings.vue:155,client-js,,[],,,,,,,traducción propuesta,revisado inicial Helpdesk,sí,sí,,,,,,
helpdesk:6a676657742a02c1,helpdesk,helpdesk,src,src,,Src,Ticket to merged with is required,Ticket to merged with is required,,,,,El ticket con el que combinar es obligatorio,,,,,desk/src/components/ticket/TicketMergeModal.vue:189,desk/src/components/ticket/TicketMergeModal.vue:189,desk/src/components/ticket/TicketMergeModal.vue:189,client-js,,[],,,,,,,traducción propuesta,revisado inicial Helpdesk,sí,sí,,,Ticket protegido; MX natural.,,,
helpdesk:15397adcbd1ae1f5,helpdesk,helpdesk,src,src,,Src,Ticket updated succesfully.,Ticket updated succesfully.,,,,,Ticket actualizado correctamente.,,,,,desk/src/pages/ticket/TicketCustomer.vue:298,desk/src/pages/ticket/TicketCustomer.vue:298,,client-js,,[],,,,,,,traducción propuesta,revisado inicial Helpdesk,sí,sí,,,Ticket protegido; msgid origen tiene typo 'succesfully'.,,,"POT-only: en el universo fresco, sin traducir"
helpdesk:b1af19bd6377e501,helpdesk,helpdesk,src,src,,Src,Ticket updated successfully.,Ticket updated successfully.,,,,,Ticket actualizado correctamente.,,,,,desk/src/composables/useTicket.ts:35,desk/src/composables/useTicket.ts:35,desk/src/pages/ticket/TicketCustomer.vue:298,client-js,,[],,,,,,,traducción propuesta,revisado inicial Helpdesk,sí,sí,,,Ticket protegido.,,,
helpdesk:21cde997ca52e130,helpdesk,helpdesk,helpdesk,helpdesk,,Helpdesk,Ticket-Search Analysis,Ticket-Search Analysis,,,Análisis de búsqueda de tickets,,Análisis de búsqueda de tickets,,Name of a report,nombre de reporte,,helpdesk/helpdesk/report/ticket_search_analysis/ticket_search_analysis.json,helpdesk/helpdesk/report/ticket_search_analysis/ticket_search_analysis.json,helpdesk/helpdesk/report/ticket_search_analysis/ticket_search_analysis.json,report,,"[""Name of a report""]",,,,,,,existente correcta,revisado inicial Helpdesk,sí,sí,,,Tickets protegido. Nombre de reporte.,,,
helpdesk:b1a92470f8ff48e3,helpdesk,helpdesk,src,api;src,sí,Src,Tickets,Tickets,,,,,Tickets,,,,,desk/src/components/command-palette/CP.vue:98,desk/src/components/command-palette/CP.vue:98 || desk/src/components/layouts/layoutSettings.ts:22 || desk/src/components/layouts/layoutSettings.ts:50 || desk/src/components/ticket-agent/TicketHeader.vue:173 || desk/src/pages/SearchAgent.vue:351 || desk/src/pages/contact/Contact.vue:175 || desk/src/pages/contact/Contact.vue:73 || desk/src/pages/customer/Customer.vue:147 || desk/src/pages/customer/Customer.vue:68 || desk/src/pages/ticket/MobileTicketAgent.vue:420 || desk/src/pages/ticket/TicketCustomer.vue:354 || desk/src/pages/ticket/TicketNew.vue:297 || desk/src/pages/ticket/Tickets.vue:453 || desk/src/pages/ticket/Tickets.vue:6 || helpdesk/api/dashboard.py:155 || helpdesk/api/dashboard.py:302,desk/src/components/command-palette/CP.vue:98 || desk/src/components/ticket-agent/TicketHeader.vue:173 || desk/src/pages/SearchAgent.vue:351 || desk/src/pages/ticket/MobileTicketAgent.vue:418 || desk/src/pages/ticket/TicketCustomer.vue:354 || desk/src/pages/ticket/TicketNew.vue:296 || desk/src/pages/ticket/Tickets.vue:6 || desk/src/pages/ticket/Tickets.vue:686 || helpdesk/api/dashboard.py:154 || helpdesk/api/dashboard.py:295,client-js,,[],,,,,,,igual al inglés válida,revisado inicial Helpdesk,sí,sí,,,Término protegido Tickets en inglés.,,,
helpdesk:5300eaf6a64b44f2,helpdesk,helpdesk,src,src,,Src,Tickets approaching or breached SLA,Tickets approaching or breached SLA,,,,,Tickets próximos a incumplir o con SLA incumplido,,,,,desk/src/pages/home/components/PendingTickets.vue:240,desk/src/pages/home/components/PendingTickets.vue:240,desk/src/pages/home/components/PendingTickets.vue:242,client-js,,[],,,,,,,traducción propuesta,revisado inicial Helpdesk,sí,sí,,,Tickets y SLA protegidos; breached→incumplido.,,,
helpdesk:d36fbd30a3d833da,helpdesk,helpdesk,src,src,,Src,Tickets assigned to you in the last 7 days,Tickets assigned to you in the last 7 days,,,,,Tickets asignados a usted en los últimos 7 días,,,,,desk/src/pages/home/components/PendingTickets.vue:241,desk/src/pages/home/components/PendingTickets.vue:241,desk/src/pages/home/components/PendingTickets.vue:243,client-js,,[],,,,,,,traducción propuesta,revisado inicial Helpdesk + pase dirigido,sí,,,,a usted.,,,
helpdesk:ed1321e9f60999b3,helpdesk,helpdesk,api,api,,Api,Tickets by Channel,Tickets by Channel,,,,,Tickets por canal,,,,,helpdesk/api/dashboard.py:563,helpdesk/api/dashboard.py:563,helpdesk/api/dashboard.py:553,python,,[],,,,,,,traducción propuesta,revisado inicial Helpdesk,sí,sí,,,,,,
helpdesk:73108bb9f2a48ffa,helpdesk,helpdesk,api,api,,Api,Tickets by Priority,Tickets by Priority,,,,,Tickets por prioridad,,,,,helpdesk/api/dashboard.py:523,helpdesk/api/dashboard.py:523 || helpdesk/api/dashboard.py:531,helpdesk/api/dashboard.py:513 || helpdesk/api/dashboard.py:521,python,,[],,,,,,,traducción propuesta,revisado inicial Helpdesk,sí,sí,,,Priority->Prioridad.,,,
helpdesk:c1dad5d15b8f4597,helpdesk,helpdesk,api,api,,Api,Tickets by Team,Tickets by Team,,,,,Tickets por equipo,,,,,helpdesk/api/dashboard.py:457,helpdesk/api/dashboard.py:457 || helpdesk/api/dashboard.py:465,helpdesk/api/dashboard.py:447 || helpdesk/api/dashboard.py:455,python,,[],,,,,,,traducción propuesta,revisado inicial Helpdesk,sí,sí,,,Team->Equipo.,,,
helpdesk:d0902ff6f10f28bb,helpdesk,helpdesk,api,api,,Api,Tickets by Type,Tickets by Type,,,,,Tickets por tipo,,,,,helpdesk/api/dashboard.py:490,helpdesk/api/dashboard.py:490 || helpdesk/api/dashboard.py:498,helpdesk/api/dashboard.py:480 || helpdesk/api/dashboard.py:488,python,,[],,,,,,,traducción propuesta,revisado inicial Helpdesk,sí,sí,,,,,,
helpdesk:7b7dd170164d6d2f,helpdesk,helpdesk,api,api,,Api,Tickets can only be assigned to agents,Tickets can only be assigned to agents,,,Los tickets sólo se pueden asignar a agentes,,Los tickets solo se pueden asignar a agentes,,,,,helpdesk/api/ticket.py:65,helpdesk/api/ticket.py:65,helpdesk/api/ticket.py:65,python,,[],,,,,,,existente mejorable,revisado inicial Helpdesk,sí,sí,,,'sólo' sin tilde (norma actual); Tickets protegido; Agentes cross-app.,,,
helpdesk:2486fdcd4f71fd86,helpdesk,helpdesk,src,src,,Src,Tickets must meet the following conditions:,Tickets must meet the following conditions:,,,,,Los tickets deben cumplir las siguientes condiciones:,,,,,desk/src/components/ticket/TicketMergeModal.vue:29,desk/src/components/ticket/TicketMergeModal.vue:29,desk/src/components/ticket/TicketMergeModal.vue:29,client-js,,[],,,,,,,traducción propuesta,revisado inicial Helpdesk,sí,sí,,,Tickets protegido.,,,
helpdesk:f1fe4b34eee845b7,helpdesk,helpdesk,src,src,,Src,Tickets that are awaiting your response,Tickets that are awaiting your response,,,,,Tickets que esperan su respuesta,,,,,desk/src/pages/home/components/PendingTickets.vue:242,desk/src/pages/home/components/PendingTickets.vue:242,desk/src/pages/home/components/PendingTickets.vue:244,client-js,,[],,,,,,,traducción propuesta,revisado inicial Helpdesk + pase dirigido,sí,,,,su respuesta (usted).,,,
helpdesk:f804ca1d1ae64f30,helpdesk,helpdesk,src,src,,Src,Timezone,Timezone,,,Zona Horaria,,Zona horaria,,,,,desk/src/components/Settings/Preferences/components/LanguageTimezoneSetting.vue:22,desk/src/components/Settings/Preferences/components/LanguageTimezoneSetting.vue:22 || desk/src/components/contact/EditContactDialog.vue:109,desk/src/components/Settings/Preferences/components/LanguageTimezoneSetting.vue:22,client-js,,[],,,,,,,existente mejorable,revisado inicial Helpdesk,sí,sí,,,Timezone; capitalización de oración.,,,
helpdesk:851c8572923460a5,helpdesk,helpdesk,src,helpdesk;src,sí,Src,Title,Title,,,Título,,Título,,Label of the title (Data) field in DocType 'HD Article',etiqueta de campo/elemento,,desk/src/components/Settings/NewTeamModal.vue:19,desk/src/components/Settings/NewTeamModal.vue:19 || desk/src/components/Settings/SavedReplies/SavedRepliesList.vue:85 || desk/src/components/Settings/Teams/RenameTeamModal.vue:10 || desk/src/pages/knowledge-base/Article.vue:48 || desk/src/pages/knowledge-base/NewArticle.vue:39 || helpdesk/helpdesk/doctype/hd_article/hd_article.json || helpdesk/helpdesk/doctype/hd_saved_reply/hd_saved_reply.json,desk/src/components/Settings/NewTeamModal.vue:19 || desk/src/components/Settings/SavedReplies/SavedRepliesList.vue:104 || desk/src/components/Settings/Teams/RenameTeamModal.vue:10 || desk/src/pages/knowledge-base/Article.vue:48 || desk/src/pages/knowledge-base/NewArticle.vue:39 || helpdesk/helpdesk/doctype/hd_article/hd_article.json || helpdesk/helpdesk/doctype/hd_saved_reply/hd_saved_reply.json,client-js,HD Article,"[""Label of the title (Data) field in DocType 'HD Article'"", ""Label of the title (Data) field in DocType 'HD Saved Reply'""]",,,,,,,existente correcta,revisado inicial Helpdesk,sí,sí,,,Cross-app: Title->Título.,,,
helpdesk:e9485bc872fd217b,helpdesk,helpdesk,helpdesk,helpdesk,,Helpdesk,Title Slug,Title Slug,,,Slug de título,,Slug de título,,Label of the title_slug (Data) field in DocType 'HD Article',etiqueta de campo/elemento,,helpdesk/helpdesk/doctype/hd_article/hd_article.json,helpdesk/helpdesk/doctype/hd_article/hd_article.json,helpdesk/helpdesk/doctype/hd_article/hd_article.json,doctype-json,Hd Article,"[""Label of the title_slug (Data) field in DocType 'HD Article'""]",,,,,,,existente correcta,revisado inicial Helpdesk,sí,sí,,,'Slug' término técnico adoptado.,,,
helpdesk:45b5cbd62fe5a11c,helpdesk,helpdesk,src,src,,Src,Title is required,Title is required,,,El título es obligatorio,,El título es obligatorio,,,,,desk/src/components/Settings/NewTeamModal.vue:48,desk/src/components/Settings/NewTeamModal.vue:48 || desk/src/components/Settings/SavedReplies/SavedReplyView.vue:405,desk/src/components/Settings/NewTeamModal.vue:48 || desk/src/components/Settings/SavedReplies/SavedReplyView.vue:397,client-js,,[],,,,,,,existente correcta,revisado inicial Helpdesk,sí,sí,,,Correcta.,,,
helpdesk:7c7f99dea713b2a3,helpdesk,helpdesk,src,helpdesk;src,sí,Src,To,To,,,A,,A,,Label of the user_to (Link) field in DocType 'HD Notification',etiqueta de campo/elemento,,desk/src/components/EmailEditor.vue:28,desk/src/components/EmailEditor.vue:28 || desk/src/pages/call-logs/CallLogModal.vue:33 || helpdesk/helpdesk/doctype/hd_notification/hd_notification.json,desk/src/components/EmailEditor.vue:34 || desk/src/pages/call-logs/CallLogModal.vue:33 || helpdesk/helpdesk/doctype/hd_notification/hd_notification.json,client-js,HD Notification,"[""Label of the user_to (Link) field in DocType 'HD Notification'""]",,,,,,,existente correcta,revisado inicial Helpdesk,sí,sí,,,Cross-app: To->Para (destinatario de correo). 'A' es literal. | convergencia global Gettext v0.3.0,,,
helpdesk:7989738358fe2a8b,helpdesk,helpdesk,helpdesk,helpdesk,,Helpdesk,To Date,To Date,,,Hasta la fecha,,Hasta la fecha,,Label of the to_date (Date) field in DocType 'HD Service Holiday List',etiqueta de campo/elemento,,helpdesk/helpdesk/doctype/hd_service_holiday_list/hd_service_holiday_list.json,helpdesk/helpdesk/doctype/hd_service_holiday_list/hd_service_holiday_list.json || helpdesk/helpdesk/report/first_response_time_for_tickets/first_response_time_for_tickets.js:16 || helpdesk/helpdesk/report/support_hour_distribution/support_hour_distribution.js:15 || helpdesk/helpdesk/report/ticket_analytics/ticket_analytics.js:24 || helpdesk/helpdesk/report/ticket_summary/ticket_summary.js:24,helpdesk/helpdesk/doctype/hd_service_holiday_list/hd_service_holiday_list.json || helpdesk/helpdesk/report/first_response_time_for_tickets/first_response_time_for_tickets.js:16 || helpdesk/helpdesk/report/support_hour_distribution/support_hour_distribution.js:15 || helpdesk/helpdesk/report/ticket_analytics/ticket_analytics.js:24 || helpdesk/helpdesk/report/ticket_summary/ticket_summary.js:24,doctype-json,Hd Service Holiday List,"[""Label of the to_date (Date) field in DocType 'HD Service Holiday List'""]",,,,,,,existente correcta,revisado inicial Helpdesk,sí,sí,,,Cross-app To Date.,,,
helpdesk:b09e0decced1948f,helpdesk,helpdesk,helpdesk,helpdesk,,Helpdesk,To Date cannot be before From Date,To Date cannot be before From Date,,,La fecha no puede ser anterior a la fecha actual,,La fecha final no puede ser anterior a la fecha inicial,,,,,helpdesk/helpdesk/doctype/hd_service_holiday_list/hd_service_holiday_list.py:45,helpdesk/helpdesk/doctype/hd_service_holiday_list/hd_service_holiday_list.py:45,helpdesk/helpdesk/doctype/hd_service_holiday_list/hd_service_holiday_list.py:45,doctype-controller,Hd Service Holiday List,[],,,,,,,existente mejorable,revisado inicial Helpdesk,sí,sí,,,Cross-app To Date cannot be before From Date; upstream decía 'fecha actual' (error).,,,
helpdesk:4aa8d801ab92ba34,helpdesk,helpdesk,src,src,,Src,To date,To date,,,,,Hasta la fecha,,,,,desk/src/components/Settings/Holiday/HolidayView.vue:107,desk/src/components/Settings/Holiday/HolidayView.vue:107 || desk/src/components/Settings/Sla/SlaPolicyView.vue:166,desk/src/components/Settings/Holiday/HolidayView.vue:92 || desk/src/components/Settings/Sla/SlaPolicyView.vue:157,client-js,,[],,,,,,,traducción propuesta,revisado inicial Helpdesk,sí,sí,,,Cross-app: To Date->Hasta la fecha.,,,
helpdesk:1b7415672e679dd3,helpdesk,helpdesk,src,src,,Src,To is required,To is required,,,,,Para es obligatorio,,,,,desk/src/pages/call-logs/CallLogModal.vue:366,desk/src/pages/call-logs/CallLogModal.vue:366,desk/src/pages/call-logs/CallLogModal.vue:366,client-js,,[],,,,,,,traducción propuesta,revisado inicial Helpdesk,sí,sí,,,Campo 'To'=Para (glosario).,,,
helpdesk:d77e3c475a7373d9,helpdesk,helpdesk,src,src,,Src,"To know more about setting up email accounts, click","To know more about setting up email accounts, click",,,,,"Para saber más sobre la configuración de cuentas de correo, haz clic",,,,,desk/src/components/Settings/EmailEdit.vue:271,desk/src/components/Settings/EmailEdit.vue:271,desk/src/components/Settings/EmailEdit.vue:268,client-js,,[],,,,,,,traducción propuesta,revisado inicial Helpdesk,sí,sí,,,Frase truncada seguida de enlace 'aquí'.,,,
helpdesk:00b9516bd774e011,helpdesk,helpdesk,src,src,,Src,Today,Today,,,Hoy,,Hoy,,,,,desk/src/pages/dashboard/Dashboard.vue:472,desk/src/pages/dashboard/Dashboard.vue:472 || desk/src/pages/dashboard/Dashboard.vue:474,desk/src/pages/dashboard/Dashboard.vue:472 || desk/src/pages/dashboard/Dashboard.vue:474,client-js,,[],,,,,,,existente correcta,revisado inicial Helpdesk,sí,sí,,,crossapp Today->Hoy.,,,
helpdesk:7b84ae08332fed8b,helpdesk,helpdesk,src,src,,Src,Toggle theme,Toggle theme,,,,,Cambiar tema,,,,,desk/src/components/layouts/MobileSidebar.vue:61,desk/src/components/layouts/MobileSidebar.vue:61 || desk/src/components/layouts/Sidebar.vue:125,desk/src/components/layouts/Sidebar.vue:262,client-js,,[],,,,,,,traducción propuesta,revisado inicial Helpdesk,sí,sí,,,Theme->Tema.,,,
helpdesk:562b3b4456af7662,helpdesk,helpdesk,src,src,,Src,Tomorrow,Tomorrow,,,,,Mañana,,,,,desk/src/utils.ts:121,desk/src/utils.ts:121 || desk/src/utils.ts:162,,client-js,,[],,,,,,,traducción propuesta,revisado inicial Helpdesk,sí,sí,,,Coincide con crossapp 'Tomorrow'.,,,"POT-only: en el universo fresco, sin traducir"
helpdesk:5c5e73e529b55bd6,helpdesk,helpdesk,helpdesk,helpdesk,,Helpdesk,Top Result,Top Result,,,Mejor resultado,,Mejor resultado,,,,,helpdesk/helpdesk/report/ticket_search_analysis/ticket_search_analysis.py:35,helpdesk/helpdesk/report/ticket_search_analysis/ticket_search_analysis.py:35,helpdesk/helpdesk/report/ticket_search_analysis/ticket_search_analysis.py:35,report,,[],,,,,,,existente correcta,revisado inicial Helpdesk,sí,sí,,,Top Result→Mejor resultado.,,,
helpdesk:d2355e06be922b11,helpdesk,helpdesk,helpdesk,helpdesk,,Helpdesk,Total,Total,,,Total,,Total,,,,,helpdesk/helpdesk/report/ticket_analytics/ticket_analytics.py:98,helpdesk/helpdesk/report/ticket_analytics/ticket_analytics.py:98,helpdesk/helpdesk/report/ticket_analytics/ticket_analytics.py:98,report,,[],,,,,,,existente correcta,revisado inicial Helpdesk,sí,sí,,,Cross-app aprobado (igual en ES).,,,
helpdesk:86bb0df8e6cd8070,helpdesk,helpdesk,helpdesk,helpdesk,,Helpdesk,Total Hold Time,Total Hold Time,,,Tiempo total de espera,,Tiempo total de espera,,Label of the total_hold_time (Duration) field in DocType 'HD Ticket',etiqueta de campo/elemento,,helpdesk/helpdesk/doctype/hd_ticket/hd_ticket.json,helpdesk/helpdesk/doctype/hd_ticket/hd_ticket.json,helpdesk/helpdesk/doctype/hd_ticket/hd_ticket.json,doctype-json,Hd Ticket,"[""Label of the total_hold_time (Duration) field in DocType 'HD Ticket'""]",,,,,,,existente correcta,revisado inicial Helpdesk,sí,sí,,,Cross-app aprobado.,,,
helpdesk:9063cede25c7d67b,helpdesk,helpdesk,helpdesk,helpdesk,,Helpdesk,Total Holidays,Total Holidays,,,,,Total de días festivos,,Label of the total_holidays (Int) field in DocType 'HD Service Holiday List',etiqueta de campo/elemento,,helpdesk/helpdesk/doctype/hd_service_holiday_list/hd_service_holiday_list.json,helpdesk/helpdesk/doctype/hd_service_holiday_list/hd_service_holiday_list.json,helpdesk/helpdesk/doctype/hd_service_holiday_list/hd_service_holiday_list.json,doctype-json,Hd Service Holiday List,"[""Label of the total_holidays (Int) field in DocType 'HD Service Holiday List'""]",,,,,,,traducción propuesta,revisado inicial Helpdesk,sí,sí,,,Cross-app Total Holidays.,,,
helpdesk:45a13e7922f960ea,helpdesk,helpdesk,helpdesk,helpdesk,,Helpdesk,Total Ticket,Total Ticket,,,Tickets totales,,Total de tickets,,,,,helpdesk/helpdesk/report/ticket_summary/ticket_summary.py:126,helpdesk/helpdesk/report/ticket_summary/ticket_summary.py:126,helpdesk/helpdesk/report/ticket_summary/ticket_summary.py:126,report,,[],,,,,,,existente mejorable,revisado inicial Helpdesk,sí,sí,,,Tickets protegido; 'Total de tickets' más claro que 'Tickets totales' para encabezado.,,,
helpdesk:6e6b5afd0f3452ba,helpdesk,helpdesk,api,api,,Api,Total number of tickets created,Total number of tickets created,,,,,Número total de tickets creados,,,,,helpdesk/api/dashboard.py:160,helpdesk/api/dashboard.py:160,helpdesk/api/dashboard.py:159,python,,[],,,,,,,traducción propuesta,revisado inicial Helpdesk,sí,sí,,,,,,
helpdesk:33c0118bd87d1cbc,helpdesk,helpdesk,api,api,,Api,Total tickets by priority,Total tickets by priority,,,,,Total de tickets por prioridad,,,,,helpdesk/api/dashboard.py:532,helpdesk/api/dashboard.py:532,helpdesk/api/dashboard.py:522,python,,[],,,,,,,traducción propuesta,revisado inicial Helpdesk,sí,sí,,,Priority->Prioridad.,,,
helpdesk:b0582289bad09d6b,helpdesk,helpdesk,api,api,,Api,Total tickets by team,Total tickets by team,,,,,Total de tickets por equipo,,,,,helpdesk/api/dashboard.py:466,helpdesk/api/dashboard.py:466,helpdesk/api/dashboard.py:456,python,,[],,,,,,,traducción propuesta,revisado inicial Helpdesk,sí,sí,,,Team->Equipo.,,,
helpdesk:915dab4171a54f7b,helpdesk,helpdesk,api,api,,Api,Total tickets by type,Total tickets by type,,,,,Total de tickets por tipo,,,,,helpdesk/api/dashboard.py:499,helpdesk/api/dashboard.py:499,helpdesk/api/dashboard.py:489,python,,[],,,,,,,traducción propuesta,revisado inicial Helpdesk,sí,sí,,,,,,
helpdesk:f27f5d223c7a54dd,helpdesk,helpdesk,helpdesk,helpdesk,,Helpdesk,Tuesday,Tuesday,,,Martes,,Martes,,Option for the 'Weekly Off' (Select) field in DocType 'HD Service Holiday List',opción de campo select,,helpdesk/helpdesk/doctype/hd_service_day/hd_service_day.json,helpdesk/helpdesk/doctype/hd_service_day/hd_service_day.json || helpdesk/helpdesk/doctype/hd_service_holiday_list/hd_service_holiday_list.json,helpdesk/helpdesk/doctype/hd_service_day/hd_service_day.json || helpdesk/helpdesk/doctype/hd_service_holiday_list/hd_service_holiday_list.json,doctype-json,Hd Service Day,"[""Option for the 'Weekly Off' (Select) field in DocType 'HD Service Holiday List'"", ""Option for the 'Workday' (Select) field in DocType 'HD Service Day'""]",,,,,,,existente correcta,revisado inicial Helpdesk,sí,sí,,,Cross-app Tuesday.,,,
helpdesk:2a8e5e413a2f86ae,helpdesk,helpdesk,src,src,,Src,Twilio,Twilio,,,,,Twilio,,,,,desk/src/components/Settings/Telephony/Telephony.vue:72,desk/src/components/Settings/Telephony/Telephony.vue:72 || desk/src/components/Settings/Telephony/TwilioSettings.vue:10,desk/src/components/Settings/Telephony/Telephony.vue:72 || desk/src/components/Settings/Telephony/TwilioSettings.vue:4,client-js,,[],,,,,,,igual al inglés válida,revisado inicial Helpdesk,sí,sí,,,Nombre propio de producto.,,,
helpdesk:ba7603b85d111061,helpdesk,helpdesk,src,src,,Src,Twilio error: {0},Twilio error: {0},,,,,Error de Twilio: {0},,,,,desk/src/components/Settings/Telephony/ExotelSettings.vue:261,desk/src/components/Settings/Telephony/ExotelSettings.vue:261 || desk/src/components/Settings/Telephony/Telephony.vue:223 || desk/src/components/Settings/Telephony/TwilioSettings.vue:225,,client-js,,[],{0},,{0},ok,,,traducción propuesta,revisado inicial Helpdesk,sí,sí,,,Placeholder {0} preservado; Twilio nombre propio.,,,"POT-only: en el universo fresco, sin traducir"
helpdesk:4df5b9df1af4364f,helpdesk,helpdesk,helpdesk,helpdesk;src,sí,Helpdesk,Type,Type,,,Tipo,,Tipo,,Label of the notification_type (Select) field in DocType 'HD Notification',etiqueta de campo/elemento,,desk/src/pages/SearchAgent.vue:77,desk/src/pages/SearchAgent.vue:77 || desk/src/pages/SearchAgent.vue:78 || desk/src/pages/call-logs/CallLogModal.vue:24 || helpdesk/helpdesk/doctype/hd_field_layout/hd_field_layout.json || helpdesk/helpdesk/doctype/hd_notification/hd_notification.json || helpdesk/helpdesk/doctype/hd_view/hd_view.json,desk/src/pages/SearchAgent.vue:77 || desk/src/pages/SearchAgent.vue:78 || desk/src/pages/call-logs/CallLogModal.vue:24 || helpdesk/helpdesk/doctype/hd_field_layout/hd_field_layout.json || helpdesk/helpdesk/doctype/hd_notification/hd_notification.json || helpdesk/helpdesk/doctype/hd_view/hd_view.json,client-js,HD Notification,"[""Label of the notification_type (Select) field in DocType 'HD Notification'"", ""Label of the type (Select) field in DocType 'HD Field Layout'"", ""Label of the type (Select) field in DocType 'HD View'""]",,,,,,,existente correcta,revisado inicial Helpdesk,sí,sí,,,Type→Tipo (crossapp).,,,
helpdesk:eb2b51eb93527dc1,helpdesk,helpdesk,src,src,,Src,Type a message,Type a message,,,,,Escriba un mensaje,,,,,desk/src/pages/ticket/TicketCustomer.vue:69,desk/src/pages/ticket/TicketCustomer.vue:69,desk/src/pages/ticket/TicketCustomer.vue:69,client-js,,[],,,,,,,traducción propuesta,revisado inicial Helpdesk + pase dirigido,sí,,,,Imperativo usted.,,,
helpdesk:dc9961e3f9d6e7c9,helpdesk,helpdesk,src,src,,Src,Type an email address,Type an email address,,,,,Escriba un correo electrónico,,,,,desk/src/components/customer/InviteContactDialog.vue:19,desk/src/components/customer/InviteContactDialog.vue:19,,client-js,,[],,,,,,,traducción propuesta,revisado inicial Helpdesk + pase dirigido,sí,,,,Imperativo usted.,,,"POT-only: en el universo fresco, sin traducir"
helpdesk:f14c86ff5ca7af61,helpdesk,helpdesk,src,src,,Src,Type is required,Type is required,,,,,El tipo es obligatorio,,,,,desk/src/pages/call-logs/CallLogModal.vue:360,desk/src/pages/call-logs/CallLogModal.vue:360,desk/src/pages/call-logs/CallLogModal.vue:360,client-js,,[],,,,,,,traducción propuesta,revisado inicial Helpdesk,sí,sí,,,Type->Tipo.,,,
helpdesk:8fa8f318b6f1a6ed,helpdesk,helpdesk,helpdesk,helpdesk,,Helpdesk,URL/Method,URL/Method,,,URL/Método,,URL/Método,,Label of the url_method (Data) field in DocType 'HD Ticket Template Field',etiqueta de campo/elemento,,helpdesk/helpdesk/doctype/hd_ticket_template_field/hd_ticket_template_field.json,helpdesk/helpdesk/doctype/hd_ticket_template_field/hd_ticket_template_field.json,helpdesk/helpdesk/doctype/hd_ticket_template_field/hd_ticket_template_field.json,doctype-json,Hd Ticket Template Field,"[""Label of the url_method (Data) field in DocType 'HD Ticket Template Field'""]",,,,,,,existente correcta,revisado inicial Helpdesk,sí,sí,,,Correcta.,,,
helpdesk:70f1c56e74cff3c0,helpdesk,helpdesk,helpdesk,helpdesk,,Helpdesk,Unable to send email. Please setup default outgoing email account.,Unable to send email. Please setup default outgoing email account.,,,,,No se pudo enviar el correo. Configure una cuenta de correo saliente predeterminada.,,,,,helpdesk/helpdesk/doctype/hd_ticket/hd_ticket.py:708,helpdesk/helpdesk/doctype/hd_ticket/hd_ticket.py:708,helpdesk/helpdesk/doctype/hd_ticket/hd_ticket.py:650,doctype-controller,Hd Ticket,[],,,,,,,traducción propuesta,revisado inicial Helpdesk + pase dirigido,sí,,,,Imperativo usted.,,,
helpdesk:054c11cbc2e0008c,helpdesk,helpdesk,src,src,,Src,Unassignment Condition,Unassignment Condition,,,,,Condición de desasignación,,,,,desk/src/components/Settings/Assignment Rules/AssignmentRuleView.vue:208,desk/src/components/Settings/Assignment Rules/AssignmentRuleView.vue:208,desk/src/components/Settings/Assignment || Rules/AssignmentRuleView.vue:199,client-js,,[],,,,,,,traducción propuesta,revisado inicial Helpdesk,sí,sí,,,Vacío en upstream.,,,
helpdesk:8a88e685b87b9840,helpdesk,helpdesk,helpdesk,helpdesk,,Helpdesk,Unauthorized Access,Unauthorized Access,,,Acceso no autorizado,,Acceso no autorizado,,,,,helpdesk/helpdesk/doctype/hd_email_feedback/hd_email_feedback.py:16,helpdesk/helpdesk/doctype/hd_email_feedback/hd_email_feedback.py:16,helpdesk/helpdesk/doctype/hd_email_feedback/hd_email_feedback.py:16,doctype-controller,Hd Email Feedback,[],,,,,,,existente correcta,revisado inicial Helpdesk,sí,sí,,,Sin punto final (título).,,,
helpdesk:3b3b52693a0571b7,helpdesk,helpdesk,helpdesk,helpdesk,,Helpdesk,Unauthorized access.,Unauthorized access.,,,Acceso no autorizado.,,Acceso no autorizado.,,,,,helpdesk/helpdesk/doctype/hd_email_feedback/hd_email_feedback.py:16,helpdesk/helpdesk/doctype/hd_email_feedback/hd_email_feedback.py:16,helpdesk/helpdesk/doctype/hd_email_feedback/hd_email_feedback.py:16,doctype-controller,Hd Email Feedback,[],,,,,,,existente correcta,revisado inicial Helpdesk,sí,sí,,,Con punto final (mensaje).,,,
helpdesk:54d7961c79f5d259,helpdesk,helpdesk,helpdesk,helpdesk,,Helpdesk,Unavailable,Unavailable,,,,,No disponible,,Option for the 'Category' (Select) field in DocType 'HD Agent Status',opción de campo select,,helpdesk/helpdesk/doctype/hd_agent_status/hd_agent_status.json,helpdesk/helpdesk/doctype/hd_agent_status/hd_agent_status.json,helpdesk/helpdesk/doctype/hd_agent_status/hd_agent_status.json,doctype-json,Hd Agent Status,"[""Option for the 'Category' (Select) field in DocType 'HD Agent Status'""]",,,,,,,traducción propuesta,revisado inicial Helpdesk,sí,sí,,,Unavailable→No disponible.,,,
helpdesk:f79e14532161c7e8,helpdesk,helpdesk,src,src,,Src,Unpin View,Unpin View,,,,,Dejar de fijar vista,,,,,desk/src/composables/useView.ts:225,desk/src/composables/useView.ts:225,desk/src/pages/ticket/Tickets.vue:468,client-js,,[],,,,,,,traducción propuesta,revisado inicial Helpdesk,sí,sí,,,,,,
helpdesk:45ef2cdebffd9ebd,helpdesk,helpdesk,src,src,,Src,Unpublish,Unpublish,,,Despublicar,,Despublicar,,,,,desk/src/pages/knowledge-base/Article.vue:21,desk/src/pages/knowledge-base/Article.vue:21,desk/src/pages/knowledge-base/Article.vue:21,client-js,,[],,,,,,,existente correcta,revisado inicial Helpdesk,sí,sí,,,crossapp: Unpublish→Despublicar.,,,
helpdesk:f3a32b1ad024921a,helpdesk,helpdesk,src,src,,Src,Unsaved,Unsaved,,,Sin guardar,,Sin guardar,,,,,desk/src/components/UnsavedBadge.vue:8,desk/src/components/UnsavedBadge.vue:8 || desk/src/components/contact/EditContactDialog.vue:12 || desk/src/components/customer/EditCustomerDialog.vue:18,desk/src/components/UnsavedBadge.vue:8,client-js,,[],,,,,,,existente correcta,revisado inicial Helpdesk,sí,sí,,,crossapp Not Saved->No guardado; 'Sin guardar' natural para badge.,,,
helpdesk:8c0dfd9b3bff70e8,helpdesk,helpdesk,src,src,,Src,Unsaved changes,Unsaved changes,,,Cambios sin guardar,,Cambios sin guardar,,,,,desk/src/components/Settings/Assignment Rules/AssigneeSearch.vue:163,desk/src/components/Settings/Assignment Rules/AssigneeSearch.vue:163 || desk/src/components/Settings/Assignment Rules/AssignmentRuleView.vue:459 || desk/src/components/Settings/EmailNotifications/Notification.vue:101 || desk/src/components/Settings/FieldDependency/FieldDependency.vue:75 || desk/src/components/Settings/Holiday/HolidayView.vue:209 || desk/src/components/Settings/Profile/UserEmailSettings.vue:232 || desk/src/components/Settings/SavedReplies/SavedReplyView.vue:287 || desk/src/components/Settings/SettingsModal.vue:72 || desk/src/components/Settings/Sla/SlaPolicyView.vue:364 || desk/src/components/Settings/Teams/NewTeam.vue:117 || desk/src/components/Settings/Telephony/ExotelSettings.vue:225 || desk/src/components/Settings/Telephony/TwilioSettings.vue:194,desk/src/components/Settings/Assignment || Rules/AssigneeSearch.vue:164 || Rules/AssignmentRuleView.vue:449 || desk/src/components/Settings/EmailNotifications/Notification.vue:101 || desk/src/components/Settings/FieldDependency/FieldDependency.vue:66 || desk/src/components/Settings/Holiday/HolidayView.vue:190 || desk/src/components/Settings/Profile/UserEmailSettings.vue:217 || desk/src/components/Settings/SavedReplies/SavedReplyView.vue:279 || desk/src/components/Settings/SettingsModal.vue:72 || desk/src/components/Settings/Sla/SlaPolicyView.vue:354 || desk/src/components/Settings/Teams/NewTeam.vue:108 || desk/src/components/Settings/Telephony/ExotelSettings.vue:214 || desk/src/components/Settings/Telephony/TwilioSettings.vue:183,client-js,,[],,,,,,,existente correcta,revisado inicial Helpdesk,sí,sí,,,Correcta.,,,
helpdesk:3234b88eae8bc8f8,helpdesk,helpdesk,api,api,,Api,Unsupported doctype '{0}' for ticket stats.,Unsupported doctype '{0}' for ticket stats.,,,,,DocType '{0}' no admitido para estadísticas de tickets.,,,,,helpdesk/api/ticket_stats.py:26,helpdesk/api/ticket_stats.py:26,,python,,[],{0},,{0},ok,,,traducción propuesta,revisado inicial Helpdesk,sí,sí,,,DocType cross-app; tickets protegido; placeholder {0}.,,,"POT-only: en el universo fresco, sin traducir"
helpdesk:5bd771824333b584,helpdesk,helpdesk,src,src,,Src,Untitled,Untitled,,,,,Sin título,,,,,desk/src/pages/call-logs/CallLogModal.vue:8,desk/src/pages/call-logs/CallLogModal.vue:8,desk/src/pages/call-logs/CallLogModal.vue:8,client-js,,[],,,,,,,traducción propuesta,revisado inicial Helpdesk,sí,sí,,,Untitled->Sin título.,,,
helpdesk:f8c819abaa2cefba,helpdesk,helpdesk,src,src,,Src,Update,Update,,,Actualizar,,Actualizar,,,,,desk/src/components/Settings/Profile/UserEmailSettings.vue:27,desk/src/components/Settings/Profile/UserEmailSettings.vue:27 || desk/src/components/Settings/Profile/components/ChangePasswordModal.vue:47,desk/src/components/Settings/Profile/UserEmailSettings.vue:12 || desk/src/components/Settings/Profile/components/ChangePasswordModal.vue:47,client-js,,[],,,,,,,existente correcta,revisado inicial Helpdesk,sí,sí,,,crossapp: Update→Actualizar.,,,
helpdesk:f348562199e691bf,helpdesk,helpdesk,src,src,,Src,Update Account,Update Account,,,,,Actualizar cuenta,,,,,desk/src/components/Settings/EmailEdit.vue:144,desk/src/components/Settings/EmailEdit.vue:144,desk/src/components/Settings/EmailEdit.vue:142,client-js,,[],,,,,,,traducción propuesta,revisado inicial Helpdesk,sí,sí,,,Update Account.,,,
helpdesk:d5082a7b9319f14a,helpdesk,helpdesk,helpdesk,helpdesk,,Helpdesk,Update status to,Update status to,,,Actualizar estado a,,Actualizar estado a,,Label of the update_status_to (Link) field in DocType 'HD Settings',etiqueta de campo/elemento,,helpdesk/helpdesk/doctype/hd_settings/hd_settings.json,helpdesk/helpdesk/doctype/hd_settings/hd_settings.json,helpdesk/helpdesk/doctype/hd_settings/hd_settings.json,doctype-json,Hd Settings,"[""Label of the update_status_to (Link) field in DocType 'HD Settings'""]",,,,,,,existente correcta,revisado inicial Helpdesk,sí,sí,,,Estado=Status; correcta.,,,
helpdesk:af04d8f5ecfaacf5,helpdesk,helpdesk,src,src,,Src,Upload,Upload,,,Subir,,Subir,,,,,desk/src/components/Settings/General/components/LogoUpload.vue:41,desk/src/components/Settings/General/components/LogoUpload.vue:41,desk/src/components/Settings/General/components/LogoUpload.vue:41,client-js,,[],,,,,,,existente correcta,revisado inicial Helpdesk,sí,sí,,,Cross-app: Upload->Subir.,,,
helpdesk:532749ef72ebf974,helpdesk,helpdesk,src,src,,Src,Upload Photo,Upload Photo,,,,,Subir foto,,,,,desk/src/components/Settings/Profile/Profile.vue:174,desk/src/components/Settings/Profile/Profile.vue:174,desk/src/components/Settings/Profile/Profile.vue:198,client-js,,[],,,,,,,traducción propuesta,revisado inicial Helpdesk,sí,sí,,,Upload Photo; Upload->Subir.,,,
helpdesk:41a065762cbaaedc,helpdesk,helpdesk,src,src,,Src,Upload an image in PNG or JPG format,Upload an image in PNG or JPG format,,,,,Suba una imagen en formato PNG o JPG,,,,,desk/src/components/ImageAvatar.vue:78,desk/src/components/ImageAvatar.vue:78,,client-js,,[],,,,,,,traducción propuesta,revisado inicial Helpdesk,sí,sí,,,Upload->Subir.,,,"POT-only: en el universo fresco, sin traducir"
helpdesk:402552c8a98546af,helpdesk,helpdesk,src,src,,Src,Upload image,Upload image,,,,,Subir imagen,,,,,desk/src/components/ImageAvatar.vue:39,desk/src/components/ImageAvatar.vue:39,,client-js,,[],,,,,,,traducción propuesta,revisado inicial Helpdesk,sí,sí,,,Upload->Subir.,,,"POT-only: en el universo fresco, sin traducir"
helpdesk:efa953a2b294a24f,helpdesk,helpdesk,src,src,,Src,Upload profile picture,Upload profile picture,,,,,Subir foto de perfil,,,,,desk/src/composables/contact.ts:414,desk/src/composables/contact.ts:414,,client-js,,[],,,,,,,traducción propuesta,revisado inicial Helpdesk,sí,sí,,,Upload profile picture; Upload→Subir (crossapp).,,,"POT-only: en el universo fresco, sin traducir"
helpdesk:93ac2e8ff0f4c0e4,helpdesk,helpdesk,src,src,,Src,Uploading {0}%,Uploading {0}%,,,Subiendo {0}%,,Subiendo {0}%,,,,,desk/src/components/Settings/General/components/LogoUpload.vue:38,desk/src/components/Settings/General/components/LogoUpload.vue:38,desk/src/components/Settings/General/components/LogoUpload.vue:38,client-js,,[],{0},{0},{0},ok,,,existente correcta,revisado inicial Helpdesk,sí,sí,,,Placeholder {0} preservado.,,,
helpdesk:706f71f9c842bf3b,helpdesk,helpdesk,src,src,,Src,Use SSL for Incoming,Use SSL for Incoming,,,,,Usar SSL para entrada,,,,,desk/src/components/Settings/emailConfig.ts:124,desk/src/components/Settings/emailConfig.ts:124,,client-js,,[],,,,,,,traducción propuesta,revisado inicial Helpdesk,sí,sí,,,Sigla SSL conservada.,,,"POT-only: en el universo fresco, sin traducir"
helpdesk:abe0886e7da13fd1,helpdesk,helpdesk,src,src,,Src,Use SSL for Outgoing,Use SSL for Outgoing,,,,,Usar SSL para salida,,,,,desk/src/components/Settings/emailConfig.ts:151,desk/src/components/Settings/emailConfig.ts:151,,client-js,,[],,,,,,,traducción propuesta,revisado inicial Helpdesk,sí,sí,,,Sigla SSL conservada.,,,"POT-only: en el universo fresco, sin traducir"
helpdesk:13d649f5748f24ac,helpdesk,helpdesk,src,src,,Src,Use TLS for Incoming,Use TLS for Incoming,,,,,Usar TLS para entrada,,,,,desk/src/components/Settings/emailConfig.ts:130,desk/src/components/Settings/emailConfig.ts:130,,client-js,,[],,,,,,,traducción propuesta,revisado inicial Helpdesk,sí,sí,,,Sigla TLS conservada.,,,"POT-only: en el universo fresco, sin traducir"
helpdesk:25d8e97f15df04be,helpdesk,helpdesk,src,src,,Src,Use TLS for Outgoing,Use TLS for Outgoing,,,,,Usar TLS para salida,,,,,desk/src/components/Settings/emailConfig.ts:157,desk/src/components/Settings/emailConfig.ts:157,,client-js,,[],,,,,,,traducción propuesta,revisado inicial Helpdesk,sí,sí,,,Sigla TLS conservada.,,,"POT-only: en el universo fresco, sin traducir"
helpdesk:a0deae15b0e6fb56,helpdesk,helpdesk,src,src,,Src,Use your own IMAP/SMTP settings. Open in Desk,Use your own IMAP/SMTP settings. Open in Desk,,,,,Use su propia configuración de IMAP/SMTP. Abrir en Desk,,,,,desk/src/components/Settings/emailConfig.ts:227,desk/src/components/Settings/emailConfig.ts:227,,client-js,,[],,,,,,,traducción propuesta,revisado inicial Helpdesk + pase dirigido,sí,,,,Imperativo usted; su propia configuración.,,,"POT-only: en el universo fresco, sin traducir"
helpdesk:f8ce41ab9cae6fd2,helpdesk,helpdesk,helpdesk,helpdesk,,Helpdesk,User,User,,,Usuario,,Usuario,,Label of the user (Data) field in DocType 'HD Comment Reaction',etiqueta de campo/elemento,,helpdesk/helpdesk/doctype/hd_agent/hd_agent.json,helpdesk/helpdesk/doctype/hd_agent/hd_agent.json || helpdesk/helpdesk/doctype/hd_article_feedback/hd_article_feedback.json || helpdesk/helpdesk/doctype/hd_comment_reaction/hd_comment_reaction.json || helpdesk/helpdesk/doctype/hd_field_layout/hd_field_layout.json || helpdesk/helpdesk/doctype/hd_team_member/hd_team_member.json || helpdesk/helpdesk/doctype/hd_view/hd_view.json || helpdesk/helpdesk/report/ticket_analytics/ticket_analytics.py:55 || helpdesk/helpdesk/report/ticket_summary/ticket_summary.py:83,helpdesk/helpdesk/doctype/hd_agent/hd_agent.json || helpdesk/helpdesk/doctype/hd_article_feedback/hd_article_feedback.json || helpdesk/helpdesk/doctype/hd_comment_reaction/hd_comment_reaction.json || helpdesk/helpdesk/doctype/hd_desk_account_request/hd_desk_account_request.json || helpdesk/helpdesk/doctype/hd_field_layout/hd_field_layout.json || helpdesk/helpdesk/doctype/hd_portal_signup_request/hd_portal_signup_request.json || helpdesk/helpdesk/doctype/hd_team_member/hd_team_member.json || helpdesk/helpdesk/doctype/hd_view/hd_view.json || helpdesk/helpdesk/report/ticket_analytics/ticket_analytics.py:55 || helpdesk/helpdesk/report/ticket_summary/ticket_summary.py:83,doctype-json,Hd Agent,"[""Label of the user (Data) field in DocType 'HD Comment Reaction'"", ""Label of the user (Link) field in DocType 'HD Agent'"", ""Label of the user (Link) field in DocType 'HD Article Feedback'"", ""Label of the user (Link) field in DocType 'HD Field Layout'"", ""Label of the user (Link) field in DocType 'HD Team Member'"", ""Label of the user (Link) field in DocType 'HD View'""]",,,,,,,existente correcta,revisado inicial Helpdesk,sí,sí,,,User→Usuario (crossapp).,,,
helpdesk:c1ddb7a94893c2f9,helpdesk,helpdesk,src,src,,Src,User Image,User Image,,,,,Imagen de usuario,,,,,desk/src/components/Settings/SavedReplies/savedReplies.ts:78,desk/src/components/Settings/SavedReplies/savedReplies.ts:78,,client-js,,[],,,,,,,traducción propuesta,revisado inicial Helpdesk,sí,sí,,,Cross-app: User Image->Imagen de usuario.,,,"POT-only: en el universo fresco, sin traducir"
helpdesk:ef679b24e4835c39,helpdesk,helpdesk,helpdesk,helpdesk,,Helpdesk,User Resolution Time,User Resolution Time,,,Tiempo de resolución de usuario,,Tiempo de resolución de usuario,,Label of the user_resolution_time (Duration) field in DocType 'HD Ticket',etiqueta de campo/elemento,,helpdesk/helpdesk/doctype/hd_ticket/hd_ticket.json,helpdesk/helpdesk/doctype/hd_ticket/hd_ticket.json,helpdesk/helpdesk/doctype/hd_ticket/hd_ticket.json,doctype-json,Hd Ticket,"[""Label of the user_resolution_time (Duration) field in DocType 'HD Ticket'""]",,,,,,,existente correcta,revisado inicial Helpdesk,sí,sí,,,Cross-app aprobado.,,,
helpdesk:a65da7132d8da791,helpdesk,helpdesk,src,src,,Src,User Reviews,User Reviews,,,,,Reseñas de usuarios,,,,,desk/src/components/contact/FeedbackList.vue:6,desk/src/components/contact/FeedbackList.vue:6,,client-js,,[],,,,,,,traducción propuesta,revisado inicial Helpdesk,sí,sí,,,User Reviews; reviews→reseñas (crossapp).,,,"POT-only: en el universo fresco, sin traducir"
helpdesk:f6808cdbe407b63f,helpdesk,helpdesk,src,src,,Src,User Signup,User Signup,,,,,Registro de usuarios,,,,,desk/src/components/Settings/General/General.vue:42,desk/src/components/Settings/General/General.vue:42,desk/src/components/Settings/General/General.vue:42,client-js,,[],,,,,,,traducción propuesta,revisado inicial Helpdesk,sí,sí,,,User Signup (título de sección).,,,
helpdesk:7acbe40591ff770c,helpdesk,helpdesk,src,src,,Src,Username,Username,,,,,Nombre de usuario,,,,,desk/src/components/Settings/SavedReplies/savedReplies.ts:74,desk/src/components/Settings/SavedReplies/savedReplies.ts:74,,client-js,,[],,,,,,,traducción propuesta,revisado inicial Helpdesk,sí,sí,,,Cross-app: Username->Nombre de usuario.,,,"POT-only: en el universo fresco, sin traducir"
helpdesk:9faf2336d921ea9a,helpdesk,helpdesk,helpdesk,helpdesk,,Helpdesk,Users,Users,,,Usuarios,,Usuarios,,Label of the users (Table MultiSelect) field in DocType 'HD Team',etiqueta de campo/elemento,,helpdesk/helpdesk/doctype/hd_team/hd_team.json,helpdesk/helpdesk/doctype/hd_team/hd_team.json,helpdesk/helpdesk/doctype/hd_team/hd_team.json,doctype-json,Hd Team,"[""Label of the users (Table MultiSelect) field in DocType 'HD Team'""]",,,,,,,existente correcta,revisado inicial Helpdesk,sí,sí,,,Users→Usuarios (crossapp).,,,
helpdesk:665ee0aff2341856,helpdesk,helpdesk,src,helpdesk;src,sí,Src,Valid From,Valid From,,,Válida desde,,Válida desde,,Label of the agreement_details_section (Section Break) field in DocType 'HD Service Level Agreement',etiqueta de campo/elemento,,desk/src/components/Settings/Holiday/HolidayView.vue:72,desk/src/components/Settings/Holiday/HolidayView.vue:72 || desk/src/components/Settings/Sla/SlaPolicyView.vue:141 || helpdesk/helpdesk/doctype/hd_service_level_agreement/hd_service_level_agreement.json,desk/src/components/Settings/Holiday/HolidayView.vue:63 || desk/src/components/Settings/Sla/SlaPolicyView.vue:132 || helpdesk/helpdesk/doctype/hd_service_level_agreement/hd_service_level_agreement.json,client-js,HD Service Level Agreement,"[""Label of the agreement_details_section (Section Break) field in DocType 'HD Service Level Agreement'""]",,,,,,,existente correcta,revisado inicial Helpdesk,sí,sí,,,Cross-app Valid From->Válida desde.,,,
helpdesk:d723f10d7bd3e44d,helpdesk,helpdesk,src,src,,Src,Value,Value,,,Valor,,Valor,,,,,desk/src/components/view-controls/filter/FilterValueEditor.vue:113,desk/src/components/view-controls/filter/FilterValueEditor.vue:113,desk/src/components/view-controls/filter/FilterValueEditor.vue:90,client-js,,[],,,,,,,existente correcta,revisado inicial Helpdesk,sí,sí,,,Coincide con crossapp 'Value'.,,,
helpdesk:8fb99dbe903ef416,helpdesk,helpdesk,helpdesk,helpdesk,,Helpdesk,Via Customer Portal,Via Customer Portal,,,A Través del Portal del Cliente,,A Través del Portal del Cliente,,Label of a field in the tickets Web Form,etiqueta de campo/elemento,,helpdesk/helpdesk/doctype/hd_ticket/hd_ticket.json,helpdesk/helpdesk/doctype/hd_ticket/hd_ticket.json || helpdesk/helpdesk/web_form/tickets/tickets.json,helpdesk/helpdesk/doctype/hd_ticket/hd_ticket.json || helpdesk/helpdesk/web_form/tickets/tickets.json,doctype-json,Hd Ticket,"[""Label of a field in the tickets Web Form"", ""Label of the via_customer_portal (Check) field in DocType 'HD Ticket'""]",,,,,,,existente correcta,revisado inicial Helpdesk,sí,sí,,,Cross-app aprobado.,,,
helpdesk:549f13448e629ec1,helpdesk,helpdesk,src,src,,Src,Via WhatsApp,Via WhatsApp,,,,,Por WhatsApp,,,,,desk/src/pages/PersonaForm.vue:162,desk/src/pages/PersonaForm.vue:162,,client-js,,[],,,,,,,traducción propuesta,revisado inicial Helpdesk,sí,sí,,,WhatsApp nombre propio conservado.,,,"POT-only: en el universo fresco, sin traducir"
helpdesk:6aed4e17269c197c,helpdesk,helpdesk,src,src,,Src,Via email,Via email,,,,,Por correo electrónico,,,,,desk/src/pages/PersonaForm.vue:160,desk/src/pages/PersonaForm.vue:160,,client-js,,[],,,,,,,traducción propuesta,revisado inicial Helpdesk,sí,sí,,,Via email.,,,"POT-only: en el universo fresco, sin traducir"
helpdesk:6675c65d5ecf8414,helpdesk,helpdesk,src,src,,Src,View Assignment rule,View Assignment rule,,,,,Ver regla de asignación,,,,,desk/src/components/Settings/Teams/TeamEdit.vue:252,desk/src/components/Settings/Teams/TeamEdit.vue:252,desk/src/components/Settings/Teams/TeamEdit.vue:241,client-js,,[],,,,,,,traducción propuesta,revisado inicial Helpdesk,sí,sí,,,Vacío en upstream.,,,
helpdesk:fc7f4a5d96f70d45,helpdesk,helpdesk,src,src,,Src,View {0},View {0},,,Ver {0},,Ver {0},,,,,desk/src/composables/useView.ts:321,desk/src/composables/useView.ts:321 || desk/src/composables/useView.ts:420,desk/src/pages/ticket/Tickets.vue:652,client-js,,[],{0},{0},{0},ok,,,existente correcta,revisado inicial Helpdesk,sí,sí,,,Coincide con crossapp 'View {0}'.,,,
helpdesk:93567c232b10883c,helpdesk,helpdesk,helpdesk,helpdesk,,Helpdesk,Views,Views,,,Vistas,,Vistas,,Label of the views (Int) field in DocType 'HD Article',etiqueta de campo/elemento,,helpdesk/helpdesk/doctype/hd_article/hd_article.json,helpdesk/helpdesk/doctype/hd_article/hd_article.json,helpdesk/helpdesk/doctype/hd_article/hd_article.json,doctype-json,Hd Article,"[""Label of the views (Int) field in DocType 'HD Article'""]",,,,,,,existente correcta,revisado inicial Helpdesk,sí,sí,,,crossapp: Views→Vistas.,,,
helpdesk:19b4f80ed9b12251,helpdesk,helpdesk,helpdesk,helpdesk,,Helpdesk,Violet,Violet,,,,,Violeta,,Option for the 'Color' (Select) field in DocType 'HD Agent Status',opción de campo select,,helpdesk/helpdesk/doctype/hd_agent_status/hd_agent_status.json,helpdesk/helpdesk/doctype/hd_agent_status/hd_agent_status.json || helpdesk/helpdesk/doctype/hd_ticket_status/hd_ticket_status.json,helpdesk/helpdesk/doctype/hd_agent_status/hd_agent_status.json || helpdesk/helpdesk/doctype/hd_ticket_status/hd_ticket_status.json,doctype-json,Hd Agent Status,"[""Option for the 'Color' (Select) field in DocType 'HD Agent Status'"", ""Option for the 'Color' (Select) field in DocType 'HD Ticket Status'""]",,,,,,,traducción propuesta,revisado inicial Helpdesk,sí,sí,,,Violet→Violeta (crossapp).,,,
helpdesk:30bd581873351688,helpdesk,helpdesk,src,src,,Src,Was this article Helpful?,Was this article Helpful?,,,,,¿Este artículo le resultó útil?,,,,,desk/src/components/knowledge-base/ArticleFeedback.vue:10,desk/src/components/knowledge-base/ArticleFeedback.vue:10,desk/src/components/knowledge-base/ArticleFeedback.vue:10,client-js,,[],,,,,,,traducción propuesta,revisado inicial Helpdesk + pase dirigido,sí,,,,le resultó (usted).,,,
helpdesk:1df89715e01da23b,helpdesk,helpdesk,src,src,,Src,We don't use any helpdesk yet,We don't use any helpdesk yet,,,,,Aún no usamos ninguna mesa de ayuda,,,,,desk/src/pages/PersonaForm.vue:125,desk/src/pages/PersonaForm.vue:125,,client-js,,[],,,,,,,traducción propuesta,revisado inicial Helpdesk,sí,sí,,,'helpdesk' genérico (no el producto) → mesa de ayuda.,,,"POT-only: en el universo fresco, sin traducir"
helpdesk:79e59a2af9621b56,helpdesk,helpdesk,src,src,,Src,We have changed how customer portal permissions work,We have changed how customer portal permissions work,,,,,Cambiamos el funcionamiento de los permisos del portal del cliente,,,,,desk/src/components/layouts/CustomerPortalPermissionBanner.vue:13,desk/src/components/layouts/CustomerPortalPermissionBanner.vue:13,,client-js,,[],,,,,,,traducción propuesta,revisado inicial Helpdesk,sí,sí,,,We have changed how customer portal permissions work.,,,"POT-only: en el universo fresco, sin traducir"
helpdesk:cb9c8fde23a423c2,helpdesk,helpdesk,src,src,,Src,Web form,Web form,,,,,Formulario web,,,,,desk/src/pages/PersonaForm.vue:145,desk/src/pages/PersonaForm.vue:145,,client-js,,[],,,,,,,traducción propuesta,revisado inicial Helpdesk,sí,sí,,,Web form.,,,"POT-only: en el universo fresco, sin traducir"
helpdesk:8d07c736e56ba23c,helpdesk,helpdesk,helpdesk,helpdesk,,Helpdesk,Wednesday,Wednesday,,,Miércoles,,Miércoles,,Option for the 'Weekly Off' (Select) field in DocType 'HD Service Holiday List',opción de campo select,,helpdesk/helpdesk/doctype/hd_service_day/hd_service_day.json,helpdesk/helpdesk/doctype/hd_service_day/hd_service_day.json || helpdesk/helpdesk/doctype/hd_service_holiday_list/hd_service_holiday_list.json,helpdesk/helpdesk/doctype/hd_service_day/hd_service_day.json || helpdesk/helpdesk/doctype/hd_service_holiday_list/hd_service_holiday_list.json,doctype-json,Hd Service Day,"[""Option for the 'Weekly Off' (Select) field in DocType 'HD Service Holiday List'"", ""Option for the 'Workday' (Select) field in DocType 'HD Service Day'""]",,,,,,,existente correcta,revisado inicial Helpdesk,sí,sí,,,Cross-app Wednesday.,,,
helpdesk:e2d745209e7204fd,helpdesk,helpdesk,helpdesk,helpdesk,,Helpdesk,Weekly,Weekly,,,Semanal,,Semanal,,,,,helpdesk/helpdesk/report/ticket_analytics/ticket_analytics.js:34,helpdesk/helpdesk/report/ticket_analytics/ticket_analytics.js:34,helpdesk/helpdesk/report/ticket_analytics/ticket_analytics.js:34,report,,[],,,,,,,existente correcta,revisado inicial Helpdesk,sí,sí,,,Cross-app aprobado.,,,
helpdesk:61d4fa05c778cc23,helpdesk,helpdesk,helpdesk,helpdesk,,Helpdesk,Weekly Off,Weekly Off,,,Semanal Desactivado,,Descanso semanal,,Label of the weekly_off (Check) field in DocType 'HD Holiday',etiqueta de campo/elemento,,helpdesk/helpdesk/doctype/hd_holiday/hd_holiday.json,helpdesk/helpdesk/doctype/hd_holiday/hd_holiday.json || helpdesk/helpdesk/doctype/hd_service_holiday_list/hd_service_holiday_list.json,helpdesk/helpdesk/doctype/hd_holiday/hd_holiday.json || helpdesk/helpdesk/doctype/hd_service_holiday_list/hd_service_holiday_list.json,doctype-json,Hd Holiday,"[""Label of the weekly_off (Check) field in DocType 'HD Holiday'"", ""Label of the weekly_off (Select) field in DocType 'HD Service Holiday List'""]",,,,,,,existente mejorable,revisado inicial Helpdesk,sí,sí,,,crossapp 'Weekly Off'='Descanso semanal'; upstream 'Semanal Desactivado' erróneo.,,,
helpdesk:e691a62017f26abd,helpdesk,helpdesk,src,src,,Src,Welcome to Frappe Helpdesk,Welcome to Frappe Helpdesk,,,,,Le damos la bienvenida a Frappe Helpdesk,,,,,desk/src/pages/PersonaForm.vue:236,desk/src/pages/PersonaForm.vue:236,,client-js,,[],,,,,,,traducción propuesta,revisado inicial Helpdesk + pase dirigido,sí,,,,Le damos la bienvenida (usted).,,,"POT-only: en el universo fresco, sin traducir"
helpdesk:55fcf35641440736,helpdesk,helpdesk,src,src,,Src,What do you currently use to manage customer support?,What do you currently use to manage customer support?,,,,,¿Qué usas actualmente para gestionar el soporte al cliente?,,,,,desk/src/pages/PersonaForm.vue:114,desk/src/pages/PersonaForm.vue:114,,client-js,,[],,,,,,,traducción propuesta,revisado inicial Helpdesk,sí,sí,,,What do you currently use to manage customer support?,,,"POT-only: en el universo fresco, sin traducir"
helpdesk:aa2dd793d9af8198,helpdesk,helpdesk,src,src,,Src,What is your organization's name?,What is your organization's name?,,,,,¿Cuál es el nombre de su organización?,,,,,desk/src/pages/PersonaForm.vue:95,desk/src/pages/PersonaForm.vue:95,,client-js,,[],,,,,,,traducción propuesta,revisado inicial Helpdesk + pase dirigido,sí,,,,su organización (usted).,,,"POT-only: en el universo fresco, sin traducir"
helpdesk:fcd2025bccc4c6ae,helpdesk,helpdesk,src,src,,Src,What makes support hard right now?,What makes support hard right now?,,,,,¿Qué dificulta el soporte en este momento?,,,,,desk/src/pages/PersonaForm.vue:197,desk/src/pages/PersonaForm.vue:197,,client-js,,[],,,,,,,traducción propuesta,revisado inicial Helpdesk,sí,sí,,,What makes support hard right now?,,,"POT-only: en el universo fresco, sin traducir"
helpdesk:d2e7d75f4b66d6b8,helpdesk,helpdesk,src,src,,Src,What would you like to do first in Frappe Helpdesk?,What would you like to do first in Frappe Helpdesk?,,,,,¿Qué le gustaría hacer primero en Frappe Helpdesk?,,,,,desk/src/pages/PersonaForm.vue:224,desk/src/pages/PersonaForm.vue:224,,client-js,,[],,,,,,,traducción propuesta,revisado inicial Helpdesk + pase dirigido,sí,,,,le gustaría (usted).,,,"POT-only: en el universo fresco, sin traducir"
helpdesk:9d4de8958c258795,helpdesk,helpdesk,src,src,,Src,What's your biggest support challenge today?,What's your biggest support challenge today?,,,,,¿Cuál es su mayor reto de soporte hoy?,,,,,desk/src/pages/PersonaForm.vue:169,desk/src/pages/PersonaForm.vue:169,,client-js,,[],,,,,,,traducción propuesta,revisado inicial Helpdesk + pase dirigido,sí,,,,su mayor reto (usted).,,,"POT-only: en el universo fresco, sin traducir"
helpdesk:f48b114db8f9644c,helpdesk,helpdesk,src,src,,Src,WhatsApp,WhatsApp,,,,,WhatsApp,,,,,desk/src/pages/PersonaForm.vue:142,desk/src/pages/PersonaForm.vue:142,,client-js,,[],,,,,,,igual al inglés válida,revisado inicial Helpdesk,sí,sí,,,Nombre propio (crossapp: WhatsApp).,,,"POT-only: en el universo fresco, sin traducir"
helpdesk:82ad2b088e0ed854,helpdesk,helpdesk,helpdesk,helpdesk,,Helpdesk,"When enabled, the ticket status will automatically change to the status selected below whenever the agent responds to a ticket.
","When enabled, the ticket status will automatically change to the status selected below whenever the agent responds to a ticket.
",,,"Cuando está habilitado, el estado del ticket cambiará automáticamente al estado seleccionado a continuación cada vez que el agente responda a un ticket.
",,"Cuando está habilitado, el estado del ticket cambiará automáticamente al estado seleccionado a continuación cada vez que el agente responda a un ticket.
",,Description of the 'Auto update status' (Check) field in DocType 'HD Settings',descripción,,helpdesk/helpdesk/doctype/hd_settings/hd_settings.json,helpdesk/helpdesk/doctype/hd_settings/hd_settings.json,helpdesk/helpdesk/doctype/hd_settings/hd_settings.json,doctype-json,Hd Settings,"[""Description of the 'Auto update status' (Check) field in DocType 'HD Settings'""]",,,,,,,existente correcta,revisado inicial Helpdesk,sí,sí,,,ticket protegido; agente; \n preservado.,,,
helpdesk:b0ca2a9e88d3133b,helpdesk,helpdesk,src,src,,Src,Where did you hear about us?,Where did you hear about us?,,,,,¿Dónde escuchaste sobre nosotros?,,,,,desk/src/pages/PersonaForm.vue:220,desk/src/pages/PersonaForm.vue:220,,client-js,,[],,,,,,,traducción propuesta,revisado inicial Helpdesk,sí,sí,,,Where did you hear about us?,,,"POT-only: en el universo fresco, sin traducir"
helpdesk:f9b16350914a2ebc,helpdesk,helpdesk,src,src,,Src,Which channel do they use?,Which channel do they use?,,,,,¿Qué canal usan?,,,,,desk/src/pages/PersonaForm.vue:150,desk/src/pages/PersonaForm.vue:150,,client-js,,[],,,,,,,traducción propuesta,revisado inicial Helpdesk,sí,sí,,,Which channel do they use?,,,"POT-only: en el universo fresco, sin traducir"
helpdesk:702e51be9cb12fd1,helpdesk,helpdesk,src,src,,Src,Which tool does your team use?,Which tool does your team use?,,,,,¿Qué herramienta usa su equipo?,,,,,desk/src/pages/PersonaForm.vue:132,desk/src/pages/PersonaForm.vue:132,,client-js,,[],,,,,,,traducción propuesta,revisado inicial Helpdesk + pase dirigido,sí,,,,su equipo (usted).,,,"POT-only: en el universo fresco, sin traducir"
helpdesk:5ec91c6d5f8cb9c6,helpdesk,helpdesk,helpdesk,helpdesk,,Helpdesk,Word,Word,,,Palabra,,Palabra,,Label of the word (Data) field in DocType 'HD Stopword',etiqueta de campo/elemento,,helpdesk/helpdesk/doctype/hd_stopword/hd_stopword.json,helpdesk/helpdesk/doctype/hd_stopword/hd_stopword.json || helpdesk/helpdesk/doctype/hd_synonyms/hd_synonyms.json,helpdesk/helpdesk/doctype/hd_stopword/hd_stopword.json || helpdesk/helpdesk/doctype/hd_synonyms/hd_synonyms.json,doctype-json,Hd Stopword,"[""Label of the word (Data) field in DocType 'HD Stopword'"", ""Label of the word (Data) field in DocType 'HD Synonyms'""]",,,,,,,existente correcta,revisado inicial Helpdesk,sí,sí,,,,,,
helpdesk:77420a259eef96f6,helpdesk,helpdesk,src,src,,Src,Work Schedule and Holidays,Work Schedule and Holidays,,,,,Horario laboral y días festivos,,,,,desk/src/components/Settings/Sla/SlaHolidays.vue:5,desk/src/components/Settings/Sla/SlaHolidays.vue:5,desk/src/components/Settings/Sla/SlaHolidays.vue:5,client-js,,[],,,,,,,traducción propuesta,revisado inicial Helpdesk,sí,sí,,,Work Schedule=horario laboral.,,,
helpdesk:39142a1f70c59bcd,helpdesk,helpdesk,helpdesk,helpdesk,,Helpdesk,Workday,Workday,,,Jornada laboral,,Jornada laboral,,Label of the workday (Select) field in DocType 'HD Service Day',etiqueta de campo/elemento,,helpdesk/helpdesk/doctype/hd_service_day/hd_service_day.json,helpdesk/helpdesk/doctype/hd_service_day/hd_service_day.json,helpdesk/helpdesk/doctype/hd_service_day/hd_service_day.json,doctype-json,Hd Service Day,"[""Label of the workday (Select) field in DocType 'HD Service Day'""]",,,,,,,existente correcta,revisado inicial Helpdesk,sí,sí,,,Cross-app Workday.,,,
helpdesk:4b6fed7b20c71662,helpdesk,helpdesk,src,src,,Src,Workday added successfully.,Workday added successfully.,,,,,Jornada laboral añadida correctamente.,,,,,desk/src/components/Settings/Sla/Modals/WorkDayModal.vue:274,desk/src/components/Settings/Sla/Modals/WorkDayModal.vue:274,desk/src/components/Settings/Sla/Modals/WorkDayModal.vue:274,client-js,,[],,,,,,,traducción propuesta,revisado inicial Helpdesk,sí,sí,,,,,,
helpdesk:67dc422e93aa36b6,helpdesk,helpdesk,src,src,,Src,Workday updated successfully.,Workday updated successfully.,,,,,Jornada laboral actualizada correctamente.,,,,,desk/src/components/Settings/Sla/Modals/WorkDayModal.vue:259,desk/src/components/Settings/Sla/Modals/WorkDayModal.vue:259,desk/src/components/Settings/Sla/Modals/WorkDayModal.vue:259,client-js,,[],,,,,,,traducción propuesta,revisado inicial Helpdesk,sí,sí,,,,,,
helpdesk:7bc15ccf60674c41,helpdesk,helpdesk,helpdesk,helpdesk,,Helpdesk,Workday {0} has been repeated.,Workday {0} has been repeated.,,,El día laboral {0} ha sido repetido.,,El día laboral {0} ha sido repetido.,,,,,helpdesk/helpdesk/doctype/hd_service_level_agreement/hd_service_level_agreement.py:111,helpdesk/helpdesk/doctype/hd_service_level_agreement/hd_service_level_agreement.py:111,helpdesk/helpdesk/doctype/hd_service_level_agreement/hd_service_level_agreement.py:111,doctype-controller,Hd Service Level Agreement,[],{0},{0},{0},ok,,,existente correcta,revisado inicial Helpdesk,sí,sí,,,Cross-app Workday {0} has been repeated; {0} preservado.,,,
helpdesk:be7d54e05f8211e6,helpdesk,helpdesk,helpdesk,helpdesk,,Helpdesk,Workflow,Workflow,,,Flujo de Trabajo,,Flujo de trabajo,,Label of the workflow_tab (Tab Break) field in DocType 'HD Settings',etiqueta de campo/elemento,,helpdesk/helpdesk/doctype/hd_settings/hd_settings.json,helpdesk/helpdesk/doctype/hd_settings/hd_settings.json,helpdesk/helpdesk/doctype/hd_settings/hd_settings.json,doctype-json,Hd Settings,"[""Label of the workflow_tab (Tab Break) field in DocType 'HD Settings'""]",,,,,,,existente mejorable,revisado inicial Helpdesk,sí,sí,,,Crossapp: Workflow=Flujo de trabajo. | convergencia global Gettext (publicación),,,
helpdesk:e80a0d090c75447b,helpdesk,helpdesk,src,src,,Src,Workflow & Knowledge Base Settings,Workflow & Knowledge Base Settings,,,,,Configuración de flujo de trabajo y base de conocimiento,,,,,desk/src/components/Settings/General/components/WorkflowKnowledgebaseSettings.vue:4,desk/src/components/Settings/General/components/WorkflowKnowledgebaseSettings.vue:4,desk/src/components/Settings/General/components/WorkflowKnowledgebaseSettings.vue:4,client-js,,[],,,,,,,traducción propuesta,revisado inicial Helpdesk,sí,sí,,,Workflow→Flujo de trabajo; Knowledge Base→Base de conocimiento; Settings→Configuración.,,,
helpdesk:e79b4cbe694f42b6,helpdesk,helpdesk,helpdesk,helpdesk,,Helpdesk,Working Hours,Working Hours,,,Horas de Trabajo,,Horas de Trabajo,,Label of the support_and_resolution (Table) field in DocType 'HD Service Level Agreement',etiqueta de campo/elemento,,helpdesk/helpdesk/doctype/hd_service_level_agreement/hd_service_level_agreement.json,helpdesk/helpdesk/doctype/hd_service_level_agreement/hd_service_level_agreement.json,helpdesk/helpdesk/doctype/hd_service_level_agreement/hd_service_level_agreement.json,doctype-json,Hd Service Level Agreement,"[""Label of the support_and_resolution (Table) field in DocType 'HD Service Level Agreement'"", ""Label of the support_and_resolution_section_break (Section Break) field in DocType 'HD Service Level Agreement'""]",,,,,,,existente correcta,revisado inicial Helpdesk,sí,sí,,,Cross-app Working Hours.,,,
helpdesk:622b739a089f6a44,helpdesk,helpdesk,src,src,,Src,Write your article here...,Write your article here...,,,,,Escriba su artículo aquí...,,,,,desk/src/pages/knowledge-base/Article.vue:170,desk/src/pages/knowledge-base/Article.vue:170 || desk/src/pages/knowledge-base/NewArticle.vue:56,desk/src/pages/knowledge-base/Article.vue:172 || desk/src/pages/knowledge-base/NewArticle.vue:55,client-js,,[],,,,,,,traducción propuesta,revisado inicial Helpdesk + pase dirigido,sí,,,,Imperativo usted; su artículo; se preservan puntos suspensivos.,,,
helpdesk:a955298bd782c79b,helpdesk,helpdesk,src,src,,Src,Write your email signature here.,Write your email signature here.,,,,,Escriba aquí su firma de correo.,,,,,desk/src/components/Settings/Profile/UserEmailSettings.vue:46,desk/src/components/Settings/Profile/UserEmailSettings.vue:46,desk/src/components/Settings/Profile/UserEmailSettings.vue:31,client-js,,[],,,,,,,traducción propuesta,revisado inicial Helpdesk + pase dirigido,sí,,,,Imperativo usted; su firma.,,,
helpdesk:512682a4f1cd1263,helpdesk,helpdesk,src,src,,Src,Write your reply...,Write your reply...,,,,,Escriba su respuesta...,,,,,desk/src/components/ticket-agent/BulkReplyModal.vue:19,desk/src/components/ticket-agent/BulkReplyModal.vue:19,desk/src/components/ticket-agent/BulkReplyModal.vue:13,client-js,,[],,,,,,,traducción propuesta,revisado inicial Helpdesk + pase dirigido,sí,,,,Imperativo usted; su respuesta; se preservan puntos suspensivos.,,,
helpdesk:e71f88fecb87e44e,helpdesk,helpdesk,src,src,,Src,X (Twitter),X (Twitter),,,,,X (Twitter),,,,,desk/src/pages/PersonaForm.vue:213,desk/src/pages/PersonaForm.vue:213,,client-js,,[],,,,,,,igual al inglés válida,revisado inicial Helpdesk,sí,sí,,,Nombre propio de red social.,,,"POT-only: en el universo fresco, sin traducir"
helpdesk:7b031a50339a60d3,helpdesk,helpdesk,helpdesk,helpdesk,,Helpdesk,Yearly,Yearly,,,Anual,,Anual,,,,,helpdesk/helpdesk/report/ticket_analytics/ticket_analytics.js:37,helpdesk/helpdesk/report/ticket_analytics/ticket_analytics.js:37,helpdesk/helpdesk/report/ticket_analytics/ticket_analytics.js:37,report,,[],,,,,,,existente correcta,revisado inicial Helpdesk,sí,sí,,,Cross-app aprobado.,,,
helpdesk:b037344ea6fd7678,helpdesk,helpdesk,helpdesk,helpdesk,,Helpdesk,Yellow,Yellow,,,Amarillo,,Amarillo,,Option for the 'Color' (Select) field in DocType 'HD Agent Status',opción de campo select,,helpdesk/helpdesk/doctype/hd_agent_status/hd_agent_status.json,helpdesk/helpdesk/doctype/hd_agent_status/hd_agent_status.json || helpdesk/helpdesk/doctype/hd_ticket_status/hd_ticket_status.json,helpdesk/helpdesk/doctype/hd_agent_status/hd_agent_status.json || helpdesk/helpdesk/doctype/hd_ticket_status/hd_ticket_status.json,doctype-json,Hd Agent Status,"[""Option for the 'Color' (Select) field in DocType 'HD Agent Status'"", ""Option for the 'Color' (Select) field in DocType 'HD Ticket Status'""]",,,,,,,existente correcta,revisado inicial Helpdesk,sí,sí,,,Yellow→Amarillo (crossapp).,,,
helpdesk:0e93cee5f25bdda8,helpdesk,helpdesk,src,src,,Src,Yes,Yes,,,,,Sí,,,,,desk/src/components/view-controls/Filter.vue:422,desk/src/components/view-controls/Filter.vue:422,,client-js,,[],,,,,,,traducción propuesta,revisado inicial Helpdesk,sí,sí,,,crossapp Yes->Sí.,,,"POT-only: en el universo fresco, sin traducir"
helpdesk:dde743fed004399b,helpdesk,helpdesk,src,src,,Src,Yesterday,Yesterday,,,,,Ayer,,,,,desk/src/utils.ts:176,desk/src/utils.ts:176,,client-js,,[],,,,,,,traducción propuesta,revisado inicial Helpdesk,sí,sí,,,Coincide con crossapp 'Yesterday'.,,,"POT-only: en el universo fresco, sin traducir"
helpdesk:e9d3f32f1a879660,helpdesk,helpdesk,api,api,,Api,You are not allowed to view another agent's stats.,You are not allowed to view another agent's stats.,,,,,No tienes permiso para ver las estadísticas de otro agente.,,,,,helpdesk/api/ticket_stats.py:35,helpdesk/api/ticket_stats.py:35,,python,,[],,,,,,,traducción propuesta,revisado inicial Helpdesk,sí,sí,,,Agent→agente; MX natural.,,,"POT-only: en el universo fresco, sin traducir"
helpdesk:2a7472bc80e18c76,helpdesk,helpdesk,api,api,,Api,You are not allowed to view this dashboard data.,You are not allowed to view this dashboard data.,,,No tienes permiso para ver estos datos del panel.,,No tienes permiso para ver los datos de este tablero.,,,,,helpdesk/api/dashboard.py:36,helpdesk/api/dashboard.py:36,helpdesk/api/dashboard.py:36,python,,[],,,,,,,existente mejorable,revisado inicial Helpdesk,sí,sí,,,Dashboard->Tablero (crossapp).,,,
helpdesk:4b21f2c228144702,helpdesk,helpdesk,utils.py,utils.py,,Utils.Py,You are not permitted to access this resource.,You are not permitted to access this resource.,,,No está autorizado a acceder a este recurso.,,No está autorizado a acceder a este recurso.,,,,,helpdesk/utils.py:186,helpdesk/utils.py:186 || helpdesk/utils.py:206,helpdesk/utils.py:181,python,,[],,,,,,,existente correcta,revisado inicial Helpdesk,sí,sí,,,,,,
helpdesk:0aa4fdc60c2fb1d5,helpdesk,helpdesk,helpdesk,helpdesk,,Helpdesk,You are not permitted to add a comment,You are not permitted to add a comment,,,No tienes permitido agregar un comentario,,No tienes permitido agregar un comentario,,,,,helpdesk/helpdesk/doctype/hd_ticket/hd_ticket.py:622,helpdesk/helpdesk/doctype/hd_ticket/hd_ticket.py:622,helpdesk/helpdesk/doctype/hd_ticket/hd_ticket.py:563,doctype-controller,Hd Ticket,[],,,,,,,existente correcta,revisado inicial Helpdesk,sí,sí,,,Natural MX.,,,
helpdesk:e7a4244b96fcc622,helpdesk,helpdesk,helpdesk,helpdesk,,Helpdesk,You are not permitted to reply as an agent,You are not permitted to reply as an agent,,,,,No tienes permitido responder como agente,,,,,helpdesk/helpdesk/doctype/hd_ticket/hd_ticket.py:647,helpdesk/helpdesk/doctype/hd_ticket/hd_ticket.py:647,helpdesk/helpdesk/doctype/hd_ticket/hd_ticket.py:589,doctype-controller,Hd Ticket,[],,,,,,,traducción propuesta,revisado inicial Helpdesk,sí,sí,,,Reply→responder; Agent→agente.,,,
helpdesk:a7a4d9c879af35be,helpdesk,helpdesk,src,src,,Src,You are now offline.,You are now offline.,,,,,Ahora estás sin conexión.,,,,,desk/src/App.vue:40,desk/src/App.vue:40,desk/src/App.vue:41,client-js,,[],,,,,,,traducción propuesta,revisado inicial Helpdesk,sí,sí,,,Estado de conectividad; registro cercano al usuario.,,,
helpdesk:ccfc887c23307d35,helpdesk,helpdesk,src,src,,Src,You are now online.,You are now online.,,,,,Ahora estás en línea.,,,,,desk/src/App.vue:33,desk/src/App.vue:33,desk/src/App.vue:34,client-js,,[],,,,,,,traducción propuesta,revisado inicial Helpdesk,sí,sí,,,,,,
helpdesk:b90ce72fdda2f0b2,helpdesk,helpdesk,src,src,,Src,You can change the default calling medium from the settings,You can change the default calling medium from the settings,,,,,Puede cambiar el medio de llamada predeterminado desde la configuración,,,,,desk/src/components/telephony/CallUI.vue:33,desk/src/components/telephony/CallUI.vue:33,desk/src/components/telephony/CallUI.vue:33,client-js,,[],,,,,,,traducción propuesta,revisado inicial Helpdesk + pase dirigido,sí,,,,Puede (usted).,,,
helpdesk:4b80b237e0874333,helpdesk,helpdesk,helpdesk,helpdesk,,Helpdesk,You can only raise tickets for your own contact.,You can only raise tickets for your own contact.,,,,,Solo puede crear tickets para su propio contacto.,,,,,helpdesk/helpdesk/doctype/hd_ticket/hd_ticket.py:274,helpdesk/helpdesk/doctype/hd_ticket/hd_ticket.py:274,,doctype-controller,Hd Ticket,[],,,,,,,traducción propuesta,revisado inicial Helpdesk + pase dirigido,sí,,,,Puede/su propio (usted).,,,"POT-only: en el universo fresco, sin traducir"
helpdesk:cd802c98f3269ae8,helpdesk,helpdesk,helpdesk,helpdesk,,Helpdesk,You cannot disable the default SLA.,You cannot disable the default SLA.,,,No puede desactivar el ANS por defecto.,,No puede deshabilitar el SLA predeterminado.,,,,,helpdesk/helpdesk/doctype/hd_service_level_agreement/hd_service_level_agreement.py:138,helpdesk/helpdesk/doctype/hd_service_level_agreement/hd_service_level_agreement.py:138,helpdesk/helpdesk/doctype/hd_service_level_agreement/hd_service_level_agreement.py:138,doctype-controller,Hd Service Level Agreement,[],,,,,,,existente mejorable,revisado inicial Helpdesk,sí,sí,,,Revertido ANS->SLA; 'desactivar'->'deshabilitar' consistente.,,,
helpdesk:f2cfeea475a980a4,helpdesk,helpdesk,helpdesk,helpdesk,,Helpdesk,You cannot set more than one Default Priority.,You cannot set more than one Default Priority.,,,No puede establecer más de una Prioridad por defecto.,,No puede establecer más de una prioridad predeterminada.,,,,,helpdesk/helpdesk/doctype/hd_service_level_agreement/hd_service_level_agreement.py:41,helpdesk/helpdesk/doctype/hd_service_level_agreement/hd_service_level_agreement.py:41,helpdesk/helpdesk/doctype/hd_service_level_agreement/hd_service_level_agreement.py:41,doctype-controller,Hd Service Level Agreement,[],,,,,,,existente mejorable,revisado inicial Helpdesk,sí,sí,,,'por defecto'->'predeterminada' consistente; minúscula.,,,
helpdesk:118b799e77ede71b,helpdesk,helpdesk,api,api,,Api,You do not have permission to access Assignment Rules,You do not have permission to access Assignment Rules,,,,,No tiene permiso para acceder a las Reglas de asignación,,,,,helpdesk/api/assignment_rule.py:8,helpdesk/api/assignment_rule.py:8,helpdesk/api/assignment_rule.py:8,python,,[],,,,,,,traducción propuesta,revisado inicial Helpdesk,sí,sí,,,Vacío en upstream. Assignment Rules->Reglas de asignación.,,,
helpdesk:a8abd59a05dbbb06,helpdesk,helpdesk,helpdesk,helpdesk,,Helpdesk,You do not have permission to access this resource,You do not have permission to access this resource,,,,,No tienes permiso para acceder a este recurso,,,,,helpdesk/helpdesk/doctype/hd_customer/hd_customer.py:338,helpdesk/helpdesk/doctype/hd_customer/hd_customer.py:338,,doctype-controller,Hd Customer,[],,,,,,,traducción propuesta,revisado inicial Helpdesk,sí,sí,,,Mensaje de permiso; registro de producto.,,,"POT-only: en el universo fresco, sin traducir"
helpdesk:36ffa5b0d5369f88,helpdesk,helpdesk,helpdesk,helpdesk,,Helpdesk,You do not have permission to update contacts,You do not have permission to update contacts,,,,,No tienes permiso para actualizar contactos,,,,,helpdesk/helpdesk/doctype/hd_customer/hd_customer.py:268,helpdesk/helpdesk/doctype/hd_customer/hd_customer.py:268,,doctype-controller,Hd Customer,[],,,,,,,traducción propuesta,revisado inicial Helpdesk,sí,sí,,,Contacts→contactos.,,,"POT-only: en el universo fresco, sin traducir"
helpdesk:24da9828e367a1a1,helpdesk,helpdesk,src,src,,Src,"You don't have access to this ticket, or it no longer exists.","You don't have access to this ticket, or it no longer exists.",,,,,"No tienes acceso a este ticket, o ya no existe.",,,,,desk/src/pages/ticket/TicketAgent.vue:37,desk/src/pages/ticket/TicketAgent.vue:37,desk/src/pages/ticket/TicketAgent.vue:37,client-js,,[],,,,,,,traducción propuesta,revisado inicial Helpdesk,sí,sí,,,Ticket protegido; MX natural.,,,
helpdesk:eaf108f415290817,helpdesk,helpdesk,src,src,,Src,"You don't have permission to view this page, or it no longer exists.","You don't have permission to view this page, or it no longer exists.",,,,,"No tienes permiso para ver esta página, o ya no existe.",,,,,desk/src/pages/InvalidPage.vue:15,desk/src/pages/InvalidPage.vue:15,desk/src/pages/InvalidPage.vue:15,client-js,,[],,,,,,,traducción propuesta,revisado inicial Helpdesk,sí,sí,,,Mensaje de error de página inválida.,,,
helpdesk:c353357efa4435be,helpdesk,helpdesk,helpdesk,helpdesk,,Helpdesk,You have already provided feedback for this ticket.,You have already provided feedback for this ticket.,,,Ya has proporcionado comentarios para este ticket.,,Ya has proporcionado comentarios para este ticket.,,,,,helpdesk/helpdesk/doctype/hd_email_feedback/hd_email_feedback.py:29,helpdesk/helpdesk/doctype/hd_email_feedback/hd_email_feedback.py:29,helpdesk/helpdesk/doctype/hd_email_feedback/hd_email_feedback.py:29,doctype-controller,Hd Email Feedback,[],,,,,,,existente correcta,revisado inicial Helpdesk,sí,sí,,,"Feedback->comentarios; Ticket protegido, minúscula en oración.",,,
helpdesk:b60230b0d57dbe58,helpdesk,helpdesk,helpdesk,helpdesk,,Helpdesk,You must set one SLA as Default. Please check the Default SLA option.,You must set one SLA as Default. Please check the Default SLA option.,,,"Debe establecer un ANS como predeterminado. Marque la opción ""ANS predeterminado"".",,"Debe establecer un SLA como predeterminado. Marque la opción ""SLA predeterminado"".",,,,,helpdesk/helpdesk/doctype/hd_service_level_agreement/hd_service_level_agreement.py:132,helpdesk/helpdesk/doctype/hd_service_level_agreement/hd_service_level_agreement.py:132,helpdesk/helpdesk/doctype/hd_service_level_agreement/hd_service_level_agreement.py:132,doctype-controller,Hd Service Level Agreement,[],,,,,,,existente mejorable,revisado inicial Helpdesk,sí,sí,,,Revertido ANS->SLA (x2).,,,
helpdesk:b969f3fb24338ab3,helpdesk,helpdesk,src,src,,Src,You won't see this notice again.,You won't see this notice again.,,,,,No volverás a ver este aviso.,,,,,desk/src/components/layouts/CustomerPortalPermissionDialog.vue:37,desk/src/components/layouts/CustomerPortalPermissionDialog.vue:37,,client-js,,[],,,,,,,traducción propuesta,revisado inicial Helpdesk,sí,sí,,,You won't see this notice again.,,,"POT-only: en el universo fresco, sin traducir"
helpdesk:7f4fcc26c074ec10,helpdesk,helpdesk,src,src,,Src,YouTube,YouTube,,,,,YouTube,,,,,desk/src/pages/PersonaForm.vue:206,desk/src/pages/PersonaForm.vue:206,,client-js,,[],,,,,,,igual al inglés válida,revisado inicial Helpdesk,sí,sí,,,Nombre propio (crossapp: YouTube).,,,"POT-only: en el universo fresco, sin traducir"
helpdesk:173298a7d588755c,helpdesk,helpdesk,src,src,,Src,Your old conditions will be overwritten. Are you sure you want to save?,Your old conditions will be overwritten. Are you sure you want to save?,,,,,Se sobrescribirán sus condiciones anteriores. ¿Seguro que desea guardar?,,,,,desk/src/components/Settings/Sla/SlaPolicyView.vue:404,desk/src/components/Settings/Sla/SlaPolicyView.vue:404,desk/src/components/Settings/Sla/SlaPolicyView.vue:394,client-js,,[],,,,,,,traducción propuesta,revisado inicial Helpdesk,sí,sí,,,,,,
helpdesk:6fc81258967a3b92,helpdesk,helpdesk,src,src,,Src,Your performance is,Your performance is,,,,,Su desempeño es,,,,,desk/src/pages/home/components/RecentFeedback.vue:51,desk/src/pages/home/components/RecentFeedback.vue:51,desk/src/pages/home/components/RecentFeedback.vue:51,client-js,,[],,,,,,,traducción propuesta,revisado inicial Helpdesk + pase dirigido,sí,,,,Su desempeño (usted).,,,
helpdesk:608840efcfa60efd,helpdesk,helpdesk,src,src,,Src,Zendesk,Zendesk,,,,,Zendesk,,,,,desk/src/pages/PersonaForm.vue:119,desk/src/pages/PersonaForm.vue:119,,client-js,,[],,,,,,,igual al inglés válida,revisado inicial Helpdesk,sí,sí,,,Nombre propio de producto.,,,"POT-only: en el universo fresco, sin traducir"
helpdesk:e8cb5ce9e7fa9bc2,helpdesk,helpdesk,src,src,,Src,Zoho Desk,Zoho Desk,,,,,Zoho Desk,,,,,desk/src/pages/PersonaForm.vue:123,desk/src/pages/PersonaForm.vue:123,,client-js,,[],,,,,,,igual al inglés válida,revisado inicial Helpdesk,sí,sí,,,Nombre propio de producto.,,,"POT-only: en el universo fresco, sin traducir"
helpdesk:926dba8fdb704130,helpdesk,helpdesk,src,src,,Src,active ticket,active ticket,,,,,ticket activo,,,,,desk/src/components/customer/ContactCard.vue:116,desk/src/components/customer/ContactCard.vue:116,,client-js,,[],,,,,,,traducción propuesta,revisado inicial Helpdesk,sí,sí,,,"ticket en oración, minúscula, préstamo adoptado.",,,"POT-only: en el universo fresco, sin traducir"
helpdesk:bb21febfcc9d3b5e,helpdesk,helpdesk,src,src,,Src,active tickets,active tickets,,,,,tickets activos,,,,,desk/src/components/customer/ContactCard.vue:116,desk/src/components/customer/ContactCard.vue:116,,client-js,,[],,,,,,,traducción propuesta,revisado inicial Helpdesk,sí,sí,,,"tickets en oración, minúscula.",,,"POT-only: en el universo fresco, sin traducir"
helpdesk:b657f252ab5f504d,helpdesk,helpdesk,src,src,,Src,assigned you a ticket,assigned you a ticket,,,,,le asignó un ticket,,,,,desk/src/pages/MobileNotifications.vue:46,desk/src/pages/MobileNotifications.vue:46,desk/src/pages/MobileNotifications.vue:46,client-js,,[],,,,,,,traducción propuesta,revisado inicial Helpdesk + pase dirigido,sí,,,,le asignó (usted).,,,
helpdesk:0a977fb1ca9585a2,helpdesk,helpdesk,src,src,,Src,assignees,assignees,,,gestores asignados,,asignados,,,,,desk/src/components/ticket-agent/AssignTo.vue:29,desk/src/components/ticket-agent/AssignTo.vue:29,desk/src/components/ticket-agent/AssignTo.vue:29,client-js,,[],,,,,,,existente mejorable,revisado inicial Helpdesk,sí,sí,,,'gestores asignados' es literal/incorrecto; 'assignees'->asignados.,,,
helpdesk:8431398500022c83,helpdesk,helpdesk,src,src,,Src,average,average,,,promedio,,promedio,,,,,desk/src/pages/home/components/RecentFeedback.vue:471,desk/src/pages/home/components/RecentFeedback.vue:471,desk/src/pages/home/components/RecentFeedback.vue:477,client-js,,[],,,,,,,existente correcta,revisado inicial Helpdesk,sí,sí,,,Nivel de desempeño.,,,
helpdesk:d018853ddd32cf0b,helpdesk,helpdesk,src,src,,Src,back to email event list,back to email event list,,,volver a la lista de eventos de email,,volver a la lista de eventos de correo,,,,,desk/src/components/Settings/EmailNotifications/Notification.vue:13,desk/src/components/Settings/EmailNotifications/Notification.vue:13,desk/src/components/Settings/EmailNotifications/Notification.vue:13,client-js,,[],,,,,,,existente mejorable,revisado inicial Helpdesk,sí,sí,,,'email'→'correo' para consistencia MX.,,,
helpdesk:a7c9dd37f7f658c2,helpdesk,helpdesk,src,src,,Src,can see every ticket of their company and manage its contacts.,can see every ticket of their company and manage its contacts.,,,,,puede ver todos los tickets de su empresa y gestionar sus contactos.,,,,,desk/src/components/layouts/CustomerPortalPermissionDialog.vue:21,desk/src/components/layouts/CustomerPortalPermissionDialog.vue:21,,client-js,,[],,,,,,,traducción propuesta,revisado inicial Helpdesk,sí,sí,,,Fragmento; tickets protegido; Company→empresa.,,,"POT-only: en el universo fresco, sin traducir"
helpdesk:eda5e7d284515b29,helpdesk,helpdesk,src,src,,Src,created,created,,,creado,,creado,,,,,desk/src/composables/useView.ts:418,desk/src/composables/useView.ts:418,desk/src/pages/ticket/Tickets.vue:651,client-js,,[],,,,,,,existente correcta,revisado inicial Helpdesk,sí,sí,,,Coincide con crossapp 'created'.,,,
helpdesk:ab00145924580656,helpdesk,helpdesk,src,src,,Src,customize {0},customize {0},,,personalizar {0},,personalizar {0},,,,,desk/src/components/Settings/EmailNotifications/NotificationList.vue:42,desk/src/components/Settings/EmailNotifications/NotificationList.vue:42,desk/src/components/Settings/EmailNotifications/NotificationList.vue:42,client-js,,[],{0},{0},{0},ok,,,existente correcta,revisado inicial Helpdesk,sí,sí,,,Placeholder {0} conservado.,,,
helpdesk:81d3b176e6d315a2,helpdesk,helpdesk,api,api,,Api,days,days,,,dias,,días,,,,,helpdesk/api/dashboard.py:218,helpdesk/api/dashboard.py:218 || helpdesk/api/dashboard.py:220,helpdesk/api/dashboard.py:217 || helpdesk/api/dashboard.py:219,python,,[],,,,,,,existente mejorable,revisado inicial Helpdesk,sí,sí,,,Corrige 'dias' -> 'días' (acento).,,,
helpdesk:3895cb142f7aeeec,helpdesk,helpdesk,src,src,,Src,documentation,documentation,,,,,documentación,,,,,desk/src/components/layouts/CustomerPortalPermissionDialog.vue:28,desk/src/components/layouts/CustomerPortalPermissionDialog.vue:28,,client-js,,[],,,,,,,traducción propuesta,revisado inicial Helpdesk,sí,sí,,,documentation→documentación.,,,"POT-only: en el universo fresco, sin traducir"
helpdesk:a397059e992bf394,helpdesk,helpdesk,src,src,,Src,e.g. Acme Inc.,e.g. Acme Inc.,,,,,p. ej. Acme Inc.,,,,,desk/src/pages/PersonaForm.vue:96,desk/src/pages/PersonaForm.vue:96,,client-js,,[],,,,,,,traducción propuesta,revisado inicial Helpdesk,sí,sí,,,e.g. → p. ej.; nombre de ejemplo conservado.,,,"POT-only: en el universo fresco, sin traducir"
helpdesk:b5631d2597dec0b2,helpdesk,helpdesk,src,src,,Src,emails/ comments,emails/ comments,,,,,correos/ comentarios,,,,,desk/src/components/ticket/TicketSplitModal.vue:7,desk/src/components/ticket/TicketSplitModal.vue:7,desk/src/components/ticket/TicketSplitModal.vue:7,client-js,,[],,,,,,,traducción propuesta,revisado inicial Helpdesk,sí,sí,,,emails→correos; comments→comentarios.,,,
helpdesk:dc4cb290769320a2,helpdesk,helpdesk,src,src,,Src,example.com,example.com,,,,,example.com,,,,,desk/src/components/Settings/emailConfig.ts:106,desk/src/components/Settings/emailConfig.ts:106,,client-js,,[],,,,,,,igual al inglés válida,revisado inicial Helpdesk,sí,sí,,,Placeholder de dominio de ejemplo; no se traduce.,,,"POT-only: en el universo fresco, sin traducir"
helpdesk:db0d2f9e44b793a4,helpdesk,helpdesk,src,src,,Src,excellent,excellent,,,excelente,,excelente,,,,,desk/src/pages/home/components/RecentFeedback.vue:467,desk/src/pages/home/components/RecentFeedback.vue:467,desk/src/pages/home/components/RecentFeedback.vue:473,client-js,,[],,,,,,,existente correcta,revisado inicial Helpdesk,sí,sí,,,Nivel de desempeño.,,,
helpdesk:6b57f79bb27a3610,helpdesk,helpdesk,src,src,,Src,from this email onwards will be moved to new ticket.,from this email onwards will be moved to new ticket.,,,,,en adelante desde este correo se moverán al nuevo ticket.,,,,,desk/src/components/ticket/TicketSplitModal.vue:8,desk/src/components/ticket/TicketSplitModal.vue:8,desk/src/components/ticket/TicketSplitModal.vue:8,client-js,,[],,,,,,,traducción propuesta,revisado inicial Helpdesk,sí,sí,,,Ticket protegido; fragmento que sigue a 'correos/comentarios'.,,,
helpdesk:d47d1801b958d4d0,helpdesk,helpdesk,src,src,,Src,good,good,,,,,bueno,,,,,desk/src/pages/home/components/RecentFeedback.vue:469,desk/src/pages/home/components/RecentFeedback.vue:469,desk/src/pages/home/components/RecentFeedback.vue:475,client-js,,[],,,,,,,traducción propuesta,revisado inicial Helpdesk,sí,sí,,,"Nivel de desempeño, minúscula por consistencia.",,,
helpdesk:ab900902fc64c928,helpdesk,helpdesk,helpdesk,helpdesk,,Helpdesk,group_by,group_by,,,,,group_by,,Option for the 'Type' (Select) field in DocType 'HD View',opción de campo select,,helpdesk/helpdesk/doctype/hd_view/hd_view.json,helpdesk/helpdesk/doctype/hd_view/hd_view.json,helpdesk/helpdesk/doctype/hd_view/hd_view.json,doctype-json,Hd View,"[""Option for the 'Type' (Select) field in DocType 'HD View'""]",,,,,,,igual al inglés válida,revisado inicial Helpdesk,sí,sí,,,Valor interno de campo Select (identificador); no se traduce.,,,
helpdesk:9743649d1612d475,helpdesk,helpdesk,src,src,,Src,has made a call,has made a call,,,,,hizo una llamada,,,,,desk/src/components/CallArea.vue:16,desk/src/components/CallArea.vue:16,desk/src/components/CallArea.vue:16,client-js,,[],,,,,,,traducción propuesta,revisado inicial Helpdesk,sí,sí,,,Fragmento de notificación.,,,
helpdesk:e27acb9cfe89c963,helpdesk,helpdesk,src,src,,Src,has reached out,has reached out,,,,,se comunicó,,,,,desk/src/components/CallArea.vue:15,desk/src/components/CallArea.vue:15,desk/src/components/CallArea.vue:15,client-js,,[],,,,,,,traducción propuesta,revisado inicial Helpdesk,sí,sí,,,'has reached out' = se comunicó/contactó.,,,
helpdesk:7cfe3eba5fae28f1,helpdesk,helpdesk,src,src,,Src,has reopened the ticket,has reopened the ticket,,,,,reabrió el ticket,,,,,desk/src/pages/MobileNotifications.vue:49,desk/src/pages/MobileNotifications.vue:49,desk/src/pages/MobileNotifications.vue:49,client-js,,[],,,,,,,traducción propuesta,revisado inicial Helpdesk,sí,sí,,,Fragmento de notificación; ticket protegido.,,,
helpdesk:a723af8528cb55f3,helpdesk,helpdesk,src,src,,Src,here,here,,,,,aquí,,,,,desk/src/components/Settings/EmailNotifications/Notification.vue:78,desk/src/components/Settings/EmailNotifications/Notification.vue:78 || desk/src/components/Settings/General/components/TicketSettings.vue:237,desk/src/components/Settings/EmailNotifications/Notification.vue:78 || desk/src/components/Settings/General/components/TicketSettings.vue:237,client-js,,[],,,,,,,traducción propuesta,revisado inicial Helpdesk,sí,sí,,,crossapp: here→aquí (enlace).,,,
helpdesk:a3e88fec2e9d90cb,helpdesk,helpdesk,src,src,,Src,here.,here.,,,,,aquí.,,,,,desk/src/components/Settings/FieldDependency/FieldDependencyList.vue:21,desk/src/components/Settings/FieldDependency/FieldDependencyList.vue:21 || desk/src/components/Settings/Sla/SlaPolicies.vue:19,desk/src/components/Settings/FieldDependency/FieldDependencyList.vue:21 || desk/src/components/Settings/Sla/SlaPolicies.vue:19,client-js,,[],,,,,,,traducción propuesta,revisado inicial Helpdesk,sí,sí,,,Cross-app: here->aquí; conserva punto.,,,
helpdesk:296379780d1d77f8,helpdesk,helpdesk,api,api,,Api,hrs,hrs,,,hrs,,hrs,,,,,helpdesk/api/dashboard.py:199,helpdesk/api/dashboard.py:199 || helpdesk/api/dashboard.py:201,helpdesk/api/dashboard.py:198 || helpdesk/api/dashboard.py:200,python,,[],,,,,,,igual al inglés válida,revisado inicial Helpdesk,sí,sí,,,Abreviatura de horas; se conserva 'hrs'.,,,
helpdesk:254c28756cd42c92,helpdesk,helpdesk,src,src,,Src,imap.example.com,imap.example.com,,,,,imap.example.com,,,,,desk/src/components/Settings/emailConfig.ts:115,desk/src/components/Settings/emailConfig.ts:115,,client-js,,[],,,,,,,igual al inglés válida,revisado inicial Helpdesk,sí,sí,,,Placeholder de servidor de ejemplo; no se traduce.,,,"POT-only: en el universo fresco, sin traducir"
helpdesk:8797daac6998be6b,helpdesk,helpdesk,src,src,,Src,in,in,,,en,,en,,,,,desk/src/pages/knowledge-base/NewArticle.vue:15,desk/src/pages/knowledge-base/NewArticle.vue:15,desk/src/pages/knowledge-base/NewArticle.vue:15,client-js,,[],,,,,,,existente correcta,revisado inicial Helpdesk,sí,sí,,,'in' como preposición (artículo en categoría).,,,
helpdesk:f38b4878c4ab3250,helpdesk,helpdesk,src,src,,Src,in {0} M,in {0} M,,,,,en {0} M,,,,,desk/src/utils.ts:127,desk/src/utils.ts:127,,client-js,,[],{0},,{0},ok,,,traducción propuesta,revisado inicial Helpdesk,sí,sí,,,Abreviatura de mes; formato compacto de tiempo relativo.,,,"POT-only: en el universo fresco, sin traducir"
helpdesk:8654d3f2241e6b99,helpdesk,helpdesk,src,src,,Src,in {0} d,in {0} d,,,,,en {0} d,,,,,desk/src/utils.ts:123,desk/src/utils.ts:123,,client-js,,[],{0},,{0},ok,,,traducción propuesta,revisado inicial Helpdesk,sí,sí,,,,,,"POT-only: en el universo fresco, sin traducir"
helpdesk:51687d3e508747d9,helpdesk,helpdesk,src,src,,Src,in {0} h,in {0} h,,,,,en {0} h,,,,,desk/src/utils.ts:117,desk/src/utils.ts:117,,client-js,,[],{0},,{0},ok,,,traducción propuesta,revisado inicial Helpdesk,sí,sí,,,,,,"POT-only: en el universo fresco, sin traducir"
helpdesk:583c95df91ff1288,helpdesk,helpdesk,src,src,,Src,in {0} m,in {0} m,,,,,en {0} m,,,,,desk/src/utils.ts:114,desk/src/utils.ts:114,,client-js,,[],{0},,{0},ok,,,traducción propuesta,revisado inicial Helpdesk,sí,sí,,,,,,"POT-only: en el universo fresco, sin traducir"
helpdesk:bfaeac4894848d1e,helpdesk,helpdesk,src,src,,Src,in {0} w,in {0} w,,,,,en {0} sem,,,,,desk/src/utils.ts:125,desk/src/utils.ts:125,,client-js,,[],{0},,{0},ok,,,traducción propuesta,revisado inicial Helpdesk,sí,sí,,,crossapp '{0} w'='{0} sem'.,,,"POT-only: en el universo fresco, sin traducir"
helpdesk:d402367adb70ed42,helpdesk,helpdesk,src,src,,Src,in {0} y,in {0} y,,,,,en {0} a,,,,,desk/src/utils.ts:129,desk/src/utils.ts:129,,client-js,,[],{0},,{0},ok,,,traducción propuesta,revisado inicial Helpdesk,sí,sí,,,crossapp '{0} y'='{0} a'.,,,"POT-only: en el universo fresco, sin traducir"
helpdesk:62e999e431546a8a,helpdesk,helpdesk,src,src,,Src,john.doe@example.com,john.doe@example.com,,,,,juan.perez@ejemplo.com,,,,,desk/src/composables/contact.ts:439,desk/src/composables/contact.ts:439,,client-js,,[],,,,,,,igual al inglés válida,revisado inicial Helpdesk,sí,,sí,,Correo de ejemplo (placeholder); adaptado a nombre/dominio de ejemplo en español.,,,"POT-only: en el universo fresco, sin traducir"
helpdesk:223d222e144dfd6c,helpdesk,helpdesk,src,src,,Src,johndoe@example.com,johndoe@example.com,,,,,johndoe@example.com,,,,,desk/src/components/Settings/emailConfig.ts:23,desk/src/components/Settings/emailConfig.ts:23,,client-js,,[],,,,,,,igual al inglés válida,revisado inicial Helpdesk,sí,sí,,,Correo de ejemplo; no se traduce.,,,"POT-only: en el universo fresco, sin traducir"
helpdesk:209bb65c98221c3f,helpdesk,helpdesk,src,src,,Src,just now,just now,,,justo ahora,,justo ahora,,,,,desk/src/components/ticket-agent/AssignTo.vue:391,desk/src/components/ticket-agent/AssignTo.vue:391,desk/src/components/ticket-agent/AssignTo.vue:416,client-js,,[],,,,,,,existente correcta,revisado inicial Helpdesk,sí,sí,,,Cross-app just now.,,,
helpdesk:cda88f31011fd9d9,helpdesk,helpdesk,helpdesk,helpdesk,,Helpdesk,kanban,kanban,,,kanban,,kanban,,Option for the 'Type' (Select) field in DocType 'HD View',opción de campo select,,helpdesk/helpdesk/doctype/hd_view/hd_view.json,helpdesk/helpdesk/doctype/hd_view/hd_view.json,helpdesk/helpdesk/doctype/hd_view/hd_view.json,doctype-json,Hd View,"[""Option for the 'Type' (Select) field in DocType 'HD View'""]",,,,,,,igual al inglés válida,revisado inicial Helpdesk,sí,sí,,,Valor interno de campo Select; término de industria.,,,
helpdesk:c22302541149a621,helpdesk,helpdesk,helpdesk,helpdesk,,Helpdesk,list,list,,,lista,,list,,Option for the 'Type' (Select) field in DocType 'HD View',opción de campo select,,helpdesk/helpdesk/doctype/hd_view/hd_view.json,helpdesk/helpdesk/doctype/hd_view/hd_view.json,helpdesk/helpdesk/doctype/hd_view/hd_view.json,doctype-json,Hd View,"[""Option for the 'Type' (Select) field in DocType 'HD View'""]",,,,,,,igual al inglés válida,revisado inicial Helpdesk,sí,sí,,,Valor interno de campo Select (identificador); no se traduce.,,,
helpdesk:19fd445203adb16e,helpdesk,helpdesk,src,src,,Src,mentioned you in ticket,mentioned you in ticket,,,,,le mencionó en el ticket,,,,,desk/src/pages/MobileNotifications.vue:43,desk/src/pages/MobileNotifications.vue:43,desk/src/pages/MobileNotifications.vue:43,client-js,,[],,,,,,,traducción propuesta,revisado inicial Helpdesk + pase dirigido,sí,,,,le mencionó (usted).,,,
helpdesk:90ee31a5d541af27,helpdesk,helpdesk,src,src,,Src,poor,poor,,,,,deficiente,,,,,desk/src/pages/home/components/RecentFeedback.vue:473,desk/src/pages/home/components/RecentFeedback.vue:473,desk/src/pages/home/components/RecentFeedback.vue:479,client-js,,[],,,,,,,traducción propuesta,revisado inicial Helpdesk,sí,sí,,,Nivel de desempeño más bajo.,,,
helpdesk:94361e86b34373e5,helpdesk,helpdesk,helpdesk,helpdesk,,Helpdesk,purple,purple,,,púrpura,,púrpura,,Option for the 'Color' (Select) field in DocType 'HD Agent Status',opción de campo select,,helpdesk/helpdesk/doctype/hd_agent_status/hd_agent_status.json,helpdesk/helpdesk/doctype/hd_agent_status/hd_agent_status.json || helpdesk/helpdesk/doctype/hd_ticket_status/hd_ticket_status.json,helpdesk/helpdesk/doctype/hd_agent_status/hd_agent_status.json || helpdesk/helpdesk/doctype/hd_ticket_status/hd_ticket_status.json,doctype-json,Hd Agent Status,"[""Option for the 'Color' (Select) field in DocType 'HD Agent Status'"", ""Option for the 'Color' (Select) field in DocType 'HD Ticket Status'""]",,,,,,,existente correcta,revisado inicial Helpdesk,sí,sí,,,"purple→púrpura (crossapp), minúscula preservada.",,,
helpdesk:509f44fdd7ed838c,helpdesk,helpdesk,src,src,,Src,reviews,reviews,,,,,reseñas,,,,,desk/src/components/customer/TicketStats.vue:32,desk/src/components/customer/TicketStats.vue:32,,client-js,,[],,,,,,,traducción propuesta,revisado inicial Helpdesk,sí,sí,,,Cross-app reviews->reseñas.,,,"POT-only: en el universo fresco, sin traducir"
helpdesk:2abd0630c39645ac,helpdesk,helpdesk,api,api,,Api,stars,stars,,,estrellas,,estrellas,,,,,helpdesk/api/dashboard.py:242,helpdesk/api/dashboard.py:242,helpdesk/api/dashboard.py:235,python,,[],,,,,,,existente correcta,revisado inicial Helpdesk,sí,sí,,,,,,
helpdesk:0059f61bd61e852b,helpdesk,helpdesk,helpdesk,helpdesk,,Helpdesk,synonym,synonym,,,sinónimo,,sinónimo,,Label of the synonym (Data) field in DocType 'HD Synonym',etiqueta de campo/elemento,,helpdesk/helpdesk/doctype/hd_synonym/hd_synonym.json,helpdesk/helpdesk/doctype/hd_synonym/hd_synonym.json,helpdesk/helpdesk/doctype/hd_synonym/hd_synonym.json,doctype-json,Hd Synonym,"[""Label of the synonym (Data) field in DocType 'HD Synonym'""]",,,,,,,existente correcta,revisado inicial Helpdesk,sí,sí,,,,,,
helpdesk:af14008d6968bb74,helpdesk,helpdesk,src,src,,Src,ticket,ticket,,,ticket,,ticket,,,,,desk/src/pages/home/components/PendingTickets.vue:156,desk/src/pages/home/components/PendingTickets.vue:156,desk/src/pages/home/components/PendingTickets.vue:158,client-js,,[],,,,,,,igual al inglés válida,revisado inicial Helpdesk,sí,sí,,,Ticket préstamo adoptado; en oración minúscula.,,,
helpdesk:d6e6cae42d60c59d,helpdesk,helpdesk,src,src,,Src,to enable this integration.,to enable this integration.,,,,,para habilitar esta integración.,,,,,desk/src/components/erpnext-integration/ERPNextIntegrationSettings.vue:68,desk/src/components/erpnext-integration/ERPNextIntegrationSettings.vue:68,desk/src/components/erpnext-integration/ERPNextIntegrationSettings.vue:68,client-js,,[],,,,,,,traducción propuesta,revisado inicial Helpdesk,sí,sí,,,Fragmento; continúa a 'Install the ... to enable this integration.',,,
helpdesk:4cd6d18aecd0b685,helpdesk,helpdesk,src,src,,Src,updated,updated,,,,,actualizado,,,,,desk/src/composables/useView.ts:367,desk/src/composables/useView.ts:367,,client-js,,[],,,,,,,traducción propuesta,revisado inicial Helpdesk,sí,sí,,,,,,"POT-only: en el universo fresco, sin traducir"
helpdesk:5c01f661b6fa3e75,helpdesk,helpdesk,src,src,,Src,viewed this,viewed this,,,,,vio esto,,,,,desk/src/pages/ticket/MobileTicketAgent.vue:529,desk/src/pages/ticket/MobileTicketAgent.vue:529,desk/src/pages/ticket/MobileTicketAgent.vue:527,client-js,,[],,,,,,,traducción propuesta,revisado inicial Helpdesk,sí,sí,,,Fragmento de actividad 'X viewed this'.,,,
helpdesk:f36da5f54f3fbe06,helpdesk,helpdesk,src,src,,Src,{0} Customers,{0} Customers,,,,,{0} Clientes,,,,,desk/src/components/contact/ContactCustomers.vue:69,desk/src/components/contact/ContactCustomers.vue:69,,client-js,,[],{0},,{0},ok,,,traducción propuesta,revisado inicial Helpdesk,sí,sí,,,Customer→Cliente; placeholder {0} preservado.,,,"POT-only: en el universo fresco, sin traducir"
helpdesk:d230fdbd757d59a4,helpdesk,helpdesk,src,src,,Src,{0} M,{0} M,,,,,{0} M,,,,,desk/src/utils.ts:137,desk/src/utils.ts:137,,client-js,,[],{0},,{0},ok,,,igual al inglés válida,revisado inicial Helpdesk,sí,sí,,,Coincide con crossapp '{0} M'.,,,"POT-only: en el universo fresco, sin traducir"
helpdesk:df78223e7006f8a1,helpdesk,helpdesk,src,src,,Src,{0} d,{0} d,,,,,{0} d,,,,,desk/src/utils.ts:133,desk/src/utils.ts:133,,client-js,,[],{0},,{0},ok,,,igual al inglés válida,revisado inicial Helpdesk,sí,sí,,,Coincide con crossapp '{0} d'.,,,"POT-only: en el universo fresco, sin traducir"
helpdesk:bdebfae26e042fcd,helpdesk,helpdesk,src,src,,Src,{0} days ago,{0} days ago,,,,,Hace {0} días,,,,,desk/src/utils.ts:178,desk/src/utils.ts:178,,client-js,,[],{0},,{0},ok,,,traducción propuesta,revisado inicial Helpdesk,sí,sí,,,Coincide con crossapp '{0} days ago'.,,,"POT-only: en el universo fresco, sin traducir"
helpdesk:f6573dc61e2c4f7d,helpdesk,helpdesk,src,src,,Src,"{0} does not have a phone number, set one to call them.","{0} does not have a phone number, set one to call them.",,,,,,,,,,desk/src/components/ticket/SetContactPhoneModal.vue:17,desk/src/components/ticket/SetContactPhoneModal.vue:17,,client-js,,[],{0},,,ok,,,sin traducción,pendiente de segunda revisión,,,,,,,,"POT-only: en el universo fresco, sin traducir"
helpdesk:08ac9a6daa97960d,helpdesk,helpdesk,src,src,,Src,{0} filter(s) applied,{0} filter(s) applied,,,,,,,,,,desk/src/pages/SearchAgent.vue:126,desk/src/pages/SearchAgent.vue:126,,client-js,,[],{0},,,ok,,,sin traducción,pendiente de segunda revisión,,,,,,,,"POT-only: en el universo fresco, sin traducir"
helpdesk:3ba233a2c72eef5f,helpdesk,helpdesk,src,src,,Src,{0} h,{0} h,,,,,{0} h,,,,,desk/src/utils.ts:117,desk/src/utils.ts:117,,client-js,,[],{0},,{0},ok,,,igual al inglés válida,revisado inicial Helpdesk,sí,sí,,,Coincide con crossapp '{0} h'.,,,"POT-only: en el universo fresco, sin traducir"
helpdesk:79c7f73f4ae551a3,helpdesk,helpdesk,src,src,,Src,{0} hours ago,{0} hours ago,,,,,Hace {0} horas,,,,,desk/src/utils.ts:152,desk/src/utils.ts:152,,client-js,,[],{0},,{0},ok,,,traducción propuesta,revisado inicial Helpdesk,sí,sí,,,Coincide con crossapp '{0} hours ago'.,,,"POT-only: en el universo fresco, sin traducir"
helpdesk:a34b8db5afa6b6d0,helpdesk,helpdesk,src,src,,Src,{0} is already added,{0} is already added,,,,,{0} ya está agregado,,,,,desk/src/components/EmailMultiSelect.vue:270,desk/src/components/EmailMultiSelect.vue:270,,client-js,,[],{0},,{0},ok,,,traducción propuesta,revisado inicial Helpdesk,sí,sí,,,Placeholder {0} conservado.,,,"POT-only: en el universo fresco, sin traducir"
helpdesk:0100df6051b0f213,helpdesk,helpdesk,src,src,,Src,{0} is an Invalid Email Address,{0} is an Invalid Email Address,,,,,{0} es una dirección de correo no válida,,,,,desk/src/components/EmailMultiSelect.vue:148,desk/src/components/EmailMultiSelect.vue:148,,client-js,,[],{0},,{0},ok,,,traducción propuesta,revisado inicial Helpdesk,sí,sí,,,Placeholder {0} conservado.,,,"POT-only: en el universo fresco, sin traducir"
helpdesk:a9adf9707cdd7ab6,helpdesk,helpdesk,src,src,,Src,{0} is currently away.,{0} is currently away.,,,,,{0} está ausente en este momento.,,,,,desk/src/components/ticket-agent/AssignTo.vue:548,desk/src/components/ticket-agent/AssignTo.vue:548,desk/src/components/ticket-agent/AssignTo.vue:573,client-js,,[],{0},,{0},ok,,,traducción propuesta,revisado inicial Helpdesk,sí,sí,,,{0} preservado.,,,
helpdesk:ea6444b4c3be0a4b,helpdesk,helpdesk,src,src,,Src,{0} is currently unavailable.,{0} is currently unavailable.,,,,,{0} no está disponible en este momento.,,,,,desk/src/components/ticket-agent/AssignTo.vue:547,desk/src/components/ticket-agent/AssignTo.vue:547,desk/src/components/ticket-agent/AssignTo.vue:572,client-js,,[],{0},,{0},ok,,,traducción propuesta,revisado inicial Helpdesk,sí,sí,,,{0} preservado.,,,
helpdesk:61ef2e625055075c,helpdesk,helpdesk,src,src,,Src,{0} is not an existing contact,{0} is not an existing contact,,,,,{0} no es un contacto existente,,,,,desk/src/components/EmailMultiSelect.vue:265,desk/src/components/EmailMultiSelect.vue:265,,client-js,,[],{0},,{0},ok,,,traducción propuesta,revisado inicial Helpdesk,sí,sí,,,Contact→contacto; placeholder conservado.,,,"POT-only: en el universo fresco, sin traducir"
helpdesk:db74e605cbc498df,helpdesk,helpdesk,src,src,,Src,{0} is not an existing user,{0} is not an existing user,,,,,{0} no es un usuario existente,,,,,desk/src/components/EmailMultiSelect.vue:264,desk/src/components/EmailMultiSelect.vue:264,,client-js,,[],{0},,{0},ok,,,traducción propuesta,revisado inicial Helpdesk,sí,sí,,,Placeholder conservado.,,,"POT-only: en el universo fresco, sin traducir"
helpdesk:2edf53471a232b49,helpdesk,helpdesk,src,src,,Src,{0} item(s) deleted successfully,{0} item(s) deleted successfully,,,,,{0} elemento(s) eliminado(s) correctamente,,,,,desk/src/components/ListViewBuilder.vue:307,desk/src/components/ListViewBuilder.vue:307,desk/src/components/ListViewBuilder.vue:307,client-js,,[],{0},,{0},ok,,,traducción propuesta,revisado inicial Helpdesk,sí,sí,,,Placeholder {0} preservado.,,,
helpdesk:342994543bcbef96,helpdesk,helpdesk,src,src,,Src,{0} item(s) queued for deletion,{0} item(s) queued for deletion,,,,,{0} elemento(s) en cola para eliminación,,,,,desk/src/components/ListViewBuilder.vue:321,desk/src/components/ListViewBuilder.vue:321,desk/src/components/ListViewBuilder.vue:321,client-js,,[],{0},,{0},ok,,,traducción propuesta,revisado inicial Helpdesk,sí,sí,,,Placeholder {0} preservado.,,,
helpdesk:6fe13548801bbfb2,helpdesk,helpdesk,src,src,,Src,{0} m,{0} m,,,,,{0} m,,,,,desk/src/utils.ts:114,desk/src/utils.ts:114,,client-js,,[],{0},,{0},ok,,,igual al inglés válida,revisado inicial Helpdesk,sí,sí,,,Coincide con crossapp '{0} m'.,,,"POT-only: en el universo fresco, sin traducir"
helpdesk:20152b33da3085dd,helpdesk,helpdesk,src,src,,Src,{0} matches,{0} matches,,,,,{0} coincidencias,,,,,desk/src/pages/SearchAgent.vue:117,desk/src/pages/SearchAgent.vue:117,desk/src/pages/SearchAgent.vue:117,client-js,,[],{0},,{0},ok,,,traducción propuesta,revisado inicial Helpdesk,sí,sí,,,Vacío en upstream. {0} preservado.,,,
helpdesk:4aba540c5e9a67e5,helpdesk,helpdesk,src,src,,Src,{0} minutes ago,{0} minutes ago,,,,,Hace {0} minutos,,,,,desk/src/utils.ts:150,desk/src/utils.ts:150,,client-js,,[],{0},,{0},ok,,,traducción propuesta,revisado inicial Helpdesk,sí,sí,,,Coincide con crossapp '{0} minutes ago'.,,,"POT-only: en el universo fresco, sin traducir"
helpdesk:89bed4167f7b7437,helpdesk,helpdesk,src,src,,Src,{0} months ago,{0} months ago,,,,,Hace {0} meses,,,,,desk/src/utils.ts:186,desk/src/utils.ts:186,,client-js,,[],{0},,{0},ok,,,traducción propuesta,revisado inicial Helpdesk,sí,sí,,,Coincide con crossapp '{0} months ago'.,,,"POT-only: en el universo fresco, sin traducir"
helpdesk:86f5fbfa3d15e132,helpdesk,helpdesk,overrides,overrides,,Overrides,{0} on {1},{0} on {1},,,,,{0} en {1},,,,,helpdesk/overrides/user_invitation.py:18,helpdesk/overrides/user_invitation.py:18,,python,,[],{0};{1},,{0};{1},ok,,,traducción propuesta,revisado inicial Helpdesk,sí,sí,,,Patrón genérico 'X on Y' (contexto invitación de usuario).,,,"POT-only: en el universo fresco, sin traducir"
helpdesk:463c46966ca13455,helpdesk,helpdesk,src,src,,Src,{0} reviews,{0} reviews,,,,,{0} reseñas,,,,,desk/src/pages/home/components/RecentFeedback.vue:46,desk/src/pages/home/components/RecentFeedback.vue:46,desk/src/pages/home/components/RecentFeedback.vue:46,client-js,,[],{0},,{0},ok,,,traducción propuesta,revisado inicial Helpdesk,sí,sí,,,Cross-app: reviews->reseñas. Placeholder {0} preservado.,,,
helpdesk:0f1a97178077d4f8,helpdesk,helpdesk,src,src,,Src,{0} view is currently public. Changing it to private will hide it for all the users.,{0} view is currently public. Changing it to private will hide it for all the users.,,,,,La vista {0} es actualmente pública. Cambiarla a privada la ocultará para todos los usuarios.,,,,,desk/src/composables/useView.ts:263,desk/src/composables/useView.ts:263,desk/src/pages/ticket/Tickets.vue:510,client-js,,[],{0},,{0},ok,,,traducción propuesta,revisado inicial Helpdesk,sí,sí,,,,,,
helpdesk:e4da6e23c436bcf7,helpdesk,helpdesk,src,src,,Src,{0} view is currently visible in the sidebar. Hiding it will remove it from the sidebar.,{0} view is currently visible in the sidebar. Hiding it will remove it from the sidebar.,,,,,La vista {0} es actualmente visible en la barra lateral. Ocultarla la quitará de la barra lateral.,,,,,desk/src/composables/useView.ts:244,desk/src/composables/useView.ts:244,desk/src/pages/ticket/Tickets.vue:490,client-js,,[],{0},,{0},ok,,,traducción propuesta,revisado inicial Helpdesk,sí,sí,,,,,,
helpdesk:3e65f40b88243ad3,helpdesk,helpdesk,src,src,,Src,{0} w,{0} w,,,,,{0} sem,,,,,desk/src/utils.ts:135,desk/src/utils.ts:135,,client-js,,[],{0},,{0},ok,,,traducción propuesta,revisado inicial Helpdesk,sí,sí,,,Coincide con crossapp '{0} w'.,,,"POT-only: en el universo fresco, sin traducir"
helpdesk:e9adfd9af167272f,helpdesk,helpdesk,src,src,,Src,{0} weeks ago,{0} weeks ago,,,,,Hace {0} semanas,,,,,desk/src/utils.ts:182,desk/src/utils.ts:182,,client-js,,[],{0},,{0},ok,,,traducción propuesta,revisado inicial Helpdesk,sí,sí,,,Coincide con crossapp '{0} weeks ago'.,,,"POT-only: en el universo fresco, sin traducir"
helpdesk:5b1d200d85de78c5,helpdesk,helpdesk,src,src,,Src,{0} y,{0} y,,,,,{0} a,,,,,desk/src/utils.ts:139,desk/src/utils.ts:139,,client-js,,[],{0},,{0},ok,,,traducción propuesta,revisado inicial Helpdesk,sí,sí,,,Coincide con crossapp '{0} y'.,,,"POT-only: en el universo fresco, sin traducir"
helpdesk:b046f6735a3d95ae,helpdesk,helpdesk,src,src,,Src,{0} years ago,{0} years ago,,,,,Hace {0} años,,,,,desk/src/utils.ts:190,desk/src/utils.ts:190,,client-js,,[],{0},,{0},ok,,,traducción propuesta,revisado inicial Helpdesk,sí,sí,,,Coincide con crossapp '{0} years ago'.,,,"POT-only: en el universo fresco, sin traducir"
helpdesk:a06b9f22e4312cb6,helpdesk,helpdesk,src,src,,Src,{0} · Last active {1},{0} · Last active {1},,,,,{0} · Última actividad {1},,,,,desk/src/components/ticket-agent/AssignTo.vue:392,desk/src/components/ticket-agent/AssignTo.vue:392,desk/src/components/ticket-agent/AssignTo.vue:417,client-js,,[],{0};{1},,{0};{1},ok,,,traducción propuesta,revisado inicial Helpdesk,sí,sí,,,{0}{1} y separador · preservados.,,,
