entry_key,app,origin_app,module,all_modules,cross_module,functional_domain,source_text,msgid,msgid_plural,msgctxt,current_translation,current_plural_translations,proposed_translation,proposed_plural_translations,context,field_or_action,user_role,source_reference,all_source_references,po_reference,source_kind,doctype_or_view,extracted_comments,placeholders_source,placeholders_current,placeholders_proposed,placeholder_status,flags,pluralization,status,review_status,human_authored,core_candidate,mexico_specific,client_specific,human_notes,historical_reference,historical_translation,notes
crm:2358881db1812aec,crm,crm,src,src,,Src,(No Title),(No Title),,,(Sin título),,(Sin título),,,,,frontend/src/components/Calendar/CalendarEventPanel.vue:66,frontend/src/components/Calendar/CalendarEventPanel.vue:66,frontend/src/components/Calendar/CalendarEventPanel.vue:66,client-js,,[],,,,,,,po_huérfana_o_obsoleta,revisado inicial CRM,sí,sí,no,,,,,"PO-only: en es.po, ausente del POT fresco -> huérfana/obsoleta; NO usar sin validación"
crm:c617f4aacf1be0a0,crm,crm,src,src,,Src,1 hr,1 hr,,,1 hora,,1 hora,,,,,frontend/src/composables/event.js:207,frontend/src/composables/event.js:207,frontend/src/composables/event.js:207,client-js,,[],,,,,,,po_huérfana_o_obsoleta,revisado inicial CRM,sí,sí,no,,Cross-app aprobado exacto.,1 hr,1 hora,"PO-only: en es.po, ausente del POT fresco -> huérfana/obsoleta; NO usar sin validación"
crm:db5405d7225293f3,crm,crm,templates,templates,,Templates,A new account has been created for you at {0},A new account has been created for you at {0},,,Una nueva cuenta ha sido creada para usted en {0},,Se ha creado una nueva cuenta para usted en {0},,,,,crm/templates/emails/helpdesk_invitation.html:5,crm/templates/emails/helpdesk_invitation.html:5,crm/templates/emails/helpdesk_invitation.html:5,jinja-html,,[],{0},{0},{0},ok,,,po_huérfana_o_obsoleta,revisado inicial CRM,sí,sí,no,,Cross-app aprobado exacto. Placeholder {0} preservado. Corrijo orden upstream.,,,"PO-only: en es.po, ausente del POT fresco -> huérfana/obsoleta; NO usar sin validación"
crm:e1b5f2f4731ee252,crm,crm,src,src,,Src,Add Attendee,Add Attendee,,,,,Agregar asistente,,,,,frontend/src/components/Calendar/Attendee.vue:122,frontend/src/components/Calendar/Attendee.vue:122,frontend/src/components/Calendar/Attendee.vue:122,client-js,,[],,,,,,,po_huérfana_o_obsoleta,revisado inicial CRM,sí,sí,no,,Attendees->Asistentes (crossapp).,,,"PO-only: en es.po, ausente del POT fresco -> huérfana/obsoleta; NO usar sin validación"
crm:0bb546c2ec6a35a3,crm,crm,src,src,,Src,Add Description,Add Description,,,,,Agregar descripción,,,,,frontend/src/components/Calendar/CalendarEventPanel.vue:389,frontend/src/components/Calendar/CalendarEventPanel.vue:389,frontend/src/components/Calendar/CalendarEventPanel.vue:389,client-js,,[],,,,,,,po_huérfana_o_obsoleta,revisado inicial CRM,sí,sí,no,,,,,"PO-only: en es.po, ausente del POT fresco -> huérfana/obsoleta; NO usar sin validación"
crm:8b25be3dd8e8b7c2,crm,crm,src,src,,Src,Add Description.,Add Description.,,,,,Agregar descripción.,,,,,frontend/src/components/Modals/EventModal.vue:179,frontend/src/components/Modals/EventModal.vue:179,frontend/src/components/Modals/EventModal.vue:179,client-js,,[],,,,,,,po_huérfana_o_obsoleta,revisado inicial CRM,sí,sí,no,,Punto final preservado.,,,"PO-only: en es.po, ausente del POT fresco -> huérfana/obsoleta; NO usar sin validación"
crm:2c58826723b8e6f0,crm,crm,src,src,,Src,Add Lead or Deal,Add Lead or Deal,,,Añadir Cliente Potencial o Acuerdo,,Agregar Lead o Deal,,,,,frontend/src/components/Calendar/CalendarEventPanel.vue:430,frontend/src/components/Calendar/CalendarEventPanel.vue:430,frontend/src/components/Calendar/CalendarEventPanel.vue:430,client-js,,[],,,,,,,po_huérfana_o_obsoleta,revisado inicial CRM,sí,no,no,,Revierte 'Cliente Potencial o Acuerdo'->Lead/Deal protegidos.,,,"PO-only: en es.po, ausente del POT fresco -> huérfana/obsoleta; NO usar sin validación"
crm:0630e8c50248aaa2,crm,crm,src,src,,Src,Add Location,Add Location,,,,,Agregar ubicación,,,,,frontend/src/components/Calendar/CalendarEventPanel.vue:377,frontend/src/components/Calendar/CalendarEventPanel.vue:377 || frontend/src/components/Modals/EventModal.vue:166,frontend/src/components/Calendar/CalendarEventPanel.vue:377 || frontend/src/components/Modals/EventModal.vue:166,client-js,,[],,,,,,,po_huérfana_o_obsoleta,revisado inicial CRM,sí,sí,no,,,,,"PO-only: en es.po, ausente del POT fresco -> huérfana/obsoleta; NO usar sin validación"
crm:cee4ba03f9161b0d,crm,crm,src,src,,Src,Add Notification,Add Notification,,,,,Agregar notificación,,,,,frontend/src/components/Calendar/EventNotifications.vue:67,frontend/src/components/Calendar/EventNotifications.vue:67 || frontend/src/components/Calendar/EventNotifications.vue:128 || frontend/src/components/Calendar/EventNotifications.vue:232 || frontend/src/components/Settings/CalendarSettings.vue:143 || frontend/src/components/Settings/CalendarSettings.vue:243,frontend/src/components/Calendar/EventNotifications.vue:67 || frontend/src/components/Calendar/EventNotifications.vue:128 || frontend/src/components/Calendar/EventNotifications.vue:232 || frontend/src/components/Settings/CalendarSettings.vue:143 || frontend/src/components/Settings/CalendarSettings.vue:243,client-js,,[],,,,,,,po_huérfana_o_obsoleta,revisado inicial CRM,sí,sí,no,,,,,"PO-only: en es.po, ausente del POT fresco -> huérfana/obsoleta; NO usar sin validación"
crm:a76db5757f77d7a0,crm,crm,src,src,,Src,All Day,All Day,,,Todo el Día,,Todo el día,,,,,frontend/src/components/Calendar/CalendarEventPanel.vue:294,frontend/src/components/Calendar/CalendarEventPanel.vue:294 || frontend/src/components/Calendar/CalendarEventPanel.vue:940 || frontend/src/components/EventNotificationPopup.vue:93 || frontend/src/components/EventNotificationsArea.vue:188 || frontend/src/components/Modals/EventModal.vue:71 || frontend/src/composables/event.js:166,frontend/src/components/Calendar/CalendarEventPanel.vue:294 || frontend/src/components/Calendar/CalendarEventPanel.vue:940 || frontend/src/components/EventNotificationPopup.vue:93 || frontend/src/components/EventNotificationsArea.vue:188 || frontend/src/components/Modals/EventModal.vue:71 || frontend/src/composables/event.js:166,client-js,,[],,,,,,,po_huérfana_o_obsoleta,revisado inicial CRM,sí,sí,no,,crossapp 'All Day'->'Todo el día'. | convergencia global Gettext v0.3.0,,,"PO-only: en es.po, ausente del POT fresco -> huérfana/obsoleta; NO usar sin validación"
crm:f9574ad217cfa89f,crm,crm,fcrm,fcrm;src,sí,Fcrm,All Day Event Notifications,All Day Event Notifications,,,,,Notificaciones de eventos de todo el día,,Label of the all_day_event_notifications (Table) field in DocType 'FCRM Settings',etiqueta de campo/elemento,,crm/fcrm/doctype/fcrm_settings/fcrm_settings.json,crm/fcrm/doctype/fcrm_settings/fcrm_settings.json || frontend/src/components/Settings/CalendarSettings.vue:158,crm/fcrm/doctype/fcrm_settings/fcrm_settings.json || frontend/src/components/Settings/CalendarSettings.vue:158,doctype-json,Fcrm Settings,[],,,,,,,po_huérfana_o_obsoleta,revisado inicial CRM,sí,sí,no,,All Day->todo el día; Event Notifications->Notificaciones de eventos,,,"PO-only: en es.po, ausente del POT fresco -> huérfana/obsoleta; NO usar sin validación"
crm:330596a485df5f26,crm,crm,src,src,,Src,Apps,Apps,,,Apps,,Aplicaciones,,,,,frontend/src/components/Apps.vue:19,frontend/src/components/Apps.vue:19,frontend/src/components/Apps.vue:19,client-js,,[],,,,,,,po_huérfana_o_obsoleta,consolidación cross-app,sí,,,,,,,"PO-only: en es.po, ausente del POT fresco -> huérfana/obsoleta; NO usar sin validación"
crm:22b1f2bf0c189d82,crm,crm,src,src,,Src,Are you sure you want to delete this event?,Are you sure you want to delete this event?,,,¿Estás seguro de eliminar este evento?,,¿Estás seguro de eliminar este evento?,,,,,frontend/src/components/Modals/EventModal.vue:468,frontend/src/components/Modals/EventModal.vue:468 || frontend/src/pages/Calendar.vue:409,frontend/src/components/Modals/EventModal.vue:468 || frontend/src/pages/Calendar.vue:409,client-js,,[],,,,,,,po_huérfana_o_obsoleta,revisado inicial CRM,sí,sí,no,,,,,"PO-only: en es.po, ausente del POT fresco -> huérfana/obsoleta; NO usar sin validación"
crm:a501b08427560e27,crm,crm,src,src,,Src,Are you sure you want to discard unsaved changes to this event?,Are you sure you want to discard unsaved changes to this event?,,,¿Está seguro de que desea descartar los cambios no guardados en este evento?,,¿Está seguro de que desea descartar los cambios no guardados en este evento?,,,,,frontend/src/components/Calendar/CalendarEventPanel.vue:912,frontend/src/components/Calendar/CalendarEventPanel.vue:912,frontend/src/components/Calendar/CalendarEventPanel.vue:912,client-js,,[],,,,,,,po_huérfana_o_obsoleta,revisado inicial CRM,sí,sí,no,,,,,"PO-only: en es.po, ausente del POT fresco -> huérfana/obsoleta; NO usar sin validación"
crm:04443eb0f2e9152c,crm,crm,src,src,,Src,Assign Condition is required,Assign Condition is required,,,,,La condición de asignación es obligatoria,,,,,frontend/src/components/Settings/AssignmentRules/AssignmentRuleView.vue:435,frontend/src/components/Settings/AssignmentRules/AssignmentRuleView.vue:435,frontend/src/components/Settings/AssignmentRules/AssignmentRuleView.vue:435,client-js,,[],,,,,,,po_huérfana_o_obsoleta,revisado inicial CRM,sí,sí,no,,,,,"PO-only: en es.po, ausente del POT fresco -> huérfana/obsoleta; NO usar sin validación"
crm:c7dfbb3ac619f703,crm,crm,src,src,,Src,Assign Conditions are invalid,Assign Conditions are invalid,,,,,Las condiciones de asignación no son válidas,,,,,frontend/src/components/Settings/AssignmentRules/AssignmentRuleView.vue:438,frontend/src/components/Settings/AssignmentRules/AssignmentRuleView.vue:438,frontend/src/components/Settings/AssignmentRules/AssignmentRuleView.vue:438,client-js,,[],,,,,,,po_huérfana_o_obsoleta,revisado inicial CRM,sí,sí,no,,,,,"PO-only: en es.po, ausente del POT fresco -> huérfana/obsoleta; NO usar sin validación"
crm:701a3877601593f9,crm,crm,src,src,,Src,Assignment Rule Created,Assignment Rule Created,,,,,Regla de asignación creada,,,,,frontend/src/components/Settings/AssignmentRules/AssignmentRuleView.vue:698,frontend/src/components/Settings/AssignmentRules/AssignmentRuleView.vue:698,frontend/src/components/Settings/AssignmentRules/AssignmentRuleView.vue:698,client-js,,[],,,,,,,po_huérfana_o_obsoleta,revisado inicial CRM,sí,sí,no,,,,,"PO-only: en es.po, ausente del POT fresco -> huérfana/obsoleta; NO usar sin validación"
crm:e303af9406af4313,crm,crm,src,src,,Src,Assignment Rule Deleted,Assignment Rule Deleted,,,,,Regla de asignación eliminada,,,,,frontend/src/components/Settings/AssignmentRules/AssignmentRuleListItem.vue:123,frontend/src/components/Settings/AssignmentRules/AssignmentRuleListItem.vue:123,frontend/src/components/Settings/AssignmentRules/AssignmentRuleListItem.vue:123,client-js,,[],,,,,,,po_huérfana_o_obsoleta,revisado inicial CRM,sí,sí,no,,,,,"PO-only: en es.po, ausente del POT fresco -> huérfana/obsoleta; NO usar sin validación"
crm:8efd771b25aa79f2,crm,crm,src,src,,Src,Assignment Rule Duplicated,Assignment Rule Duplicated,,,,,Regla de asignación duplicada,,,,,frontend/src/components/Settings/AssignmentRules/AssignmentRuleListItem.vue:155,frontend/src/components/Settings/AssignmentRules/AssignmentRuleListItem.vue:155,frontend/src/components/Settings/AssignmentRules/AssignmentRuleListItem.vue:155,client-js,,[],,,,,,,po_huérfana_o_obsoleta,revisado inicial CRM,sí,sí,no,,,,,"PO-only: en es.po, ausente del POT fresco -> huérfana/obsoleta; NO usar sin validación"
crm:e7955840431e5134,crm,crm,src,src,,Src,Assignment Rule Updated,Assignment Rule Updated,,,,,Regla de asignación actualizada,,,,,frontend/src/components/Settings/AssignmentRules/AssignmentRuleView.vue:780,frontend/src/components/Settings/AssignmentRules/AssignmentRuleView.vue:780,frontend/src/components/Settings/AssignmentRules/AssignmentRuleView.vue:780,client-js,,[],,,,,,,po_huérfana_o_obsoleta,revisado inicial CRM,sí,sí,no,,,,,"PO-only: en es.po, ausente del POT fresco -> huérfana/obsoleta; NO usar sin validación"
crm:f5abc5599234a990,crm,crm,src,src,,Src,Assignment Rule {0} Updated,Assignment Rule {0} Updated,,,,,Regla de asignación {0} actualizada,,,,,frontend/src/components/Settings/AssignmentRules/AssignmentRuleListItem.vue:187,frontend/src/components/Settings/AssignmentRules/AssignmentRuleListItem.vue:187,frontend/src/components/Settings/AssignmentRules/AssignmentRuleListItem.vue:187,client-js,,[],{0},,{0},ok,,,po_huérfana_o_obsoleta,revisado inicial CRM,sí,sí,no,,{0} preservado.,,,"PO-only: en es.po, ausente del POT fresco -> huérfana/obsoleta; NO usar sin validación"
crm:023e55e1b9dfe7dc,crm,crm,src,src,,Src,"At least one valid Workday with Workday, Start Time, and End Time is required","At least one valid Workday with Workday, Start Time, and End Time is required",,,,,"Se requiere al menos una jornada laboral válida con jornada, hora de inicio y hora de finalización",,,,,frontend/src/components/Settings/Sla/utils.js:204,frontend/src/components/Settings/Sla/utils.js:204,frontend/src/components/Settings/Sla/utils.js:204,client-js,,[],,,,,,,po_huérfana_o_obsoleta,revisado inicial CRM,sí,sí,no,,Workday->Jornada laboral (crossapp).,,,"PO-only: en es.po, ausente del POT fresco -> huérfana/obsoleta; NO usar sin validación"
crm:07cdb5f00d6148c2,crm,crm,src,src,,Src,Attendees,Attendees,,,Asistentes,,Asistentes,,,,,frontend/src/components/Modals/EventModal.vue:120,frontend/src/components/Modals/EventModal.vue:120,frontend/src/components/Modals/EventModal.vue:120,client-js,,[],,,,,,,po_huérfana_o_obsoleta,revisado inicial CRM,sí,sí,no,,Cross-app aprobado.,,,"PO-only: en es.po, ausente del POT fresco -> huérfana/obsoleta; NO usar sin validación"
crm:5cd2e577d6567d49,crm,crm,src,src,,Src,Attending status updated,Attending status updated,,,,,Estado de asistencia actualizado,,,,,frontend/src/components/Calendar/CalendarEventPanel.vue:869,frontend/src/components/Calendar/CalendarEventPanel.vue:869,frontend/src/components/Calendar/CalendarEventPanel.vue:869,client-js,,[],,,,,,,po_huérfana_o_obsoleta,revisado inicial CRM,sí,sí,no,,,,,"PO-only: en es.po, ausente del POT fresco -> huérfana/obsoleta; NO usar sin validación"
crm:1d6b45f47994f369,crm,crm,fcrm,fcrm,,Fcrm,Autocomplete,Autocomplete,,,Autocompletar,,Autocompletar,,Label of the autocomplete (Autocomplete) field in DocType 'CRM Products',etiqueta de campo/elemento,,crm/fcrm/doctype/crm_products/crm_products.json,crm/fcrm/doctype/crm_products/crm_products.json,crm/fcrm/doctype/crm_products/crm_products.json,doctype-json,Crm Products,[],,,,,,,po_huérfana_o_obsoleta,revisado inicial CRM,sí,sí,no,,Cross-app: Autocomplete=Autocompletar.,,,"PO-only: en es.po, ausente del POT fresco -> huérfana/obsoleta; NO usar sin validación"
crm:f7b9310dea15078f,crm,crm,src,src,,Src,Bidirectional sync of existing CRM Products and ERPNext Items. Runs in the background.,Bidirectional sync of existing CRM Products and ERPNext Items. Runs in the background.,,,,,Sincronización bidireccional de productos existentes de CRM e ítems de ERPNext. Se ejecuta en segundo plano.,,,,,frontend/src/components/Settings/ERPNextSettings.vue:195,frontend/src/components/Settings/ERPNextSettings.vue:195,frontend/src/components/Settings/ERPNextSettings.vue:195,client-js,,[],,,,,,,po_huérfana_o_obsoleta,revisado inicial CRM,sí,sí,no,,,,,"PO-only: en es.po, ausente del POT fresco -> huérfana/obsoleta; NO usar sin validación"
crm:ab26d85ec1f30e18,crm,crm,fcrm,fcrm;src,sí,Fcrm,Calendar,Calendar,,,Calendario,,Calendario,,Label of the calendar_tab (Tab Break) field in DocType 'FCRM Settings',etiqueta de campo/elemento,,crm/fcrm/doctype/fcrm_settings/fcrm_settings.json,crm/fcrm/doctype/fcrm_settings/fcrm_settings.json || frontend/src/components/Settings/Settings.vue:142,crm/fcrm/doctype/fcrm_settings/fcrm_settings.json || frontend/src/components/Settings/Settings.vue:142,doctype-json,Fcrm Settings,[],,,,,,,po_huérfana_o_obsoleta,revisado inicial CRM,sí,sí,no,,crossapp Calendar->Calendario,,,"PO-only: en es.po, ausente del POT fresco -> huérfana/obsoleta; NO usar sin validación"
crm:7ce356b050ea8649,crm,crm,src,src,,Src,Calendar Settings,Calendar Settings,,,,,Configuración del calendario,,,,,frontend/src/components/Settings/CalendarSettings.vue:8,frontend/src/components/Settings/CalendarSettings.vue:8,frontend/src/components/Settings/CalendarSettings.vue:8,client-js,,[],,,,,,,po_huérfana_o_obsoleta,revisado inicial CRM,sí,sí,no,,,,,"PO-only: en es.po, ausente del POT fresco -> huérfana/obsoleta; NO usar sin validación"
crm:2a26e1679eeddba9,crm,crm,src,src,,Src,Call with John Doe,Call with John Doe,,,Llamada con John Doe,,Llamada con John Doe,,,,,frontend/src/components/Modals/EventModal.vue:63,frontend/src/components/Modals/EventModal.vue:63,frontend/src/components/Modals/EventModal.vue:63,client-js,,[],,,,,,,po_huérfana_o_obsoleta,revisado inicial CRM,sí,sí,no,,Nombre propio de ejemplo conservado.,,,"PO-only: en es.po, ausente del POT fresco -> huérfana/obsoleta; NO usar sin validación"
crm:cd68b8cf7f9e9e53,crm,crm,src,src,,Src,Choose the Email Service Provider you want to configure.,Choose the Email Service Provider you want to configure.,,,,,Elija el proveedor de servicios de correo que desea configurar.,,,,,frontend/src/components/Settings/EmailAdd.vue:9,frontend/src/components/Settings/EmailAdd.vue:9,frontend/src/components/Settings/EmailAdd.vue:9,client-js,,[],,,,,,,po_huérfana_o_obsoleta,revisado inicial CRM,sí,sí,no,,,,,"PO-only: en es.po, ausente del POT fresco -> huérfana/obsoleta; NO usar sin validación"
crm:5147952212158190,crm,crm,templates,templates,,Templates,Click on the link below to complete your registration and set a new password,Click on the link below to complete your registration and set a new password,,,Haga clic en el enlace de abajo para completar su registro y establecer una nueva contraseña,,Haga clic en el enlace de abajo para completar su registro y establecer una nueva contraseña,,,,,crm/templates/emails/helpdesk_invitation.html:7,crm/templates/emails/helpdesk_invitation.html:7,crm/templates/emails/helpdesk_invitation.html:7,jinja-html,,[],,,,,,,po_huérfana_o_obsoleta,revisado inicial CRM,sí,sí,no,,Cross-app aprobado exacto.,,,"PO-only: en es.po, ausente del POT fresco -> huérfana/obsoleta; NO usar sin validación"
crm:b0429d2863371660,crm,crm,src,src,,CRM,Close,Close,,,Cerrar,,Cerrar,,AMBIGUA: 'Close' = cerrar (diálogo) vs cerrar/ganar oportunidad. Verificar uso.,botón/acción,comercial,frontend/src/components/Controls/GeolocationControl.vue:60,frontend/src/components/Controls/GeolocationControl.vue:60 || frontend/src/components/Notifications.vue:27 || frontend/src/components/Settings/AssignmentRules/AssignmentRuleListItem.vue:62 || frontend/src/components/Settings/Sla/SlaPolicyList.vue:128,frontend/src/components/Controls/GeolocationControl.vue:60 || frontend/src/components/Settings/AssignmentRules/AssignmentRuleListItem.vue:62 || frontend/src/components/Settings/Sla/SlaPolicyList.vue:128,client-js,,[],,,,,,,ambigua,revisado (muestra etapa 2),sí,,,,AMBIGUA: 'Close' = cerrar (diálogo) vs cerrar/ganar oportunidad. Verificar uso.,,,
crm:45632c46f1e625c8,crm,crm,src,src,,Src,Close Panel,Close Panel,,,,,Cerrar panel,,,,,frontend/src/components/Calendar/CalendarEventPanel.vue:39,frontend/src/components/Calendar/CalendarEventPanel.vue:39,frontend/src/components/Calendar/CalendarEventPanel.vue:39,client-js,,[],,,,,,,po_huérfana_o_obsoleta,revisado inicial CRM,sí,sí,no,,,,,"PO-only: en es.po, ausente del POT fresco -> huérfana/obsoleta; NO usar sin validación"
crm:5698583fdc3af013,crm,crm,templates,templates,,Templates,Complete Registration,Complete Registration,,,Registro completo,,Completar registro,,,,,crm/templates/emails/helpdesk_invitation.html:10,crm/templates/emails/helpdesk_invitation.html:10,crm/templates/emails/helpdesk_invitation.html:10,jinja-html,,[],,,,,,,po_huérfana_o_obsoleta,revisado inicial CRM,sí,sí,no,,Cross-app: Complete Registration=Completar registro. Corrijo 'Registro completo' (falso amigo).,,,"PO-only: en es.po, ausente del POT fresco -> huérfana/obsoleta; NO usar sin validación"
crm:eb1df86a97ce0e61,crm,crm,src,src,,Src,Configure Telephony Settings for your CRM,Configure Telephony Settings for your CRM,,,,,Configure los ajustes de telefonía de su CRM,,,,,frontend/src/components/Settings/Telephony/TelephonySettings.vue:18,frontend/src/components/Settings/Telephony/TelephonySettings.vue:18,frontend/src/components/Settings/Telephony/TelephonySettings.vue:18,client-js,,[],,,,,,,po_huérfana_o_obsoleta,revisado inicial CRM,sí,sí,no,,CRM se preserva.,,,"PO-only: en es.po, ausente del POT fresco -> huérfana/obsoleta; NO usar sin validación"
crm:909e5a88f8ab222b,crm,crm,src,src,,Src,Configure the Exchange Rate Provider for your CRM,Configure the Exchange Rate Provider for your CRM,,,,,Configure el proveedor de tipos de cambio para su CRM,,,,,frontend/src/components/Settings/DashboardSettings.vue:102,frontend/src/components/Settings/DashboardSettings.vue:102,frontend/src/components/Settings/DashboardSettings.vue:102,client-js,,[],,,,,,,po_huérfana_o_obsoleta,revisado inicial CRM,sí,sí,no,,,,,"PO-only: en es.po, ausente del POT fresco -> huérfana/obsoleta; NO usar sin validación"
crm:939765165e08a6c4,crm,crm,src,src,,Src,"Configure your Brand Name, Logo, and Favicon","Configure your Brand Name, Logo, and Favicon",,,,,"Configure el nombre de su marca, el logotipo y el favicon",,,,,frontend/src/components/Settings/BrandSettings.vue:10,frontend/src/components/Settings/BrandSettings.vue:10,frontend/src/components/Settings/BrandSettings.vue:10,client-js,,[],,,,,,,po_huérfana_o_obsoleta,revisado inicial CRM,sí,sí,no,,,,,"PO-only: en es.po, ausente del POT fresco -> huérfana/obsoleta; NO usar sin validación"
crm:9e8993c13d570ee7,crm,crm,src,src,,Src,Configure your Calendar Settings like Default View and Event Notifications here,Configure your Calendar Settings like Default View and Event Notifications here,,,,,"Configure aquí los ajustes del calendario, como la vista predeterminada y las notificaciones de eventos",,,,,frontend/src/components/Settings/CalendarSettings.vue:12,frontend/src/components/Settings/CalendarSettings.vue:12,frontend/src/components/Settings/CalendarSettings.vue:12,client-js,,[],,,,,,,po_huérfana_o_obsoleta,revisado inicial CRM,sí,sí,no,,,,,"PO-only: en es.po, ausente del POT fresco -> huérfana/obsoleta; NO usar sin validación"
crm:3fe57c0d2e7ce17d,crm,crm,src,src,,Src,Configure your Exotel Telephony Integration Settings here,Configure your Exotel Telephony Integration Settings here,,,,,Configure aquí los ajustes de integración de telefonía de Exotel,,,,,frontend/src/components/Settings/Telephony/TelephonySettings.vue:184,frontend/src/components/Settings/Telephony/TelephonySettings.vue:184,frontend/src/components/Settings/Telephony/TelephonySettings.vue:184,client-js,,[],,,,,,,po_huérfana_o_obsoleta,revisado inicial CRM,sí,sí,no,,Exotel se preserva.,,,"PO-only: en es.po, ausente del POT fresco -> huérfana/obsoleta; NO usar sin validación"
crm:861e96201b60f63f,crm,crm,src,src,,Src,Configure your Twilio Telephony Integration Settings here,Configure your Twilio Telephony Integration Settings here,,,,,Configure aquí los ajustes de integración de telefonía de Twilio,,,,,frontend/src/components/Settings/Telephony/TelephonySettings.vue:157,frontend/src/components/Settings/Telephony/TelephonySettings.vue:157,frontend/src/components/Settings/Telephony/TelephonySettings.vue:157,client-js,,[],,,,,,,po_huérfana_o_obsoleta,revisado inicial CRM,sí,sí,no,,Twilio se preserva.,,,"PO-only: en es.po, ausente del POT fresco -> huérfana/obsoleta; NO usar sin validación"
crm:83b4b82ef4142c34,crm,crm,src,src,,Src,Contact Updated,Contact Updated,,,,,Contacto actualizado,,,,,frontend/src/pages/Contact.vue:448,frontend/src/pages/Contact.vue:448 || frontend/src/pages/Contact.vue:461 || frontend/src/pages/Contact.vue:474 || frontend/src/pages/Contact.vue:484 || frontend/src/pages/MobileContact.vue:446 || frontend/src/pages/MobileContact.vue:459 || frontend/src/pages/MobileContact.vue:472 || frontend/src/pages/MobileContact.vue:482,frontend/src/pages/Contact.vue:448 || frontend/src/pages/Contact.vue:461 || frontend/src/pages/Contact.vue:474 || frontend/src/pages/Contact.vue:484 || frontend/src/pages/MobileContact.vue:446 || frontend/src/pages/MobileContact.vue:459 || frontend/src/pages/MobileContact.vue:472 || frontend/src/pages/MobileContact.vue:482,client-js,,[],,,,,,,po_huérfana_o_obsoleta,revisado inicial CRM,sí,sí,no,,,,,"PO-only: en es.po, ausente del POT fresco -> huérfana/obsoleta; NO usar sin validación"
crm:c3cc0e9deeb9182e,crm,crm,fcrm,fcrm,,Fcrm,Contact already exists with Email: {0},Contact already exists with Email: {0},,,,,Ya existe un contacto con el correo: {0},,,,,crm/fcrm/doctype/crm_lead/crm_lead.py:289,crm/fcrm/doctype/crm_lead/crm_lead.py:289,crm/fcrm/doctype/crm_lead/crm_lead.py:289,doctype-controller,Crm Lead,[],{0},,{0},ok,,,po_huérfana_o_obsoleta,revisado inicial CRM,sí,sí,no,,Placeholder {0} preservado; Email->correo.,,,"PO-only: en es.po, ausente del POT fresco -> huérfana/obsoleta; NO usar sin validación"
crm:efcddf05290ce19d,crm,crm,src,src,,Src,Create Event,Create Event,,,,,Crear evento,,,,,frontend/src/components/Calendar/CalendarEventPanel.vue:514,frontend/src/components/Calendar/CalendarEventPanel.vue:514 || frontend/src/pages/Calendar.vue:7,frontend/src/components/Calendar/CalendarEventPanel.vue:514 || frontend/src/pages/Calendar.vue:7,client-js,,[],,,,,,,po_huérfana_o_obsoleta,revisado inicial CRM,sí,sí,no,,,,,"PO-only: en es.po, ausente del POT fresco -> huérfana/obsoleta; NO usar sin validación"
crm:b48b65450b1c3138,crm,crm,src,src,,Src,Create an Event,Create an Event,,,,,Crear un evento,,,,,frontend/src/components/Modals/EventModal.vue:12,frontend/src/components/Modals/EventModal.vue:12,frontend/src/components/Modals/EventModal.vue:12,client-js,,[],,,,,,,po_huérfana_o_obsoleta,revisado inicial CRM,sí,sí,no,,,,,"PO-only: en es.po, ausente del POT fresco -> huérfana/obsoleta; NO usar sin validación"
crm:24e2edc2cf59687c,crm,crm,src,src,,Src,Date & Time,Date & Time,,,,,Fecha y hora,,,,,frontend/src/components/Modals/EventModal.vue:78,frontend/src/components/Modals/EventModal.vue:78,frontend/src/components/Modals/EventModal.vue:78,client-js,,[],,,,,,,po_huérfana_o_obsoleta,revisado inicial CRM,sí,sí,no,,,,,"PO-only: en es.po, ausente del POT fresco -> huérfana/obsoleta; NO usar sin validación"
crm:7f03bfdc5338d305,crm,crm,fcrm,fcrm,,Fcrm,Default Calendar View,Default Calendar View,,,,,Vista de calendario predeterminada,,Label of the default_calendar_view (Select) field in DocType 'FCRM Settings',etiqueta de campo/elemento,,crm/fcrm/doctype/fcrm_settings/fcrm_settings.json,crm/fcrm/doctype/fcrm_settings/fcrm_settings.json,crm/fcrm/doctype/fcrm_settings/fcrm_settings.json,doctype-json,Fcrm Settings,[],,,,,,,po_huérfana_o_obsoleta,revisado inicial CRM,sí,sí,no,,,,,"PO-only: en es.po, ausente del POT fresco -> huérfana/obsoleta; NO usar sin validación"
crm:f98489915c325629,crm,crm,src,src,,Src,Default Calling Medium for Logged In User,Default Calling Medium for Logged In User,,,,,Medio de llamada predeterminado para el usuario que inició sesión,,,,,frontend/src/components/Settings/Telephony/TelephonySettings.vue:41,frontend/src/components/Settings/Telephony/TelephonySettings.vue:41,frontend/src/components/Settings/Telephony/TelephonySettings.vue:41,client-js,,[],,,,,,,po_huérfana_o_obsoleta,revisado inicial CRM,sí,sí,no,,Telephony settings; 'Logged In User' = usuario que inició sesión,,,"PO-only: en es.po, ausente del POT fresco -> huérfana/obsoleta; NO usar sin validación"
crm:9af15db3a51c7774,crm,crm,fcrm,fcrm,,Fcrm,Default Event Notifications,Default Event Notifications,,,,,Notificaciones de eventos predeterminadas,,Label of the default_reminder_section (Section Break) field in DocType 'FCRM Settings',etiqueta de campo/elemento,,crm/fcrm/doctype/fcrm_settings/fcrm_settings.json,crm/fcrm/doctype/fcrm_settings/fcrm_settings.json,crm/fcrm/doctype/fcrm_settings/fcrm_settings.json,doctype-json,Fcrm Settings,[],,,,,,,po_huérfana_o_obsoleta,revisado inicial CRM,sí,sí,no,,,,,"PO-only: en es.po, ausente del POT fresco -> huérfana/obsoleta; NO usar sin validación"
crm:caecd4ae63097e25,crm,crm,src,src,,Src,Default View,Default View,,,Vista predeterminada,,Vista predeterminada,,,,,frontend/src/components/Settings/CalendarSettings.vue:34,frontend/src/components/Settings/CalendarSettings.vue:34,frontend/src/components/Settings/CalendarSettings.vue:34,client-js,,[],,,,,,,po_huérfana_o_obsoleta,revisado inicial CRM,sí,sí,no,,Cross-app 'Default View'.,crm:crossapp,Vista predeterminada,"PO-only: en es.po, ausente del POT fresco -> huérfana/obsoleta; NO usar sin validación"
crm:da2513efbb0aed72,crm,crm,src,src,,Src,Delete Event,Delete Event,,,,,Eliminar evento,,,,,frontend/src/components/Calendar/CalendarEventPanel.vue:26,frontend/src/components/Calendar/CalendarEventPanel.vue:26,frontend/src/components/Calendar/CalendarEventPanel.vue:26,client-js,,[],,,,,,,po_huérfana_o_obsoleta,revisado inicial CRM,sí,sí,no,,,,,"PO-only: en es.po, ausente del POT fresco -> huérfana/obsoleta; NO usar sin validación"
crm:6fd24c4ffbbf736c,crm,crm,src,src,,Src,Discard Unsaved Changes?,Discard Unsaved Changes?,,,,,¿Descartar los cambios no guardados?,,,,,frontend/src/components/Calendar/CalendarEventPanel.vue:911,frontend/src/components/Calendar/CalendarEventPanel.vue:911,frontend/src/components/Calendar/CalendarEventPanel.vue:911,client-js,,[],,,,,,,po_huérfana_o_obsoleta,revisado inicial CRM,sí,sí,no,,,,,"PO-only: en es.po, ausente del POT fresco -> huérfana/obsoleta; NO usar sin validación"
crm:06a005667356ec1b,crm,crm,src,src,,Src,Dismiss,Dismiss,,,Descartar,,Descartar,,,,,frontend/src/components/SalesHierarchyBanner.vue:13,frontend/src/components/SalesHierarchyBanner.vue:13,frontend/src/components/SalesHierarchyBanner.vue:13,client-js,,[],,,,,,,po_huérfana_o_obsoleta,revisado inicial CRM,sí,sí,no,,Cross-app aprobado exacto.,Dismiss,Descartar,"PO-only: en es.po, ausente del POT fresco -> huérfana/obsoleta; NO usar sin validación"
crm:926063f755c89970,crm,crm,src,src,,Src,Duplicate Event,Duplicate Event,,,,,Duplicar evento,,,,,frontend/src/components/Calendar/CalendarEventPanel.vue:34,frontend/src/components/Calendar/CalendarEventPanel.vue:34 || frontend/src/components/Calendar/CalendarEventPanel.vue:513 || frontend/src/components/Calendar/CalendarEventPanel.vue:675,frontend/src/components/Calendar/CalendarEventPanel.vue:34 || frontend/src/components/Calendar/CalendarEventPanel.vue:513 || frontend/src/components/Calendar/CalendarEventPanel.vue:675,client-js,,[],,,,,,,po_huérfana_o_obsoleta,revisado inicial CRM,sí,sí,no,,,,,"PO-only: en es.po, ausente del POT fresco -> huérfana/obsoleta; NO usar sin validación"
crm:9d551ccb9a56bd9e,crm,crm,src,src,,Src,Duplicate an Event,Duplicate an Event,,,,,Duplicar un evento,,,,,frontend/src/components/Modals/EventModal.vue:11,frontend/src/components/Modals/EventModal.vue:11,frontend/src/components/Modals/EventModal.vue:11,client-js,,[],,,,,,,po_huérfana_o_obsoleta,revisado inicial CRM,sí,sí,no,,,,,"PO-only: en es.po, ausente del POT fresco -> huérfana/obsoleta; NO usar sin validación"
crm:708699a2b02f17bb,crm,crm,src,src,,Src,Edit Event,Edit Event,,,,,Editar evento,,,,,frontend/src/components/Calendar/CalendarEventPanel.vue:19,frontend/src/components/Calendar/CalendarEventPanel.vue:19,frontend/src/components/Calendar/CalendarEventPanel.vue:19,client-js,,[],,,,,,,po_huérfana_o_obsoleta,revisado inicial CRM,sí,sí,no,,,,,"PO-only: en es.po, ausente del POT fresco -> huérfana/obsoleta; NO usar sin validación"
crm:fd6e2a9a6b4273a8,crm,crm,src,src,,Src,Edit an Event,Edit an Event,,,,,Editar un evento,,,,,frontend/src/components/Modals/EventModal.vue:9,frontend/src/components/Modals/EventModal.vue:9,frontend/src/components/Modals/EventModal.vue:9,client-js,,[],,,,,,,po_huérfana_o_obsoleta,revisado inicial CRM,sí,sí,no,,,,,"PO-only: en es.po, ausente del POT fresco -> huérfana/obsoleta; NO usar sin validación"
crm:74a5105536768d7b,crm,crm,src,src,,Src,Editing Event,Editing Event,,,,,Editando evento,,,,,frontend/src/components/Calendar/CalendarEventPanel.vue:673,frontend/src/components/Calendar/CalendarEventPanel.vue:673,frontend/src/components/Calendar/CalendarEventPanel.vue:673,client-js,,[],,,,,,,po_huérfana_o_obsoleta,revisado inicial CRM,sí,sí,no,,,,,"PO-only: en es.po, ausente del POT fresco -> huérfana/obsoleta; NO usar sin validación"
crm:b8a059948d701f17,crm,crm,src,src,,Src,Email Account created successfully,Email Account created successfully,,,,,Cuenta de correo creada correctamente,,,,,frontend/src/components/Settings/EmailAdd.vue:145,frontend/src/components/Settings/EmailAdd.vue:145,frontend/src/components/Settings/EmailAdd.vue:145,client-js,,[],,,,,,,po_huérfana_o_obsoleta,revisado inicial CRM,sí,sí,no,,,,,"PO-only: en es.po, ausente del POT fresco -> huérfana/obsoleta; NO usar sin validación"
crm:8ba4be3513a29536,crm,crm,src,src,,Src,Email Account updated successfully,Email Account updated successfully,,,,,Cuenta de correo actualizada correctamente,,,,,frontend/src/components/Settings/EmailEdit.vue:211,frontend/src/components/Settings/EmailEdit.vue:211,frontend/src/components/Settings/EmailEdit.vue:211,client-js,,[],,,,,,,po_huérfana_o_obsoleta,revisado inicial CRM,sí,sí,no,,,,,"PO-only: en es.po, ausente del POT fresco -> huérfana/obsoleta; NO usar sin validación"
crm:214838fc4a784f15,crm,crm,src,src,,Src,Email Already Exists,Email Already Exists,,,,,El correo ya existe,,,,,frontend/src/components/Calendar/Attendee.vue:278,frontend/src/components/Calendar/Attendee.vue:278,frontend/src/components/Calendar/Attendee.vue:278,client-js,,[],,,,,,,po_huérfana_o_obsoleta,revisado inicial CRM,sí,sí,no,,,,,"PO-only: en es.po, ausente del POT fresco -> huérfana/obsoleta; NO usar sin validación"
crm:140dc720f1818b8b,crm,crm,src,src,,Src,Email already exists,Email already exists,,,,,El correo ya existe,,,,,frontend/src/components/Controls/EmailMultiSelect.vue:256,frontend/src/components/Controls/EmailMultiSelect.vue:256,frontend/src/components/Controls/EmailMultiSelect.vue:256,client-js,,[],,,,,,,po_huérfana_o_obsoleta,revisado inicial CRM,sí,sí,no,,,,,"PO-only: en es.po, ausente del POT fresco -> huérfana/obsoleta; NO usar sin validación"
crm:f23aadafe872b603,crm,crm,src,src,,Src,Enable the integration to create quotations and auto create customers in ERPNext.,Enable the integration to create quotations and auto create customers in ERPNext.,,,,,Habilite la integración para crear cotizaciones y crear clientes automáticamente en ERPNext.,,,,,frontend/src/components/Settings/ERPNextSettings.vue:278,frontend/src/components/Settings/ERPNextSettings.vue:278,frontend/src/components/Settings/ERPNextSettings.vue:278,client-js,,[],,,,,,,po_huérfana_o_obsoleta,revisado inicial CRM,sí,sí,no,,,,,"PO-only: en es.po, ausente del POT fresco -> huérfana/obsoleta; NO usar sin validación"
crm:2cf7867886580739,crm,crm,src,src,,Src,End Date cannot be before start date,End Date cannot be before start date,,,,,La fecha de fin no puede ser anterior a la fecha de inicio,,,,,frontend/src/components/Settings/Sla/utils.js:172,frontend/src/components/Settings/Sla/utils.js:172,frontend/src/components/Settings/Sla/utils.js:172,client-js,,[],,,,,,,po_huérfana_o_obsoleta,revisado inicial CRM,sí,sí,no,,Sin traducción upstream.,,,"PO-only: en es.po, ausente del POT fresco -> huérfana/obsoleta; NO usar sin validación"
crm:dd7b371e222d9c9e,crm,crm,src,src,,Src,End Time Should Be After Start Time,End Time Should Be After Start Time,,,,,La hora de finalización debe ser posterior a la hora de inicio,,,,,frontend/src/composables/event.js:250,frontend/src/composables/event.js:250,frontend/src/composables/event.js:250,client-js,,[],,,,,,,po_huérfana_o_obsoleta,revisado inicial CRM,sí,sí,no,,,,,"PO-only: en es.po, ausente del POT fresco -> huérfana/obsoleta; NO usar sin validación"
crm:0a5bc4bf98ba6a37,crm,crm,src,src,,Src,End Time is required,End Time is required,,,,,La hora de finalización es obligatoria,,,,,frontend/src/components/Settings/Sla/WorkDayModal.vue:189,frontend/src/components/Settings/Sla/WorkDayModal.vue:189,frontend/src/components/Settings/Sla/WorkDayModal.vue:189,client-js,,[],,,,,,,po_huérfana_o_obsoleta,revisado inicial CRM,sí,sí,no,,End Time->Hora de finalización (crossapp).,,,"PO-only: en es.po, ausente del POT fresco -> huérfana/obsoleta; NO usar sin validación"
crm:543b8bcf24e7ab07,crm,crm,src,src,,Src,End Time must be after Start Time,End Time must be after Start Time,,,,,La hora de finalización debe ser posterior a la hora de inicio,,,,,frontend/src/components/Settings/Sla/WorkDayModal.vue:204,frontend/src/components/Settings/Sla/WorkDayModal.vue:204,frontend/src/components/Settings/Sla/WorkDayModal.vue:204,client-js,,[],,,,,,,po_huérfana_o_obsoleta,revisado inicial CRM,sí,sí,no,,Sin traducción upstream.,,,"PO-only: en es.po, ausente del POT fresco -> huérfana/obsoleta; NO usar sin validación"
crm:a4aca94a339d12c4,crm,crm,src,src,,Src,End Time must be after Start Time for: {0},End Time must be after Start Time for: {0},,,,,La hora de finalización debe ser posterior a la hora de inicio para: {0},,,,,frontend/src/components/Settings/Sla/utils.js:262,frontend/src/components/Settings/Sla/utils.js:262,frontend/src/components/Settings/Sla/utils.js:262,client-js,,[],{0},,{0},ok,,,po_huérfana_o_obsoleta,revisado inicial CRM,sí,sí,no,,Placeholder {0} preservado.,,,"PO-only: en es.po, ausente del POT fresco -> huérfana/obsoleta; NO usar sin validación"
crm:d8d5dc3837ad8a5a,crm,crm,src,src,,Src,Enter Personal Mobile No.,Enter Personal Mobile No.,,,,,Ingrese el número de móvil personal,,,,,frontend/src/components/Settings/Telephony/TelephonySettings.vue:134,frontend/src/components/Settings/Telephony/TelephonySettings.vue:134,frontend/src/components/Settings/Telephony/TelephonySettings.vue:134,client-js,,[],,,,,,,po_huérfana_o_obsoleta,revisado inicial CRM,sí,sí,no,,No. abreviatura omitida en español,,,"PO-only: en es.po, ausente del POT fresco -> huérfana/obsoleta; NO usar sin validación"
crm:b757a07923939278,crm,crm,src,src,,Src,Error Syncing Lead,Error Syncing Lead,,,,,Error al sincronizar el Lead,,,,,frontend/src/components/Settings/LeadSyncing/FailureLogs.vue:139,frontend/src/components/Settings/LeadSyncing/FailureLogs.vue:139,frontend/src/components/Settings/LeadSyncing/FailureLogs.vue:139,client-js,,[],,,,,,,po_huérfana_o_obsoleta,revisado inicial CRM,sí,no,sí,,Lead protegido en inglés.,Lead,Lead,"PO-only: en es.po, ausente del POT fresco -> huérfana/obsoleta; NO usar sin validación"
crm:776a453d5d35dcc3,crm,crm,src,src,,Src,Error creating Lead Sync Source,Error creating Lead Sync Source,,,,,Error al crear el Lead Sync Source,,,,,frontend/src/components/Settings/LeadSyncing/LeadSyncSourceForm.vue:290,frontend/src/components/Settings/LeadSyncing/LeadSyncSourceForm.vue:290,frontend/src/components/Settings/LeadSyncing/LeadSyncSourceForm.vue:290,client-js,,[],,,,,,,po_huérfana_o_obsoleta,revisado inicial CRM,sí,no,sí,,Lead protegido; 'Lead Sync Source' es nombre de DocType conservado.,Lead,Lead,"PO-only: en es.po, ausente del POT fresco -> huérfana/obsoleta; NO usar sin validación"
crm:70fa080bbd240dfb,crm,crm,src,src,,Src,Error updating Lead Sync Source,Error updating Lead Sync Source,,,,,Error al actualizar el Lead Sync Source,,,,,frontend/src/components/Settings/LeadSyncing/LeadSyncSourceForm.vue:271,frontend/src/components/Settings/LeadSyncing/LeadSyncSourceForm.vue:271,frontend/src/components/Settings/LeadSyncing/LeadSyncSourceForm.vue:271,client-js,,[],,,,,,,po_huérfana_o_obsoleta,revisado inicial CRM,sí,no,sí,,Lead protegido; nombre de DocType conservado.,Lead,Lead,"PO-only: en es.po, ausente del POT fresco -> huérfana/obsoleta; NO usar sin validación"
crm:74b754f3b04f0589,crm,crm,src,src,,Src,Event Details,Event Details,,,Detalles del Evento,,Detalles del Evento,,,,,frontend/src/components/Calendar/CalendarEventPanel.vue:672,frontend/src/components/Calendar/CalendarEventPanel.vue:672,frontend/src/components/Calendar/CalendarEventPanel.vue:672,client-js,,[],,,,,,,po_huérfana_o_obsoleta,revisado inicial CRM,sí,sí,no,,crossapp aprobado.,,,"PO-only: en es.po, ausente del POT fresco -> huérfana/obsoleta; NO usar sin validación"
crm:432f2c31e88d21e1,crm,crm,src,src,,Src,Event ID is required,Event ID is required,,,,,El ID del evento es obligatorio,,,,,frontend/src/components/Modals/EventModal.vue:426,frontend/src/components/Modals/EventModal.vue:426,frontend/src/components/Modals/EventModal.vue:426,client-js,,[],,,,,,,po_huérfana_o_obsoleta,revisado inicial CRM,sí,sí,no,,,,,"PO-only: en es.po, ausente del POT fresco -> huérfana/obsoleta; NO usar sin validación"
crm:72194b97c8838d5e,crm,crm,fcrm,fcrm;src,sí,Fcrm,Event Notifications,Event Notifications,,,,,Notificaciones de eventos,,Label of the event_notifications (Table) field in DocType 'FCRM Settings',etiqueta de campo/elemento,,crm/fcrm/doctype/fcrm_settings/fcrm_settings.json,crm/fcrm/doctype/fcrm_settings/fcrm_settings.json || frontend/src/components/Settings/CalendarSettings.vue:62,crm/fcrm/doctype/fcrm_settings/fcrm_settings.json || frontend/src/components/Settings/CalendarSettings.vue:62,doctype-json,Fcrm Settings,[],,,,,,,po_huérfana_o_obsoleta,revisado inicial CRM,sí,sí,no,,crossapp Event Notifications->Notificaciones de eventos,,,"PO-only: en es.po, ausente del POT fresco -> huérfana/obsoleta; NO usar sin validación"
crm:c2de0f1960a29470,crm,crm,src,src,,Src,Event Title,Event Title,,,,,Título del evento,,,,,frontend/src/components/Calendar/CalendarEventPanel.vue:285,frontend/src/components/Calendar/CalendarEventPanel.vue:285,frontend/src/components/Calendar/CalendarEventPanel.vue:285,client-js,,[],,,,,,,po_huérfana_o_obsoleta,revisado inicial CRM,sí,sí,no,,,,,"PO-only: en es.po, ausente del POT fresco -> huérfana/obsoleta; NO usar sin validación"
crm:844e8981ee07feba,crm,crm,src,src,,Src,Event created successfully,Event created successfully,,,,,Evento creado correctamente,,,,,frontend/src/pages/Calendar.vue:339,frontend/src/pages/Calendar.vue:339,frontend/src/pages/Calendar.vue:339,client-js,,[],,,,,,,po_huérfana_o_obsoleta,revisado inicial CRM,sí,sí,no,,mensaje de éxito,,,"PO-only: en es.po, ausente del POT fresco -> huérfana/obsoleta; NO usar sin validación"
crm:29fa7bf7a24f6090,crm,crm,src,src,,Src,Event deleted successfully,Event deleted successfully,,,,,Evento eliminado correctamente,,,,,frontend/src/pages/Calendar.vue:418,frontend/src/pages/Calendar.vue:418,frontend/src/pages/Calendar.vue:418,client-js,,[],,,,,,,po_huérfana_o_obsoleta,revisado inicial CRM,sí,sí,no,,mensaje de éxito,,,"PO-only: en es.po, ausente del POT fresco -> huérfana/obsoleta; NO usar sin validación"
crm:4138b9850dc59856,crm,crm,src,src,,Src,Events,Events,,,Eventos,,Eventos,,,,,frontend/src/components/Notifications.vue:119,frontend/src/components/Notifications.vue:119 || frontend/src/pages/Deal.vue:581 || frontend/src/pages/Lead.vue:433,frontend/src/components/Notifications.vue:119 || frontend/src/pages/Deal.vue:581 || frontend/src/pages/Lead.vue:433,client-js,,[],,,,,,,po_huérfana_o_obsoleta,revisado inicial CRM,sí,sí,no,,cross-app aprobado: Events,,,"PO-only: en es.po, ausente del POT fresco -> huérfana/obsoleta; NO usar sin validación"
crm:06625e76440521ef,crm,crm,src,src,,Src,"Failed to create Email Account, Invalid credentials","Failed to create Email Account, Invalid credentials",,,,,No se pudo crear la cuenta de correo; credenciales no válidas,,,,,frontend/src/components/Settings/EmailAdd.vue:149,frontend/src/components/Settings/EmailAdd.vue:149,frontend/src/components/Settings/EmailAdd.vue:149,client-js,,[],,,,,,,po_huérfana_o_obsoleta,revisado inicial CRM,sí,sí,no,,,,,"PO-only: en es.po, ausente del POT fresco -> huérfana/obsoleta; NO usar sin validación"
crm:6b4cd0f9a1fcc7e8,crm,crm,src,src,,Src,"Failed to update Email Account, Invalid credentials","Failed to update Email Account, Invalid credentials",,,,,No se pudo actualizar la cuenta de correo; credenciales no válidas,,,,,frontend/src/components/Settings/EmailEdit.vue:216,frontend/src/components/Settings/EmailEdit.vue:216,frontend/src/components/Settings/EmailEdit.vue:216,client-js,,[],,,,,,,po_huérfana_o_obsoleta,revisado inicial CRM,sí,sí,no,,,,,"PO-only: en es.po, ausente del POT fresco -> huérfana/obsoleta; NO usar sin validación"
crm:01e0f663a01348e9,crm,crm,src,src,,Src,Failed to update attending status,Failed to update attending status,,,,,No se pudo actualizar el estado de asistencia,,,,,frontend/src/components/Calendar/CalendarEventPanel.vue:874,frontend/src/components/Calendar/CalendarEventPanel.vue:874,frontend/src/components/Calendar/CalendarEventPanel.vue:874,client-js,,[],,,,,,,po_huérfana_o_obsoleta,revisado inicial CRM,sí,sí,no,,,,,"PO-only: en es.po, ausente del POT fresco -> huérfana/obsoleta; NO usar sin validación"
crm:a331eee0632bcd61,crm,crm,src,src,,Src,"For all-day events, <b>set a time</b> to send reminders before the event starts","For all-day events, <b>set a time</b> to send reminders before the event starts",,,,,"Para eventos de todo el día, <b>establezca una hora</b> para enviar recordatorios antes de que inicie el evento",,,,,frontend/src/components/Settings/CalendarSettings.vue:163,frontend/src/components/Settings/CalendarSettings.vue:163,frontend/src/components/Settings/CalendarSettings.vue:163,client-js,,[],,,,,,,po_huérfana_o_obsoleta,revisado inicial CRM,sí,sí,no,,HTML <b> preservado.,,,"PO-only: en es.po, ausente del POT fresco -> huérfana/obsoleta; NO usar sin validación"
crm:79c182e608dec223,crm,crm,src,src,,Src,Going?,Going?,,,,,¿Vas a asistir?,,,,,frontend/src/components/Calendar/CalendarEventPanel.vue:524,frontend/src/components/Calendar/CalendarEventPanel.vue:524,frontend/src/components/Calendar/CalendarEventPanel.vue:524,client-js,,[],,,,,,,po_huérfana_o_obsoleta,revisado inicial CRM,sí,sí,no,,'Going?' en contexto de asistencia a evento.,,,"PO-only: en es.po, ausente del POT fresco -> huérfana/obsoleta; NO usar sin validación"
crm:04b453f648ece4ca,crm,crm,templates,templates,,Templates,Hello,Hello,,,Hola,,Hola,,,,,crm/templates/emails/helpdesk_invitation.html:2,crm/templates/emails/helpdesk_invitation.html:2,crm/templates/emails/helpdesk_invitation.html:2,jinja-html,,[],,,,,,,po_huérfana_o_obsoleta,revisado inicial CRM,sí,sí,no,,Cross-app: Hello=Hola.,,,"PO-only: en es.po, ausente del POT fresco -> huérfana/obsoleta; NO usar sin validación"
crm:9d0f300101d9967b,crm,crm,src,src,,Src,"I understand, Add Conditions","I understand, Add Conditions",,,,,"Entiendo, agregar condiciones",,,,,frontend/src/components/Settings/AssignmentRules/AssignmentRuleView.vue:199,frontend/src/components/Settings/AssignmentRules/AssignmentRuleView.vue:199 || frontend/src/components/Settings/AssignmentRules/AssignmentRuleView.vue:283 || frontend/src/components/Settings/Sla/SlaPolicyView.vue:151,frontend/src/components/Settings/AssignmentRules/AssignmentRuleView.vue:199 || frontend/src/components/Settings/AssignmentRules/AssignmentRuleView.vue:283 || frontend/src/components/Settings/Sla/SlaPolicyView.vue:151,client-js,,[],,,,,,,po_huérfana_o_obsoleta,revisado inicial CRM,sí,sí,no,,,,,"PO-only: en es.po, ausente del POT fresco -> huérfana/obsoleta; NO usar sin validación"
crm:63d9f0e8d2aa923e,crm,crm,src,src,,Src,Invalid Site URL,Invalid Site URL,,,,,URL del sitio no válida,,,,,frontend/src/components/Settings/ERPNextSettings.vue:495,frontend/src/components/Settings/ERPNextSettings.vue:495,frontend/src/components/Settings/ERPNextSettings.vue:495,client-js,,[],,,,,,,po_huérfana_o_obsoleta,revisado inicial CRM,sí,sí,no,,,,,"PO-only: en es.po, ausente del POT fresco -> huérfana/obsoleta; NO usar sin validación"
crm:b2ba09dd3a141e66,crm,crm,src,src,,Src,Invalid Start Or End Time,Invalid Start Or End Time,,,,,Hora de inicio o de finalización no válida,,,,,frontend/src/composables/event.js:247,frontend/src/composables/event.js:247,frontend/src/composables/event.js:247,client-js,,[],,,,,,,po_huérfana_o_obsoleta,revisado inicial CRM,sí,sí,no,,,,,"PO-only: en es.po, ausente del POT fresco -> huérfana/obsoleta; NO usar sin validación"
crm:a51deb1bd2cd4497,crm,crm,src,src,,Src,Lead Sync Source created successfully,Lead Sync Source created successfully,,,,,Lead Sync Source creado correctamente,,,,,frontend/src/components/Settings/LeadSyncing/LeadSyncSourceForm.vue:285,frontend/src/components/Settings/LeadSyncing/LeadSyncSourceForm.vue:285,frontend/src/components/Settings/LeadSyncing/LeadSyncSourceForm.vue:285,client-js,,[],,,,,,,po_huérfana_o_obsoleta,revisado inicial CRM,sí,no,sí,,Lead protegido; nombre de DocType conservado.,Lead,Lead,"PO-only: en es.po, ausente del POT fresco -> huérfana/obsoleta; NO usar sin validación"
crm:bb5bfd3cca39d033,crm,crm,src,src,,Src,Learn more,Learn more,,,Aprender más,,Más información,,,,,frontend/src/components/SalesHierarchyBanner.vue:22,frontend/src/components/SalesHierarchyBanner.vue:22,frontend/src/components/SalesHierarchyBanner.vue:22,client-js,,[],,,,,,,po_huérfana_o_obsoleta,revisado inicial CRM,sí,sí,no,,Cross-app aprobado exacto; upstream 'Aprender más' es literal.,Learn more,Más información,"PO-only: en es.po, ausente del POT fresco -> huérfana/obsoleta; NO usar sin validación"
crm:0ed2781399db9039,crm,crm,src,src,,Src,Linked With,Linked With,,,Vinculado Con,,Vinculado Con,,,,,frontend/src/components/Calendar/CalendarEventPanel.vue:404,frontend/src/components/Calendar/CalendarEventPanel.vue:404,frontend/src/components/Calendar/CalendarEventPanel.vue:404,client-js,,[],,,,,,,po_huérfana_o_obsoleta,revisado inicial CRM,sí,sí,no,,,,,"PO-only: en es.po, ausente del POT fresco -> huérfana/obsoleta; NO usar sin validación"
crm:e922f7f1b0a5d868,crm,crm,src,src,,Src,Location,Location,,,Ubicación,,Ubicación,,,,,frontend/src/components/Modals/EventModal.vue:158,frontend/src/components/Modals/EventModal.vue:158,frontend/src/components/Modals/EventModal.vue:158,client-js,,[],,,,,,,po_huérfana_o_obsoleta,revisado inicial CRM,sí,sí,no,,Cross-app aprobado.,,,"PO-only: en es.po, ausente del POT fresco -> huérfana/obsoleta; NO usar sin validación"
crm:641b913c014e1051,crm,crm,src,src,,Src,"May 1, 2025","May 1, 2025",,,,,,,,,,frontend/src/components/Calendar/CalendarEventPanel.vue:313,frontend/src/components/Calendar/CalendarEventPanel.vue:313 || frontend/src/components/Modals/EventModal.vue:86,frontend/src/components/Calendar/CalendarEventPanel.vue:313 || frontend/src/components/Modals/EventModal.vue:86,client-js,,[],,,,,,,requiere revisión especializada,revisado inicial CRM,sí,no,no,,"Ejemplo de fecha localizada; formato depende de config regional, no traducción libre.",,,"PO-only: en es.po, ausente del POT fresco -> huérfana/obsoleta; NO usar sin validación"
crm:e9e2ceed6be401b1,crm,crm,src,src,,Src,Maybe,Maybe,,,,,Quizás,,,,,frontend/src/components/Calendar/CalendarEventPanel.vue:539,frontend/src/components/Calendar/CalendarEventPanel.vue:539,frontend/src/components/Calendar/CalendarEventPanel.vue:539,client-js,,[],,,,,,,po_huérfana_o_obsoleta,revisado inicial CRM,sí,sí,no,,crossapp aprobado.,,,"PO-only: en es.po, ausente del POT fresco -> huérfana/obsoleta; NO usar sin validación"
crm:0d3ef889588cfd1e,crm,crm,src,src,,Src,Mentions,Mentions,,,Menciones,,Menciones,,,,,frontend/src/components/Notifications.vue:120,frontend/src/components/Notifications.vue:120,frontend/src/components/Notifications.vue:120,client-js,,[],,,,,,,po_huérfana_o_obsoleta,revisado inicial CRM,sí,sí,no,,cross-app aprobado: Mentions,,,"PO-only: en es.po, ausente del POT fresco -> huérfana/obsoleta; NO usar sin validación"
crm:5d987860890918be,crm,crm,src,src,,Src,Mobile No. should be a number,Mobile No. should be a number,,,,,El número de móvil debe ser un número,,,,,frontend/src/components/Modals/ContactModal.vue:117,frontend/src/components/Modals/ContactModal.vue:117 || frontend/src/components/Modals/DealModal.vue:201 || frontend/src/components/Modals/LeadModal.vue:144,frontend/src/components/Modals/ContactModal.vue:117 || frontend/src/components/Modals/DealModal.vue:201 || frontend/src/components/Modals/LeadModal.vue:144,client-js,,[],,,,,,,po_huérfana_o_obsoleta,revisado inicial CRM,sí,sí,no,,,,,"PO-only: en es.po, ausente del POT fresco -> huérfana/obsoleta; NO usar sin validación"
crm:44286148a5fe8d7f,crm,crm,src,src,,Src,New Event,New Event,,,Nuevo Evento,,Nuevo evento,,,,,frontend/src/components/Calendar/CalendarEventPanel.vue:674,frontend/src/components/Calendar/CalendarEventPanel.vue:674,frontend/src/components/Calendar/CalendarEventPanel.vue:674,client-js,,[],,,,,,,po_huérfana_o_obsoleta,revisado inicial CRM,sí,sí,no,,crossapp aprobado. | convergencia global Gettext v0.3.0,,,"PO-only: en es.po, ausente del POT fresco -> huérfana/obsoleta; NO usar sin validación"
crm:99754dab9b956307,crm,crm,src,src,,Src,No Users Found,No Users Found,,,,,No se encontraron usuarios,,,,,frontend/src/components/Modals/AddExistingUserModal.vue:39,frontend/src/components/Modals/AddExistingUserModal.vue:39,frontend/src/components/Modals/AddExistingUserModal.vue:39,client-js,,[],,,,,,,po_huérfana_o_obsoleta,revisado inicial CRM,sí,sí,no,,,,,"PO-only: en es.po, ausente del POT fresco -> huérfana/obsoleta; NO usar sin validación"
crm:799882d0c18d4d6c,crm,crm,src,src,,Src,Organizer,Organizer,,,,,Organizador,,,,,frontend/src/components/Calendar/CalendarEventPanel.vue:151,frontend/src/components/Calendar/CalendarEventPanel.vue:151,frontend/src/components/Calendar/CalendarEventPanel.vue:151,client-js,,[],,,,,,,po_huérfana_o_obsoleta,revisado inicial CRM,sí,sí,no,,,,,"PO-only: en es.po, ausente del POT fresco -> huérfana/obsoleta; NO usar sin validación"
crm:ae745c19843ea672,crm,crm,src,src,,Src,Owner: {0},Owner: {0},,,,,Propietario: {0},,,,,frontend/src/components/Calendar/CalendarEventPanel.vue:146,frontend/src/components/Calendar/CalendarEventPanel.vue:146,frontend/src/components/Calendar/CalendarEventPanel.vue:146,client-js,,[],{0},,{0},ok,,,po_huérfana_o_obsoleta,revisado inicial CRM,sí,sí,no,,Owner->Propietario; placeholder {0} preservado.,,,"PO-only: en es.po, ausente del POT fresco -> huérfana/obsoleta; NO usar sin validación"
crm:ad05093b71e767e8,crm,crm,src,src,,Src,Permissions update,Permissions update,,,,,Actualización de permisos,,,,,frontend/src/components/SalesHierarchyBanner.vue:9,frontend/src/components/SalesHierarchyBanner.vue:9,frontend/src/components/SalesHierarchyBanner.vue:9,client-js,,[],,,,,,,po_huérfana_o_obsoleta,revisado inicial CRM,sí,sí,no,,,,,"PO-only: en es.po, ausente del POT fresco -> huérfana/obsoleta; NO usar sin validación"
crm:c1f58f8776fdaa2e,crm,crm,src,src,,Src,Personal Mobile No.,Personal Mobile No.,,,,,Número de móvil personal,,,,,frontend/src/components/Settings/Telephony/TelephonySettings.vue:120,frontend/src/components/Settings/Telephony/TelephonySettings.vue:120,frontend/src/components/Settings/Telephony/TelephonySettings.vue:120,client-js,,[],,,,,,,po_huérfana_o_obsoleta,revisado inicial CRM,sí,sí,no,,,,,"PO-only: en es.po, ausente del POT fresco -> huérfana/obsoleta; NO usar sin validación"
crm:9bc414e801cb2610,crm,crm,src,src,,Src,Please select a Priority,Please select a Priority,,,,,Seleccione una prioridad,,,,,frontend/src/components/Settings/Sla/EditResponseResolutionModal.vue:88,frontend/src/components/Settings/Sla/EditResponseResolutionModal.vue:88,frontend/src/components/Settings/Sla/EditResponseResolutionModal.vue:88,client-js,,[],,,,,,,po_huérfana_o_obsoleta,revisado inicial CRM,sí,sí,no,,Priority->Prioridad.,,,"PO-only: en es.po, ausente del POT fresco -> huérfana/obsoleta; NO usar sin validación"
crm:c64a3ab3bfade04b,crm,crm,src,src,,Src,Preferences Updated Successfully,Preferences Updated Successfully,,,,,Preferencias actualizadas correctamente,,,,,frontend/src/components/Settings/PreferencesSettings.vue:115,frontend/src/components/Settings/PreferencesSettings.vue:115,frontend/src/components/Settings/PreferencesSettings.vue:115,client-js,,[],,,,,,,po_huérfana_o_obsoleta,revisado inicial CRM,sí,sí,no,,Sin traducción upstream.,,,"PO-only: en es.po, ausente del POT fresco -> huérfana/obsoleta; NO usar sin validación"
crm:3e1db07cd33825f8,crm,crm,src,src,,Src,Priority {0}: Priority Name is required,Priority {0}: Priority Name is required,,,,,Prioridad {0}: el nombre de la prioridad es obligatorio,,,,,frontend/src/components/Settings/Sla/utils.js:125,frontend/src/components/Settings/Sla/utils.js:125,frontend/src/components/Settings/Sla/utils.js:125,client-js,,[],{0},,{0},ok,,,po_huérfana_o_obsoleta,revisado inicial CRM,sí,sí,no,,Placeholder {0} preservado.,,,"PO-only: en es.po, ausente del POT fresco -> huérfana/obsoleta; NO usar sin validación"
crm:312594d0041a7855,crm,crm,src,src,,Src,Priority {0}: Response Time is required,Priority {0}: Response Time is required,,,,,Prioridad {0}: el tiempo de respuesta es obligatorio,,,,,frontend/src/components/Settings/Sla/utils.js:133,frontend/src/components/Settings/Sla/utils.js:133,frontend/src/components/Settings/Sla/utils.js:133,client-js,,[],{0},,{0},ok,,,po_huérfana_o_obsoleta,revisado inicial CRM,sí,sí,no,,Placeholder {0} preservado.,,,"PO-only: en es.po, ausente del POT fresco -> huérfana/obsoleta; NO usar sin validación"
crm:df3832cba67af768,crm,crm,src,src,,Src,Private or Public,Private or Public,,,,,Privado o público,,,,,frontend/src/components/Calendar/CalendarEventPanel.vue:488,frontend/src/components/Calendar/CalendarEventPanel.vue:488 || frontend/src/components/Modals/EventModal.vue:152,frontend/src/components/Calendar/CalendarEventPanel.vue:488 || frontend/src/components/Modals/EventModal.vue:152,client-js,,[],,,,,,,po_huérfana_o_obsoleta,revisado inicial CRM,sí,sí,no,,,,,"PO-only: en es.po, ausente del POT fresco -> huérfana/obsoleta; NO usar sin validación"
crm:10e9c1cf33a5e8a0,crm,crm,src,src,,Src,Product sync started. Items will appear shortly.,Product sync started. Items will appear shortly.,,,,,Sincronización de productos iniciada. Los ítems aparecerán en breve.,,,,,frontend/src/components/Settings/ERPNextSettings.vue:330,frontend/src/components/Settings/ERPNextSettings.vue:330,frontend/src/components/Settings/ERPNextSettings.vue:330,client-js,,[],,,,,,,po_huérfana_o_obsoleta,revisado inicial CRM,sí,sí,no,,,,,"PO-only: en es.po, ausente del POT fresco -> huérfana/obsoleta; NO usar sin validación"
crm:40a4ab496dd93482,crm,crm,src,src,,Src,Profile Updated Successfully,Profile Updated Successfully,,,,,Perfil actualizado correctamente,,,,,frontend/src/components/Settings/Profile/ProfileSettings.vue:194,frontend/src/components/Settings/Profile/ProfileSettings.vue:194,frontend/src/components/Settings/Profile/ProfileSettings.vue:194,client-js,,[],,,,,,,po_huérfana_o_obsoleta,revisado inicial CRM,sí,sí,no,,Sin traducción upstream.,,,"PO-only: en es.po, ausente del POT fresco -> huérfana/obsoleta; NO usar sin validación"
crm:c9162368f53066a8,crm,crm,src,src,,Src,"Reminders will be sent <b>before the event starts</b>, based on the configured time","Reminders will be sent <b>before the event starts</b>, based on the configured time",,,,,"Los recordatorios se enviarán <b>antes de que inicie el evento</b>, según la hora configurada",,,,,frontend/src/components/Settings/CalendarSettings.vue:67,frontend/src/components/Settings/CalendarSettings.vue:67,frontend/src/components/Settings/CalendarSettings.vue:67,client-js,,[],,,,,,,po_huérfana_o_obsoleta,revisado inicial CRM,sí,sí,no,,HTML <b> preservado.,,,"PO-only: en es.po, ausente del POT fresco -> huérfana/obsoleta; NO usar sin validación"
crm:b4ef75e9ef7b0574,crm,crm,src,src,,Src,Response Time is required,Response Time is required,,,,,El tiempo de respuesta es obligatorio,,,,,frontend/src/components/Settings/Sla/EditResponseResolutionModal.vue:94,frontend/src/components/Settings/Sla/EditResponseResolutionModal.vue:94,frontend/src/components/Settings/Sla/EditResponseResolutionModal.vue:94,client-js,,[],,,,,,,po_huérfana_o_obsoleta,revisado inicial CRM,sí,sí,no,,Sin traducción upstream.,,,"PO-only: en es.po, ausente del POT fresco -> huérfana/obsoleta; NO usar sin validación"
crm:d9c9d51dd9fba8ef,crm,crm,src,src,,Src,SLA Policy Created,SLA Policy Created,,,,,Política de SLA creada,,,,,frontend/src/components/Settings/Sla/SlaPolicyView.vue:428,frontend/src/components/Settings/Sla/SlaPolicyView.vue:428,frontend/src/components/Settings/Sla/SlaPolicyView.vue:428,client-js,,[],,,,,,,po_huérfana_o_obsoleta,revisado inicial CRM,sí,sí,no,,SLA se mantiene sigla.,,,"PO-only: en es.po, ausente del POT fresco -> huérfana/obsoleta; NO usar sin validación"
crm:e4a83cec6d4d23fc,crm,crm,src,src,,Src,SLA Policy Deleted,SLA Policy Deleted,,,,,Política de SLA eliminada,,,,,frontend/src/components/Settings/Sla/SlaPolicyList.vue:242,frontend/src/components/Settings/Sla/SlaPolicyList.vue:242,frontend/src/components/Settings/Sla/SlaPolicyList.vue:242,client-js,,[],,,,,,,po_huérfana_o_obsoleta,revisado inicial CRM,sí,sí,no,,SLA se mantiene sigla.,,,"PO-only: en es.po, ausente del POT fresco -> huérfana/obsoleta; NO usar sin validación"
crm:da932082bd584bf8,crm,crm,src,src,,Src,SLA Policy Duplicated,SLA Policy Duplicated,,,,,Política de SLA duplicada,,,,,frontend/src/components/Settings/Sla/SlaPolicyList.vue:218,frontend/src/components/Settings/Sla/SlaPolicyList.vue:218,frontend/src/components/Settings/Sla/SlaPolicyList.vue:218,client-js,,[],,,,,,,po_huérfana_o_obsoleta,revisado inicial CRM,sí,sí,no,,SLA se mantiene sigla.,,,"PO-only: en es.po, ausente del POT fresco -> huérfana/obsoleta; NO usar sin validación"
crm:b10c343e553ad30d,crm,crm,src,src,,Src,SLA Policy Name is required,SLA Policy Name is required,,,,,El nombre de la política de SLA es obligatorio,,,,,frontend/src/components/Settings/Sla/utils.js:106,frontend/src/components/Settings/Sla/utils.js:106,frontend/src/components/Settings/Sla/utils.js:106,client-js,,[],,,,,,,po_huérfana_o_obsoleta,revisado inicial CRM,sí,sí,no,,SLA se mantiene sigla.,,,"PO-only: en es.po, ausente del POT fresco -> huérfana/obsoleta; NO usar sin validación"
crm:612feebd9b3f3206,crm,crm,src,src,,Src,SLA Policy Status Updated,SLA Policy Status Updated,,,,,Estado de la política de SLA actualizado,,,,,frontend/src/components/Settings/Sla/SlaPolicyList.vue:264,frontend/src/components/Settings/Sla/SlaPolicyList.vue:264,frontend/src/components/Settings/Sla/SlaPolicyList.vue:264,client-js,,[],,,,,,,po_huérfana_o_obsoleta,revisado inicial CRM,sí,sí,no,,SLA se mantiene sigla.,,,"PO-only: en es.po, ausente del POT fresco -> huérfana/obsoleta; NO usar sin validación"
crm:4845f398f76d2969,crm,crm,src,src,,Src,SLA Policy Updated,SLA Policy Updated,,,,,Política de SLA actualizada,,,,,frontend/src/components/Settings/Sla/SlaPolicyView.vue:498,frontend/src/components/Settings/Sla/SlaPolicyView.vue:498,frontend/src/components/Settings/Sla/SlaPolicyView.vue:498,client-js,,[],,,,,,,po_huérfana_o_obsoleta,revisado inicial CRM,sí,sí,no,,SLA se mantiene sigla.,,,"PO-only: en es.po, ausente del POT fresco -> huérfana/obsoleta; NO usar sin validación"
crm:64aa25aee5aec1aa,crm,crm,src,src,,Src,SLA set as default cannot be disabled,SLA set as default cannot be disabled,,,,,El SLA establecido como predeterminado no se puede deshabilitar,,,,,frontend/src/components/Settings/Sla/SlaPolicyList.vue:254,frontend/src/components/Settings/Sla/SlaPolicyList.vue:254 || frontend/src/components/Settings/Sla/SlaPolicyView.vue:372,frontend/src/components/Settings/Sla/SlaPolicyList.vue:254 || frontend/src/components/Settings/Sla/SlaPolicyView.vue:372,client-js,,[],,,,,,,po_huérfana_o_obsoleta,revisado inicial CRM,sí,sí,no,,Crossapp aprobado: reuso exacto.,SLA set as default cannot be disabled,El SLA establecido como predeterminado no se puede deshabilitar,"PO-only: en es.po, ausente del POT fresco -> huérfana/obsoleta; NO usar sin validación"
crm:607c26122ae85795,crm,crm,src,src,,Src,Sales Hierarchy disabled,Sales Hierarchy disabled,,,,,Jerarquía de ventas deshabilitada,,,,,frontend/src/components/Settings/Hierarchy/Hierarchy.vue:323,frontend/src/components/Settings/Hierarchy/Hierarchy.vue:323,frontend/src/components/Settings/Hierarchy/Hierarchy.vue:323,client-js,,[],,,,,,,po_huérfana_o_obsoleta,revisado inicial CRM,sí,sí,no,,Sin traducción upstream.,,,"PO-only: en es.po, ausente del POT fresco -> huérfana/obsoleta; NO usar sin validación"
crm:6475fa1f5ecfceb0,crm,crm,src,src,,Src,Sales Hierarchy enabled,Sales Hierarchy enabled,,,,,Jerarquía de ventas habilitada,,,,,frontend/src/components/Settings/Hierarchy/Hierarchy.vue:334,frontend/src/components/Settings/Hierarchy/Hierarchy.vue:334,frontend/src/components/Settings/Hierarchy/Hierarchy.vue:334,client-js,,[],,,,,,,po_huérfana_o_obsoleta,revisado inicial CRM,sí,sí,no,,Sin traducción upstream.,,,"PO-only: en es.po, ausente del POT fresco -> huérfana/obsoleta; NO usar sin validación"
crm:c01ef6f3301b0978,crm,crm,src,src,,Src,Schedule an Event,Schedule an Event,,,,,Programar un evento,,,,,frontend/src/components/Activities/ActivityHeader.vue:36,frontend/src/components/Activities/ActivityHeader.vue:36 || frontend/src/components/Activities/ActivityHeader.vue:131,frontend/src/components/Activities/ActivityHeader.vue:36 || frontend/src/components/Activities/ActivityHeader.vue:131,client-js,,[],,,,,,,po_huérfana_o_obsoleta,revisado inicial CRM,sí,sí,no,,,,,"PO-only: en es.po, ausente del POT fresco -> huérfana/obsoleta; NO usar sin validación"
crm:01a110c2bbfd882f,crm,crm,src,src,,Src,See All Participants,See All Participants,,,,,Ver todos los participantes,,,,,frontend/src/components/Calendar/CalendarEventPanel.vue:232,frontend/src/components/Calendar/CalendarEventPanel.vue:232,frontend/src/components/Calendar/CalendarEventPanel.vue:232,client-js,,[],,,,,,,po_huérfana_o_obsoleta,revisado inicial CRM,sí,sí,no,,,,,"PO-only: en es.po, ausente del POT fresco -> huérfana/obsoleta; NO usar sin validación"
crm:5d99c7e86d2149e0,crm,crm,src,src,,Src,Select Type,Select Type,,,,,Seleccionar tipo,,,,,frontend/src/components/Calendar/EventNotifications.vue:31,frontend/src/components/Calendar/EventNotifications.vue:31 || frontend/src/components/Calendar/EventNotifications.vue:99,frontend/src/components/Calendar/EventNotifications.vue:31 || frontend/src/components/Calendar/EventNotifications.vue:99,client-js,,[],,,,,,,po_huérfana_o_obsoleta,revisado inicial CRM,sí,sí,no,,,,,"PO-only: en es.po, ausente del POT fresco -> huérfana/obsoleta; NO usar sin validación"
crm:167130fb79b9e00d,crm,crm,src,src,,Src,Select View,Select View,,,Seleccione Vista,,Seleccione la vista,,,,,frontend/src/components/Settings/CalendarSettings.vue:54,frontend/src/components/Settings/CalendarSettings.vue:54,frontend/src/components/Settings/CalendarSettings.vue:54,client-js,,[],,,,,,,po_huérfana_o_obsoleta,revisado inicial CRM + pase dirigido,sí,,,,TERM+registro: Select View -> Seleccione la vista (usted).,,Seleccione Vista,"PO-only: en es.po, ausente del POT fresco -> huérfana/obsoleta; NO usar sin validación"
crm:897fa09fdaf9f3c5,crm,crm,src,src,,Src,Select a Twilio App for your CRM,Select a Twilio App for your CRM,,,,,Seleccione una app de Twilio para su CRM,,,,,frontend/src/components/Settings/Telephony/TwilioSettings.vue:71,frontend/src/components/Settings/Telephony/TwilioSettings.vue:71,frontend/src/components/Settings/Telephony/TwilioSettings.vue:71,client-js,,[],,,,,,,po_huérfana_o_obsoleta,revisado inicial CRM,sí,sí,no,,,,,"PO-only: en es.po, ausente del POT fresco -> huérfana/obsoleta; NO usar sin validación"
crm:42e0fd5be2f620f4,crm,crm,src,src,,Src,Select the default view for your calendar. This will be the initial view when you open the calendar,Select the default view for your calendar. This will be the initial view when you open the calendar,,,,,Seleccione la vista predeterminada de su calendario. Será la vista inicial al abrir el calendario,,,,,frontend/src/components/Settings/CalendarSettings.vue:38,frontend/src/components/Settings/CalendarSettings.vue:38,frontend/src/components/Settings/CalendarSettings.vue:38,client-js,,[],,,,,,,po_huérfana_o_obsoleta,revisado inicial CRM,sí,sí,no,,,,,"PO-only: en es.po, ausente del POT fresco -> huérfana/obsoleta; NO usar sin validación"
crm:f8286190b9063231,crm,crm,src,src,,Src,Set As Primary,Set As Primary,,,,,Establecer como principal,,,,,frontend/src/components/PrimaryDropdownItem.vue:27,frontend/src/components/PrimaryDropdownItem.vue:27,frontend/src/components/PrimaryDropdownItem.vue:27,client-js,,[],,,,,,,po_huérfana_o_obsoleta,revisado inicial CRM,sí,sí,no,,Set As Primary; Primary->Principal.,Primary,Principal,"PO-only: en es.po, ausente del POT fresco -> huérfana/obsoleta; NO usar sin validación"
crm:f10d096f193147ed,crm,crm,src,src,,Src,Setting up Frappe Mail requires you to have an API key and API Secret of your email account. Read more,Setting up Frappe Mail requires you to have an API key and API Secret of your email account. Read more,,,,,Para configurar Frappe Mail necesita tener una clave de API y una Clave Secreta de API de su cuenta de correo. Más información,,,,,frontend/src/components/Settings/emailConfig.js:158,frontend/src/components/Settings/emailConfig.js:158,frontend/src/components/Settings/emailConfig.js:158,client-js,,[],,,,,,,po_huérfana_o_obsoleta,revisado inicial CRM,sí,sí,no,,crossapp exacto,,,"PO-only: en es.po, ausente del POT fresco -> huérfana/obsoleta; NO usar sin validación"
crm:06d1f0540937431a,crm,crm,src,src,,Src,Show Less,Show Less,,,,,Mostrar menos,,,,,frontend/src/components/Calendar/CalendarEventPanel.vue:240,frontend/src/components/Calendar/CalendarEventPanel.vue:240,frontend/src/components/Calendar/CalendarEventPanel.vue:240,client-js,,[],,,,,,,po_huérfana_o_obsoleta,revisado inicial CRM,sí,sí,no,,,,,"PO-only: en es.po, ausente del POT fresco -> huérfana/obsoleta; NO usar sin validación"
crm:618bc93812c87bcf,crm,crm,src,src,,Src,Some error occurred while creating SLA Policy,Some error occurred while creating SLA Policy,,,,,Ocurrió un error al crear la política de SLA,,,,,frontend/src/components/Settings/Sla/SlaPolicyView.vue:438,frontend/src/components/Settings/Sla/SlaPolicyView.vue:438,frontend/src/components/Settings/Sla/SlaPolicyView.vue:438,client-js,,[],,,,,,,po_huérfana_o_obsoleta,revisado inicial CRM,sí,sí,no,,SLA se mantiene sigla.,,,"PO-only: en es.po, ausente del POT fresco -> huérfana/obsoleta; NO usar sin validación"
crm:fe63f9101acc58ce,crm,crm,src,src,,Src,Start & End Time Are Required,Start & End Time Are Required,,,,,Se requieren las horas de inicio y de finalización,,,,,frontend/src/composables/event.js:242,frontend/src/composables/event.js:242,frontend/src/composables/event.js:242,client-js,,[],,,,,,,po_huérfana_o_obsoleta,revisado inicial CRM,sí,sí,no,,,,,"PO-only: en es.po, ausente del POT fresco -> huérfana/obsoleta; NO usar sin validación"
crm:9eec1831db92dfff,crm,crm,src,src,,Src,Start Date cannot be after end date,Start Date cannot be after end date,,,,,La fecha de inicio no puede ser posterior a la fecha de fin,,,,,frontend/src/components/Settings/Sla/utils.js:160,frontend/src/components/Settings/Sla/utils.js:160,frontend/src/components/Settings/Sla/utils.js:160,client-js,,[],,,,,,,po_huérfana_o_obsoleta,revisado inicial CRM,sí,sí,no,,Sin traducción upstream.,,,"PO-only: en es.po, ausente del POT fresco -> huérfana/obsoleta; NO usar sin validación"
crm:399cf3e1b61b9570,crm,crm,src,src,,Src,Start Time is required,Start Time is required,,,,,La hora de inicio es obligatoria,,,,,frontend/src/components/Settings/Sla/WorkDayModal.vue:186,frontend/src/components/Settings/Sla/WorkDayModal.vue:186,frontend/src/components/Settings/Sla/WorkDayModal.vue:186,client-js,,[],,,,,,,po_huérfana_o_obsoleta,revisado inicial CRM,sí,sí,no,,Start Time->Hora de inicio (crossapp).,,,"PO-only: en es.po, ausente del POT fresco -> huérfana/obsoleta; NO usar sin validación"
crm:a8b4c8d859d3e9bf,crm,crm,src,src,,Fcrm,Sync Products with ERPNext,Sync Products with ERPNext,,,,,Sincronizar productos con ERPNext,,Label of the sync_products (Check) field in DocType 'ERPNext CRM Settings',etiqueta de campo/elemento,,frontend/src/components/Settings/ERPNextSettings.vue:191,frontend/src/components/Settings/ERPNextSettings.vue:191,frontend/src/components/Settings/ERPNextSettings.vue:191,client-js,,[],,,,,,,po_huérfana_o_obsoleta,revisado inicial CRM,sí,sí,no,,,,,"PO-only: en es.po, ausente del POT fresco -> huérfana/obsoleta; NO usar sin validación"
crm:1298465b40644829,crm,crm,src,src,,Src,Sync Successful!,Sync Successful!,,,,,¡Sincronización exitosa!,,,,,frontend/src/components/Settings/LeadSyncing/FailureLogs.vue:132,frontend/src/components/Settings/LeadSyncing/FailureLogs.vue:132,frontend/src/components/Settings/LeadSyncing/FailureLogs.vue:132,client-js,,[],,,,,,,po_huérfana_o_obsoleta,revisado inicial CRM,sí,sí,no,,,,,"PO-only: en es.po, ausente del POT fresco -> huérfana/obsoleta; NO usar sin validación"
crm:c70d691b3cfc37aa,crm,crm,src,src,,Src,Template Deleted Successfully,Template Deleted Successfully,,,,,Plantilla eliminada correctamente,,,,,frontend/src/components/Settings/EmailTemplate/EmailTemplates.vue:214,frontend/src/components/Settings/EmailTemplate/EmailTemplates.vue:214,frontend/src/components/Settings/EmailTemplate/EmailTemplates.vue:214,client-js,,[],,,,,,,po_huérfana_o_obsoleta,revisado inicial CRM,sí,sí,no,,Delete->Eliminar.,,,"PO-only: en es.po, ausente del POT fresco -> huérfana/obsoleta; NO usar sin validación"
crm:8bfd877f194b69f4,crm,crm,templates,templates,,Templates,Thanks,Thanks,,,Gracias,,Gracias,,,,,crm/templates/emails/helpdesk_invitation.html:16,crm/templates/emails/helpdesk_invitation.html:16,crm/templates/emails/helpdesk_invitation.html:16,jinja-html,,[],,,,,,,po_huérfana_o_obsoleta,revisado inicial CRM,sí,sí,no,,Cross-app: Thanks=Gracias.,,,"PO-only: en es.po, ausente del POT fresco -> huérfana/obsoleta; NO usar sin validación"
crm:21bdf0cb9f111062,crm,crm,fcrm,fcrm,,Fcrm,Time before the event when a reminder notification will be sent by default. This will be applied to all events unless a custom notification is set for a specific event.,Time before the event when a reminder notification will be sent by default. This will be applied to all events unless a custom notification is set for a specific event.,,,,,Tiempo antes del evento en que se enviará una notificación de recordatorio de forma predeterminada. Se aplicará a todos los eventos salvo que se configure una notificación personalizada para un evento específico.,,Description of the 'Default Event Notifications' (Section Break) field in DocType 'FCRM Settings',descripción,,crm/fcrm/doctype/fcrm_settings/fcrm_settings.json,crm/fcrm/doctype/fcrm_settings/fcrm_settings.json,crm/fcrm/doctype/fcrm_settings/fcrm_settings.json,doctype-json,Fcrm Settings,[],,,,,,,po_huérfana_o_obsoleta,revisado inicial CRM,sí,sí,no,,,,,"PO-only: en es.po, ausente del POT fresco -> huérfana/obsoleta; NO usar sin validación"
crm:7a8bf528ba726a53,crm,crm,src,src,,Src,Title is required,Title is required,,,El título es obligatorio,,El título es obligatorio,,,,,frontend/src/components/Calendar/CalendarEventPanel.vue:823,frontend/src/components/Calendar/CalendarEventPanel.vue:823 || frontend/src/components/Modals/EventModal.vue:376,frontend/src/components/Calendar/CalendarEventPanel.vue:823 || frontend/src/components/Modals/EventModal.vue:376,client-js,,[],,,,,,,po_huérfana_o_obsoleta,revisado inicial CRM,sí,sí,no,,crossapp aprobado.,,,"PO-only: en es.po, ausente del POT fresco -> huérfana/obsoleta; NO usar sin validación"
crm:9ed8a34ff01ffbc3,crm,crm,src,src,,Src,Type an email address to add attendee,Type an email address to add attendee,,,,,Escriba una dirección de correo para agregar un asistente,,,,,frontend/src/components/Calendar/Attendee.vue:216,frontend/src/components/Calendar/Attendee.vue:216,frontend/src/components/Calendar/Attendee.vue:216,client-js,,[],,,,,,,po_huérfana_o_obsoleta,revisado inicial CRM + pase dirigido,sí,,,,registro: 'Escribe' -> 'Escriba'.,,,"PO-only: en es.po, ausente del POT fresco -> huérfana/obsoleta; NO usar sin validación"
crm:6ae7e3b14c32dff1,crm,crm,src,src,,Src,Unassign Conditions are invalid,Unassign Conditions are invalid,,,,,Las condiciones de desasignación no son válidas,,,,,frontend/src/components/Settings/AssignmentRules/AssignmentRuleView.vue:454,frontend/src/components/Settings/AssignmentRules/AssignmentRuleView.vue:454,frontend/src/components/Settings/AssignmentRules/AssignmentRuleView.vue:454,client-js,,[],,,,,,,po_huérfana_o_obsoleta,revisado inicial CRM,sí,sí,no,,,,,"PO-only: en es.po, ausente del POT fresco -> huérfana/obsoleta; NO usar sin validación"
crm:99afb40278c99c12,crm,crm,integrations,integrations,,Integrations,Unknown telephony medium: {0},Unknown telephony medium: {0},,,,,Medio de telefonía desconocido: {0},,,,,crm/integrations/api.py:19,crm/integrations/api.py:19,crm/integrations/api.py:19,python,,[],{0},,{0},ok,,,po_huérfana_o_obsoleta,revisado inicial CRM,sí,sí,no,,Placeholder {0} preservado. Telephony=telefonía.,,,"PO-only: en es.po, ausente del POT fresco -> huérfana/obsoleta; NO usar sin validación"
crm:35da10d714f78c02,crm,crm,src,src,,Src,Visibility,Visibility,,,Visibilidad,,Visibilidad,,,,,frontend/src/components/Modals/EventModal.vue:134,frontend/src/components/Modals/EventModal.vue:134,frontend/src/components/Modals/EventModal.vue:134,client-js,,[],,,,,,,po_huérfana_o_obsoleta,revisado inicial CRM,sí,sí,no,,Cross-app aprobado.,,,"PO-only: en es.po, ausente del POT fresco -> huérfana/obsoleta; NO usar sin validación"
crm:0299aa7b03731246,crm,crm,src,src,,Src,We are changing how permissions work in Frappe CRM,We are changing how permissions work in Frappe CRM,,,,,Estamos cambiando el funcionamiento de los permisos en Frappe CRM,,,,,frontend/src/components/SalesHierarchyBanner.vue:20,frontend/src/components/SalesHierarchyBanner.vue:20,frontend/src/components/SalesHierarchyBanner.vue:20,client-js,,[],,,,,,,po_huérfana_o_obsoleta,revisado inicial CRM,sí,sí,no,,Frappe CRM marca preservada.,Frappe CRM,Frappe CRM,"PO-only: en es.po, ausente del POT fresco -> huérfana/obsoleta; NO usar sin validación"
crm:c975c437aa12176a,crm,crm,src,src,,Src,Week,Week,,,Semana,,Semana,,,,,frontend/src/pages/Calendar.vue:102,frontend/src/pages/Calendar.vue:102,frontend/src/pages/Calendar.vue:102,client-js,,[],,,,,,,po_huérfana_o_obsoleta,revisado inicial CRM,sí,sí,no,,vista de calendario,,,"PO-only: en es.po, ausente del POT fresco -> huérfana/obsoleta; NO usar sin validación"
crm:64fa4cb6e79be294,crm,crm,fcrm,fcrm;src,sí,Fcrm,Weekly,Weekly,,,Semanal,,Semanal,,Option for the 'Default Calendar View' (Select) field in DocType 'FCRM Settings',opción de campo select,,crm/fcrm/doctype/fcrm_settings/fcrm_settings.json,crm/fcrm/doctype/fcrm_settings/fcrm_settings.json || frontend/src/components/Settings/CalendarSettings.vue:51,crm/fcrm/doctype/fcrm_settings/fcrm_settings.json || frontend/src/components/Settings/CalendarSettings.vue:51,doctype-json,Fcrm Settings,[],,,,,,,po_huérfana_o_obsoleta,revisado inicial CRM,sí,sí,no,,crossapp aprobado.,,,"PO-only: en es.po, ausente del POT fresco -> huérfana/obsoleta; NO usar sin validación"
crm:58c37e97bbd70d0a,crm,crm,templates,templates,,Templates,You can also copy-paste following link in your browser,You can also copy-paste following link in your browser,,,También puede copiar y pegar el siguiente enlace en su navegador,,También puede copiar y pegar el siguiente enlace en su navegador,,,,,crm/templates/emails/helpdesk_invitation.html:22,crm/templates/emails/helpdesk_invitation.html:22,crm/templates/emails/helpdesk_invitation.html:22,jinja-html,,[],,,,,,,po_huérfana_o_obsoleta,revisado inicial CRM,sí,sí,no,,Cross-app aprobado exacto.,,,"PO-only: en es.po, ausente del POT fresco -> huérfana/obsoleta; NO usar sin validación"
crm:fe6f3fbe3c5c0757,crm,crm,src,src,,Src,You can get your Access Key from ,You can get your Access Key from ,,,,,Puede obtener su clave de acceso en ,,,,,frontend/src/components/Settings/DashboardSettings.vue:145,frontend/src/components/Settings/DashboardSettings.vue:145,frontend/src/components/Settings/DashboardSettings.vue:145,client-js,,[],,,,,,,po_huérfana_o_obsoleta,revisado inicial CRM,sí,sí,no,,Espacio final preservado (fragmento con enlace).,,,"PO-only: en es.po, ausente del POT fresco -> huérfana/obsoleta; NO usar sin validación"
crm:9423a5af18b8df29,crm,crm,templates,templates,,Templates,Your login id is,Your login id is,,,Su ID de usuario es,,Su ID de usuario es,,,,,crm/templates/emails/helpdesk_invitation.html:6,crm/templates/emails/helpdesk_invitation.html:6,crm/templates/emails/helpdesk_invitation.html:6,jinja-html,,[],,,,,,,po_huérfana_o_obsoleta,revisado inicial CRM,sí,sí,no,,Cross-app: Your login id is=Su ID de usuario es.,,,"PO-only: en es.po, ausente del POT fresco -> huérfana/obsoleta; NO usar sin validación"
crm:9a9a6d4516dc46e5,crm,crm,src,src,,Src,at,at,,,,,a las,,,,,frontend/src/components/Calendar/EventNotifications.vue:33,frontend/src/components/Calendar/EventNotifications.vue:33,frontend/src/components/Calendar/EventNotifications.vue:33,client-js,,[],,,,,,,po_huérfana_o_obsoleta,revisado inicial CRM,sí,sí,no,,crossapp 'at'->'a las' (contexto de hora).,,,"PO-only: en es.po, ausente del POT fresco -> huérfana/obsoleta; NO usar sin validación"
crm:a020df14cfffbc18,crm,crm,src,src,,Src,before at,before at,,,,,antes a las,,,,,frontend/src/components/Settings/CalendarSettings.vue:221,frontend/src/components/Settings/CalendarSettings.vue:221,frontend/src/components/Settings/CalendarSettings.vue:221,client-js,,[],,,,,,,po_huérfana_o_obsoleta,revisado inicial CRM,sí,sí,no,,Fragmento UI 'before at'; especializado por composición de frase.,,,"PO-only: en es.po, ausente del POT fresco -> huérfana/obsoleta; NO usar sin validación"
crm:dbd953df8430fe7e,crm,crm,src,src,,Src,day,day,,,día,,día,,,,,frontend/src/components/Calendar/EventNotifications.vue:244,frontend/src/components/Calendar/EventNotifications.vue:244 || frontend/src/components/Settings/CalendarSettings.vue:120 || frontend/src/components/Settings/CalendarSettings.vue:209,frontend/src/components/Calendar/EventNotifications.vue:244 || frontend/src/components/Settings/CalendarSettings.vue:120 || frontend/src/components/Settings/CalendarSettings.vue:209,client-js,,[],,,,,,,po_huérfana_o_obsoleta,revisado inicial CRM,sí,sí,no,,,,,"PO-only: en es.po, ausente del POT fresco -> huérfana/obsoleta; NO usar sin validación"
crm:efa4de5361cad445,crm,crm,src,src,,Src,day before,day before,,,,,día antes,,,,,frontend/src/components/Calendar/EventNotifications.vue:175,frontend/src/components/Calendar/EventNotifications.vue:175 || frontend/src/components/Calendar/EventNotifications.vue:194,frontend/src/components/Calendar/EventNotifications.vue:175 || frontend/src/components/Calendar/EventNotifications.vue:194,client-js,,[],,,,,,,po_huérfana_o_obsoleta,revisado inicial CRM,sí,sí,no,,Recordatorio: '1 day before'.,,,"PO-only: en es.po, ausente del POT fresco -> huérfana/obsoleta; NO usar sin validación"
crm:715ed83cdcd1eb14,crm,crm,src,src,,Src,days,days,,,dias,,días,,,,,frontend/src/components/Calendar/EventNotifications.vue:244,frontend/src/components/Calendar/EventNotifications.vue:244 || frontend/src/components/Settings/CalendarSettings.vue:120 || frontend/src/components/Settings/CalendarSettings.vue:209,frontend/src/components/Calendar/EventNotifications.vue:244 || frontend/src/components/Settings/CalendarSettings.vue:120 || frontend/src/components/Settings/CalendarSettings.vue:209,client-js,,[],,,,,,,po_huérfana_o_obsoleta,revisado inicial CRM,sí,sí,no,,crossapp 'days'->'días'; 'dias' sin acento.,,,"PO-only: en es.po, ausente del POT fresco -> huérfana/obsoleta; NO usar sin validación"
crm:a69ce8a351e3ede4,crm,crm,src,src,,Src,days before,days before,,,,,días antes,,,,,frontend/src/components/Calendar/EventNotifications.vue:175,frontend/src/components/Calendar/EventNotifications.vue:175 || frontend/src/components/Calendar/EventNotifications.vue:194,frontend/src/components/Calendar/EventNotifications.vue:175 || frontend/src/components/Calendar/EventNotifications.vue:194,client-js,,[],,,,,,,po_huérfana_o_obsoleta,revisado inicial CRM,sí,sí,no,,,,,"PO-only: en es.po, ausente del POT fresco -> huérfana/obsoleta; NO usar sin validación"
crm:6af5bf800500b037,crm,crm,src,src,,Src,hour,hour,,,hora,,hora,,,,,frontend/src/components/Calendar/EventNotifications.vue:241,frontend/src/components/Calendar/EventNotifications.vue:241 || frontend/src/components/Settings/CalendarSettings.vue:116,frontend/src/components/Calendar/EventNotifications.vue:241 || frontend/src/components/Settings/CalendarSettings.vue:116,client-js,,[],,,,,,,po_huérfana_o_obsoleta,revisado inicial CRM,sí,sí,no,,,,,"PO-only: en es.po, ausente del POT fresco -> huérfana/obsoleta; NO usar sin validación"
crm:a50000d0c070f048,crm,crm,src,src,,Src,hour before,hour before,,,,,hora antes,,,,,frontend/src/components/Calendar/EventNotifications.vue:190,frontend/src/components/Calendar/EventNotifications.vue:190,frontend/src/components/Calendar/EventNotifications.vue:190,client-js,,[],,,,,,,po_huérfana_o_obsoleta,revisado inicial CRM,sí,sí,no,,Recordatorio: '1 hour before'.,,,"PO-only: en es.po, ausente del POT fresco -> huérfana/obsoleta; NO usar sin validación"
crm:e76b7d08e72cf409,crm,crm,src,src,,Src,hours,hours,,,horas,,horas,,,,,frontend/src/components/Calendar/EventNotifications.vue:241,frontend/src/components/Calendar/EventNotifications.vue:241 || frontend/src/components/Settings/CalendarSettings.vue:116,frontend/src/components/Calendar/EventNotifications.vue:241 || frontend/src/components/Settings/CalendarSettings.vue:116,client-js,,[],,,,,,,po_huérfana_o_obsoleta,revisado inicial CRM,sí,sí,no,,cross-app aprobado: hours->horas,,,"PO-only: en es.po, ausente del POT fresco -> huérfana/obsoleta; NO usar sin validación"
crm:c60f6b6a151acdcb,crm,crm,src,src,,Src,hours before,hours before,,,,,horas antes,,,,,frontend/src/components/Calendar/EventNotifications.vue:190,frontend/src/components/Calendar/EventNotifications.vue:190,frontend/src/components/Calendar/EventNotifications.vue:190,client-js,,[],,,,,,,po_huérfana_o_obsoleta,revisado inicial CRM,sí,sí,no,,recordatorio de evento: N horas antes,,,"PO-only: en es.po, ausente del POT fresco -> huérfana/obsoleta; NO usar sin validación"
crm:c0298fe1f1db0acb,crm,crm,src,src,,Src,minute,minute,,,minuto,,minuto,,,,,frontend/src/components/Calendar/EventNotifications.vue:238,frontend/src/components/Calendar/EventNotifications.vue:238 || frontend/src/components/Settings/CalendarSettings.vue:112,frontend/src/components/Calendar/EventNotifications.vue:238 || frontend/src/components/Settings/CalendarSettings.vue:112,client-js,,[],,,,,,,po_huérfana_o_obsoleta,revisado inicial CRM,sí,sí,no,,unidad de tiempo,,,"PO-only: en es.po, ausente del POT fresco -> huérfana/obsoleta; NO usar sin validación"
crm:afa805e9923aaeca,crm,crm,src,src,,Src,minute before,minute before,,,,,minuto antes,,,,,frontend/src/components/Calendar/EventNotifications.vue:186,frontend/src/components/Calendar/EventNotifications.vue:186,frontend/src/components/Calendar/EventNotifications.vue:186,client-js,,[],,,,,,,po_huérfana_o_obsoleta,revisado inicial CRM,sí,sí,no,,recordatorio: 1 minuto antes,,,"PO-only: en es.po, ausente del POT fresco -> huérfana/obsoleta; NO usar sin validación"
crm:e4e55657e2bed841,crm,crm,src,src,,Src,minutes,minutes,,,minutos,,minutos,,,,,frontend/src/components/Calendar/EventNotifications.vue:59,frontend/src/components/Calendar/EventNotifications.vue:59 || frontend/src/components/Calendar/EventNotifications.vue:120 || frontend/src/components/Calendar/EventNotifications.vue:238 || frontend/src/components/Settings/CalendarSettings.vue:112 || frontend/src/components/Settings/CalendarSettings.vue:128 || frontend/src/components/Settings/CalendarSettings.vue:217,frontend/src/components/Calendar/EventNotifications.vue:59 || frontend/src/components/Calendar/EventNotifications.vue:120 || frontend/src/components/Calendar/EventNotifications.vue:238 || frontend/src/components/Settings/CalendarSettings.vue:112 || frontend/src/components/Settings/CalendarSettings.vue:128 || frontend/src/components/Settings/CalendarSettings.vue:217,client-js,,[],,,,,,,po_huérfana_o_obsoleta,revisado inicial CRM,sí,sí,no,,unidad de tiempo,,,"PO-only: en es.po, ausente del POT fresco -> huérfana/obsoleta; NO usar sin validación"
crm:18311742944f7f3f,crm,crm,src,src,,Src,minutes before,minutes before,,,,,minutos antes,,,,,frontend/src/components/Calendar/EventNotifications.vue:186,frontend/src/components/Calendar/EventNotifications.vue:186,frontend/src/components/Calendar/EventNotifications.vue:186,client-js,,[],,,,,,,po_huérfana_o_obsoleta,revisado inicial CRM,sí,sí,no,,recordatorio: N minutos antes,,,"PO-only: en es.po, ausente del POT fresco -> huérfana/obsoleta; NO usar sin validación"
crm:20134d84132fd1c9,crm,crm,src,src,,Src,week,week,,,semana,,semana,,,,,frontend/src/components/Calendar/EventNotifications.vue:247,frontend/src/components/Calendar/EventNotifications.vue:247 || frontend/src/components/Settings/CalendarSettings.vue:124 || frontend/src/components/Settings/CalendarSettings.vue:213,frontend/src/components/Calendar/EventNotifications.vue:247 || frontend/src/components/Settings/CalendarSettings.vue:124 || frontend/src/components/Settings/CalendarSettings.vue:213,client-js,,[],,,,,,,po_huérfana_o_obsoleta,revisado inicial CRM,sí,sí,no,,unidad de tiempo,,,"PO-only: en es.po, ausente del POT fresco -> huérfana/obsoleta; NO usar sin validación"
crm:ca8db0abbaef432d,crm,crm,src,src,,Src,week before,week before,,,,,semana antes,,,,,frontend/src/components/Calendar/EventNotifications.vue:179,frontend/src/components/Calendar/EventNotifications.vue:179 || frontend/src/components/Calendar/EventNotifications.vue:198,frontend/src/components/Calendar/EventNotifications.vue:179 || frontend/src/components/Calendar/EventNotifications.vue:198,client-js,,[],,,,,,,po_huérfana_o_obsoleta,revisado inicial CRM,sí,sí,no,,recordatorio: 1 semana antes,,,"PO-only: en es.po, ausente del POT fresco -> huérfana/obsoleta; NO usar sin validación"
crm:0eed301decfaf75f,crm,crm,src,src,,Src,weeks,weeks,,,,,semanas,,,,,frontend/src/components/Calendar/EventNotifications.vue:247,frontend/src/components/Calendar/EventNotifications.vue:247 || frontend/src/components/Settings/CalendarSettings.vue:124 || frontend/src/components/Settings/CalendarSettings.vue:213,frontend/src/components/Calendar/EventNotifications.vue:247 || frontend/src/components/Settings/CalendarSettings.vue:124 || frontend/src/components/Settings/CalendarSettings.vue:213,client-js,,[],,,,,,,po_huérfana_o_obsoleta,revisado inicial CRM,sí,sí,no,,unidad de tiempo,,,"PO-only: en es.po, ausente del POT fresco -> huérfana/obsoleta; NO usar sin validación"
crm:1fe46247c00d4d6e,crm,crm,src,src,,Src,weeks before,weeks before,,,,,semanas antes,,,,,frontend/src/components/Calendar/EventNotifications.vue:179,frontend/src/components/Calendar/EventNotifications.vue:179 || frontend/src/components/Calendar/EventNotifications.vue:198,frontend/src/components/Calendar/EventNotifications.vue:179 || frontend/src/components/Calendar/EventNotifications.vue:198,client-js,,[],,,,,,,po_huérfana_o_obsoleta,revisado inicial CRM,sí,sí,no,,recordatorio: N semanas antes,,,"PO-only: en es.po, ausente del POT fresco -> huérfana/obsoleta; NO usar sin validación"
crm:7931f9b37edcca2d,crm,crm,src,src,,Src,{0} attendees,{0} attendees,,,{0} asistentes,,{0} asistentes,,,,,frontend/src/components/Calendar/CalendarEventPanel.vue:135,frontend/src/components/Calendar/CalendarEventPanel.vue:135,frontend/src/components/Calendar/CalendarEventPanel.vue:135,client-js,,[],{0},{0},{0},ok,,,po_huérfana_o_obsoleta,revisado inicial CRM,sí,sí,no,,Placeholder {0} preservado.,,,"PO-only: en es.po, ausente del POT fresco -> huérfana/obsoleta; NO usar sin validación"
crm:0ab1371e70162288,crm,crm,src,src,,Src,{0} awaiting,{0} awaiting,,,,,{0} en espera,,,,,frontend/src/components/Calendar/CalendarEventPanel.vue:655,frontend/src/components/Calendar/CalendarEventPanel.vue:655,frontend/src/components/Calendar/CalendarEventPanel.vue:655,client-js,,[],{0},,{0},ok,,,po_huérfana_o_obsoleta,revisado inicial CRM,sí,sí,no,,Placeholder {0}; asistentes pendientes de responder.,,,"PO-only: en es.po, ausente del POT fresco -> huérfana/obsoleta; NO usar sin validación"
crm:0d19d7c4f9719922,crm,crm,src,src,,Src,{0} hrs,{0} hrs,,,,,{0} h,,,,,frontend/src/composables/event.js:207,frontend/src/composables/event.js:207,frontend/src/composables/event.js:207,client-js,,[],{0},,{0},ok,,,po_huérfana_o_obsoleta,revisado inicial CRM,sí,sí,no,,'hrs' abreviatura de horas -> 'h'; {0} preservado.,,,"PO-only: en es.po, ausente del POT fresco -> huérfana/obsoleta; NO usar sin validación"
crm:e8d32c808576f84f,crm,crm,src,src,,Src,{0} is an Invalid Value,{0} is an Invalid Value,,,,,{0} es un valor no válido,,,,,frontend/src/components/Controls/EmailMultiSelect.vue:131,frontend/src/components/Controls/EmailMultiSelect.vue:131,frontend/src/components/Controls/EmailMultiSelect.vue:131,client-js,,[],{0},,{0},ok,,,po_huérfana_o_obsoleta,revisado inicial CRM,sí,sí,no,,placeholder {0},,,"PO-only: en es.po, ausente del POT fresco -> huérfana/obsoleta; NO usar sin validación"
crm:51f56465347d3261,crm,crm,src,src,,Src,{0} is an Invalid value,{0} is an Invalid value,,,,,{0} es un valor no válido,,,,,frontend/src/components/Calendar/Attendee.vue:126,frontend/src/components/Calendar/Attendee.vue:126,frontend/src/components/Calendar/Attendee.vue:126,client-js,,[],{0},,{0},ok,,,po_huérfana_o_obsoleta,revisado inicial CRM,sí,sí,no,,Placeholder {0} preservado.,,,"PO-only: en es.po, ausente del POT fresco -> huérfana/obsoleta; NO usar sin validación"
crm:463d4c9c5d746ce2,crm,crm,src,src,,Src,{0} maybe,{0} maybe,,,,,{0} quizás,,,,,frontend/src/components/Calendar/CalendarEventPanel.vue:651,frontend/src/components/Calendar/CalendarEventPanel.vue:651,frontend/src/components/Calendar/CalendarEventPanel.vue:651,client-js,,[],{0},,{0},ok,,,po_huérfana_o_obsoleta,revisado inicial CRM,sí,sí,no,,Placeholder {0}; conteo de respuesta 'maybe'.,,,"PO-only: en es.po, ausente del POT fresco -> huérfana/obsoleta; NO usar sin validación"
crm:a324edf420a59cfd,crm,crm,src,src,,Src,{0} mins,{0} mins,,,,,{0} min,,,,,frontend/src/composables/event.js:201,frontend/src/composables/event.js:201,frontend/src/composables/event.js:201,client-js,,[],{0},,{0},ok,,,po_huérfana_o_obsoleta,revisado inicial CRM,sí,sí,no,,'mins' -> 'min'; {0} preservado.,,,"PO-only: en es.po, ausente del POT fresco -> huérfana/obsoleta; NO usar sin validación"
crm:c9f485af4daf88e2,crm,crm,src,src,,Src,{0} no,{0} no,,,,,{0} no,,,,,frontend/src/components/Calendar/CalendarEventPanel.vue:647,frontend/src/components/Calendar/CalendarEventPanel.vue:647,frontend/src/components/Calendar/CalendarEventPanel.vue:647,client-js,,[],{0},,{0},ok,,,po_huérfana_o_obsoleta,revisado inicial CRM,sí,sí,no,,Placeholder {0}; conteo de respuesta 'no'.,,,"PO-only: en es.po, ausente del POT fresco -> huérfana/obsoleta; NO usar sin validación"
crm:a914d3df1ab8fbe0,crm,crm,src,src,,Src,{0} yes,{0} yes,,,,,{0} sí,,,,,frontend/src/components/Calendar/CalendarEventPanel.vue:645,frontend/src/components/Calendar/CalendarEventPanel.vue:645,frontend/src/components/Calendar/CalendarEventPanel.vue:645,client-js,,[],{0},,{0},ok,,,po_huérfana_o_obsoleta,revisado inicial CRM,sí,sí,no,,Placeholder {0}; conteo de respuesta 'yes'.,,,"PO-only: en es.po, ausente del POT fresco -> huérfana/obsoleta; NO usar sin validación"
erpnext:07adb7a5b5121a4a,erpnext,erpnext,setup,setup;stock,sí,Configuración,Purchase Expense Contra Account,Purchase Expense Contra Account,,,,,Cuenta de contrapartida de gasto de compra,,Label of the purchase_expense_contra_account (Link) field in DocType 'Company',etiqueta de campo/elemento,,erpnext/setup/doctype/company/company.json,erpnext/setup/doctype/company/company.json || erpnext/stock/doctype/item_default/item_default.json,erpnext/setup/doctype/company/company.json || erpnext/stock/doctype/item_default/item_default.json,doctype-json,Company,"[""Label of the purchase_expense_contra_account (Link) field in DocType 'Company'"", ""Label of the purchase_expense_contra_account (Link) field in DocType 'Item Default'""]",,,,,,,requiere revisión especializada,revisado segunda revisión ERPNext operaciones,sí,sí,,,DECIDIR: si 'Contra Account' debe traducirse como 'cuenta de contrapartida' o mantenerse término contable local. Propuesta es mejor intento.,,,
erpnext:a080c56eb7c01f46,erpnext,erpnext,manufacturing,manufacturing,,Manufactura,Qty to Manufacture,Qty to Manufacture,,,Cant. para producción,,Cant. para producción,,,,,erpnext/manufacturing/doctype/job_card/job_card.js:246,erpnext/manufacturing/doctype/job_card/job_card.js:246 || erpnext/manufacturing/doctype/job_card/job_card.py:906,erpnext/manufacturing/doctype/job_card/job_card.js:246 || erpnext/manufacturing/doctype/job_card/job_card.py:906,doctype-controller,Job Card,[],,,,,,,po_huérfana_o_obsoleta,revisado segunda revisión ERPNext operaciones,sí,sí,,,,,,"PO-only: en es.po, ausente del POT fresco -> huérfana/obsoleta; NO usar sin validación"
erpnext:885d6684bb9ed808,erpnext,erpnext,accounts,accounts;stock;subcontracting,sí,Ventas/Compras,Return,Return,,,Retornar,,Devolución,,CONFLICTO: en ventas/compras 'Return' = Devolución (nota de crédito); v16 lo tiene como 'Retornar' (acción). Separar por msgctxt según uso.,botón/acción,comercial,erpnext/accounts/doctype/pos_invoice/pos_invoice.js:79,erpnext/accounts/doctype/pos_invoice/pos_invoice.js:79 || erpnext/accounts/doctype/pos_invoice/pos_invoice.json || erpnext/accounts/doctype/purchase_invoice/purchase_invoice.json || erpnext/accounts/doctype/sales_invoice/sales_invoice.json || erpnext/accounts/doctype/sales_invoice/sales_invoice.py:291 || erpnext/stock/doctype/delivery_note/delivery_note.json || erpnext/stock/doctype/delivery_note/delivery_note_list.js:16 || erpnext/stock/doctype/purchase_receipt/purchase_receipt.json || erpnext/stock/doctype/purchase_receipt/purchase_receipt_list.js:15 || erpnext/subcontracting/doctype/subcontracting_inward_order/subcontracting_inward_order.js:138 || erpnext/subcontracting/doctype/subcontracting_inward_order/subcontracting_inward_order.js:167 || erpnext/subcontracting/doctype/subcontracting_inward_order/subcontracting_inward_order.js:175 || erpnext/subcontracting/doctype/subcontracting_receipt/subcontracting_receipt.json,erpnext/accounts/doctype/pos_invoice/pos_invoice.js:79 || erpnext/accounts/doctype/pos_invoice/pos_invoice.json || erpnext/accounts/doctype/purchase_invoice/purchase_invoice.json || erpnext/accounts/doctype/sales_invoice/sales_invoice.json || erpnext/accounts/doctype/sales_invoice/sales_invoice.py:291 || erpnext/stock/doctype/delivery_note/delivery_note.json || erpnext/stock/doctype/delivery_note/delivery_note_list.js:16 || erpnext/stock/doctype/purchase_receipt/purchase_receipt.json || erpnext/stock/doctype/purchase_receipt/purchase_receipt_list.js:15 || erpnext/subcontracting/doctype/subcontracting_inward_order/subcontracting_inward_order.js:138 || erpnext/subcontracting/doctype/subcontracting_inward_order/subcontracting_inward_order.js:167 || erpnext/subcontracting/doctype/subcontracting_inward_order/subcontracting_inward_order.js:175 || erpnext/subcontracting/doctype/subcontracting_receipt/subcontracting_receipt.json,doctype-controller,Pos Invoice,"[""Option for the 'Status' (Select) field in DocType 'Delivery Note'"", ""Option for the 'Status' (Select) field in DocType 'POS Invoice'"", ""Option for the 'Status' (Select) field in DocType 'Purchase Invoice'"", ""Option for the 'Status' (Select) field in DocType 'Purchase Receipt'"", ""Option for the 'Status' (Select) field in DocType 'Sales Invoice'"", ""Option for the 'Status' (Select) field in DocType 'Subcontracting Receipt'""]",,,,,,,conflicto de contexto,revisado (muestra etapa 2),sí,,,,CONFLICTO: en ventas/compras 'Return' = Devolución (nota de crédito); v16 lo tiene como 'Retornar' (acción). Separar por msgctxt según uso.,,,
erpnext:b2e7733d9f9fe6b4,erpnext,erpnext,manufacturing,manufacturing,,Manufactura,Set Finished Good Quantity,Set Finished Good Quantity,,,,,Establecer la cantidad de producto terminado,,,,,erpnext/manufacturing/doctype/job_card/job_card.js:362,erpnext/manufacturing/doctype/job_card/job_card.js:362 || erpnext/manufacturing/doctype/job_card/job_card.js:424,erpnext/manufacturing/doctype/job_card/job_card.js:362 || erpnext/manufacturing/doctype/job_card/job_card.js:424,doctype-controller,Job Card,[],,,,,,,po_huérfana_o_obsoleta,revisado segunda revisión ERPNext operaciones,sí,sí,,,,,,"PO-only: en es.po, ausente del POT fresco -> huérfana/obsoleta; NO usar sin validación"
erpnext:9d0f755fa9cd1266,erpnext,erpnext,assets,assets,,Manufactura/RRHH,Shift,Shift,,,Cambio,,Turno,,CONFLICTO: en manufactura/RRHH 'Shift' = Turno de trabajo; v16 lo tiene como 'Cambio'. Revisar por contexto.,campo,operativo,erpnext/assets/doctype/asset/asset.js:404,erpnext/assets/doctype/asset/asset.js:404 || erpnext/assets/doctype/depreciation_schedule/depreciation_schedule.json,erpnext/assets/doctype/asset/asset.js:404 || erpnext/assets/doctype/depreciation_schedule/depreciation_schedule.json,doctype-controller,Asset,"[""Label of the shift (Link) field in DocType 'Depreciation Schedule'""]",,,,,,,conflicto de contexto,revisado (muestra etapa 2),sí,,,,CONFLICTO: en manufactura/RRHH 'Shift' = Turno de trabajo; v16 lo tiene como 'Cambio'. Revisar por contexto.,,,
erpnext:74c17d9fb4477035,erpnext,erpnext,stock,public;stock;subcontracting;workspace_sidebar,sí,Inventarios,Stock Ledger,Stock Ledger,,,Mayor de Inventarios,,Kardex,,MX: 'Stock Ledger' suele llamarse 'Kardex'. Decisión de terminología (vs 'Libro de Inventario').,reporte,inventario,erpnext/public/js/controllers/stock_controller.js:97,erpnext/public/js/controllers/stock_controller.js:97 || erpnext/public/js/utils/ledger_preview.js:37 || erpnext/stock/doctype/item/item.js:158 || erpnext/stock/doctype/item/item_dashboard.py:8 || erpnext/stock/report/stock_ledger/stock_ledger.json || erpnext/stock/workspace/stock/stock.json || erpnext/subcontracting/doctype/subcontracting_receipt/subcontracting_receipt.js:36 || erpnext/workspace_sidebar/stock.json,erpnext/public/js/controllers/stock_controller.js:97 || erpnext/public/js/utils/ledger_preview.js:37 || erpnext/stock/doctype/item/item.js:158 || erpnext/stock/doctype/item/item_dashboard.py:8 || erpnext/stock/report/stock_ledger/stock_ledger.json || erpnext/stock/workspace/stock/stock.json || erpnext/subcontracting/doctype/subcontracting_receipt/subcontracting_receipt.js:36 || erpnext/workspace_sidebar/stock.json,client-js,Stock (Workspace),"[""Label of a Link in the Stock Workspace"", ""Label of a Workspace Sidebar Item"", ""Name of a report""]",,,,,,,requiere revisión especializada,revisado (muestra etapa 2),sí,,,,MX: 'Stock Ledger' suele llamarse 'Kardex'. Decisión de terminología (vs 'Libro de Inventario').,,,
erpnext:5a1dd739e622f4ee,erpnext,erpnext,manufacturing,manufacturing,,Manufactura,The {0} ({1}) must be equal to {2} ({3}),The {0} ({1}) must be equal to {2} ({3}),,,El {0} ({1}) debe ser igual a {2} ({3}),,El {0} ({1}) debe ser igual a {2} ({3}),,,,,erpnext/manufacturing/doctype/job_card/job_card.py:909,erpnext/manufacturing/doctype/job_card/job_card.py:909,erpnext/manufacturing/doctype/job_card/job_card.py:909,doctype-controller,Job Card,[],{0};{1};{2};{3},{0};{1};{2};{3},{0};{1};{2};{3},ok,,,po_huérfana_o_obsoleta,revisado segunda revisión ERPNext operaciones,sí,sí,,,,,,"PO-only: en es.po, ausente del POT fresco -> huérfana/obsoleta; NO usar sin validación"
erpnext:e328cb88b2dafd44,erpnext,erpnext,projects,projects,,Proyectos,Timeline,Timeline,,,Línea de tiempo,,,,,,,erpnext/projects/doctype/project/project.json,erpnext/projects/doctype/project/project.json || erpnext/projects/doctype/task/task.json,erpnext/projects/doctype/project/project.json || erpnext/projects/doctype/task/task.json,doctype-json,Project,[],,,,,,,po_huérfana_o_obsoleta,revisado segunda revisión ERPNext operaciones,sí,,,,"Huérfana confirmada (PO-only, ausente del POT fresco v16).",,,"PO-only: en es.po, ausente del POT fresco -> huérfana/obsoleta; NO usar sin validación"
erpnext:c64dc0ce15c6fa98,erpnext,erpnext,buying,buying;manufacturing;setup;stock;workspace_sidebar,sí,Compras,Tools,Tools,,,Herramientas,,,,,,,erpnext/buying/doctype/purchase_order/purchase_order.js:587,erpnext/buying/doctype/purchase_order/purchase_order.js:587 || erpnext/buying/doctype/purchase_order/purchase_order.js:663 || erpnext/buying/doctype/request_for_quotation/request_for_quotation.js:61 || erpnext/buying/doctype/request_for_quotation/request_for_quotation.js:149 || erpnext/buying/doctype/request_for_quotation/request_for_quotation.js:456 || erpnext/buying/doctype/request_for_quotation/request_for_quotation.js:465 || erpnext/buying/doctype/supplier_quotation/supplier_quotation.js:84 || erpnext/buying/report/supplier_quotation_comparison/supplier_quotation_comparison.js:123 || erpnext/manufacturing/workspace/manufacturing/manufacturing.json || erpnext/setup/doctype/email_digest/email_digest.json || erpnext/stock/workspace/stock/stock.json || erpnext/workspace_sidebar/manufacturing.json || erpnext/workspace_sidebar/stock.json,erpnext/buying/doctype/purchase_order/purchase_order.js:587 || erpnext/buying/doctype/purchase_order/purchase_order.js:663 || erpnext/buying/doctype/request_for_quotation/request_for_quotation.js:61 || erpnext/buying/doctype/request_for_quotation/request_for_quotation.js:149 || erpnext/buying/doctype/request_for_quotation/request_for_quotation.js:456 || erpnext/buying/doctype/request_for_quotation/request_for_quotation.js:465 || erpnext/buying/doctype/supplier_quotation/supplier_quotation.js:84 || erpnext/buying/report/supplier_quotation_comparison/supplier_quotation_comparison.js:123 || erpnext/manufacturing/workspace/manufacturing/manufacturing.json || erpnext/setup/doctype/email_digest/email_digest.json || erpnext/stock/workspace/stock/stock.json || erpnext/workspace_sidebar/manufacturing.json || erpnext/workspace_sidebar/stock.json,doctype-controller,Purchase Order,[],,,,,,,po_huérfana_o_obsoleta,pendiente de segunda revisión,,,,,,,,"PO-only: en es.po, ausente del POT fresco -> huérfana/obsoleta; NO usar sin validación"
erpnext:da4067ad22f4c7d0,erpnext,erpnext,templates,templates,,Templates,You haven't created a {0} yet,You haven't created a {0} yet,,,Aún no ha creado un {0},,,,,,,erpnext/templates/pages/projects.html:132,erpnext/templates/pages/projects.html:132,erpnext/templates/pages/projects.html:132,jinja-html,,[],{0},{0},,ok,,,po_huérfana_o_obsoleta,pendiente de segunda revisión,,,,,,,,"PO-only: en es.po, ausente del POT fresco -> huérfana/obsoleta; NO usar sin validación"
erpnext:02089975758b024a,erpnext,erpnext,projects,projects,,Proyectos,title,title,,,título,,,,Label of the title (Data) field in DocType 'Activity Cost',etiqueta de campo/elemento,,erpnext/projects/doctype/activity_cost/activity_cost.json,erpnext/projects/doctype/activity_cost/activity_cost.json,erpnext/projects/doctype/activity_cost/activity_cost.json,doctype-json,Activity Cost,"[""Label of the title (Data) field in DocType 'Activity Cost'""]",,,,,,,ambigua,revisado segunda revisión ERPNext operaciones,sí,,,,Etiqueta genérica minúscula; sin contexto de dónde aparece no se puede fijar mayúscula/uso. Va a bloque 06.,,,
frappe:90c0b758ba609336,frappe,frappe,desk,desk,,Plataforma,Alert,Alert,,,Alerta,,Alerta,,Option for the 'Type' (Select) field in DocType 'Notification Log',opción de campo select,,frappe/desk/doctype/notification_log/notification_log.json,frappe/desk/doctype/notification_log/notification_log.json,frappe/desk/doctype/notification_log/notification_log.json,doctype-json,Notification Log,[],,,,,,,po_huérfana_o_obsoleta,revisado segunda revisión Frappe 3,sí,,,,Correcta.,,,"PO-only: en es.po, ausente del POT fresco -> huérfana/obsoleta; NO usar sin validación"
frappe:a85ad9f1e7d3d03f,frappe,frappe,desk,desk,,Plataforma,Assignment,Assignment,,,,,Asignación,,Plataforma,título,todos,frappe/desk/doctype/notification_log/notification_log.json,frappe/desk/doctype/notification_log/notification_log.json,frappe/desk/doctype/notification_log/notification_log.json,doctype-json,Notification Log,[],,,,,,,po_huérfana_o_obsoleta,revisado (muestra etapa 2),sí,,,,,,,"PO-only: en es.po, ausente del POT fresco -> huérfana/obsoleta; NO usar sin validación"
frappe:68bd9966fc7c264c,frappe,frappe,desk,desk;public;workflow,sí,Plataforma,Count,Count,,,Contar,,Cantidad,,Label of the count (Int) field in DocType 'System Health Report Workers',etiqueta de campo/elemento,,frappe/desk/doctype/dashboard_chart/dashboard_chart.json,frappe/desk/doctype/dashboard_chart/dashboard_chart.json || frappe/desk/doctype/number_card/number_card.json || frappe/desk/doctype/system_health_report_workers/system_health_report_workers.json || frappe/public/js/frappe/ui/group_by/group_by.js:19 || frappe/public/js/frappe/ui/group_by/group_by.js:328 || frappe/workflow/doctype/workflow/workflow.js:166,frappe/desk/doctype/dashboard_chart/dashboard_chart.json || frappe/desk/doctype/number_card/number_card.json || frappe/desk/doctype/system_health_report_workers/system_health_report_workers.json || frappe/public/js/frappe/ui/group_by/group_by.js:19 || frappe/public/js/frappe/ui/group_by/group_by.js:328 || frappe/workflow/doctype/workflow/workflow.js:166,doctype-json,Dashboard Chart,"[""Label of the count (Int) field in DocType 'System Health Report Workers'"", ""Option for the 'Chart Type' (Select) field in DocType 'Dashboard Chart'"", ""Option for the 'Function' (Select) field in DocType 'Number Card'"", ""Option for the 'Group By Type' (Select) field in DocType 'Dashboard Chart'""]",,,,,,,conflicto de contexto,revisado segunda revisión Frappe 3,sí,,,,"Sin msgctxt que separe usos: como etiqueta/opción de agregación significa 'Recuento'/'Conteo', pero como acción de gráfico 'Count' puede necesitar 'Contar'. Los usos son incompatibles sin contexto.",,,
frappe:d222b232c968b375,frappe,frappe,desk,desk,,Plataforma,Document Link,Document Link,,,Enlace de documento,,Enlace de documento,,Label of the document_name (Data) field in DocType 'Notification Log',etiqueta de campo/elemento,,frappe/desk/doctype/notification_log/notification_log.json,frappe/desk/doctype/notification_log/notification_log.json,frappe/desk/doctype/notification_log/notification_log.json,doctype-json,Notification Log,[],,,,,,,po_huérfana_o_obsoleta,revisado segunda revisión Frappe 3,sí,sí,,,,,,"PO-only: en es.po, ausente del POT fresco -> huérfana/obsoleta; NO usar sin validación"
frappe:bb9eb1664c535ffe,frappe,frappe,desk,desk,,Plataforma,Energy Point,Energy Point,,,Punto de energía,,Punto de energía,,Option for the 'Type' (Select) field in DocType 'Notification Log',opción de campo select,,frappe/desk/doctype/notification_log/notification_log.json,frappe/desk/doctype/notification_log/notification_log.json,frappe/desk/doctype/notification_log/notification_log.json,doctype-json,Notification Log,[],,,,,,,po_huérfana_o_obsoleta,revisado segunda revisión Frappe 3,sí,,,,Energy Point (gamificación de Frappe); correcto.,,,"PO-only: en es.po, ausente del POT fresco -> huérfana/obsoleta; NO usar sin validación"
frappe:53807f07e8fa0178,frappe,frappe,database,database,,Database,"Fields must be a string, list, tuple, pypika Field, or pypika Function","Fields must be a string, list, tuple, pypika Field, or pypika Function",,,"Los campos deben ser una cadena, una lista, una tupla, un campo de Pypika o una función de Pypika",,"Los campos deben ser una cadena, lista, tupla, Field de pypika o Function de pypika",,,,,frappe/database/query.py:1124,frappe/database/query.py:1124,frappe/database/query.py:1124,python,,[],,,,,,,requiere revisión especializada,revisado segunda revisión Frappe 3,sí,,,,Mensaje técnico dev; términos pypika se mantienen. Revisar si conviene traducir.,,,
frappe:e127ae286125b9dd,frappe,frappe,core,core,,Plataforma,Login Before,Login Before,,,Iniciar antes,,Iniciar antes,,Label of the login_before (Int) field in DocType 'User',etiqueta de campo/elemento,,frappe/core/doctype/user/user.json,frappe/core/doctype/user/user.json,frappe/core/doctype/user/user.json,doctype-json,User,"[""Label of the login_before (Int) field in DocType 'User'""]",,,,,,,requiere revisión especializada,revisado segunda revisión Frappe 3,sí,,,,Campo 'Login Before' (Int) en User; función ambigua (¿nº de sesión/antes de fecha?). Revisar semántica antes de fijar.,,,
frappe:dba1a5f0be1d58b6,frappe,frappe,desk,desk,,Plataforma,Mention,Mention,,,Mencionar,,Mención,,Option for the 'Type' (Select) field in DocType 'Notification Log',opción de campo select,,frappe/desk/doctype/notification_log/notification_log.json,frappe/desk/doctype/notification_log/notification_log.json,frappe/desk/doctype/notification_log/notification_log.json,doctype-json,Notification Log,[],,,,,,,po_huérfana_o_obsoleta,revisado segunda revisión Frappe 3,sí,sí,,,Correcta. | corrección de convergencia global Gettext,,,"PO-only: en es.po, ausente del POT fresco -> huérfana/obsoleta; NO usar sin validación"
frappe:41ce1774465275e6,frappe,frappe,email,email,,Email,Rejected malformed encoded address header with synthesized '@': {0},Rejected malformed encoded address header with synthesized '@': {0},,,,,Se rechazó un encabezado de dirección codificado con formato incorrecto y '@' sintetizado: {0},,,,,frappe/email/receive.py:521,frappe/email/receive.py:521,frappe/email/receive.py:521,python,,[],{0},,{0},ok,,,requiere revisión especializada,revisado segunda revisión Frappe 3,sí,,,,Mensaje técnico de correo; revisar terminología de encabezados MIME. Placeholder preservado.,,,
frappe:f6cfaa60dd61771d,frappe,frappe,contacts,contacts,,Contacts,Sales Master Manager,Sales Master Manager,,,Gerente Principal de Ventas,,,,Name of a role,nombre de rol,,frappe/contacts/doctype/contact/contact.json,frappe/contacts/doctype/contact/contact.json,frappe/contacts/doctype/contact/contact.json,doctype-json,Contact,"[""Name of a role""]",,,,,,,requiere revisión especializada,revisado segunda revisión Frappe 3,sí,,,,"Nombre de rol ('Sales Master Manager', propiedad de ERPNext). Decidir política de traducción de nombres de rol entre apps antes de traducir; no se traduce unilateralmente.",,,
frappe:233eb37285ff166a,frappe,frappe,core,core;email;public;website,sí,Plataforma,Submit,Submit,,,Validar,,Enviar,,Confirma el documento (estado Submitted). Candidata a contribución al core.,botón/acción,todos,frappe/core/doctype/custom_docperm/custom_docperm.json,frappe/core/doctype/custom_docperm/custom_docperm.json || frappe/core/doctype/docperm/docperm.json || frappe/core/doctype/docshare/docshare.json || frappe/core/doctype/user_document_type/user_document_type.json || frappe/core/doctype/user_permission/user_permission_list.js:138 || frappe/email/doctype/notification/notification.json || frappe/public/js/frappe/form/quick_entry.js:255 || frappe/public/js/frappe/form/templates/set_sharing.html:4 || frappe/public/js/frappe/ui/capture.js:308 || frappe/website/web_form/request_to_delete_data/request_to_delete_data.json,frappe/core/doctype/custom_docperm/custom_docperm.json || frappe/core/doctype/docperm/docperm.json || frappe/core/doctype/docshare/docshare.json || frappe/core/doctype/user_document_type/user_document_type.json || frappe/core/doctype/user_permission/user_permission_list.js:138 || frappe/email/doctype/notification/notification.json || frappe/public/js/frappe/form/quick_entry.js:255 || frappe/public/js/frappe/form/templates/set_sharing.html:4 || frappe/public/js/frappe/ui/capture.js:308 || frappe/website/web_form/request_to_delete_data/request_to_delete_data.json,doctype-json,Custom Docperm,"[""Button label of the request-to-delete-data Web Form"", ""Label of the submit (Check) field in DocType 'Custom DocPerm'"", ""Label of the submit (Check) field in DocType 'DocPerm'"", ""Label of the submit (Check) field in DocType 'DocShare'"", ""Label of the submit (Check) field in DocType 'User Document Type'"", ""Option for the 'Send Alert On' (Select) field in DocType 'Notification'""]",,,,,,,conflicto de contexto,revisado segunda revisión Frappe 1,sí,sí,,,"Entrada 'Submit' SIN msgctxt: mezcla usos incompatibles (permiso/transición=confirmar, botón de formulario web=enviar, evento de notificación=Submit). Sin msgctxt no se puede resolver correctamente desde el catálogo local -> conflicto de contexto; usar las entradas con msgctxt.",,,
frappe:34f26f6ae272c89d,frappe,frappe,www,www,,Www,"Thank you for reaching out to us. We will get back to you at the earliest.


Your query:

{0}","Thank you for reaching out to us. We will get back to you at the earliest.


Your query:

{0}",,,"Gracias por ponerse en contacto con nosotros. Nos pondremos en contacto con usted lo antes posible.


Su consulta:

{0}",,"Gracias por ponerse en contacto con nosotros. Nos pondremos en contacto con usted lo antes posible.


Su consulta:

{0}",,,,,frappe/www/contact.py:47,frappe/www/contact.py:47,frappe/www/contact.py:47,python,,[],{0},{0},{0},ok,,,po_huérfana_o_obsoleta,revisado segunda revisión Frappe 3,sí,,,,Preserva {0} y saltos de línea; correcta.,,,"PO-only: en es.po, ausente del POT fresco -> huérfana/obsoleta; NO usar sin validación"
frappe:ebbfa76052429a18,frappe,frappe,core,core,,Plataforma,The field {0} is mandatory,The field {0} is mandatory,,,El campo {0} es obligatorio,,El campo {0} es obligatorio,,,,,frappe/core/doctype/user_type/user_type.py:79,frappe/core/doctype/user_type/user_type.py:79,frappe/core/doctype/user_type/user_type.py:79,doctype-controller,User Type,[],{0},{0},{0},ok,,,po_huérfana_o_obsoleta,revisado segunda revisión Frappe 3,sí,sí,,,Correcta; placeholder preservado.,,,"PO-only: en es.po, ausente del POT fresco -> huérfana/obsoleta; NO usar sin validación"
frappe:df8da472d5bfcdaa,frappe,frappe,core,core,,Plataforma,The role {0} should be a custom role.,The role {0} should be a custom role.,,,El Rol {0} debe ser un Rol personalizado.,,El rol {0} debe ser un rol personalizado.,,,,,frappe/core/doctype/user_type/user_type.py:83,frappe/core/doctype/user_type/user_type.py:83,frappe/core/doctype/user_type/user_type.py:83,doctype-controller,User Type,[],{0},{0},{0},ok,,,po_huérfana_o_obsoleta,revisado segunda revisión Frappe 3,sí,sí,,,Minúsculas en 'rol'; se preserva {0}.,,,"PO-only: en es.po, ausente del POT fresco -> huérfana/obsoleta; NO usar sin validación"
helpdesk:6ff205d8feeeb6c1,helpdesk,helpdesk,src,src,,Src,All Views,All Views,,,Todas las vistas,,,,,,,desk/src/components/layouts/Sidebar.vue:293,desk/src/components/layouts/Sidebar.vue:293,desk/src/components/layouts/Sidebar.vue:293,client-js,,[],,,,,,,po_huérfana_o_obsoleta,pendiente de segunda revisión,,,,,,,,"PO-only: en es.po, ausente del POT fresco -> huérfana/obsoleta; NO usar sin validación"
helpdesk:d3845dfd730c45f2,helpdesk,helpdesk,src,src,,Src,Assign yourself,Assign yourself,,,,,Asignárselo a usted mismo,,,,,desk/src/components/ticket-agent/AssignTo.vue:39,desk/src/components/ticket-agent/AssignTo.vue:39,desk/src/components/ticket-agent/AssignTo.vue:39,client-js,,[],,,,,,,po_huérfana_o_obsoleta,revisado inicial Helpdesk + pase dirigido,sí,,,,Reformulado a usted.,,,"PO-only: en es.po, ausente del POT fresco -> huérfana/obsoleta; NO usar sin validación"
helpdesk:ac424d76ab79d73b,helpdesk,helpdesk,src,src,,Src,Assignee's updated successfully.,Assignee's updated successfully.,,,,,Asignado actualizado correctamente.,,,,,desk/src/components/ticket-agent/AssignTo.vue:502,desk/src/components/ticket-agent/AssignTo.vue:502,desk/src/components/ticket-agent/AssignTo.vue:502,client-js,,[],,,,,,,po_huérfana_o_obsoleta,revisado inicial Helpdesk,sí,sí,,,Assignee singular.,,,"PO-only: en es.po, ausente del POT fresco -> huérfana/obsoleta; NO usar sin validación"
helpdesk:8aedd3175e91163b,helpdesk,helpdesk,src,src,,Src,Collapse,Collapse,,,Colapso,,Contraer,,,,,desk/src/components/layouts/Sidebar.vue:143,desk/src/components/layouts/Sidebar.vue:143,desk/src/components/layouts/Sidebar.vue:143,client-js,,[],,,,,,,po_huérfana_o_obsoleta,consolidación cross-app,sí,,,,,,,"PO-only: en es.po, ausente del POT fresco -> huérfana/obsoleta; NO usar sin validación"
helpdesk:6ad60a94740bf7c2,helpdesk,helpdesk,src,src,,Src,Expand,Expand,,,Expandir,,,,,,,desk/src/components/layouts/Sidebar.vue:143,desk/src/components/layouts/Sidebar.vue:143,desk/src/components/layouts/Sidebar.vue:143,client-js,,[],,,,,,,po_huérfana_o_obsoleta,pendiente de segunda revisión,,,,,,,,"PO-only: en es.po, ausente del POT fresco -> huérfana/obsoleta; NO usar sin validación"
helpdesk:0a3be0d1cd742f39,helpdesk,helpdesk,src,src,,Src,Failed to update Assignee's.,Failed to update Assignee's.,,,,,No se pudo actualizar el asignado.,,,,,desk/src/components/ticket-agent/AssignTo.vue:506,desk/src/components/ticket-agent/AssignTo.vue:506,desk/src/components/ticket-agent/AssignTo.vue:506,client-js,,[],,,,,,,po_huérfana_o_obsoleta,revisado inicial Helpdesk,sí,sí,,,,,,"PO-only: en es.po, ausente del POT fresco -> huérfana/obsoleta; NO usar sin validación"
helpdesk:34f0a687f4fabf71,helpdesk,helpdesk,src,src,,Src,Go to Ticket #{0},Go to Ticket #{0},,,Ir al ticket #{0},,Ir al ticket #{0},,,,,desk/src/components/command-palette/CP.vue:89,desk/src/components/command-palette/CP.vue:89,desk/src/components/command-palette/CP.vue:89,client-js,,[],{0},{0},{0},ok,,,po_huérfana_o_obsoleta,revisado inicial Helpdesk,sí,sí,,,Ticket minúscula en oración; placeholder {0} preservado.,,,"PO-only: en es.po, ausente del POT fresco -> huérfana/obsoleta; NO usar sin validación"
helpdesk:5211e7ab78af29f8,helpdesk,helpdesk,helpdesk,helpdesk,,Helpdesk,Guest,Guest,,,Invitado,,,,,,,helpdesk/helpdesk/doctype/hd_view/hd_view.json,helpdesk/helpdesk/doctype/hd_view/hd_view.json,helpdesk/helpdesk/doctype/hd_view/hd_view.json,doctype-json,Hd View,[],,,,,,,po_huérfana_o_obsoleta,pendiente de segunda revisión,,,,,,,,"PO-only: en es.po, ausente del POT fresco -> huérfana/obsoleta; NO usar sin validación"
helpdesk:81b9677472157b96,helpdesk,helpdesk,helpdesk,helpdesk,,Helpdesk,Integer value,Integer value,,,Valor entero,,Valor entero,,Label of the integer_value (Int) field in DocType 'HD Ticket Priority',etiqueta de campo/elemento,,helpdesk/helpdesk/doctype/hd_ticket_priority/hd_ticket_priority.json,helpdesk/helpdesk/doctype/hd_ticket_priority/hd_ticket_priority.json,helpdesk/helpdesk/doctype/hd_ticket_priority/hd_ticket_priority.json,doctype-json,Hd Ticket Priority,[],,,,,,,po_huérfana_o_obsoleta,revisado inicial Helpdesk,sí,sí,,,Natural MX.,,,"PO-only: en es.po, ausente del POT fresco -> huérfana/obsoleta; NO usar sin validación"
helpdesk:6591daee51f1aa1c,helpdesk,helpdesk,src,src,,Src,Jump to,Jump to,,,,,Ir a,,,,,desk/src/components/command-palette/CP.vue:114,desk/src/components/command-palette/CP.vue:114,desk/src/components/command-palette/CP.vue:114,client-js,,[],,,,,,,po_huérfana_o_obsoleta,revisado inicial Helpdesk,sí,sí,,,'Jump to' en paleta de comandos.,,,"PO-only: en es.po, ausente del POT fresco -> huérfana/obsoleta; NO usar sin validación"
helpdesk:05b536d0f075d4c0,helpdesk,helpdesk,helpdesk,helpdesk,,Helpdesk,"Lower the Integer value, higher is the priority of the issue","Lower the Integer value, higher is the priority of the issue",,,"Cuanto menor sea el valor, mayor será la prioridad del asunto",,"Cuanto menor sea el valor entero, mayor será la prioridad del ticket",,Description of the 'Integer value' (Int) field in DocType 'HD Ticket Priority',descripción,,helpdesk/helpdesk/doctype/hd_ticket_priority/hd_ticket_priority.json,helpdesk/helpdesk/doctype/hd_ticket_priority/hd_ticket_priority.json,helpdesk/helpdesk/doctype/hd_ticket_priority/hd_ticket_priority.json,doctype-json,Hd Ticket Priority,[],,,,,,,po_huérfana_o_obsoleta,revisado inicial Helpdesk,sí,sí,,,Ticket protegido; 'issue'→ticket en contexto helpdesk; se explicita 'valor entero' (Integer value).,,,"PO-only: en es.po, ausente del POT fresco -> huérfana/obsoleta; NO usar sin validación"
helpdesk:1ed705ce6a412b3b,helpdesk,helpdesk,src,src,,Src,My Team,My Team,,,Mi equipo,,,,,,,desk/src/components/SavedRepliesSelectorModal.vue:175,desk/src/components/SavedRepliesSelectorModal.vue:175 || desk/src/components/Settings/SavedReplies/SavedRepliesList.vue:337,desk/src/components/SavedRepliesSelectorModal.vue:175 || desk/src/components/Settings/SavedReplies/SavedRepliesList.vue:337,client-js,,[],,,,,,,po_huérfana_o_obsoleta,pendiente de segunda revisión,,,,,,,,"PO-only: en es.po, ausente del POT fresco -> huérfana/obsoleta; NO usar sin validación"
helpdesk:2817ec54e42e6210,helpdesk,helpdesk,src,src,,Src,"Search tickets, emails, comments, or #234 to navigate to ticket","Search tickets, emails, comments, or #234 to navigate to ticket",,,,,"Busca tickets, correos, comentarios, o #234 para ir a un ticket",,,,,desk/src/components/command-palette/CP.vue:12,desk/src/components/command-palette/CP.vue:12,desk/src/components/command-palette/CP.vue:12,client-js,,[],,,,,,,po_huérfana_o_obsoleta,revisado inicial Helpdesk,sí,sí,,,Ticket protegido; #234 preservado.,,,"PO-only: en es.po, ausente del POT fresco -> huérfana/obsoleta; NO usar sin validación"
helpdesk:ccd7914f5f40b11e,helpdesk,helpdesk,src,src,,Src,Ticket Info,Ticket Info,,,,,Información del ticket,,,,,desk/src/components/ticket-agent/TicketDetailsTab.vue:55,desk/src/components/ticket-agent/TicketDetailsTab.vue:55,desk/src/components/ticket-agent/TicketDetailsTab.vue:55,client-js,,[],,,,,,,po_huérfana_o_obsoleta,revisado inicial Helpdesk,sí,sí,,,,,,"PO-only: en es.po, ausente del POT fresco -> huérfana/obsoleta; NO usar sin validación"
helpdesk:c90fe6452b1fb39d,helpdesk,helpdesk,src,src,,Src,deleted,deleted,,,eliminado,,,,,,,desk/src/pages/ticket/Tickets.vue:563,desk/src/pages/ticket/Tickets.vue:563,desk/src/pages/ticket/Tickets.vue:563,client-js,,[],,,,,,,po_huérfana_o_obsoleta,pendiente de segunda revisión,,,,,,,,"PO-only: en es.po, ausente del POT fresco -> huérfana/obsoleta; NO usar sin validación"
helpdesk:f53393cb7e9458f9,helpdesk,helpdesk,src,src,,Src,published by,published by,,,,,,,,,,desk/src/pages/knowledge-base/Article.vue:197,desk/src/pages/knowledge-base/Article.vue:197,desk/src/pages/knowledge-base/Article.vue:197,client-js,,[],,,,,,,po_huérfana_o_obsoleta,pendiente de segunda revisión,,,,,,,,"PO-only: en es.po, ausente del POT fresco -> huérfana/obsoleta; NO usar sin validación"
hrms:ee1ad399754a437b,hrms,hrms,hr,hr,,Recursos Humanos,A Job Requisition for {0} requested by {1} already exists: {2},A Job Requisition for {0} requested by {1} already exists: {2},,,Ya existe una Solicitud de Trabajo para {0} solicitada por {1}: {2},,,,,,,hrms/hr/doctype/job_requisition/job_requisition.py:30,hrms/hr/doctype/job_requisition/job_requisition.py:30,hrms/hr/doctype/job_requisition/job_requisition.py:30,doctype-controller,Job Requisition,[],{0};{1};{2},{0};{1};{2},,ok,,,po_huérfana_o_obsoleta,revisado segunda revisión HRMS,sí,,,,No aparece en el código HRMS v16; obsoleta.,,,"PO-only: en es.po, ausente del POT fresco -> huérfana/obsoleta; NO usar sin validación"
hrms:fb1883b1685faa2a,hrms,hrms,hr,hr,,Recursos Humanos,"Advance Account is mandatory. Please set the <a href=""/app/company/{0}#default_employee_advance_account"" target=""_blank"">Default Employee Advance Account</a> in the Company record {0} and submit this document.","Advance Account is mandatory. Please set the <a href=""/app/company/{0}#default_employee_advance_account"" target=""_blank"">Default Employee Advance Account</a> in the Company record {0} and submit this document.",,,,,,,,,,hrms/hr/doctype/employee_advance/employee_advance.py:44,hrms/hr/doctype/employee_advance/employee_advance.py:44,hrms/hr/doctype/employee_advance/employee_advance.py:44,doctype-controller,Employee Advance,[],{0};{0},,,ok,,,po_huérfana_o_obsoleta,revisado segunda revisión HRMS,sí,,,,No aparece en el código HRMS v16; obsoleta.,,,"PO-only: en es.po, ausente del POT fresco -> huérfana/obsoleta; NO usar sin validación"
hrms:7924e18ae8940d32,hrms,hrms,hr,hr,,Recursos Humanos,Advance Paid (Company Currency),Advance Paid (Company Currency),,,,,,,,,,hrms/hr/doctype/expense_claim_advance/expense_claim_advance.json,hrms/hr/doctype/expense_claim_advance/expense_claim_advance.json,hrms/hr/doctype/expense_claim_advance/expense_claim_advance.json,doctype-json,Expense Claim Advance,[],,,,,,,po_huérfana_o_obsoleta,revisado segunda revisión HRMS,sí,,,,Coincidencia en hrms/hr/doctype/expense_claim_advance/expense_claim_advance.json pero no es cadena extraíble vigente (label/patch/no envuelta en _()); obsoleta.,,,"PO-only: en es.po, ausente del POT fresco -> huérfana/obsoleta; NO usar sin validación"
hrms:3799df8afb7edd25,hrms,hrms,hr,hr,,Recursos Humanos,Allow Leave Application After (Working Days),Allow Leave Application After (Working Days),,,,,,,,,,hrms/hr/doctype/leave_type/leave_type.json,hrms/hr/doctype/leave_type/leave_type.json,hrms/hr/doctype/leave_type/leave_type.json,doctype-json,Leave Type,[],,,,,,,po_huérfana_o_obsoleta,revisado segunda revisión HRMS,sí,,,,No aparece en el código HRMS v16; obsoleta.,,,"PO-only: en es.po, ausente del POT fresco -> huérfana/obsoleta; NO usar sin validación"
hrms:31955c453b928d8e,hrms,hrms,hr,hr,,Recursos Humanos,Attendance From Date,Attendance From Date,,,Asistencia desde fecha,,Asistencia Desde la Fecha,,Label of the att_fr_date (Date) field in DocType 'Upload Attendance',etiqueta de campo/elemento,,hrms/hr/doctype/upload_attendance/upload_attendance.json,hrms/hr/doctype/upload_attendance/upload_attendance.json,hrms/hr/doctype/upload_attendance/upload_attendance.json,doctype-json,Upload Attendance,[],,,,,,,po_huérfana_o_obsoleta,revisado segunda revisión HRMS,sí,sí,,,Consistencia con 'Hasta la Fecha'.,,,"PO-only: en es.po, ausente del POT fresco -> huérfana/obsoleta; NO usar sin validación"
hrms:b74428309be307bf,hrms,hrms,hr,hr,,Recursos Humanos,Attendance From Date and Attendance To Date is mandatory,Attendance From Date and Attendance To Date is mandatory,,,Asistencia 'Desde fecha' y 'Hasta fecha' son obligatorias,,Asistencia 'Desde fecha' y 'Hasta fecha' son obligatorias,,,,,hrms/hr/doctype/upload_attendance/upload_attendance.js:20,hrms/hr/doctype/upload_attendance/upload_attendance.js:20,hrms/hr/doctype/upload_attendance/upload_attendance.js:20,doctype-controller,Upload Attendance,[],,,,,,,po_huérfana_o_obsoleta,revisado segunda revisión HRMS,sí,sí,,,,,,"PO-only: en es.po, ausente del POT fresco -> huérfana/obsoleta; NO usar sin validación"
hrms:3107e8c44fe27d89,hrms,hrms,hr,hr,,Recursos Humanos,Attendance To Date,Attendance To Date,,,Asistencia a la Fecha,,Asistencia Hasta la Fecha,,Label of the att_to_date (Date) field in DocType 'Upload Attendance',etiqueta de campo/elemento,,hrms/hr/doctype/upload_attendance/upload_attendance.json,hrms/hr/doctype/upload_attendance/upload_attendance.json,hrms/hr/doctype/upload_attendance/upload_attendance.json,doctype-json,Upload Attendance,[],,,,,,,po_huérfana_o_obsoleta,revisado segunda revisión HRMS,sí,sí,,,'a la Fecha' ambigua; es fecha final de rango.,,,"PO-only: en es.po, ausente del POT fresco -> huérfana/obsoleta; NO usar sin validación"
hrms:b1a0aa71be01d191,hrms,hrms,payroll,payroll,,Nómina,Base & Variable,Base & Variable,,,,,,,,,,hrms/payroll/doctype/salary_structure_assignment/salary_structure_assignment.json,hrms/payroll/doctype/salary_structure_assignment/salary_structure_assignment.json,hrms/payroll/doctype/salary_structure_assignment/salary_structure_assignment.json,doctype-json,Salary Structure Assignment,[],,,,,,,po_huérfana_o_obsoleta,revisado segunda revisión HRMS,sí,,,,No aparece en el código HRMS v16; obsoleta.,,,"PO-only: en es.po, ausente del POT fresco -> huérfana/obsoleta; NO usar sin validación"
hrms:4a0d822276e02ffa,hrms,hrms,hr,hr,,Recursos Humanos,"Choose how the hourly overtime amount is calculated:
<ol style=""padding-left:15px;""><li>Fixed Hourly Rate: A fixed, manually entered hourly rate.</li>
<li>Salary Component-Based:

(Sum of selected component amounts) ÷ (Payment Days) ÷ (Standard Daily Hours)</li></ol>","Choose how the hourly overtime amount is calculated:
<ol style=""padding-left:15px;""><li>Fixed Hourly Rate: A fixed, manually entered hourly rate.</li>
<li>Salary Component-Based:

(Sum of selected component amounts) ÷ (Payment Days) ÷ (Standard Daily Hours)</li></ol>",,,,,,,,,,hrms/hr/doctype/overtime_type/overtime_type.json,hrms/hr/doctype/overtime_type/overtime_type.json,hrms/hr/doctype/overtime_type/overtime_type.json,doctype-json,Overtime Type,[],,,,,,,po_huérfana_o_obsoleta,revisado segunda revisión HRMS,sí,,,,Coincidencia en hrms/hr/doctype/overtime_type/overtime_type.json pero no es cadena extraíble vigente (label/patch/no envuelta en _()); obsoleta.,,,"PO-only: en es.po, ausente del POT fresco -> huérfana/obsoleta; NO usar sin validación"
hrms:f92ee3cf29b204fc,hrms,hrms,hr,hr,,Recursos Humanos,Cleared,Cleared,,,,,,,,,,hrms/hr/doctype/interview/interview.json,hrms/hr/doctype/interview/interview.json || hrms/hr/doctype/interview_feedback/interview_feedback.json,hrms/hr/doctype/interview/interview.json || hrms/hr/doctype/interview_feedback/interview_feedback.json,doctype-json,Interview,[],,,,,,,po_huérfana_o_obsoleta,revisado segunda revisión HRMS,sí,,,,Coincidencia en hrms/hr/doctype/interview_feedback/interview_feedback.json pero no es cadena extraíble vigente (label/patch/no envuelta en _()); obsoleta.,,,"PO-only: en es.po, ausente del POT fresco -> huérfana/obsoleta; NO usar sin validación"
hrms:5545df178e0f84b7,hrms,hrms,hr,hr,,Recursos Humanos,Duplicate Job Requisition,Duplicate Job Requisition,,,,,,,,,,hrms/hr/doctype/job_requisition/job_requisition.py:35,hrms/hr/doctype/job_requisition/job_requisition.py:35,hrms/hr/doctype/job_requisition/job_requisition.py:35,doctype-controller,Job Requisition,[],,,,,,,po_huérfana_o_obsoleta,revisado segunda revisión HRMS,sí,,,,No aparece en el código HRMS v16; obsoleta.,,,"PO-only: en es.po, ausente del POT fresco -> huérfana/obsoleta; NO usar sin validación"
hrms:b47716cdfea1e07b,hrms,hrms,hr,hr,,Recursos Humanos,Employee Journey,Employee Journey,,,,,,,,,,hrms/hr/workspace/tenure/tenure.json,hrms/hr/workspace/tenure/tenure.json,hrms/hr/workspace/tenure/tenure.json,workspace,,[],,,,,,,po_huérfana_o_obsoleta,revisado segunda revisión HRMS,sí,,,,No aparece en el código HRMS v16; obsoleta.,,,"PO-only: en es.po, ausente del POT fresco -> huérfana/obsoleta; NO usar sin validación"
hrms:485ebf25e90fbf1d,hrms,hrms,hr,hr,,Recursos Humanos,Enter Interview Round,Enter Interview Round,,,,,,,,,,hrms/hr/doctype/job_applicant/job_applicant.js:86,hrms/hr/doctype/job_applicant/job_applicant.js:86,hrms/hr/doctype/job_applicant/job_applicant.js:86,doctype-controller,Job Applicant,[],,,,,,,po_huérfana_o_obsoleta,revisado segunda revisión HRMS,sí,,,,No aparece en el código HRMS v16; obsoleta.,,,"PO-only: en es.po, ausente del POT fresco -> huérfana/obsoleta; NO usar sin validación"
hrms:a0397918dfb9c077,hrms,hrms,hr,hr,,Recursos Humanos,Error in some rows,Error in some rows,,,,,Error en algunas filas,,,,,hrms/hr/doctype/upload_attendance/upload_attendance.js:57,hrms/hr/doctype/upload_attendance/upload_attendance.js:57,hrms/hr/doctype/upload_attendance/upload_attendance.js:57,doctype-controller,Upload Attendance,[],,,,,,,po_huérfana_o_obsoleta,revisado segunda revisión HRMS,sí,sí,,,,,,"PO-only: en es.po, ausente del POT fresco -> huérfana/obsoleta; NO usar sin validación"
hrms:0b69ab66007b0b00,hrms,hrms,hr,hr,,Recursos Humanos,Get Template,Get Template,,,Obtener Plantilla,,Obtener Plantilla,,Label of the get_template (Button) field in DocType 'Upload Attendance',etiqueta de campo/elemento,,hrms/hr/doctype/upload_attendance/upload_attendance.json,hrms/hr/doctype/upload_attendance/upload_attendance.json,hrms/hr/doctype/upload_attendance/upload_attendance.json,doctype-json,Upload Attendance,[],,,,,,,po_huérfana_o_obsoleta,revisado segunda revisión HRMS,sí,sí,,,,,,"PO-only: en es.po, ausente del POT fresco -> huérfana/obsoleta; NO usar sin validación"
hrms:84e302a2871c03ad,hrms,hrms,hr,hr,,Recursos Humanos,HR Dashboard,HR Dashboard,,,Cuadro de mandos de RRHH,,,,,,,hrms/hr/workspace/hr/hr.json,hrms/hr/workspace/hr/hr.json,hrms/hr/workspace/hr/hr.json,workspace,,[],,,,,,,po_huérfana_o_obsoleta,revisado segunda revisión HRMS,sí,,,,No aparece en el código HRMS v16; obsoleta.,,,"PO-only: en es.po, ausente del POT fresco -> huérfana/obsoleta; NO usar sin validación"
hrms:7027bca3da5737da,hrms,hrms,hr,hr,,Recursos Humanos,Import Attendance,Import Attendance,,,Asistente de importación,,Importar Asistencia,,Label of the upload_attendance_data (Section Break) field in DocType 'Upload Attendance',etiqueta de campo/elemento,,hrms/hr/doctype/upload_attendance/upload_attendance.json,hrms/hr/doctype/upload_attendance/upload_attendance.json,hrms/hr/doctype/upload_attendance/upload_attendance.json,doctype-json,Upload Attendance,[],,,,,,,po_huérfana_o_obsoleta,revisado segunda revisión HRMS,sí,sí,,,Import Attendance; estaba 'Asistente de importacion',,,"PO-only: en es.po, ausente del POT fresco -> huérfana/obsoleta; NO usar sin validación"
hrms:a10aad76c0fb3b3d,hrms,hrms,hr,hr,,Recursos Humanos,Interview Round,Interview Round,,,,,,,,,,hrms/hr/doctype/interview/interview.json,hrms/hr/doctype/interview/interview.json || hrms/hr/doctype/interview_feedback/interview_feedback.json || hrms/hr/doctype/interview_round/interview_round.json || hrms/hr/doctype/job_applicant/job_applicant_dashboard.html:8 || hrms/hr/workspace/recruitment/recruitment.json,hrms/hr/doctype/interview/interview.json || hrms/hr/doctype/interview_feedback/interview_feedback.json || hrms/hr/doctype/interview_round/interview_round.json || hrms/hr/doctype/job_applicant/job_applicant_dashboard.html:8 || hrms/hr/workspace/recruitment/recruitment.json,doctype-json,Interview,[],,,,,,,po_huérfana_o_obsoleta,revisado segunda revisión HRMS,sí,,,,Coincidencia en hrms/patches/v16_0/merge_interview_round_with_interview_type.py pero no es cadena extraíble vigente (label/patch/no envuelta en _()); obsoleta.,,,"PO-only: en es.po, ausente del POT fresco -> huérfana/obsoleta; NO usar sin validación"
hrms:9dd8197373765363,hrms,hrms,hr,hr,,Recursos Humanos,Interview Round {0} is only applicable for the Designation {1},Interview Round {0} is only applicable for the Designation {1},,,,,,,,,,hrms/hr/doctype/job_applicant/job_applicant.py:72,hrms/hr/doctype/job_applicant/job_applicant.py:72,hrms/hr/doctype/job_applicant/job_applicant.py:72,doctype-controller,Job Applicant,[],{0};{1},,,ok,,,po_huérfana_o_obsoleta,revisado segunda revisión HRMS,sí,,,,No aparece en el código HRMS v16; obsoleta.,,,"PO-only: en es.po, ausente del POT fresco -> huérfana/obsoleta; NO usar sin validación"
hrms:43fcd8d376fe7ded,hrms,hrms,hr,hr,,Recursos Humanos,Interview Round {0} is only for Designation {1}. Job Applicant has applied for the role {2},Interview Round {0} is only for Designation {1}. Job Applicant has applied for the role {2},,,,,,,,,,hrms/hr/doctype/interview/interview.py:52,hrms/hr/doctype/interview/interview.py:52,hrms/hr/doctype/interview/interview.py:52,doctype-controller,Interview,[],{0};{1};{2},,,ok,,,po_huérfana_o_obsoleta,revisado segunda revisión HRMS,sí,,,,No aparece en el código HRMS v16; obsoleta.,,,"PO-only: en es.po, ausente del POT fresco -> huérfana/obsoleta; NO usar sin validación"
hrms:455b4864c489026e,hrms,hrms,hr,hr,,Recursos Humanos,Job Applicants are not allowed to appear twice for the same Interview round. Interview {0} already scheduled for Job Applicant {1},Job Applicants are not allowed to appear twice for the same Interview round. Interview {0} already scheduled for Job Applicant {1},,,,,,,,,,hrms/hr/doctype/interview/interview.py:39,hrms/hr/doctype/interview/interview.py:39,hrms/hr/doctype/interview/interview.py:39,doctype-controller,Interview,[],{0};{1},,,ok,,,po_huérfana_o_obsoleta,revisado segunda revisión HRMS,sí,,,,No aparece en el código HRMS v16; obsoleta.,,,"PO-only: en es.po, ausente del POT fresco -> huérfana/obsoleta; NO usar sin validación"
hrms:4a2d9b46fdf25827,hrms,hrms,hr,hr,,Recursos Humanos,Job Application Route,Job Application Route,,,,,,,,,,hrms/hr/doctype/job_opening/job_opening.json,hrms/hr/doctype/job_opening/job_opening.json,hrms/hr/doctype/job_opening/job_opening.json,doctype-json,Job Opening,[],,,,,,,po_huérfana_o_obsoleta,revisado segunda revisión HRMS,sí,,,,No aparece en el código HRMS v16; obsoleta.,,,"PO-only: en es.po, ausente del POT fresco -> huérfana/obsoleta; NO usar sin validación"
hrms:b7d995418a3c5938,hrms,hrms,hr,hr,,Recursos Humanos,Leave and Expense Claim Settings,Leave and Expense Claim Settings,,,,,,,,,,hrms/hr/doctype/hr_settings/hr_settings.json,hrms/hr/doctype/hr_settings/hr_settings.json,hrms/hr/doctype/hr_settings/hr_settings.json,doctype-json,Hr Settings,[],,,,,,,po_huérfana_o_obsoleta,revisado segunda revisión HRMS,sí,,,,Coincidencia en hrms/hr/doctype/hr_settings/hr_settings.js pero no es cadena extraíble vigente (label/patch/no envuelta en _()); obsoleta.,,,"PO-only: en es.po, ausente del POT fresco -> huérfana/obsoleta; NO usar sin validación"
hrms:7c20aae2d3c36830,hrms,hrms,hr,hr,,Recursos Humanos,Minimum working days required since Date of Joining to apply for this leave,Minimum working days required since Date of Joining to apply for this leave,,,,,,,,,,hrms/hr/doctype/leave_type/leave_type.json,hrms/hr/doctype/leave_type/leave_type.json,hrms/hr/doctype/leave_type/leave_type.json,doctype-json,Leave Type,[],,,,,,,po_huérfana_o_obsoleta,revisado segunda revisión HRMS,sí,,,,No aparece en el código HRMS v16; obsoleta.,,,"PO-only: en es.po, ausente del POT fresco -> huérfana/obsoleta; NO usar sin validación"
hrms:79aecca093564779,hrms,hrms,hr,hr,,Recursos Humanos,New Leave(s) Allocated,New Leave(s) Allocated,,,,,,,,,,hrms/hr/report/employee_leave_balance/employee_leave_balance.py:61,hrms/hr/report/employee_leave_balance/employee_leave_balance.py:61,hrms/hr/report/employee_leave_balance/employee_leave_balance.py:61,report,,[],,,,,,,po_huérfana_o_obsoleta,revisado segunda revisión HRMS,sí,,,,No aparece en el código HRMS v16; obsoleta.,,,"PO-only: en es.po, ausente del POT fresco -> huérfana/obsoleta; NO usar sin validación"
hrms:faad424c2a2d8029,hrms,hrms,hr,hr,,Recursos Humanos,No attendance records to create,No attendance records to create,,,,,,,,,,hrms/hr/doctype/attendance_request/attendance_request.py:40,hrms/hr/doctype/attendance_request/attendance_request.py:40,hrms/hr/doctype/attendance_request/attendance_request.py:40,doctype-controller,Attendance Request,[],,,,,,,po_huérfana_o_obsoleta,revisado segunda revisión HRMS,sí,,,,Coincidencia en hrms/hr/doctype/attendance_request/attendance_request.py pero no es cadena extraíble vigente (label/patch/no envuelta en _()); obsoleta.,,,"PO-only: en es.po, ausente del POT fresco -> huérfana/obsoleta; NO usar sin validación"
hrms:5ca6b9417e903d07,hrms,hrms,setup.py,setup.py,,Setup.Py,Others,Others,,,Otros,,,,,,,hrms/setup.py:335,hrms/setup.py:335,hrms/setup.py:335,python,,[],,,,,,,po_huérfana_o_obsoleta,revisado segunda revisión HRMS,sí,,,,Coincidencia en hrms/setup.py pero no es cadena extraíble vigente (label/patch/no envuelta en _()); obsoleta.,,,"PO-only: en es.po, ausente del POT fresco -> huérfana/obsoleta; NO usar sin validación"
hrms:9e57684619ad9899,hrms,hrms,hr,hr,,Recursos Humanos,Payable Account is mandatory to submit an Expense Claim,Payable Account is mandatory to submit an Expense Claim,,,,,La Cuenta por Pagar es obligatoria para confirmar un Reembolso de Gastos,,,,,hrms/hr/doctype/expense_claim/expense_claim.py:137,hrms/hr/doctype/expense_claim/expense_claim.py:137,hrms/hr/doctype/expense_claim/expense_claim.py:137,doctype-controller,Expense Claim,[],,,,,,,po_huérfana_o_obsoleta,revisado segunda revisión HRMS,sí,sí,,,,,,"PO-only: en es.po, ausente del POT fresco -> huérfana/obsoleta; NO usar sin validación"
hrms:276d51918e1044fa,hrms,hrms,hr,hr,,Recursos Humanos,Payroll Dashboard,Payroll Dashboard,,,,,,,,,,hrms/hr/workspace/hr/hr.json,hrms/hr/workspace/hr/hr.json,hrms/hr/workspace/hr/hr.json,workspace,,[],,,,,,,po_huérfana_o_obsoleta,revisado segunda revisión HRMS,sí,,,,No aparece en el código HRMS v16; obsoleta.,,,"PO-only: en es.po, ausente del POT fresco -> huérfana/obsoleta; NO usar sin validación"
hrms:61237d031fda0af0,hrms,hrms,hr,hr,,Recursos Humanos,Please check if employee is on leave or attendance with the same status exists for selected day(s).,Please check if employee is on leave or attendance with the same status exists for selected day(s).,,,,,,,,,,hrms/hr/doctype/attendance_request/attendance_request.py:41,hrms/hr/doctype/attendance_request/attendance_request.py:41,hrms/hr/doctype/attendance_request/attendance_request.py:41,doctype-controller,Attendance Request,[],,,,,,,po_huérfana_o_obsoleta,revisado segunda revisión HRMS,sí,,,,No aparece en el código HRMS v16; obsoleta.,,,"PO-only: en es.po, ausente del POT fresco -> huérfana/obsoleta; NO usar sin validación"
hrms:1c1e2e733f0f77ee,hrms,hrms,hr,hr,,Recursos Humanos,Please select a csv file,Please select a csv file,,,"Por favor, seleccione un archivo csv",,"Por favor, seleccione un archivo csv",,,,,hrms/hr/doctype/upload_attendance/upload_attendance.py:172,hrms/hr/doctype/upload_attendance/upload_attendance.py:172,hrms/hr/doctype/upload_attendance/upload_attendance.py:172,doctype-controller,Upload Attendance,[],,,,,,,po_huérfana_o_obsoleta,revisado segunda revisión HRMS,sí,sí,,,,,,"PO-only: en es.po, ausente del POT fresco -> huérfana/obsoleta; NO usar sin validación"
hrms:c44401fd8960e879,hrms,hrms,hr,hr,,Recursos Humanos,Please setup numbering series for Attendance via Setup > Numbering Series,Please setup numbering series for Attendance via Setup > Numbering Series,,,Configure la serie de numeración para la asistencia a través de Configuración&gt; Serie de numeración,,Configure la serie de numeración para la asistencia en Configuración > Serie de Numeración,,,,,hrms/hr/doctype/upload_attendance/upload_attendance.py:159,hrms/hr/doctype/upload_attendance/upload_attendance.py:159,hrms/hr/doctype/upload_attendance/upload_attendance.py:159,doctype-controller,Upload Attendance,[],,,,,,,po_huérfana_o_obsoleta,revisado segunda revisión HRMS,sí,sí,,,'&gt;' entidad HTML; simplificado,,,"PO-only: en es.po, ausente del POT fresco -> huérfana/obsoleta; NO usar sin validación"
hrms:df05f2470d1df5c0,hrms,hrms,hr,hr,,Recursos Humanos,Posted On,Posted On,,,,,,,,,,hrms/hr/doctype/job_opening/job_opening.json,hrms/hr/doctype/job_opening/job_opening.json,hrms/hr/doctype/job_opening/job_opening.json,doctype-json,Job Opening,[],,,,,,,po_huérfana_o_obsoleta,revisado segunda revisión HRMS,sí,,,,Coincidencia en hrms/hr/doctype/job_opening/job_opening.json pero no es cadena extraíble vigente (label/patch/no envuelta en _()); obsoleta.,,,"PO-only: en es.po, ausente del POT fresco -> huérfana/obsoleta; NO usar sin validación"
hrms:cff5cecd8ba3d479,hrms,hrms,hr,hr,,Recursos Humanos,Promotion,Promotion,,,,,,,,,,hrms/hr/workspace/performance/performance.json,hrms/hr/workspace/performance/performance.json,hrms/hr/workspace/performance/performance.json,workspace,,[],,,,,,,po_huérfana_o_obsoleta,revisado segunda revisión HRMS,sí,,,,Coincidencia en hrms/overrides/dashboard_overrides.py pero no es cadena extraíble vigente (label/patch/no envuelta en _()); obsoleta.,,,"PO-only: en es.po, ausente del POT fresco -> huérfana/obsoleta; NO usar sin validación"
hrms:0f710406e1e8de08,hrms,hrms,hr,hr,,Recursos Humanos,Round Name,Round Name,,,,,,,,,,hrms/hr/doctype/interview_round/interview_round.json,hrms/hr/doctype/interview_round/interview_round.json,hrms/hr/doctype/interview_round/interview_round.json,doctype-json,Interview Round,[],,,,,,,po_huérfana_o_obsoleta,revisado segunda revisión HRMS,sí,,,,No aparece en el código HRMS v16; obsoleta.,,,"PO-only: en es.po, ausente del POT fresco -> huérfana/obsoleta; NO usar sin validación"
hrms:1186f9bc597c1e98,hrms,hrms,hr,hr,,Recursos Humanos,Select Interview Round First,Select Interview Round First,,,,,,,,,,hrms/hr/doctype/interview/interview.js:209,hrms/hr/doctype/interview/interview.js:209,hrms/hr/doctype/interview/interview.js:209,doctype-controller,Interview,[],,,,,,,po_huérfana_o_obsoleta,revisado segunda revisión HRMS,sí,,,,No aparece en el código HRMS v16; obsoleta.,,,"PO-only: en es.po, ausente del POT fresco -> huérfana/obsoleta; NO usar sin validación"
hrms:d14f447a91f2749f,hrms,hrms,setup.py,setup.py,,Recursos Humanos,Sick Leave,Sick Leave,,,Permiso por enfermedad,,Incapacidad,,MX: 'Sick Leave' suele ser 'Incapacidad' (IMSS) vs 'Permiso por enfermedad'. Decisión de terminología laboral MX.,opción,rrhh,hrms/setup.py:371,hrms/setup.py:371 || hrms/setup.py:372,hrms/setup.py:365 || hrms/setup.py:366,python,,[],,,,,,,requiere revisión especializada,revisado (muestra etapa 2),sí,,sí,,MX: 'Sick Leave' suele ser 'Incapacidad' (IMSS) vs 'Permiso por enfermedad'. Decisión de terminología laboral MX.,,,
hrms:2a949510b88d1bea,hrms,hrms,hr,hr,,Recursos Humanos,Source and Rating,Source and Rating,,,,,,,,,,hrms/hr/doctype/job_applicant/job_applicant.json,hrms/hr/doctype/job_applicant/job_applicant.json,hrms/hr/doctype/job_applicant/job_applicant.json,doctype-json,Job Applicant,[],,,,,,,po_huérfana_o_obsoleta,revisado segunda revisión HRMS,sí,,,,No aparece en el código HRMS v16; obsoleta.,,,"PO-only: en es.po, ausente del POT fresco -> huérfana/obsoleta; NO usar sin validación"
hrms:d8e793978dbba99c,hrms,hrms,www,www,,Www,This method is only meant for developer mode,This method is only meant for developer mode,,,,,,,,,,hrms/www/hrms.py:19,hrms/www/hrms.py:19,hrms/www/hrms.py:19,python,,[],,,,,,,po_huérfana_o_obsoleta,revisado segunda revisión HRMS,sí,,,,Coincidencia en hrms/www/hrms.py pero no es cadena extraíble vigente (label/patch/no envuelta en _()); obsoleta.,,,"PO-only: en es.po, ausente del POT fresco -> huérfana/obsoleta; NO usar sin validación"
hrms:e2c487c91719630b,hrms,hrms,hr,hr,,Recursos Humanos,To Date should be greater than From Date,To Date should be greater than From Date,,,Hasta la fecha debe ser mayor que desde la fecha,,La Fecha Hasta debe ser mayor que la Fecha Desde,,,,,hrms/hr/doctype/upload_attendance/upload_attendance.py:30,hrms/hr/doctype/upload_attendance/upload_attendance.py:30,hrms/hr/doctype/upload_attendance/upload_attendance.py:30,doctype-controller,Upload Attendance,[],,,,,,,po_huérfana_o_obsoleta,revisado segunda revisión HRMS,sí,sí,,,To Date/From Date; capitalizar como campos.,,,"PO-only: en es.po, ausente del POT fresco -> huérfana/obsoleta; NO usar sin validación"
hrms:1aacee494137b17d,hrms,hrms,hr,hr,,Recursos Humanos,Unlink Payment,Unlink Payment,,,,,,,,,,hrms/hr/doctype/hr_settings/hr_settings.json,hrms/hr/doctype/hr_settings/hr_settings.json,hrms/hr/doctype/hr_settings/hr_settings.json,doctype-json,Hr Settings,[],,,,,,,po_huérfana_o_obsoleta,revisado segunda revisión HRMS,sí,,,,Coincidencia en hrms/hr/doctype/hr_settings/hr_settings.json pero no es cadena extraíble vigente (label/patch/no envuelta en _()); obsoleta.,,,"PO-only: en es.po, ausente del POT fresco -> huérfana/obsoleta; NO usar sin validación"
hrms:392a747506f77915,hrms,hrms,hr,hr,,Recursos Humanos,Upload Attendance,Upload Attendance,,,Subir Asistencia,,Subir Asistencia,,Label of a Link in the Shift & Attendance Workspace,etiqueta de campo/elemento,,hrms/hr/doctype/upload_attendance/upload_attendance.json,hrms/hr/doctype/upload_attendance/upload_attendance.json || hrms/hr/workspace/shift_&_attendance/shift_&_attendance.json,hrms/hr/doctype/upload_attendance/upload_attendance.json || hrms/hr/workspace/shift_&_attendance/shift_&_attendance.json,doctype-json,Upload Attendance,[],,,,,,,po_huérfana_o_obsoleta,revisado segunda revisión HRMS,sí,sí,,,Correcta.,,,"PO-only: en es.po, ausente del POT fresco -> huérfana/obsoleta; NO usar sin validación"
hrms:0ec1706834573ae5,hrms,hrms,hr,hr,,Recursos Humanos,Upload HTML,Upload HTML,,,Subir HTML,,Subir HTML,,Label of the upload_html (HTML) field in DocType 'Upload Attendance',etiqueta de campo/elemento,,hrms/hr/doctype/upload_attendance/upload_attendance.json,hrms/hr/doctype/upload_attendance/upload_attendance.json,hrms/hr/doctype/upload_attendance/upload_attendance.json,doctype-json,Upload Attendance,[],,,,,,,po_huérfana_o_obsoleta,revisado segunda revisión HRMS,sí,sí,,,,,,"PO-only: en es.po, ausente del POT fresco -> huérfana/obsoleta; NO usar sin validación"
hrms:f5a9220611c52266,hrms,hrms,src,src,,Src,Uploading...,Uploading...,,,Subiendo...,,Subiendo...,,,,,frontend/src/components/FormView.vue:124,frontend/src/components/FormView.vue:124 || frontend/src/components/FormView.vue:163,frontend/src/components/FormView.vue:124 || frontend/src/components/FormView.vue:163,client-js,,[],,,,,,,texto no extraíble,revisado segunda revisión HRMS,sí,,,,Visible en la SPA Vue (public/frontend/assets/FormView-*.js); el extractor gettext oficial no escanea el frontend Vue compilado. Aprobada para generación local.,,,"PO-only: en es.po, ausente del POT fresco -> huérfana/obsoleta; NO usar sin validación"
hrms:2680dc6b89948af5,hrms,hrms,payroll,payroll,,Nómina,Variable,Variable,,,,,,,,,,hrms/payroll/doctype/bulk_salary_structure_assignment/bulk_salary_structure_assignment.js:185,hrms/payroll/doctype/bulk_salary_structure_assignment/bulk_salary_structure_assignment.js:185 || hrms/payroll/doctype/salary_structure_assignment/salary_structure_assignment.json,hrms/payroll/doctype/bulk_salary_structure_assignment/bulk_salary_structure_assignment.js:185 || hrms/payroll/doctype/salary_structure_assignment/salary_structure_assignment.json,doctype-controller,Bulk Salary Structure Assignment,[],,,,,,,po_huérfana_o_obsoleta,revisado segunda revisión HRMS,sí,,,,Coincidencia en hrms/payroll/doctype/salary_structure_assignment/salary_structure_assignment.json pero no es cadena extraíble vigente (label/patch/no envuelta en _()); obsoleta.,,,"PO-only: en es.po, ausente del POT fresco -> huérfana/obsoleta; NO usar sin validación"
hrms:e7af2c39df4eabad,hrms,hrms,hr,hr,,Recursos Humanos,reason,reason,,,,,,,,,,hrms/hr/doctype/attendance_request/attendance_request.py:45,hrms/hr/doctype/attendance_request/attendance_request.py:45,,doctype-controller,Attendance Request,[],,,,,,,ambigua,revisado segunda revisión HRMS,sí,sí,,,'reason' aparece como clave de dict y como texto envuelto en _(); sin certeza de si el string traducido es la etiqueta 'reason' o el valor. Requiere confirmar cadena real user-facing (probable 'Motivo').,,,"POT-only: en el universo fresco, sin traducir"
hrms:69f253e10c11e57b,hrms,hrms,www,www,,Www,result,result,,,resultado,,,,,,,hrms/www/jobs/index.html:122,hrms/www/jobs/index.html:122,hrms/www/jobs/index.html:122,jinja-html,,[],,,,,,,po_huérfana_o_obsoleta,revisado segunda revisión HRMS,sí,,,,Coincidencia en README.md pero no es cadena extraíble vigente (label/patch/no envuelta en _()); obsoleta.,,,"PO-only: en es.po, ausente del POT fresco -> huérfana/obsoleta; NO usar sin validación"
hrms:34dc6700c503c067,hrms,hrms,www,www,,Www,results,results,,,,,resultados,,,,,hrms/www/jobs/index.html:122,hrms/www/jobs/index.html:122,hrms/www/jobs/index.html:122,jinja-html,,[],,,,,,,texto no extraíble,revisado segunda revisión HRMS,sí,,,,Visible en la SPA de roster (public/roster/assets/Home-*.js); no captada por el extractor oficial. Aprobada para generación local.,,,"PO-only: en es.po, ausente del POT fresco -> huérfana/obsoleta; NO usar sin validación"
hrms:1da9de3f90b98c7b,hrms,hrms,hr,hr,,Recursos Humanos,{0} applicable after {1} working days,{0} applicable after {1} working days,,,{0} aplicable después de {1} días hábiles,,,,,,,hrms/hr/doctype/leave_application/leave_application.py:155,hrms/hr/doctype/leave_application/leave_application.py:155,hrms/hr/doctype/leave_application/leave_application.py:155,doctype-controller,Leave Application,[],{0};{1},{0};{1},,ok,,,po_huérfana_o_obsoleta,revisado segunda revisión HRMS,sí,,,,No aparece en el código HRMS v16; obsoleta.,,,"PO-only: en es.po, ausente del POT fresco -> huérfana/obsoleta; NO usar sin validación"
hrms:d58cb045d71ceded,hrms,hrms,hr,hr,,Recursos Humanos,{} ,{} ,,,,,,,,,,hrms/hr/workspace/shift_&_attendance/shift_&_attendance.json,hrms/hr/workspace/shift_&_attendance/shift_&_attendance.json,hrms/hr/workspace/shift_&_attendance/shift_&_attendance.json,workspace,,[],{},,,ok,,,po_huérfana_o_obsoleta,revisado segunda revisión HRMS,sí,,,,Fragmento genérico; ausente del POT fresco v16.,,,"PO-only: en es.po, ausente del POT fresco -> huérfana/obsoleta; NO usar sin validación"
hrms:c21aedc047cd9ccf,hrms,hrms,hr,hr,,Recursos Humanos,{} Accepted,{} Accepted,,,{} Aceptado,,,,,,,hrms/hr/workspace/recruitment/recruitment.json,hrms/hr/workspace/recruitment/recruitment.json,hrms/hr/workspace/recruitment/recruitment.json,workspace,,[],{},{},,ok,,,po_huérfana_o_obsoleta,revisado segunda revisión HRMS,sí,,,,Coincidencia en hrms/overrides/employee_master.py pero no es cadena extraíble vigente (label/patch/no envuelta en _()); obsoleta.,,,"PO-only: en es.po, ausente del POT fresco -> huérfana/obsoleta; NO usar sin validación"
hrms:8fb8f910dd7c663c,hrms,hrms,hr,hr,,Recursos Humanos,{} Active,{} Active,,,{} Activo,,,,,,,hrms/hr/workspace/hr/hr.json,hrms/hr/workspace/hr/hr.json,hrms/hr/workspace/hr/hr.json,workspace,,[],{},{},,ok,,,po_huérfana_o_obsoleta,revisado segunda revisión HRMS,sí,,,,Coincidencia en hrms/public/js/utils/index.js pero no es cadena extraíble vigente (label/patch/no envuelta en _()); obsoleta.,,,"PO-only: en es.po, ausente del POT fresco -> huérfana/obsoleta; NO usar sin validación"
hrms:348bcdbcee4a48c3,hrms,hrms,payroll,payroll,,Nómina,{} Draft,{} Draft,,,,,{} Borrador,,,,,hrms/payroll/workspace/payroll/payroll.json,hrms/payroll/workspace/payroll/payroll.json || hrms/payroll/workspace/tax_&_benefits/tax_&_benefits.json,hrms/payroll/workspace/payroll/payroll.json || hrms/payroll/workspace/tax_&_benefits/tax_&_benefits.json,workspace,,[],{},,{},ok,,,texto no extraíble,revisado segunda revisión HRMS,sí,,,,"Badge de estado en el frontend Vue (public/frontend/assets/ShiftAssignmentItem-*.js); compuesto en runtime, no extraíble. Aprobada para generación local.",,,"PO-only: en es.po, ausente del POT fresco -> huérfana/obsoleta; NO usar sin validación"
hrms:c2564ce687e3199c,hrms,hrms,hr,hr,,Recursos Humanos,{} Unclaimed,{} Unclaimed,,,,,{} Sin reclamar,,,,,hrms/hr/workspace/expenses/expenses.json,hrms/hr/workspace/expenses/expenses.json,hrms/hr/workspace/expenses/expenses.json,workspace,,[],{},,{},ok,,,texto no extraíble,revisado segunda revisión HRMS,sí,,,,Frontend Vue (public/frontend/assets/ExpenseAdvancesTable-*.js); no extraíble por el extractor oficial. Aprobada para generación local.,,,"PO-only: en es.po, ausente del POT fresco -> huérfana/obsoleta; NO usar sin validación"
