entry_key,app,origin_app,module,all_modules,cross_module,functional_domain,source_text,msgid,msgid_plural,msgctxt,current_translation,current_plural_translations,proposed_translation,proposed_plural_translations,context,field_or_action,user_role,source_reference,all_source_references,po_reference,source_kind,doctype_or_view,extracted_comments,placeholders_source,placeholders_current,placeholders_proposed,placeholder_status,flags,pluralization,status,review_status,human_authored,core_candidate,mexico_specific,client_specific,human_notes,historical_reference,historical_translation,notes
crm:479ad73e33c271bf,crm,crm,src,src,,Src, , ,,,,, ,,,,,frontend/src/pages/Deals.vue:357,frontend/src/pages/Deals.vue:357 || frontend/src/pages/Leads.vue:388,,client-js,,[],,,,,,,igual al inglés válida,revisado inicial CRM,sí,sí,no,,msgid es solo un espacio; se preserva verbatim.,,,"POT-only: en el universo fresco, sin traducir"
crm:7025a3b17431b505,crm,crm,src,src,,Src, (New), (New),,, (Nuevo),, (Nuevo),,,,,frontend/src/components/ViewControls.vue:1199,frontend/src/components/ViewControls.vue:1199,frontend/src/components/ViewControls.vue:1176,client-js,,[],,,,,,,existente correcta,revisado inicial CRM,sí,sí,no,,Espacio inicial preservado.,,,
crm:30348e83b4daf423,crm,crm,src,src,,Src,%100%,%100%,,,,,%100%,,,,,frontend/src/components/Filter.vue:615,frontend/src/components/Filter.vue:615,,client-js,,[],,,,,,,igual al inglés válida,revisado inicial CRM,sí,sí,no,,cross-app ejemplo literal de filtro,,,"POT-only: en el universo fresco, sin traducir"
crm:30f67aa4c0660750,crm,crm,src,src,,Src,%John%,%John%,,,,,%John%,,,,,frontend/src/components/Filter.vue:617,frontend/src/components/Filter.vue:617,frontend/src/components/Filter.vue:591,client-js,,[],,,,,,,igual al inglés válida,revisado inicial CRM,sí,sí,no,,cross-app ejemplo literal de filtro,,,
crm:025703837bbac5fb,crm,crm,src,src,,Src,01/01/2022,01/01/2022,,,,,01/01/2022,,,,,frontend/src/components/Filter.vue:625,frontend/src/components/Filter.vue:625,,client-js,,[],,,,,,,igual al inglés válida,revisado inicial CRM,sí,sí,no,,cross-app fecha ejemplo,,,"POT-only: en el universo fresco, sin traducir"
crm:0ddb651f7e265abe,crm,crm,src,src,,Src,01/01/2022 to 01/31/2022,01/01/2022 to 01/31/2022,,,,,01/01/2022 to 01/31/2022,,,,,frontend/src/components/Filter.vue:607,frontend/src/components/Filter.vue:607,frontend/src/components/Filter.vue:581,client-js,,[],,,,,,,igual al inglés válida,revisado inicial CRM,sí,sí,no,,cross-app rango ejemplo literal,,,
crm:95131792c6a5f32c,crm,crm,src,src,,Src,01/04/2024 11:30 PM,01/04/2024 11:30 PM,,,01/04/2024 11:30 PM,,01/04/2024 11:30 PM,,,,,frontend/src/components/Telephony/TaskPanel.vue:71,frontend/src/components/Telephony/TaskPanel.vue:71,frontend/src/components/Telephony/TaskPanel.vue:71,client-js,,[],,,,,,,igual al inglés válida,revisado inicial CRM,sí,sí,no,,"ejemplo de fecha/hora, no se traduce",,,
crm:9ce03d5efd98f796,crm,crm,src,src,,Src,08:00 AM,08:00 AM,,,,,08:00 AM,,,,,frontend/src/components/Calendar/EventNotifications.vue:39,frontend/src/components/Calendar/EventNotifications.vue:39,frontend/src/components/Calendar/EventNotifications.vue:39,client-js,,[],,,,,,,igual al inglés válida,revisado inicial CRM,sí,sí,no,,"Ejemplo de hora, no se traduce.",,,"PO-only: en es.po, ausente del POT fresco -> huérfana/obsoleta; NO usar sin validación"
crm:eed5c2fbc4ef10c5,crm,crm,src,src,,Src,08:00 pm,08:00 pm,,,,,08:00 pm,,,,,frontend/src/components/Settings/CalendarSettings.vue:226,frontend/src/components/Settings/CalendarSettings.vue:226,frontend/src/components/Settings/CalendarSettings.vue:226,client-js,,[],,,,,,,igual al inglés válida,revisado inicial CRM,sí,no,no,,Valor de hora literal; no se traduce.,,,"PO-only: en es.po, ausente del POT fresco -> huérfana/obsoleta; NO usar sin validación"
crm:8d1a2ff54a535b31,crm,crm,src,src,,Src,1 hour ago,1 hour ago,,,Hace una hora,,Hace una hora,,,,,frontend/src/utils/index.js:204,frontend/src/utils/index.js:204,frontend/src/utils/index.js:204,client-js,,[],,,,,,,existente correcta,revisado inicial CRM,sí,sí,no,,Cross-app aprobado exacto.,1 hour ago,Hace una hora,
crm:ac5b83438110452f,crm,crm,src,src,,Src,1 minute ago,1 minute ago,,,Hace un minuto,,Hace un minuto,,,,,frontend/src/utils/index.js:200,frontend/src/utils/index.js:200,frontend/src/utils/index.js:200,client-js,,[],,,,,,,existente correcta,revisado inicial CRM,sí,sí,no,,Cross-app aprobado exacto.,1 minute ago,Hace un minuto,
crm:9cc04dc75e0cfaec,crm,crm,src,src,,Src,1 month ago,1 month ago,,,Hace 1 mes,,Hace 1 mes,,,,,frontend/src/utils/index.js:219,frontend/src/utils/index.js:219,frontend/src/utils/index.js:219,client-js,,[],,,,,,,existente correcta,revisado inicial CRM,sí,sí,no,,Cross-app aprobado exacto.,1 month ago,Hace 1 mes,
crm:9d55fe05356c6800,crm,crm,src,src,,Src,1 week ago,1 week ago,,,Hace 1 semana,,Hace 1 semana,,,,,frontend/src/utils/index.js:215,frontend/src/utils/index.js:215,frontend/src/utils/index.js:215,client-js,,[],,,,,,,existente correcta,revisado inicial CRM,sí,sí,no,,Cross-app aprobado exacto.,1 week ago,Hace 1 semana,
crm:276fd1d62465e9b7,crm,crm,src,src,,Src,1 year ago,1 year ago,,,Hace 1 año,,Hace 1 año,,,,,frontend/src/utils/index.js:223,frontend/src/utils/index.js:223,frontend/src/utils/index.js:223,client-js,,[],,,,,,,existente correcta,revisado inicial CRM,sí,sí,no,,Cross-app aprobado exacto.,1 year ago,Hace 1 año,
crm:db99faa14dbab065,crm,crm,fcrm,fcrm,,Fcrm,1-10,1-10,,,1-10,,1-10,,Option for the 'No. of Employees' (Select) field in DocType 'CRM Deal',opción de campo select,,crm/fcrm/doctype/crm_deal/crm_deal.json,crm/fcrm/doctype/crm_deal/crm_deal.json || crm/fcrm/doctype/crm_lead/crm_lead.json || crm/fcrm/doctype/crm_organization/crm_organization.json,crm/fcrm/doctype/crm_deal/crm_deal.json || crm/fcrm/doctype/crm_lead/crm_lead.json || crm/fcrm/doctype/crm_organization/crm_organization.json,doctype-json,Crm Deal,"[""Option for the 'No. of Employees' (Select) field in DocType 'CRM Deal'"", ""Option for the 'No. of Employees' (Select) field in DocType 'CRM Lead'"", ""Option for the 'No. of Employees' (Select) field in DocType 'CRM Organization'""]",,,,,,,igual al inglés válida,revisado inicial CRM,sí,sí,no,,Rango numérico; cross-app aprobado.,1-10,1-10,
crm:92478df644111262,crm,crm,src,src,,Src,"100, 200, 300","100, 200, 300",,,,,"100, 200, 300",,,,,frontend/src/components/Filter.vue:610,frontend/src/components/Filter.vue:610,,client-js,,[],,,,,,,igual al inglés válida,revisado inicial CRM,sí,sí,no,,cross-app ejemplo numérico,,,"POT-only: en el universo fresco, sin traducir"
crm:2173a3a7752ff2c5,crm,crm,src,src,,Src,1000,1000,,,,,1000,,,,,frontend/src/components/Filter.vue:623,frontend/src/components/Filter.vue:623,,client-js,,[],,,,,,,igual al inglés válida,revisado inicial CRM,sí,sí,no,,cross-app ejemplo numérico,,,"POT-only: en el universo fresco, sin traducir"
crm:c0e0e3b970f58b59,crm,crm,fcrm,fcrm,,Fcrm,1000+,1000+,,,más de 1.000,,más de 1.000,,Option for the 'No. of Employees' (Select) field in DocType 'CRM Deal',opción de campo select,,crm/fcrm/doctype/crm_deal/crm_deal.json,crm/fcrm/doctype/crm_deal/crm_deal.json || crm/fcrm/doctype/crm_lead/crm_lead.json || crm/fcrm/doctype/crm_organization/crm_organization.json,crm/fcrm/doctype/crm_deal/crm_deal.json || crm/fcrm/doctype/crm_lead/crm_lead.json || crm/fcrm/doctype/crm_organization/crm_organization.json,doctype-json,Crm Deal,"[""Option for the 'No. of Employees' (Select) field in DocType 'CRM Deal'"", ""Option for the 'No. of Employees' (Select) field in DocType 'CRM Lead'"", ""Option for the 'No. of Employees' (Select) field in DocType 'CRM Organization'""]",,,,,,,existente correcta,revisado inicial CRM,sí,sí,no,,Cross-app aprobado exacto.,1000+,más de 1.000,
crm:4d313d441a18ff6a,crm,crm,fcrm,fcrm,,Fcrm,11-50,11-50,,,11 a 50,,11 a 50,,Option for the 'No. of Employees' (Select) field in DocType 'CRM Deal',opción de campo select,,crm/fcrm/doctype/crm_deal/crm_deal.json,crm/fcrm/doctype/crm_deal/crm_deal.json || crm/fcrm/doctype/crm_lead/crm_lead.json || crm/fcrm/doctype/crm_organization/crm_organization.json,crm/fcrm/doctype/crm_deal/crm_deal.json || crm/fcrm/doctype/crm_lead/crm_lead.json || crm/fcrm/doctype/crm_organization/crm_organization.json,doctype-json,Crm Deal,"[""Option for the 'No. of Employees' (Select) field in DocType 'CRM Deal'"", ""Option for the 'No. of Employees' (Select) field in DocType 'CRM Lead'"", ""Option for the 'No. of Employees' (Select) field in DocType 'CRM Organization'""]",,,,,,,existente correcta,revisado inicial CRM,sí,sí,no,,Cross-app aprobado exacto.,11-50,11 a 50,
crm:86155862b45e5b01,crm,crm,fcrm,fcrm,,Fcrm,201-500,201-500,,,201-500,,201-500,,Option for the 'No. of Employees' (Select) field in DocType 'CRM Deal',opción de campo select,,crm/fcrm/doctype/crm_deal/crm_deal.json,crm/fcrm/doctype/crm_deal/crm_deal.json || crm/fcrm/doctype/crm_lead/crm_lead.json || crm/fcrm/doctype/crm_organization/crm_organization.json,crm/fcrm/doctype/crm_deal/crm_deal.json || crm/fcrm/doctype/crm_lead/crm_lead.json || crm/fcrm/doctype/crm_organization/crm_organization.json,doctype-json,Crm Deal,"[""Option for the 'No. of Employees' (Select) field in DocType 'CRM Deal'"", ""Option for the 'No. of Employees' (Select) field in DocType 'CRM Lead'"", ""Option for the 'No. of Employees' (Select) field in DocType 'CRM Organization'""]",,,,,,,igual al inglés válida,revisado inicial CRM,sí,sí,no,,Rango numérico; cross-app aprobado.,201-500,201-500,
crm:fa06d96b066ea6bf,crm,crm,src,src,,Src,2–5,2–5,,,,,2–5,,,,,frontend/src/pages/PersonaForm.vue:111,frontend/src/pages/PersonaForm.vue:111,,client-js,,[],,,,,,,igual al inglés válida,revisado inicial CRM,sí,sí,no,,Rango numérico; no se traduce.,,,"POT-only: en el universo fresco, sin traducir"
crm:b5b8cfe30949f4c9,crm,crm,fcrm,fcrm,,Fcrm,501-1000,501-1000,,,501-1000,,501-1000,,Option for the 'No. of Employees' (Select) field in DocType 'CRM Deal',opción de campo select,,crm/fcrm/doctype/crm_deal/crm_deal.json,crm/fcrm/doctype/crm_deal/crm_deal.json || crm/fcrm/doctype/crm_lead/crm_lead.json || crm/fcrm/doctype/crm_organization/crm_organization.json,crm/fcrm/doctype/crm_deal/crm_deal.json || crm/fcrm/doctype/crm_lead/crm_lead.json || crm/fcrm/doctype/crm_organization/crm_organization.json,doctype-json,Crm Deal,"[""Option for the 'No. of Employees' (Select) field in DocType 'CRM Deal'"", ""Option for the 'No. of Employees' (Select) field in DocType 'CRM Lead'"", ""Option for the 'No. of Employees' (Select) field in DocType 'CRM Organization'""]",,,,,,,igual al inglés válida,revisado inicial CRM,sí,sí,no,,Rango numérico; cross-app aprobado.,501-1000,501-1000,
crm:09c6f314fad94442,crm,crm,fcrm,fcrm,,Fcrm,51-200,51-200,,,51-200,,51-200,,Option for the 'No. of Employees' (Select) field in DocType 'CRM Deal',opción de campo select,,crm/fcrm/doctype/crm_deal/crm_deal.json,crm/fcrm/doctype/crm_deal/crm_deal.json || crm/fcrm/doctype/crm_lead/crm_lead.json || crm/fcrm/doctype/crm_organization/crm_organization.json,crm/fcrm/doctype/crm_deal/crm_deal.json || crm/fcrm/doctype/crm_lead/crm_lead.json || crm/fcrm/doctype/crm_organization/crm_organization.json,doctype-json,Crm Deal,"[""Option for the 'No. of Employees' (Select) field in DocType 'CRM Deal'"", ""Option for the 'No. of Employees' (Select) field in DocType 'CRM Lead'"", ""Option for the 'No. of Employees' (Select) field in DocType 'CRM Organization'""]",,,,,,,igual al inglés válida,revisado inicial CRM,sí,sí,no,,Rango numérico; cross-app aprobado.,51-200,51-200,
crm:066711c623e86c55,crm,crm,src,src,,Src,6–20,6–20,,,,,6–20,,,,,frontend/src/pages/PersonaForm.vue:112,frontend/src/pages/PersonaForm.vue:112,,client-js,,[],,,,,,,igual al inglés válida,revisado inicial CRM,sí,sí,no,,Rango numérico; no se traduce.,,,"POT-only: en el universo fresco, sin traducir"
crm:1c38744e593cec73,crm,crm,src,src,,Src,<,<,,,,,<,,,,,frontend/src/components/Filter.vue:327,frontend/src/components/Filter.vue:327,,client-js,,[],,,,,,,igual al inglés válida,revisado inicial CRM,sí,sí,no,,cross-app operador,,,"POT-only: en el universo fresco, sin traducir"
crm:79da8b0cbb0f0720,crm,crm,src,src,,Src,<=,<=,,,,,<=,,,,,frontend/src/components/Filter.vue:329,frontend/src/components/Filter.vue:329,,client-js,,[],,,,,,,igual al inglés válida,revisado inicial CRM,sí,sí,no,,cross-app operador,,,"POT-only: en el universo fresco, sin traducir"
crm:562e1e7faaa866d5,crm,crm,fcrm,fcrm,,Fcrm,<b>META</b>,<b>META</b>,,,<b>META</b>,,<b>META</b>,,Paragraph text in the Frappe CRM Workspace,elemento de workspace,,crm/fcrm/workspace/frappe_crm/frappe_crm.json,crm/fcrm/workspace/frappe_crm/frappe_crm.json,crm/fcrm/workspace/frappe_crm/frappe_crm.json,workspace,Frappe CRM (Workspace),"[""Paragraph text in the Frappe CRM Workspace""]",,,,,,,igual al inglés válida,revisado inicial CRM,sí,sí,no,,"Encabezado de workspace; META es marca/sección, se preserva con su HTML.",,,
crm:8abe552ced959a66,crm,crm,fcrm,fcrm,,Fcrm,<b>SHORTCUTS</b>,<b>SHORTCUTS</b>,,,<b>ATAJOS</b>,,<b>ATAJOS</b>,,Paragraph text in the Frappe CRM Workspace,elemento de workspace,,crm/fcrm/workspace/frappe_crm/frappe_crm.json,crm/fcrm/workspace/frappe_crm/frappe_crm.json,crm/fcrm/workspace/frappe_crm/frappe_crm.json,workspace,Frappe CRM (Workspace),"[""Paragraph text in the Frappe CRM Workspace""]",,,,,,,existente correcta,revisado inicial CRM,sí,sí,no,,SHORTCUTS->ATAJOS; HTML preservado.,,,
crm:0454d7c10be73a77,crm,crm,src,src,,CRM,"<p>Dear {{ lead_name }},</p>

<p>This is a reminder for the payment of {{ grand_total }}.</p>

<p>Thanks,</p>
<p>Frappé</p>","<p>Dear {{ lead_name }},</p>

<p>This is a reminder for the payment of {{ grand_total }}.</p>

<p>Thanks,</p>
<p>Frappé</p>",,,,,"<p>Estimado(a) {{ lead_name }},</p>

<p>Este es un recordatorio para el pago de {{ grand_total }}.</p>

<p>Gracias,</p>
<p>Frappé</p>",,,,,frontend/src/components/Settings/EmailTemplate/EditEmailTemplate.vue:94,frontend/src/components/Settings/EmailTemplate/EditEmailTemplate.vue:94 || frontend/src/components/Settings/EmailTemplate/NewEmailTemplate.vue:95,,client-js,,[],{{ grand_total }};{{ lead_name }},,{{ grand_total }};{{ lead_name }},ok,,,traducción propuesta,aprobado (lote crm 1.81.2),sí,,,,lote crm 1.81.2: nueva,,,"POT-only: en el universo fresco, sin traducir"
crm:1b73b41dfe301700,crm,crm,src,src,,Src,"<p>Dear {{ lead_name }},</p>\n\n<p>This is a reminder for the payment of {{ grand_total }}.</p>\n\n<p>Thanks,</p>\n<p>Frappé</p>","<p>Dear {{ lead_name }},</p>\n\n<p>This is a reminder for the payment of {{ grand_total }}.</p>\n\n<p>Thanks,</p>\n<p>Frappé</p>",,,"<p>Estimado(a) {{ lead_name }},</p>\n\n<p>Este es un recordatorio para el pago de {{ grand_total }}.</p>\n\n<p>Gracias,</p>\n<p>Frappé</p>",,"<p>Estimado(a) {{ lead_name }},</p>\n\n<p>Este es un recordatorio para el pago de {{ grand_total }}.</p>\n\n<p>Gracias,</p>\n<p>Frappé</p>",,,,,frontend/src/components/Settings/EmailTemplate/EditEmailTemplate.vue:94,frontend/src/components/Settings/EmailTemplate/EditEmailTemplate.vue:94 || frontend/src/components/Settings/EmailTemplate/NewEmailTemplate.vue:95,frontend/src/components/Settings/EmailTemplate/EditEmailTemplate.vue:95 || frontend/src/components/Settings/EmailTemplate/NewEmailTemplate.vue:95,client-js,,[],{{ grand_total }};{{ lead_name }},{{ grand_total }};{{ lead_name }},{{ grand_total }};{{ lead_name }},ok,,,existente correcta,revisado inicial CRM,sí,sí,no,,"HTML y placeholders Jinja {{ }} preservados; lead_name es variable, no traducir.",,,
crm:13baa6b89bedbf8c,crm,crm,fcrm,fcrm,,Fcrm,"<span class=""h5""><b>PORTAL</b></span>","<span class=""h5""><b>PORTAL</b></span>",,,"<span class=""h5""><b>PORTAL</b></span>",,"<span class=""h5""><b>PORTAL</b></span>",,Header text in the Frappe CRM Workspace,elemento de workspace,,crm/fcrm/workspace/frappe_crm/frappe_crm.json,crm/fcrm/workspace/frappe_crm/frappe_crm.json,crm/fcrm/workspace/frappe_crm/frappe_crm.json,workspace,Frappe CRM (Workspace),"[""Header text in the Frappe CRM Workspace""]",,,,,,,existente correcta,revisado inicial CRM,sí,sí,no,,PORTAL igual en es; HTML/clase preservados.,,,
crm:2a14780e7b20bbd9,crm,crm,src,src,,Src,>,>,,,,,>,,,,,frontend/src/components/Filter.vue:328,frontend/src/components/Filter.vue:328,,client-js,,[],,,,,,,igual al inglés válida,revisado inicial CRM,sí,sí,no,,cross-app operador,,,"POT-only: en el universo fresco, sin traducir"
crm:adc55637599915c6,crm,crm,src,src,,Src,>=,>=,,,,,>=,,,,,frontend/src/components/Filter.vue:330,frontend/src/components/Filter.vue:330,,client-js,,[],,,,,,,igual al inglés válida,revisado inicial CRM,sí,sí,no,,cross-app operador,,,"POT-only: en el universo fresco, sin traducir"
crm:dca5387463d0b522,crm,crm,src,src,,Src,"@John, can you please check this?","@John, can you please check this?",,,"@John, ¿Puedes comprobar esto por favor?",,"@John, ¿puede revisar esto, por favor?",,,,,frontend/src/components/CommunicationArea.vue:84,frontend/src/components/CommunicationArea.vue:84,frontend/src/components/CommunicationArea.vue:80,client-js,,[],,,,,,,existente mejorable,revisado inicial CRM + pase dirigido,sí,,Correo/registro usted,,registro: 2a persona 'Puedes' -> usted 'puede'. Conserva @John.,,,
crm:355895be54333d4f,crm,crm,fcrm,fcrm,,Fcrm,A Lead requires either a person's name or an organization's name,A Lead requires either a person's name or an organization's name,,,Un cliente potencial requiere el nombre de una persona o el nombre de una organización,,Un Lead requiere el nombre de una persona o el nombre de una organización,,,,,crm/fcrm/doctype/crm_lead/crm_lead.py:127,crm/fcrm/doctype/crm_lead/crm_lead.py:127,crm/fcrm/doctype/crm_lead/crm_lead.py:125,doctype-controller,Crm Lead,[],,,,,,,existente mejorable,revisado inicial CRM,sí,no,no,,REVERSIÓN: upstream 'Un cliente potencial'. Cross-app aprobado exacto con Lead en inglés.,,,
crm:dfdb48c9c591ddab,crm,crm,lead_syncing,lead_syncing,,Lead_Syncing,A lead sync source is already enabled for this Facebook Lead Form!,A lead sync source is already enabled for this Facebook Lead Form!,,,¡Ya se ha habilitado una fuente de sincronización de clientes potenciales para este formulario de clientes potenciales de Facebook!,,¡Ya hay una fuente de sincronización de Leads habilitada para este formulario de leads de Facebook!,,,,,crm/lead_syncing/doctype/lead_sync_source/lead_sync_source.py:49,crm/lead_syncing/doctype/lead_sync_source/lead_sync_source.py:49,crm/lead_syncing/doctype/lead_sync_source/lead_sync_source.py:49,doctype-controller,Lead Sync Source,[],,,,,,,existente mejorable,revisado inicial CRM,sí,no,no,,Revierte 'clientes potenciales'->Lead/leads (protegido).,,,
crm:4b276a632c8a730d,crm,crm,fcrm,fcrm,,Fcrm,A valid call log is required.,A valid call log is required.,,,,,Se requiere un registro de llamada válido.,,,,,crm/fcrm/doctype/crm_call_log/crm_call_log.py:257,crm/fcrm/doctype/crm_call_log/crm_call_log.py:257,crm/fcrm/doctype/crm_call_log/crm_call_log.py:257,doctype-controller,Crm Call Log,[],,,,,,,traducción propuesta,revisado inicial CRM,sí,sí,no,,mensaje de validación,,,
crm:42fa249bfc9c70bc,crm,crm,src,src,,Src,A {0} cannot report to a {1},A {0} cannot report to a {1},,,,,Un {0} no puede reportar a un {1},,,,,frontend/src/components/Settings/Hierarchy/useDragDrop.js:69,frontend/src/components/Settings/Hierarchy/useDragDrop.js:69,frontend/src/components/Settings/Hierarchy/useDragDrop.js:69,client-js,,[],{0};{1},,{0};{1},ok,,,traducción propuesta,revisado inicial CRM,sí,sí,no,,Placeholders {0} y {1} preservados.,,,
crm:b56a2e68173d7785,crm,crm,fcrm,fcrm;src,sí,Fcrm,API Key,API Key,,,Clave de API,,Clave de API,,Label of the api_key (Data) field in DocType 'CRM Exotel Settings',etiqueta de campo/elemento,,crm/fcrm/doctype/crm_exotel_settings/crm_exotel_settings.json,crm/fcrm/doctype/crm_exotel_settings/crm_exotel_settings.json || crm/fcrm/doctype/crm_twilio_settings/crm_twilio_settings.json || crm/fcrm/doctype/erpnext_crm_settings/erpnext_crm_settings.json || frontend/src/components/Settings/ERPNextSettings.vue:80 || frontend/src/components/Settings/Telephony/ExotelSettings.vue:45 || frontend/src/components/Settings/emailConfig.js:87,crm/fcrm/doctype/crm_exotel_settings/crm_exotel_settings.json || crm/fcrm/doctype/crm_twilio_settings/crm_twilio_settings.json || crm/fcrm/doctype/erpnext_crm_settings/erpnext_crm_settings.json || frontend/src/components/Settings/ERPNextSettings.vue:80 || frontend/src/components/Settings/Telephony/ExotelSettings.vue:45 || frontend/src/components/Settings/emailConfig.js:87,doctype-json,Crm Exotel Settings,"[""Label of the api_key (Data) field in DocType 'CRM Exotel Settings'"", ""Label of the api_key (Data) field in DocType 'CRM Twilio Settings'"", ""Label of the api_key (Data) field in DocType 'ERPNext CRM Settings'""]",,,,,,,existente correcta,revisado inicial CRM,sí,sí,no,,Cross-app: API Key=Clave de API.,,,
crm:3b73ba629ba60038,crm,crm,fcrm,fcrm;src,sí,Fcrm,API Secret,API Secret,,,Secreto API,,Clave Secreta de API,,Label of the api_secret (Password) field in DocType 'CRM Twilio Settings',etiqueta de campo/elemento,,crm/fcrm/doctype/crm_twilio_settings/crm_twilio_settings.json,crm/fcrm/doctype/crm_twilio_settings/crm_twilio_settings.json || crm/fcrm/doctype/erpnext_crm_settings/erpnext_crm_settings.json || frontend/src/components/Settings/ERPNextSettings.vue:88 || frontend/src/components/Settings/emailConfig.js:93,crm/fcrm/doctype/crm_twilio_settings/crm_twilio_settings.json || crm/fcrm/doctype/erpnext_crm_settings/erpnext_crm_settings.json || frontend/src/components/Settings/ERPNextSettings.vue:88 || frontend/src/components/Settings/emailConfig.js:93,doctype-json,Crm Twilio Settings,"[""Label of the api_secret (Password) field in DocType 'CRM Twilio Settings'"", ""Label of the api_secret (Password) field in DocType 'ERPNext CRM Settings'""]",,,,,,,existente mejorable,revisado inicial CRM,sí,sí,no,,Cross-app aprobado exacto.,API Secret,Clave Secreta de API,
crm:4d650308b9ade2ca,crm,crm,fcrm,fcrm;src,sí,Fcrm,API Token,API Token,,,API Token,,Token de API,,Label of the api_token (Password) field in DocType 'CRM Exotel Settings',etiqueta de campo/elemento,,crm/fcrm/doctype/crm_exotel_settings/crm_exotel_settings.json,crm/fcrm/doctype/crm_exotel_settings/crm_exotel_settings.json || frontend/src/components/Settings/Telephony/ExotelSettings.vue:53,crm/fcrm/doctype/crm_exotel_settings/crm_exotel_settings.json || frontend/src/components/Settings/Telephony/ExotelSettings.vue:53,doctype-json,Crm Exotel Settings,"[""Label of the api_token (Password) field in DocType 'CRM Exotel Settings'""]",,,,,,,existente mejorable,revisado inicial CRM,sí,sí,no,,Cross-app: Access Token=Token de Acceso; API Token análogo=Token de API. Corrijo 'API Token' sin traducir.,,,
crm:25141119ade2a53e,crm,crm,src,src,,Src,API key is required,API key is required,,,,,La clave de API es obligatoria,,,,,frontend/src/components/Settings/ERPNextSettings.vue:774,frontend/src/components/Settings/ERPNextSettings.vue:774 || frontend/src/components/Settings/emailConfig.js:192,frontend/src/components/Settings/ERPNextSettings.vue:500 || frontend/src/components/Settings/emailConfig.js:192,client-js,,[],,,,,,,traducción propuesta,revisado inicial CRM,sí,sí,no,,Glosario 'API Key'=Clave de API.,,,
crm:03bb71901c0d4855,crm,crm,src,src,,Src,API secret is required,API secret is required,,,,,La Clave Secreta de API es obligatoria,,,,,frontend/src/components/Settings/ERPNextSettings.vue:777,frontend/src/components/Settings/ERPNextSettings.vue:777,frontend/src/components/Settings/ERPNextSettings.vue:503,client-js,,[],,,,,,,traducción propuesta,revisado inicial CRM,sí,sí,no,,Glosario 'API Secret'=Clave Secreta de API.,,,
crm:3d7d636817c2dfc4,crm,crm,src,src,,Src,Accept,Accept,,,Aceptar,,Aceptar,,,,,frontend/src/components/Telephony/TwilioCallUI.vue:88,frontend/src/components/Telephony/TwilioCallUI.vue:88,frontend/src/components/Telephony/TwilioCallUI.vue:88,client-js,,[],,,,,,,existente correcta,revisado inicial CRM,sí,sí,no,,acción,,,
crm:a292b351d3a4dc5c,crm,crm,src,src,,Src,Accept Call,Accept Call,,,,,Aceptar llamada,,,,,frontend/src/components/Telephony/TwilioCallUI.vue:155,frontend/src/components/Telephony/TwilioCallUI.vue:155,frontend/src/components/Telephony/TwilioCallUI.vue:155,client-js,,[],,,,,,,traducción propuesta,revisado inicial CRM,sí,sí,no,,telefonía,,,
crm:78406c237c6713c6,crm,crm,fcrm,fcrm,,Fcrm,Accept Invitation,Accept Invitation,,,Aceptar invitación,,Aceptar invitación,,,,,crm/fcrm/doctype/crm_invitation/crm_invitation.js:7,crm/fcrm/doctype/crm_invitation/crm_invitation.js:7,crm/fcrm/doctype/crm_invitation/crm_invitation.js:7,doctype-controller,Crm Invitation,[],,,,,,,existente correcta,revisado inicial CRM,sí,sí,no,,Cross-app: Accept Invitation=Aceptar invitación.,,,
crm:f6430c6ef8003b2d,crm,crm,fcrm,fcrm,,Fcrm,Accepted,Accepted,,,Aceptado,,Aceptado,,Option for the 'Status' (Select) field in DocType 'CRM Invitation',opción de campo select,,crm/fcrm/doctype/crm_invitation/crm_invitation.json,crm/fcrm/doctype/crm_invitation/crm_invitation.json,crm/fcrm/doctype/crm_invitation/crm_invitation.json,doctype-json,Crm Invitation,"[""Option for the 'Status' (Select) field in DocType 'CRM Invitation'""]",,,,,,,existente correcta,revisado inicial CRM,sí,sí,no,,Cross-app: Accepted=Aceptado.,,,
crm:9e249dafe7fde46b,crm,crm,fcrm,fcrm,,Fcrm,Accepted At,Accepted At,,,Aceptado a las,,Aceptado el,,Label of the accepted_at (Datetime) field in DocType 'CRM Invitation',etiqueta de campo/elemento,,crm/fcrm/doctype/crm_invitation/crm_invitation.json,crm/fcrm/doctype/crm_invitation/crm_invitation.json,crm/fcrm/doctype/crm_invitation/crm_invitation.json,doctype-json,Crm Invitation,"[""Label of the accepted_at (Datetime) field in DocType 'CRM Invitation'""]",,,,,,,existente mejorable,revisado inicial CRM,sí,sí,no,,"Cross-app: Accepted At=Aceptado el. Corrijo 'Aceptado a las' (es fecha, no hora).",,,
crm:ee381baf35a1b49a,crm,crm,src,src,,Src,Access Denied,Access Denied,,,Acceso denegado,,Acceso denegado,,,,,frontend/src/pages/NotPermitted.vue:7,frontend/src/pages/NotPermitted.vue:7,frontend/src/pages/NotPermitted.vue:7,client-js,,[],,,,,,,existente correcta,revisado inicial CRM,sí,sí,no,,Traducción natural correcta.,,,
crm:4c05bf198e0720c4,crm,crm,fcrm,fcrm;src,sí,Fcrm,Access Key,Access Key,,,Clave de Acceso,,Clave de Acceso,,Label of the access_key (Data) field in DocType 'FCRM Settings',etiqueta de campo/elemento,,crm/fcrm/doctype/fcrm_settings/fcrm_settings.json,crm/fcrm/doctype/fcrm_settings/fcrm_settings.json || frontend/src/components/Settings/DashboardSettings.vue:135,crm/fcrm/doctype/fcrm_settings/fcrm_settings.json || frontend/src/components/Settings/DashboardSettings.vue:135,doctype-json,Fcrm Settings,"[""Label of the access_key (Data) field in DocType 'FCRM Settings'""]",,,,,,,existente correcta,revisado inicial CRM,sí,sí,no,,crossapp Access Key->Clave de Acceso,,,
crm:5cf4c4baca50696f,crm,crm,api,api,,Api,Access Key is required for Service Provider: {0},Access Key is required for Service Provider: {0},,,Se requiere clave de acceso para el proveedor de servicios: {0},,Se requiere clave de acceso para el proveedor de servicios: {0},,,,,crm/api/exchange_rate.py:114,crm/api/exchange_rate.py:114 || crm/api/exchange_rate.py:98,crm/api/exchange_rate.py:98 || crm/api/exchange_rate.py:114,python,,[],{0},{0},{0},ok,,,existente correcta,revisado inicial CRM,sí,sí,no,,Cross-app aprobado exacto. Placeholder {0} preservado.,,,
crm:1e64affc37b6733d,crm,crm,lead_syncing,lead_syncing;src,sí,Lead_Syncing,Access Token,Access Token,,,Llave de Acceso,,Token de Acceso,,Label of the access_token (Password) field in DocType 'Lead Sync Source',etiqueta de campo/elemento,,crm/lead_syncing/doctype/facebook_page/facebook_page.json,crm/lead_syncing/doctype/facebook_page/facebook_page.json || crm/lead_syncing/doctype/lead_sync_source/lead_sync_source.json || frontend/src/components/Settings/LeadSyncing/LeadSyncSourceForm.vue:90 || frontend/src/components/Settings/LeadSyncing/leadSyncSourceConfig.js:29,crm/lead_syncing/doctype/facebook_page/facebook_page.json || crm/lead_syncing/doctype/lead_sync_source/lead_sync_source.json || frontend/src/components/Settings/LeadSyncing/LeadSyncSourceForm.vue:90 || frontend/src/components/Settings/LeadSyncing/leadSyncSourceConfig.js:29,doctype-json,Facebook Page,"[""Label of the access_token (Password) field in DocType 'Lead Sync Source'"", ""Label of the access_token (Small Text) field in DocType 'Facebook Page'""]",,,,,,,existente mejorable,revisado inicial CRM,sí,sí,no,,Cross-app aprobado: Access Token->Token de Acceso; upstream 'Llave de Acceso' incorrecto (es token).,,,
crm:8c607d1241dc304b,crm,crm,src,src,,CRM,Access key for {0}. Required for fetching exchange rates.,Access key for {0}. Required for fetching exchange rates.,,,,,Clave de acceso para {0}. Necesaria para obtener los tipos de cambio.,,,,,frontend/src/components/Settings/DashboardSettings.vue:139,frontend/src/components/Settings/DashboardSettings.vue:139,,client-js,,[],{0},,{0},ok,,,traducción propuesta,aprobado (lote crm 1.81.2),sí,,,,lote crm 1.81.2: reusar de Access Key for {0}. Required for fetching exchange rates.,,,"POT-only: en el universo fresco, sin traducir"
crm:736495f921d9faea,crm,crm,lead_syncing,lead_syncing,,Lead_Syncing,Access token is required,Access token is required,,,Se requiere un token de acceso,,Se requiere un token de acceso,,,,,crm/lead_syncing/doctype/lead_sync_source/facebook.py:145,crm/lead_syncing/doctype/lead_sync_source/facebook.py:145,crm/lead_syncing/doctype/lead_sync_source/facebook.py:145,doctype-controller,Lead Sync Source,[],,,,,,,existente correcta,revisado inicial CRM,sí,sí,no,,Access token is required. Traducción actual correcta y natural.,,,
crm:303c2af4d708c5b9,crm,crm,lead_syncing,lead_syncing,,Lead_Syncing,Account ID,Account ID,,,ID de la cuenta,,ID de la cuenta,,Label of the account_id (Data) field in DocType 'Facebook Page',etiqueta de campo/elemento,,crm/lead_syncing/doctype/facebook_page/facebook_page.json,crm/lead_syncing/doctype/facebook_page/facebook_page.json,crm/lead_syncing/doctype/facebook_page/facebook_page.json,doctype-json,Facebook Page,"[""Label of the account_id (Data) field in DocType 'Facebook Page'""]",,,,,,,existente correcta,revisado inicial CRM,sí,sí,no,,Account ID.,,,
crm:336f60cbbbd89d37,crm,crm,src,src,,Src,Account Info & Security,Account Info & Security,,,,,Información de cuenta y seguridad,,,,,frontend/src/components/Settings/Profile/ProfileSettings.vue:91,frontend/src/components/Settings/Profile/ProfileSettings.vue:91,frontend/src/components/Settings/Profile/ProfileSettings.vue:91,client-js,,[],,,,,,,traducción propuesta,revisado inicial CRM,sí,sí,no,,Crossapp aprobado: reuso exacto.,Account Info & Security,Información de cuenta y seguridad,
crm:17bfd55b31d4897f,crm,crm,src,src,,Src,Account Name,Account Name,,,Nombre de la Cuenta,,Nombre de la Cuenta,,,,,frontend/src/components/Settings/emailConfig.js:13,frontend/src/components/Settings/emailConfig.js:13,frontend/src/components/Settings/emailConfig.js:13,client-js,,[],,,,,,,existente correcta,revisado inicial CRM,sí,sí,no,,crossapp Account Name->Nombre de la Cuenta,,,
crm:c3c1f5aa81b181c5,crm,crm,fcrm,fcrm;src,sí,Fcrm,Account SID,Account SID,,,SID de cuenta,,SID de cuenta,,Label of the account_sid (Data) field in DocType 'CRM Exotel Settings',etiqueta de campo/elemento,,crm/fcrm/doctype/crm_exotel_settings/crm_exotel_settings.json,crm/fcrm/doctype/crm_exotel_settings/crm_exotel_settings.json || crm/fcrm/doctype/crm_twilio_settings/crm_twilio_settings.json || frontend/src/components/Settings/Telephony/ExotelSettings.vue:59 || frontend/src/components/Settings/Telephony/TwilioSettings.vue:45,crm/fcrm/doctype/crm_exotel_settings/crm_exotel_settings.json || crm/fcrm/doctype/crm_twilio_settings/crm_twilio_settings.json || frontend/src/components/Settings/Telephony/ExotelSettings.vue:59 || frontend/src/components/Settings/Telephony/TwilioSettings.vue:45,doctype-json,Crm Exotel Settings,"[""Label of the account_sid (Data) field in DocType 'CRM Exotel Settings'"", ""Label of the account_sid (Data) field in DocType 'CRM Twilio Settings'""]",,,,,,,existente correcta,revisado inicial CRM,sí,sí,no,,"SID=sigla técnica, Account=cuenta.",,,
crm:2dd61cfa742348a0,crm,crm,src,src,,Src,Account name is required,Account name is required,,,El nombre de cuenta es obligatorio,,El nombre de la cuenta es obligatorio,,,,,frontend/src/components/Settings/emailConfig.js:178,frontend/src/components/Settings/emailConfig.js:178,frontend/src/components/Settings/emailConfig.js:178,client-js,,[],,,,,,,existente mejorable,revisado inicial CRM,sí,sí,no,,crossapp Account name is required->El nombre de la cuenta es obligatorio,,,
crm:44c99dc066d8b594,crm,crm,src,src,,Src,Accounts,Accounts,,,Cuentas,,Cuentas,,,,,frontend/src/components/Settings/Settings.vue:172,frontend/src/components/Settings/Settings.vue:172,frontend/src/components/Settings/Settings.vue:177,client-js,,[],,,,,,,existente correcta,revisado inicial CRM,sí,sí,no,,Crossapp aprobado: reuso exacto.,Accounts,Cuentas,
crm:dc64808353928b7d,crm,crm,src,src,,Src,Actions,Actions,,,Acciones,,Acciones,,,,,frontend/src/components/CustomActions.vue:76,frontend/src/components/CustomActions.vue:76 || frontend/src/components/ViewControls.vue:1091 || frontend/src/components/ViewControls.vue:704,frontend/src/components/CustomActions.vue:76 || frontend/src/components/ViewControls.vue:693 || frontend/src/components/ViewControls.vue:1068,client-js,,[],,,,,,,existente correcta,revisado inicial CRM,sí,sí,no,,Cross-app aprobado exacto.,Actions,Acciones,
crm:29f59000563bfac6,crm,crm,src,src,,Src,Activity,Activity,,,Actividad,,Actividad,,,,,frontend/src/pages/Deal.vue:567,frontend/src/pages/Deal.vue:567 || frontend/src/pages/Lead.vue:419 || frontend/src/pages/MobileDeal.vue:441 || frontend/src/pages/MobileLead.vue:289,frontend/src/pages/Deal.vue:561 || frontend/src/pages/Lead.vue:413 || frontend/src/pages/MobileDeal.vue:437 || frontend/src/pages/MobileLead.vue:285,client-js,,[],,,,,,,existente correcta,revisado inicial CRM,sí,sí,no,,Cross-app aprobado exacto.,Activity,Actividad,
crm:301f0534e8b4d571,crm,crm,fcrm,fcrm,,Fcrm,Activity Timeline,Activity Timeline,,,,,Cronología de actividad,,Label of the activity_timeline_section (Section Break) field in DocType 'FCRM Settings',etiqueta de campo/elemento,,crm/fcrm/doctype/fcrm_settings/fcrm_settings.json,crm/fcrm/doctype/fcrm_settings/fcrm_settings.json,crm/fcrm/doctype/fcrm_settings/fcrm_settings.json,doctype-json,Fcrm Settings,"[""Label of the activity_timeline_section (Section Break) field in DocType 'FCRM Settings'""]",,,,,,,traducción propuesta,revisado inicial CRM,sí,sí,no,,Activity Timeline,,,
crm:c697879776859eb9,crm,crm,src,src,,Src,Add,Add,,,Agregar,,Agregar,,,,,frontend/src/components/Dashboard/AddChartModal.vue:37,frontend/src/components/Dashboard/AddChartModal.vue:37 || frontend/src/components/Modals/AddExistingUserModal.vue:53,frontend/src/components/Dashboard/AddChartModal.vue:37 || frontend/src/components/Modals/AddExistingUserModal.vue:55,client-js,,[],,,,,,,existente correcta,revisado inicial CRM,sí,sí,no,,cross-app Add=Agregar,,,
crm:760f903da2355042,crm,crm,src,src,,Src,Add ({0}),Add ({0}),,,,,Agregar ({0}),,,,,frontend/src/components/Settings/Hierarchy/Hierarchy.vue:162,frontend/src/components/Settings/Hierarchy/Hierarchy.vue:162 || frontend/src/components/Settings/Hierarchy/HierarchyRow.vue:85,frontend/src/components/Settings/Hierarchy/Hierarchy.vue:162 || frontend/src/components/Settings/Hierarchy/HierarchyRow.vue:85,client-js,,[],{0},,{0},ok,,,traducción propuesta,revisado inicial CRM,sí,sí,no,,Add->Agregar; placeholder {0} preservado.,,,
crm:1fe9c09a3bb9db61,crm,crm,src,src,,Src,Add Account,Add Account,,,Añadir cuenta,,Agregar cuenta,,,,,frontend/src/components/Settings/EmailAccountList.vue:19,frontend/src/components/Settings/EmailAccountList.vue:19,frontend/src/components/Settings/EmailAccountList.vue:19,client-js,,[],,,,,,,existente mejorable,revisado inicial CRM,sí,sí,no,,Cross-app 'Add'=Agregar (MX).,crm:crossapp,Agregar cuenta,
crm:39896fb835bb0661,crm,crm,src,src,,Src,Add Assignee,Add Assignee,,,Añadir responsable,,Agregar asignado,,,,,frontend/src/components/Settings/AssignmentRules/AssigneeSearch.vue:8,frontend/src/components/Settings/AssignmentRules/AssigneeSearch.vue:8,frontend/src/components/Settings/AssignmentRules/AssigneeSearch.vue:8,client-js,,[],,,,,,,existente mejorable,revisado inicial CRM,sí,sí,no,,Cross-app 'Add Assignee'=Agregar asignado (MX prefiere 'Agregar').,crm:crossapp,Agregar asignado,
crm:815b17cfab6c5bfc,crm,crm,fcrm,fcrm,,Fcrm,Add CRM Product,Add CRM Product,,,,,Agregar CRM Product,,,,,crm/fcrm/doctype/crm_product/crm_product_list.js:3,crm/fcrm/doctype/crm_product/crm_product_list.js:3,crm/fcrm/doctype/crm_product/crm_product_list.js:3,doctype-controller,Crm Product,[],,,,,,,traducción propuesta,revisado inicial CRM,sí,sí,no,,"CRM Product=nombre de DocType, se conserva; Add=Agregar (cross-app).",,,
crm:73a64a4d5e0434e2,crm,crm,src,src,,Src,Add Chart,Add Chart,,,,,Agregar gráfico,,,,,frontend/src/components/Dashboard/AddChartModal.vue:2,frontend/src/components/Dashboard/AddChartModal.vue:2,frontend/src/components/Dashboard/AddChartModal.vue:2,client-js,,[],,,,,,,traducción propuesta,revisado inicial CRM,sí,sí,no,,Chart=Gráfico (cross-app),,,
crm:0e1ec84d957ee8dd,crm,crm,src,src,,Src,Add Column,Add Column,,,Añadir Columna,,Agregar columna,,,,,frontend/src/components/ColumnSettings.vue:68,frontend/src/components/ColumnSettings.vue:68 || frontend/src/components/FieldLayoutEditor.vue:562 || frontend/src/components/Kanban/KanbanView.vue:161,frontend/src/components/ColumnSettings.vue:68 || frontend/src/components/FieldLayoutEditor.vue:565 || frontend/src/components/Kanban/KanbanView.vue:161,client-js,,[],,,,,,,existente mejorable,revisado inicial CRM,sí,sí,no,,Cross-app aprobado exacto; upstream 'Añadir Columna' (peninsular/mayúscula) corregido.,Add Column,Agregar columna,
crm:bd5ae556eb5b39a9,crm,crm,src,src,,Src,Add Condition,Add Condition,,,,,Agregar condición,,,,,frontend/src/components/ConditionsFilter/CFConditions.vue:26,frontend/src/components/ConditionsFilter/CFConditions.vue:26 || frontend/src/components/ConditionsFilter/CFConditions.vue:68 || frontend/src/components/Settings/AssignmentRules/AssignmentRulesSection.vue:28 || frontend/src/components/Settings/AssignmentRules/AssignmentRulesSection.vue:65 || frontend/src/components/Settings/Sla/SlaAssignmentConditions.vue:26 || frontend/src/components/Settings/Sla/SlaAssignmentConditions.vue:63,frontend/src/components/ConditionsFilter/CFConditions.vue:26 || frontend/src/components/ConditionsFilter/CFConditions.vue:72 || frontend/src/components/Settings/AssignmentRules/AssignmentRulesSection.vue:28 || frontend/src/components/Settings/AssignmentRules/AssignmentRulesSection.vue:65 || frontend/src/components/Settings/Sla/SlaAssignmentConditions.vue:26 || frontend/src/components/Settings/Sla/SlaAssignmentConditions.vue:63,client-js,,[],,,,,,,traducción propuesta,revisado inicial CRM,sí,sí,no,,,,,
crm:b4cbe6849139dfbc,crm,crm,src,src,,Src,Add Condition Group,Add Condition Group,,,,,Agregar grupo de condiciones,,,,,frontend/src/components/ConditionsFilter/CFConditions.vue:77,frontend/src/components/ConditionsFilter/CFConditions.vue:77 || frontend/src/components/Settings/AssignmentRules/AssignmentRulesSection.vue:71 || frontend/src/components/Settings/Sla/SlaAssignmentConditions.vue:69,frontend/src/components/ConditionsFilter/CFConditions.vue:81 || frontend/src/components/Settings/AssignmentRules/AssignmentRulesSection.vue:71 || frontend/src/components/Settings/Sla/SlaAssignmentConditions.vue:69,client-js,,[],,,,,,,traducción propuesta,revisado inicial CRM,sí,sí,no,,,,,
crm:3a97fa9a526761d1,crm,crm,src,src,,Src,Add Email,Add Email,,,,,Agregar correo,,,,,frontend/src/components/Settings/Profile/UserEmailSettings.vue:100,frontend/src/components/Settings/Profile/UserEmailSettings.vue:100,frontend/src/components/Settings/Profile/UserEmailSettings.vue:100,client-js,,[],,,,,,,traducción propuesta,revisado inicial CRM,sí,sí,no,,Crossapp aprobado: reuso exacto.,Add Email,Agregar correo,
crm:1c2b73a49cacf45c,crm,crm,src,src,,Src,Add Existing User,Add Existing User,,,Añadir usuario existente,,Añadir usuario existente,,,,,frontend/src/components/Modals/AddExistingUserModal.vue:4,frontend/src/components/Modals/AddExistingUserModal.vue:4 || frontend/src/components/Settings/Users.vue:21,frontend/src/components/Modals/AddExistingUserModal.vue:4 || frontend/src/components/Settings/Users.vue:21,client-js,,[],,,,,,,existente correcta,revisado inicial CRM,sí,sí,no,,,,,
crm:37399c167af8d51a,crm,crm,src,src,,Src,Add Field,Add Field,,,Añadir campo,,Añadir campo,,,,,frontend/src/components/Controls/GridFieldsEditorModal.vue:61,frontend/src/components/Controls/GridFieldsEditorModal.vue:61 || frontend/src/components/FieldLayoutEditor.vue:227 || frontend/src/components/Kanban/KanbanSettings.vue:82 || frontend/src/components/SidePanelLayoutEditor.vue:97,frontend/src/components/Controls/GridFieldsEditorModal.vue:61 || frontend/src/components/FieldLayoutEditor.vue:228 || frontend/src/components/Kanban/KanbanSettings.vue:78 || frontend/src/components/SidePanelLayoutEditor.vue:97,client-js,,[],,,,,,,existente correcta,revisado inicial CRM,sí,sí,no,,,,,
crm:37c29444445fb03b,crm,crm,src,src,,Src,Add Filter,Add Filter,,,Añadir filtro,,Añadir filtro,,,,,frontend/src/components/Filter.vue:141,frontend/src/components/Filter.vue:141 || frontend/src/components/ViewControls.vue:107,frontend/src/components/Filter.vue:139 || frontend/src/components/ViewControls.vue:107,client-js,,[],,,,,,,existente correcta,revisado inicial CRM,sí,sí,no,,,,,
crm:eee4c147a7d6a764,crm,crm,src,src,,Src,Add Mobile Number...,Add Mobile Number...,,,,,Agregar número de móvil...,,,,,frontend/src/pages/Contact.vue:352,frontend/src/pages/Contact.vue:352,frontend/src/pages/Contact.vue:436,client-js,,[],,,,,,,traducción propuesta,revisado inicial CRM,sí,sí,no,,,,,
crm:599653be5986e4c2,crm,crm,src,src,,Src,Add Note,Add Note,,,,,Agregar Nota,,,,,frontend/src/components/Modals/CallLogDetailModal.vue:20,frontend/src/components/Modals/CallLogDetailModal.vue:20,frontend/src/components/Modals/CallLogDetailModal.vue:20,client-js,,[],,,,,,,traducción propuesta,revisado inicial CRM,sí,sí,no,,Note->Nota (glosario),,,
crm:b65ab1790ebbf732,crm,crm,src,src,,Src,Add Organization...,Add Organization...,,,,,Agregar organización...,,,,,frontend/src/pages/Contact.vue:353,frontend/src/pages/Contact.vue:353,frontend/src/pages/Contact.vue:437,client-js,,[],,,,,,,traducción propuesta,revisado inicial CRM,sí,sí,no,,,,,
crm:4e3fc0fce89b61df,crm,crm,src,src,,Src,Add Row,Add Row,,,Añadir Fila,,Añadir Fila,,,,,frontend/src/components/Controls/Grid.vue:452,frontend/src/components/Controls/Grid.vue:452 || frontend/src/components/Settings/Sla/SlaHolidays.vue:163 || frontend/src/components/Settings/Sla/SlaPriorityList.vue:101,frontend/src/components/Controls/Grid.vue:452 || frontend/src/components/Settings/Sla/SlaHolidays.vue:163 || frontend/src/components/Settings/Sla/SlaPriorityList.vue:101,client-js,,[],,,,,,,existente correcta,revisado inicial CRM,sí,sí,no,,cross-app Add Row=Añadir Fila,,,
crm:21c6d36a220c04cd,crm,crm,src,src,,Src,Add Sample Data,Add Sample Data,,,,,Agregar datos de ejemplo,,,,,frontend/src/pages/Welcome.vue:24,frontend/src/pages/Welcome.vue:24,frontend/src/pages/Welcome.vue:24,client-js,,[],,,,,,,traducción propuesta,revisado inicial CRM,sí,sí,no,,Acción de onboarding.,,,
crm:bc736d1ef7071ec0,crm,crm,src,src,,Src,Add Section,Add Section,,,Añadir sección,,Añadir sección,,,,,frontend/src/components/FieldLayoutEditor.vue:259,frontend/src/components/FieldLayoutEditor.vue:259 || frontend/src/components/SidePanelLayoutEditor.vue:127,frontend/src/components/FieldLayoutEditor.vue:261 || frontend/src/components/SidePanelLayoutEditor.vue:127,client-js,,[],,,,,,,existente correcta,revisado inicial CRM,sí,sí,no,,,,,
crm:30aa4751c381de8a,crm,crm,src,src,,Src,Add Sort,Add Sort,,,Añadir clasificación,,Agregar orden,,,,,frontend/src/components/SortBy.vue:135,frontend/src/components/SortBy.vue:135,frontend/src/components/SortBy.vue:142,client-js,,[],,,,,,,existente mejorable,revisado inicial CRM,sí,sí,no,,"Add Sort (ordenamiento); 'clasificación' es ambiguo, 'orden' más claro para sort.",,,
crm:9d13142c0ff18da6,crm,crm,src,src,,Src,Add Tab,Add Tab,,,Añadir pestaña,,Añadir pestaña,,,,,frontend/src/components/FieldLayoutEditor.vue:67,frontend/src/components/FieldLayoutEditor.vue:67,frontend/src/components/FieldLayoutEditor.vue:67,client-js,,[],,,,,,,existente correcta,revisado inicial CRM,sí,sí,no,,,,,
crm:46d1311926f378d3,crm,crm,src,src,,Src,Add Task,Add Task,,,,,Agregar Tarea,,,,,frontend/src/components/Modals/CallLogDetailModal.vue:25,frontend/src/components/Modals/CallLogDetailModal.vue:25,frontend/src/components/Modals/CallLogDetailModal.vue:25,client-js,,[],,,,,,,traducción propuesta,revisado inicial CRM,sí,sí,no,,Task->Tarea (glosario),,,
crm:dfed9144fe926717,crm,crm,src,src,,Src,Add User,Add User,,,,,Agregar usuario,,,,,frontend/src/components/Settings/Hierarchy/Hierarchy.vue:36,frontend/src/components/Settings/Hierarchy/Hierarchy.vue:36,frontend/src/components/Settings/Hierarchy/Hierarchy.vue:36,client-js,,[],,,,,,,traducción propuesta,revisado inicial CRM,sí,sí,no,,Sin traducción upstream.,,,
crm:fd89e5899478e425,crm,crm,src,src,,Src,Add Users,Add Users,,,,,Agregar usuarios,,,,,frontend/src/components/Settings/Hierarchy/Hierarchy.vue:159,frontend/src/components/Settings/Hierarchy/Hierarchy.vue:159,frontend/src/components/Settings/Hierarchy/Hierarchy.vue:159,client-js,,[],,,,,,,traducción propuesta,revisado inicial CRM,sí,sí,no,,Sin traducción upstream.,,,
crm:2211741133bd22e9,crm,crm,fcrm,fcrm,,Fcrm,Add Weekly Holidays,Add Weekly Holidays,,,Añadir Vacaciones Semanales,,Añadir Vacaciones Semanales,,Label of the add_weekly_holidays_section (Section Break) field in DocType 'CRM Holiday List',etiqueta de campo/elemento,,crm/fcrm/doctype/crm_holiday_list/crm_holiday_list.json,crm/fcrm/doctype/crm_holiday_list/crm_holiday_list.json,crm/fcrm/doctype/crm_holiday_list/crm_holiday_list.json,doctype-json,Crm Holiday List,"[""Label of the add_weekly_holidays_section (Section Break) field in DocType 'CRM Holiday List'""]",,,,,,,existente correcta,revisado inicial CRM,sí,sí,no,,crossapp Add Weekly Holidays->Añadir Vacaciones Semanales,,,
crm:6092ddbce7fc933e,crm,crm,src,src,,Src,Add a Condition,Add a Condition,,,,,Agregar una condición,,,,,frontend/src/components/Settings/AssignmentRules/AssignmentRulesSection.vue:20,frontend/src/components/Settings/AssignmentRules/AssignmentRulesSection.vue:20,frontend/src/components/Settings/AssignmentRules/AssignmentRulesSection.vue:20,client-js,,[],,,,,,,traducción propuesta,revisado inicial CRM,sí,sí,no,,,,,
crm:ec3a9d3571484dde,crm,crm,src,src,,Src,Add a Custom Condition,Add a Custom Condition,,,,,Agregar una condición personalizada,,,,,frontend/src/components/Settings/Sla/SlaAssignmentConditions.vue:15,frontend/src/components/Settings/Sla/SlaAssignmentConditions.vue:15,frontend/src/components/Settings/Sla/SlaAssignmentConditions.vue:15,client-js,,[],,,,,,,traducción propuesta,revisado inicial CRM,sí,sí,no,,Sin traducción upstream.,,,
crm:10598e86c5181443,crm,crm,src,src,,Src,Add a Note,Add a Note,,,Añadir Nota,,Agregar una nota,,,,,frontend/src/components/Telephony/ExotelCallUI.vue:183,frontend/src/components/Telephony/ExotelCallUI.vue:183 || frontend/src/components/Telephony/TwilioCallUI.vue:57,frontend/src/components/Telephony/ExotelCallUI.vue:183 || frontend/src/components/Telephony/TwilioCallUI.vue:57,client-js,,[],,,,,,,existente mejorable,revisado inicial CRM + pase dirigido,sí,,,,TERM: Add a Note -> Agregar una nota.,,Añadir Nota,
crm:9ad04fa9665f1d8b,crm,crm,src,src,,Src,Add a Task,Add a Task,,,,,Agregar una tarea,,,,,frontend/src/components/Telephony/ExotelCallUI.vue:191,frontend/src/components/Telephony/ExotelCallUI.vue:191,frontend/src/components/Telephony/ExotelCallUI.vue:191,client-js,,[],,,,,,,traducción propuesta,revisado inicial CRM,sí,sí,no,,Task->Tarea,,,
crm:ad25d7fc12df99d4,crm,crm,src,src,,Src,Add a name for your source,Add a name for your source,,,Añada un nombre para su fuente,,Agregue un nombre para su fuente,,,,,frontend/src/components/Settings/LeadSyncing/leadSyncSourceConfig.js:25,frontend/src/components/Settings/LeadSyncing/leadSyncSourceConfig.js:25,frontend/src/components/Settings/LeadSyncing/leadSyncSourceConfig.js:25,client-js,,[],,,,,,,existente mejorable,revisado inicial CRM,sí,sí,no,,'Añada'->'Agregue' (registro MX).,,,
crm:b00b776a9274648c,crm,crm,src,src,,Src,Add description...,Add description...,,,Añadir descripción...,,Agregar descripción...,,,,,frontend/src/components/Telephony/TaskPanel.vue:16,frontend/src/components/Telephony/TaskPanel.vue:16,frontend/src/components/Telephony/TaskPanel.vue:16,client-js,,[],,,,,,,existente mejorable,revisado inicial CRM,sí,sí,no,,MX: 'Agregar' > 'Añadir'; puntos suspensivos preservados,,,
crm:7f2ede24d105cd9d,crm,crm,src,src,,Src,Add direct reports,Add direct reports,,,,,Agregar subordinados directos,,,,,frontend/src/components/Settings/Hierarchy/HierarchyRow.vue:63,frontend/src/components/Settings/Hierarchy/HierarchyRow.vue:63,frontend/src/components/Settings/Hierarchy/HierarchyRow.vue:63,client-js,,[],,,,,,,traducción propuesta,revisado inicial CRM,sí,sí,no,,Sin traducción upstream.,,,
crm:53c97153d3fa268f,crm,crm,src,src,,Src,Add existing system users to this CRM. Assign them a role to grant access with their current credentials.,Add existing system users to this CRM. Assign them a role to grant access with their current credentials.,,,Añada los usuarios existentes del sistema a este CRM. Asígneles un rol para concederles acceso con sus credenciales actuales.,,Añada los usuarios existentes del sistema a este CRM. Asígneles un rol para concederles acceso con sus credenciales actuales.,,,,,frontend/src/components/Modals/AddExistingUserModal.vue:12,frontend/src/components/Modals/AddExistingUserModal.vue:12,frontend/src/components/Modals/AddExistingUserModal.vue:12,client-js,,[],,,,,,,existente correcta,revisado inicial CRM,sí,sí,no,,Registro formal coherente.,,,
crm:82fe53ba112470f1,crm,crm,src,src,,Src,Add one to get started.,Add one to get started.,,,Agrega uno para comenzar.,,Agregue uno para comenzar.,,,,,frontend/src/components/Settings/AssignmentRules/AssignmentRulesList.vue:11,frontend/src/components/Settings/AssignmentRules/AssignmentRulesList.vue:11 || frontend/src/components/Settings/EmailAccountList.vue:51 || frontend/src/components/Settings/Hierarchy/Hierarchy.vue:113 || frontend/src/components/Settings/Users.vue:53,frontend/src/components/Settings/AssignmentRules/AssignmentRulesList.vue:11 || frontend/src/components/Settings/EmailAccountList.vue:51 || frontend/src/components/Settings/Hierarchy/Hierarchy.vue:113 || frontend/src/components/Settings/Users.vue:53,client-js,,[],,,,,,,existente mejorable,revisado inicial CRM,sí,sí,no,,Cross-app 'Add one to get started.'; ajusta 'Agrega'->'Agregue'.,crm:crossapp,Agregue uno para comenzar.,
crm:729316994863f4f3,crm,crm,fcrm,fcrm,,Fcrm,Add svg code or use feather icons e.g 'settings',Add svg code or use feather icons e.g 'settings',,,"Añadir código svg o usar iconos de ""feather"", por ejemplo 'ajustes'",,"Añadir código SVG o usar iconos 'feather', p. ej. 'settings'",,Description of the 'Icon' (Code) field in DocType 'CRM Dropdown Item',descripción,,crm/fcrm/doctype/crm_dropdown_item/crm_dropdown_item.json,crm/fcrm/doctype/crm_dropdown_item/crm_dropdown_item.json,crm/fcrm/doctype/crm_dropdown_item/crm_dropdown_item.json,doctype-json,Crm Dropdown Item,"[""Description of the 'Icon' (Code) field in DocType 'CRM Dropdown Item'""]",,,,,,,existente mejorable,revisado inicial CRM,sí,sí,no,,"'feather' y 'settings' son valores literales del código, no traducir; corrijo 'ajustes'.",,,
crm:0682cecf01825986,crm,crm,src,src,,Src,Add time targets around support milestones like first response,Add time targets around support milestones like first response,,,,,Agregue objetivos de tiempo en torno a hitos de soporte como la primera respuesta,,,,,frontend/src/components/Settings/Sla/SlaPolicyView.vue:219,frontend/src/components/Settings/Sla/SlaPolicyView.vue:219,frontend/src/components/Settings/Sla/SlaPolicyView.vue:219,client-js,,[],,,,,,,traducción propuesta,revisado inicial CRM,sí,sí,no,,Sin traducción upstream.,,,
crm:fd0e88088eee61fc,crm,crm,fcrm,fcrm,,Fcrm,Add to Holidays,Add to Holidays,,,Agregar a Vacaciones,,Agregar a Vacaciones,,Label of the add_to_holidays (Button) field in DocType 'CRM Holiday List',etiqueta de campo/elemento,,crm/fcrm/doctype/crm_holiday_list/crm_holiday_list.json,crm/fcrm/doctype/crm_holiday_list/crm_holiday_list.json,crm/fcrm/doctype/crm_holiday_list/crm_holiday_list.json,doctype-json,Crm Holiday List,"[""Label of the add_to_holidays (Button) field in DocType 'CRM Holiday List'""]",,,,,,,existente correcta,revisado inicial CRM,sí,sí,no,,crossapp Add to Holidays->Agregar a Vacaciones,,,
crm:dda9b4fccbfcb039,crm,crm,src,src,,Src,Add your first comment,Add your first comment,,,Añada su primer comentario,,Añada su primer comentario,,,,,frontend/src/components/Layouts/AppSidebar.vue:548,frontend/src/components/Layouts/AppSidebar.vue:548,frontend/src/components/Layouts/AppSidebar.vue:466,client-js,,[],,,,,,,existente correcta,revisado inicial CRM,sí,sí,no,,,,,
crm:18683faf3560bd7f,crm,crm,src,src,,Src,"Add, edit, and manage email templates for various CRM communications","Add, edit, and manage email templates for various CRM communications",,,"Añadir, editar y administrar plantillas de correo electrónico para varias comunicaciones CRM",,"Agregar, editar y administrar plantillas de correo para las distintas comunicaciones del CRM",,,,,frontend/src/components/Settings/EmailTemplate/EmailTemplates.vue:11,frontend/src/components/Settings/EmailTemplate/EmailTemplates.vue:11,frontend/src/components/Settings/EmailTemplate/EmailTemplates.vue:11,client-js,,[],,,,,,,existente mejorable,revisado inicial CRM,sí,sí,no,,"Ajuste natural MX ('Añadir'->'Agregar', 'del CRM').",,,
crm:11add8582308e88d,crm,crm,src,src,,Src,"Add, edit, and manage sources for automatic lead syncing to your CRM","Add, edit, and manage sources for automatic lead syncing to your CRM",,,"Añada, edite y gestione fuentes para la sincronización automática de clientes potenciales con su CRM",,"Agregue, edite y gestione fuentes para la sincronización automática de Leads con su CRM",,,,,frontend/src/components/Settings/LeadSyncing/LeadSyncSources.vue:12,frontend/src/components/Settings/LeadSyncing/LeadSyncSources.vue:12,frontend/src/components/Settings/LeadSyncing/LeadSyncSources.vue:12,client-js,,[],,,,,,,existente mejorable,revisado inicial CRM,sí,no,sí,,Revierte 'clientes potenciales'->Leads; 'Añada'->'Agregue' (MX).,Leads,Leads,
crm:bdc57c214b9a9696,crm,crm,fcrm,fcrm,,Fcrm,Address,Address,,,Dirección,,Dirección,,Label of the address (Link) field in DocType 'CRM Organization',etiqueta de campo/elemento,,crm/fcrm/doctype/crm_organization/crm_organization.json,crm/fcrm/doctype/crm_organization/crm_organization.json,crm/fcrm/doctype/crm_organization/crm_organization.json,doctype-json,Crm Organization,"[""Label of the address (Link) field in DocType 'CRM Organization'""]",,,,,,,existente correcta,revisado inicial CRM,sí,sí,no,,crossapp aprobado.,,,
crm:31a75bc5b6b83efd,crm,crm,src,src,,Src,Admin,Admin,,,Admin,,Administrador,,,,,frontend/src/components/Modals/AddExistingUserModal.vue:92,frontend/src/components/Modals/AddExistingUserModal.vue:92 || frontend/src/components/Settings/InviteUserPage.vue:164 || frontend/src/components/Settings/InviteUserPage.vue:171 || frontend/src/components/Settings/Users.vue:125 || frontend/src/components/Settings/Users.vue:193 || frontend/src/components/Settings/Users.vue:229 || frontend/src/components/Settings/Users.vue:232 || frontend/src/components/Settings/Users.vue:85,frontend/src/components/Modals/AddExistingUserModal.vue:94 || frontend/src/components/Settings/InviteUserPage.vue:164 || frontend/src/components/Settings/InviteUserPage.vue:171 || frontend/src/components/Settings/Users.vue:85 || frontend/src/components/Settings/Users.vue:125 || frontend/src/components/Settings/Users.vue:185 || frontend/src/components/Settings/Users.vue:221 || frontend/src/components/Settings/Users.vue:224,client-js,,[],,,,,,,existente mejorable,revisado inicial CRM,sí,sí,no,,Rol; se traduce a diferencia de la sigla.,,,
crm:46be7accf8208b5d,crm,crm,integrations,integrations,,Integrations,"Agent is unavailable to take the call, please call after some time.","Agent is unavailable to take the call, please call after some time.",,,"El agente no está disponible para atender la llamada, por favor, inténtelo más tarde.",,"El agente no está disponible para atender la llamada, por favor, inténtelo más tarde.",,,,,crm/integrations/twilio/twilio_handler.py:144,crm/integrations/twilio/twilio_handler.py:144,crm/integrations/twilio/twilio_handler.py:144,python,,[],,,,,,,existente correcta,revisado inicial CRM,sí,sí,no,,Traducción correcta y natural.,,,
crm:142628fd1056d0c6,crm,crm,src,src,,Src,All,All,,,Todos,,Todos,,,,,frontend/src/components/Settings/EmailTemplate/EmailTemplates.vue:75,frontend/src/components/Settings/EmailTemplate/EmailTemplates.vue:75 || frontend/src/components/Settings/Users.vue:84,frontend/src/components/Notifications.vue:118 || frontend/src/components/Settings/EmailTemplate/EmailTemplates.vue:75 || frontend/src/components/Settings/Users.vue:84,client-js,,[],,,,,,,existente correcta,revisado inicial CRM,sí,sí,no,,cross-app aprobado: All,,,
crm:fbd16d17a433e620,crm,crm,src,src,,Src,All available priorities have already been added,All available priorities have already been added,,,,,Ya se agregaron todas las prioridades disponibles,,,,,frontend/src/components/Settings/Sla/SlaPriorityList.vue:205,frontend/src/components/Settings/Sla/SlaPriorityList.vue:205,frontend/src/components/Settings/Sla/SlaPriorityList.vue:205,client-js,,[],,,,,,,traducción propuesta,revisado inicial CRM,sí,sí,no,,Sin traducción upstream.,,,
crm:10e062380f54069c,crm,crm,src,fcrm;src,sí,Src,Amount,Amount,,,Importe,,Importe,,Label of the amount (Currency) field in DocType 'CRM Products',etiqueta de campo/elemento,,crm/fcrm/doctype/crm_products/crm_products.json,crm/fcrm/doctype/crm_products/crm_products.json || frontend/src/pages/Contact.vue:389 || frontend/src/pages/MobileContact.vue:381 || frontend/src/pages/MobileOrganization.vue:463 || frontend/src/pages/Organization.vue:493,crm/fcrm/doctype/crm_products/crm_products.json || frontend/src/pages/Contact.vue:520 || frontend/src/pages/MobileContact.vue:518 || frontend/src/pages/MobileOrganization.vue:462 || frontend/src/pages/Organization.vue:492,doctype-json,Crm Products,"[""Label of the amount (Currency) field in DocType 'CRM Products'""]",,,,,,,existente correcta,revisado inicial CRM,sí,sí,no,,Cross-app: Amount=Importe.,,,
crm:327d6500eb1a350f,crm,crm,fcrm,fcrm,,Fcrm,Amount after discount,Amount after discount,,,Importe después del descuento,,Importe después del descuento,,Description of the 'Net Amount' (Currency) field in DocType 'CRM Products',descripción,,crm/fcrm/doctype/crm_products/crm_products.json,crm/fcrm/doctype/crm_products/crm_products.json,crm/fcrm/doctype/crm_products/crm_products.json,doctype-json,Crm Products,"[""Description of the 'Net Amount' (Currency) field in DocType 'CRM Products'""]",,,,,,,existente correcta,revisado inicial CRM,sí,sí,no,,Descripción de campo Net Amount.,,,
crm:fe654c9a3d5b45d0,crm,crm,src,src,,Src,An Error Occurred,An Error Occurred,,,,,Ocurrió un error,,,,,frontend/src/pages/Deal.vue:452,frontend/src/pages/Deal.vue:452 || frontend/src/pages/MobileLead.vue:207,,client-js,,[],,,,,,,traducción propuesta,revisado inicial CRM,sí,sí,no,,Cross-app aprobado exacto.,Error Occurred,Ocurrió un error,"POT-only: en el universo fresco, sin traducir"
crm:3ac1377e05e2597f,crm,crm,src,src,,CRM,An SLA set as default cannot be disabled,An SLA set as default cannot be disabled,,,,,El SLA establecido como predeterminado no se puede deshabilitar,,,,,frontend/src/components/Settings/Sla/SlaPolicyList.vue:254,frontend/src/components/Settings/Sla/SlaPolicyList.vue:254 || frontend/src/components/Settings/Sla/SlaPolicyView.vue:385,,client-js,,[],,,,,,,traducción propuesta,aprobado (lote crm 1.81.2),sí,,,,lote crm 1.81.2: reusar de SLA set as default cannot be disabled,,,"POT-only: en el universo fresco, sin traducir"
crm:1879ee2ecea09779,crm,crm,src,src,,Src,An error occurred,An error occurred,,,Se ha producido un error,,Ocurrió un error,,,,,frontend/src/components/Modals/FieldLayoutDialog.vue:277,frontend/src/components/Modals/FieldLayoutDialog.vue:277 || frontend/src/data/script.js:78 || frontend/src/data/script.js:79 || frontend/src/pages/Lead.vue:341 || frontend/src/pages/MobileDeal.vue:357,frontend/src/components/Modals/FieldLayoutDialog.vue:277 || frontend/src/data/script.js:78 || frontend/src/data/script.js:79,client-js,,[],,,,,,,existente mejorable,revisado inicial CRM,sí,sí,no,,Cross-app 'Error Occurred'=Ocurrió un error; MX natural.,,,
crm:1b3cf592a0c2f20c,crm,crm,src,src,,Src,An error occurred while updating the document,An error occurred while updating the document,,,Ocurrió un error cuando se actualizaba el documento,,Ocurrió un error al actualizar el documento,,,,,frontend/src/data/document.js:77,frontend/src/data/document.js:77,frontend/src/data/document.js:77,client-js,,[],,,,,,,existente mejorable,revisado inicial CRM,sí,sí,no,,"'cuando se actualizaba' -> 'al actualizar', más natural.",,,
crm:7320dfc83836d02f,crm,crm,fcrm,fcrm,,Fcrm,An icon file with .ico extension. Should be 16 x 16 px. Generated using a favicon generator. [favicon-generator.org],An icon file with .ico extension. Should be 16 x 16 px. Generated using a favicon generator. [favicon-generator.org],,,Un archivo de icono con .ico extensión. Debería ser de 16 x 16 píxeles. Generado usando un generador de favicon. [favicon-generator.org],,Un archivo de icono con extensión .ico. Debería ser de 16 x 16 píxeles. Generado usando un generador de favicon. [favicon-generator.org],,Description of the 'Favicon' (Attach) field in DocType 'FCRM Settings',descripción,,crm/fcrm/doctype/fcrm_settings/fcrm_settings.json,crm/fcrm/doctype/fcrm_settings/fcrm_settings.json,crm/fcrm/doctype/fcrm_settings/fcrm_settings.json,doctype-json,Fcrm Settings,"[""Description of the 'Favicon' (Attach) field in DocType 'FCRM Settings'""]",,,,,,,existente mejorable,revisado inicial CRM,sí,sí,no,,crossapp exacto; corrige orden 'con .ico extensión',,,
crm:e73c5aedcc6eda24,crm,crm,fcrm,fcrm,,Fcrm,An image with 1:1 & 2:1 ratio is preferred,An image with 1:1 & 2:1 ratio is preferred,,,Se prefiere una imagen con proporción 1:1 y 2:1,,Se prefiere una imagen con proporción 1:1 y 2:1,,Description of the 'Logo' (Attach) field in DocType 'FCRM Settings',descripción,,crm/fcrm/doctype/fcrm_settings/fcrm_settings.json,crm/fcrm/doctype/fcrm_settings/fcrm_settings.json,crm/fcrm/doctype/fcrm_settings/fcrm_settings.json,doctype-json,Fcrm Settings,"[""Description of the 'Logo' (Attach) field in DocType 'FCRM Settings'""]",,,,,,,existente correcta,revisado inicial CRM,sí,sí,no,,,,,
crm:409ada705e478405,crm,crm,src,src,,Src,And,And,,,Y,,Y,,,,,frontend/src/components/Filter.vue:43,frontend/src/components/Filter.vue:43 || frontend/src/components/Filter.vue:84,frontend/src/components/Filter.vue:43 || frontend/src/components/Filter.vue:83,client-js,,[],,,,,,,existente correcta,revisado inicial CRM,sí,sí,no,,conjunción lógica de filtro,,,
crm:bba46a8d8db0c0c3,crm,crm,fcrm,fcrm,,Fcrm,Annual Revenue,Annual Revenue,,,Ingresos Anuales,,Ingresos Anuales,,Label of the annual_revenue (Currency) field in DocType 'CRM Deal',etiqueta de campo/elemento,,crm/fcrm/doctype/crm_deal/crm_deal.json,crm/fcrm/doctype/crm_deal/crm_deal.json || crm/fcrm/doctype/crm_lead/crm_lead.json || crm/fcrm/doctype/crm_organization/crm_organization.json,crm/fcrm/doctype/crm_deal/crm_deal.json || crm/fcrm/doctype/crm_lead/crm_lead.json || crm/fcrm/doctype/crm_organization/crm_organization.json,doctype-json,Crm Deal,"[""Label of the annual_revenue (Currency) field in DocType 'CRM Deal'"", ""Label of the annual_revenue (Currency) field in DocType 'CRM Lead'"", ""Label of the annual_revenue (Currency) field in DocType 'CRM Organization'""]",,,,,,,existente correcta,revisado inicial CRM,sí,sí,no,,Cross-app aprobado exacto.,Annual Revenue,Ingresos Anuales,
crm:bd0f68bb880354dc,crm,crm,src,src,,Src,Annual Revenue should be a number,Annual Revenue should be a number,,,Los ingresos anuales deben ser un número,,Los ingresos anuales deben ser un número,,,,,frontend/src/components/Modals/DealModal.vue:193,frontend/src/components/Modals/DealModal.vue:193 || frontend/src/components/Modals/LeadModal.vue:136,frontend/src/components/Modals/DealModal.vue:193 || frontend/src/components/Modals/LeadModal.vue:136,client-js,,[],,,,,,,existente correcta,revisado inicial CRM,sí,sí,no,,Upstream correcta y natural.,,,
crm:2c344a0542d4a22c,crm,crm,src,src,,Src,Another CRM,Another CRM,,,,,Otro CRM,,,,,frontend/src/pages/PersonaForm.vue:64,frontend/src/pages/PersonaForm.vue:64,frontend/src/pages/PersonaForm.vue:64,client-js,,[],,,,,,,traducción propuesta,revisado inicial CRM,sí,sí,no,,,,,
crm:e42a0b61236cf67c,crm,crm,src,src,,Src,Any failed lead syncs will show up here,Any failed lead syncs will show up here,,,Cualquier sincronización fallida de clientes potenciales se mostrará aquí,,Cualquier sincronización fallida de Leads se mostrará aquí,,,,,frontend/src/components/Settings/LeadSyncing/FailureLogs.vue:69,frontend/src/components/Settings/LeadSyncing/FailureLogs.vue:69,frontend/src/components/Settings/LeadSyncing/FailureLogs.vue:69,client-js,,[],,,,,,,existente mejorable,revisado inicial CRM,sí,no,sí,,Revierte 'clientes potenciales'->Leads (protegido).,Leads,Leads,
crm:ec1a52c1e83f7553,crm,crm,fcrm,fcrm,,Fcrm,App Name,App Name,,,Nombre de la Aplicación,,Nombre de la aplicación,,Label of the app_name (Data) field in DocType 'CRM Twilio Settings',etiqueta de campo/elemento,,crm/fcrm/doctype/crm_twilio_settings/crm_twilio_settings.json,crm/fcrm/doctype/crm_twilio_settings/crm_twilio_settings.json,crm/fcrm/doctype/crm_twilio_settings/crm_twilio_settings.json,doctype-json,Crm Twilio Settings,"[""Label of the app_name (Data) field in DocType 'CRM Twilio Settings'""]",,,,,,,existente mejorable,revisado inicial CRM,sí,sí,no,,Cross-app aprobado exacto (minúscula en aplicación).,App Name,Nombre de la aplicación,
crm:cf9971a56e965a28,crm,crm,src,src,,Src,Appearance,Appearance,,,,,Apariencia,,,,,frontend/src/components/Settings/PreferencesSettings.vue:16,frontend/src/components/Settings/PreferencesSettings.vue:16,frontend/src/components/Settings/PreferencesSettings.vue:16,client-js,,[],,,,,,,traducción propuesta,revisado inicial CRM,sí,sí,no,,Crossapp aprobado: reuso exacto.,Appearance,Apariencia,
crm:f4ffca461ebe1f39,crm,crm,src,src,,Src,Appears in the left sidebar. Recommended size is 32x32 px in PNG or SVG,Appears in the left sidebar. Recommended size is 32x32 px in PNG or SVG,,,Aparece en la barra lateral izquierda. El tamaño recomendado es 32x32 píxeles en formato PNG o SVG,,Aparece en la barra lateral izquierda. El tamaño recomendado es 32x32 píxeles en formato PNG o SVG,,,,,frontend/src/components/Settings/BrandSettings.vue:65,frontend/src/components/Settings/BrandSettings.vue:65,frontend/src/components/Settings/BrandSettings.vue:65,client-js,,[],,,,,,,existente correcta,revisado inicial CRM,sí,sí,no,,,,,
crm:4038b834ab53d3f8,crm,crm,src,src,,Src,Appears next to the title in your browser tab. Recommended size is 32x32 px in PNG or ICO,Appears next to the title in your browser tab. Recommended size is 32x32 px in PNG or ICO,,,Aparece junto al título en la pestaña de su navegador. El tamaño es recomendado 32x32 píxeles en formato PNG o ICO,,Aparece junto al título en la pestaña de su navegador. El tamaño recomendado es 32x32 píxeles en formato PNG o ICO,,,,,frontend/src/components/Settings/BrandSettings.vue:100,frontend/src/components/Settings/BrandSettings.vue:100,frontend/src/components/Settings/BrandSettings.vue:100,client-js,,[],,,,,,,existente mejorable,revisado inicial CRM,sí,sí,no,,Corrige orden 'tamaño es recomendado'->'tamaño recomendado'.,,,
crm:1f1d2952471a47c5,crm,crm,src,src,,Src,Apply,Apply,,,Aplicar,,Aplicar,,,,,frontend/src/components/Kanban/KanbanSettings.vue:102,frontend/src/components/Kanban/KanbanSettings.vue:102 || frontend/src/components/Kanban/KanbanView.vue:46,frontend/src/components/Kanban/KanbanSettings.vue:98 || frontend/src/components/Kanban/KanbanView.vue:46,client-js,,[],,,,,,,existente correcta,revisado inicial CRM,sí,sí,no,,cross-app Apply=Aplicar,,,
crm:071f1706f95ba150,crm,crm,src,fcrm;src,sí,Src,Apply On,Apply On,,,Aplicar en,,Aplicar en,,Label of the apply_on (Link) field in DocType 'CRM Service Level Agreement',etiqueta de campo/elemento,,crm/fcrm/doctype/crm_service_level_agreement/crm_service_level_agreement.json,crm/fcrm/doctype/crm_service_level_agreement/crm_service_level_agreement.json || frontend/src/components/Settings/AssignmentRules/AssignmentRuleView.vue:125 || frontend/src/components/Settings/Sla/SlaPolicyList.vue:64 || frontend/src/components/Settings/Sla/SlaPolicyView.vue:71,crm/fcrm/doctype/crm_service_level_agreement/crm_service_level_agreement.json || frontend/src/components/Settings/AssignmentRules/AssignmentRuleView.vue:125 || frontend/src/components/Settings/Sla/SlaPolicyList.vue:64 || frontend/src/components/Settings/Sla/SlaPolicyView.vue:71,doctype-json,Crm Service Level Agreement,"[""Label of the apply_on (Link) field in DocType 'CRM Service Level Agreement'""]",,,,,,,existente correcta,revisado inicial CRM,sí,sí,no,,crossapp Apply On->Aplicar en,,,
crm:9668f93edf3f89ed,crm,crm,fcrm,fcrm,,Fcrm,Apply To,Apply To,,,Aplicar a,,Aplicar a,,Label of the view (Select) field in DocType 'CRM Form Script',etiqueta de campo/elemento,,crm/fcrm/doctype/crm_form_script/crm_form_script.json,crm/fcrm/doctype/crm_form_script/crm_form_script.json,crm/fcrm/doctype/crm_form_script/crm_form_script.json,doctype-json,Crm Form Script,"[""Label of the view (Select) field in DocType 'CRM Form Script'""]",,,,,,,existente correcta,revisado inicial CRM,sí,sí,no,,Cross-app: Apply To=Aplicar a.,,,
crm:15d1d6df89adfa04,crm,crm,src,src,,Src,Are you sure you want to clear assignment for {0} item(s)?,Are you sure you want to clear assignment for {0} item(s)?,,,,,¿Seguro que deseas quitar la asignación de {0} elemento(s)?,,,,,frontend/src/components/ListBulkActions.vue:135,frontend/src/components/ListBulkActions.vue:135,,client-js,,[],{0},,{0},ok,,,traducción propuesta,revisado inicial CRM,sí,sí,no,,Placeholder {0} preservado.,,,"POT-only: en el universo fresco, sin traducir"
crm:1638dcf5a203981f,crm,crm,src,src,,Src,Are you sure you want to clear demo data? This action cannot be undone.,Are you sure you want to clear demo data? This action cannot be undone.,,,,,¿Seguro que deseas borrar los datos de demostración? Esta acción no se puede deshacer.,,,,,frontend/src/composables/demoData.js:21,frontend/src/composables/demoData.js:21,frontend/src/composables/demoData.js:21,client-js,,[],,,,,,,traducción propuesta,revisado inicial CRM,sí,sí,no,,,,,
crm:b2dcd908c607213a,crm,crm,src,src,,Src,Are you sure you want to convert {0} lead(s) to deal(s)?,Are you sure you want to convert {0} lead(s) to deal(s)?,,,,,¿Seguro que deseas convertir {0} lead(s) en deal(s)?,,,,,frontend/src/components/ListBulkActions.vue:79,frontend/src/components/ListBulkActions.vue:79,,client-js,,[],{0},,{0},ok,,,traducción propuesta,revisado inicial CRM,sí,no,sí,,Lead/Deal protegidos; {0} preservado.,,,"POT-only: en el universo fresco, sin traducir"
crm:88dcec995e3a7c75,crm,crm,src,src,,Src,"Are you sure you want to delete ""{0}"" view?","Are you sure you want to delete ""{0}"" view?",,,,,"¿Seguro que desea eliminar la vista ""{0}""?",,,,,frontend/src/components/ViewControls.vue:1148,frontend/src/components/ViewControls.vue:1148,,client-js,,[],{0},,{0},ok,,,traducción propuesta,revisado inicial CRM,sí,sí,no,,Placeholder {0} preservado.,,,"POT-only: en el universo fresco, sin traducir"
crm:c603760ee51e08a2,crm,crm,src,src,,Src,Are you sure you want to delete this attachment?,Are you sure you want to delete this attachment?,,,¿Está seguro que desea eliminar el archivo adjunto?,,¿Está seguro que desea eliminar el archivo adjunto?,,,,,frontend/src/components/Activities/AttachmentArea.vue:128,frontend/src/components/Activities/AttachmentArea.vue:128,frontend/src/components/Activities/AttachmentArea.vue:128,client-js,,[],,,,,,,existente correcta,revisado inicial CRM,sí,sí,no,,,,,
crm:26f050e6247bcd8c,crm,crm,src,src,,Src,Are you sure you want to delete this contact?,Are you sure you want to delete this contact?,,,¿Está seguro de que desea eliminar este contacto?,,¿Está seguro de que desea eliminar este contacto?,,,,,frontend/src/pages/MobileContact.vue:281,frontend/src/pages/MobileContact.vue:281,frontend/src/pages/MobileContact.vue:274,client-js,,[],,,,,,,existente correcta,revisado inicial CRM,sí,sí,no,,,,,
crm:4ed1ee42980c07dd,crm,crm,src,src,,Src,Are you sure you want to delete this organization?,Are you sure you want to delete this organization?,,,¿Está seguro que desea eliminar esta organización?,,¿Está seguro que desea eliminar esta organización?,,,,,frontend/src/pages/MobileOrganization.vue:276,frontend/src/pages/MobileOrganization.vue:276,frontend/src/pages/MobileOrganization.vue:275,client-js,,[],,,,,,,existente correcta,revisado inicial CRM,sí,sí,no,,,,,
crm:4ad46f6150ae38d7,crm,crm,src,src,,Src,Are you sure you want to delete this task?,Are you sure you want to delete this task?,,,¿Estás seguro de que deseas eliminar esta tarea?,,¿Estás seguro de que deseas eliminar esta tarea?,,,,,frontend/src/components/Activities/TaskArea.vue:60,frontend/src/components/Activities/TaskArea.vue:60,frontend/src/components/Activities/TaskArea.vue:60,client-js,,[],,,,,,,existente correcta,revisado inicial CRM,sí,sí,no,,,,,
crm:84b0cf158fea31ce,crm,crm,src,src,,Src,Are you sure you want to delete {0} - {1}?,Are you sure you want to delete {0} - {1}?,,,,,¿Seguro que desea eliminar {0} - {1}?,,,,,frontend/src/components/DeleteLinkedDocModal.vue:55,frontend/src/components/DeleteLinkedDocModal.vue:55,,client-js,,[],{0};{1},,{0};{1},ok,,,traducción propuesta,revisado inicial CRM,sí,sí,no,,placeholders {0} {1},,,"POT-only: en el universo fresco, sin traducir"
crm:ff97b16e86b0d8d9,crm,crm,src,src,,Src,Are you sure you want to delete {0} items?,Are you sure you want to delete {0} items?,,,,,¿Seguro que desea eliminar {0} elementos?,,,,,frontend/src/components/BulkDeleteLinkedDocModal.vue:18,frontend/src/components/BulkDeleteLinkedDocModal.vue:18,,client-js,,[],{0},,{0},ok,,,traducción propuesta,revisado inicial CRM,sí,sí,no,,placeholder {0} preservado,,,"POT-only: en el universo fresco, sin traducir"
crm:9a02032f5ce98932,crm,crm,src,src,,Src,Are you sure you want to delete {0} linked doc(s)?,Are you sure you want to delete {0} linked doc(s)?,,,,,¿Seguro que desea eliminar {0} documento(s) vinculado(s)?,,,,,frontend/src/components/BulkDeleteLinkedDocModal.vue:114,frontend/src/components/BulkDeleteLinkedDocModal.vue:114,,client-js,,[],{0},,{0},ok,,,traducción propuesta,revisado inicial CRM,sí,sí,no,,placeholder {0} preservado,,,"POT-only: en el universo fresco, sin traducir"
crm:01cc50ed72ccdc36,crm,crm,src,src,,Src,Are you sure you want to delete {0} linked item(s)?,Are you sure you want to delete {0} linked item(s)?,,,¿Está seguro de que desea eliminar {0} elemento(s) vinculado(s)?,,¿Está seguro de que desea eliminar {0} elemento(s) vinculado(s)?,,,,,frontend/src/components/DeleteLinkedDocModal.vue:224,frontend/src/components/DeleteLinkedDocModal.vue:224,frontend/src/components/DeleteLinkedDocModal.vue:224,client-js,,[],{0},{0},{0},ok,,,existente correcta,revisado inicial CRM,sí,sí,no,,placeholder {0},,,
crm:ad46ffc2880c3b79,crm,crm,src,src,,Src,Are you sure you want to go back? Unsaved changes will be lost.,Are you sure you want to go back? Unsaved changes will be lost.,,,¿Estás seguro de volver atrás? Los cambios no guardados se perderán.,,¿Estás seguro de volver atrás? Los cambios no guardados se perderán.,,,,,frontend/src/components/Settings/AssignmentRules/AssignmentRuleView.vue:571,frontend/src/components/Settings/AssignmentRules/AssignmentRuleView.vue:571 || frontend/src/components/Settings/Sla/SlaPolicyView.vue:359,frontend/src/components/Settings/AssignmentRules/AssignmentRuleView.vue:576 || frontend/src/components/Settings/Sla/SlaPolicyView.vue:346,client-js,,[],,,,,,,existente correcta,revisado inicial CRM,sí,sí,no,,Cross-app exacto.,crm:crossapp,¿Estás seguro de volver atrás? Los cambios no guardados se perderán.,
crm:cb6302f223595810,crm,crm,src,src,,Src,Are you sure you want to login to your Frappe Cloud dashboard?,Are you sure you want to login to your Frappe Cloud dashboard?,,,¿Estás seguro de que deseas iniciar sesión en el panel de Frappe Cloud?,,¿Seguro que deseas iniciar sesión en el panel de Frappe Cloud?,,,,,frontend/src/composables/frappecloud.js:24,frontend/src/composables/frappecloud.js:24,frontend/src/composables/frappecloud.js:24,client-js,,[],,,,,,,existente mejorable,revisado inicial CRM,sí,sí,no,,Frappe Cloud marca; ajuste a tuteo 'deseas' consistente MX.,,,
crm:1f2dbbd4df64a0c5,crm,crm,src,src,,Src,Are you sure you want to make this attachment {0}?,Are you sure you want to make this attachment {0}?,,,,,¿Está seguro de que desea hacer este adjunto {0}?,,,,,frontend/src/components/Activities/AttachmentArea.vue:99,frontend/src/components/Activities/AttachmentArea.vue:99,,client-js,,[],{0},,{0},ok,,,traducción propuesta,revisado inicial CRM,sí,sí,no,,Placeholder {0} (público/privado).,,,"POT-only: en el universo fresco, sin traducir"
crm:96438d6d22048224,crm,crm,src,src,,Src,Are you sure you want to remove this tab and all its content?,Are you sure you want to remove this tab and all its content?,,,,,¿Seguro que desea eliminar esta pestaña y todo su contenido?,,,,,frontend/src/components/FieldLayoutEditor.vue:428,frontend/src/components/FieldLayoutEditor.vue:428,frontend/src/components/FieldLayoutEditor.vue:431,client-js,,[],,,,,,,traducción propuesta,revisado inicial CRM,sí,sí,no,,,,,
crm:b6e11409b93a9ed3,crm,crm,src,src,,Src,Are you sure you want to remove {0} from the hierarchy?,Are you sure you want to remove {0} from the hierarchy?,,,,,¿Seguro que desea eliminar a {0} de la jerarquía?,,,,,frontend/src/components/Settings/Hierarchy/Hierarchy.vue:203,frontend/src/components/Settings/Hierarchy/Hierarchy.vue:203,,client-js,,[],{0},,{0},ok,,,traducción propuesta,revisado inicial CRM,sí,sí,no,,Placeholder {0} preservado.,,,"POT-only: en el universo fresco, sin traducir"
crm:5f96cebfd91174d1,crm,crm,fcrm,fcrm,,Fcrm,Are you sure you want to reset 'Create Quotation from CRM Deal' Form Script?,Are you sure you want to reset 'Create Quotation from CRM Deal' Form Script?,,,¿Está seguro de que desea restablecer el script del formulario 'Crear presupuesto a partir de Acuerdo CRM'?,,¿Está seguro de que desea restablecer el script del formulario 'Crear presupuesto a partir de CRM Deal'?,,,,,crm/fcrm/doctype/erpnext_crm_settings/erpnext_crm_settings.js:9,crm/fcrm/doctype/erpnext_crm_settings/erpnext_crm_settings.js:9,crm/fcrm/doctype/erpnext_crm_settings/erpnext_crm_settings.js:9,doctype-controller,Erpnext Crm Settings,[],,,,,,,existente mejorable,revisado inicial CRM,sí,no,no,,Deal protegido: 'Acuerdo CRM'->'CRM Deal',,,
crm:4c3d2bd725cd61b1,crm,crm,src,src,,Src,Are you sure you want to set the currency as {0}? This cannot be changed later.,Are you sure you want to set the currency as {0}? This cannot be changed later.,,,¿Está seguro de que desea establecer la divisa como {0}? Esto no se puede cambiar más tarde.,,¿Está seguro de que desea establecer la moneda como {0}? Esto no se puede cambiar más adelante.,,,,,frontend/src/components/Settings/DashboardSettings.vue:236,frontend/src/components/Settings/DashboardSettings.vue:236,frontend/src/components/Settings/DashboardSettings.vue:236,client-js,,[],{0},{0},{0},ok,,,existente mejorable,revisado inicial CRM,sí,sí,no,,Glosario Currency=Moneda; 'divisa'->'moneda'. {0} preservado.,,,
crm:9af4cb27a462ffba,crm,crm,src,src,,Src,Are you sure you want to unlink {0} linked doc(s)?,Are you sure you want to unlink {0} linked doc(s)?,,,,,¿Seguro que desea desvincular {0} documento(s) vinculado(s)?,,,,,frontend/src/components/BulkDeleteLinkedDocModal.vue:125,frontend/src/components/BulkDeleteLinkedDocModal.vue:125,,client-js,,[],{0},,{0},ok,,,traducción propuesta,revisado inicial CRM,sí,sí,no,,placeholder {0} preservado,,,"POT-only: en el universo fresco, sin traducir"
crm:e531934a7125f0ce,crm,crm,src,src,,Src,Are you sure you want to unlink {0} linked item(s)?,Are you sure you want to unlink {0} linked item(s)?,,,¿Está seguro de que desea desvincular {0} elemento(s) vinculado(s)?,,¿Está seguro de que desea desvincular {0} elemento(s) vinculado(s)?,,,,,frontend/src/components/DeleteLinkedDocModal.vue:237,frontend/src/components/DeleteLinkedDocModal.vue:237,frontend/src/components/DeleteLinkedDocModal.vue:237,client-js,,[],{0},{0},{0},ok,,,existente correcta,revisado inicial CRM,sí,sí,no,,placeholder {0},,,
crm:1364aac41bd2035a,crm,crm,api,api,,Api,"Ask your manager to set up the Exchange Rate Provider, as default provider does not support currency conversion for {0} to {1}.","Ask your manager to set up the Exchange Rate Provider, as default provider does not support currency conversion for {0} to {1}.",,,"Pídale a su gerente que configure el proveedor de tipo de cambio, ya que el proveedor predeterminado no admite la conversión de moneda de {0} a {1}.",,"Pídale a su gerente que configure el proveedor de tipo de cambio, ya que el proveedor predeterminado no admite la conversión de moneda de {0} a {1}.",,,,,crm/api/exchange_rate.py:144,crm/api/exchange_rate.py:144,crm/api/exchange_rate.py:144,python,,[],{0};{1},{0};{1},{0};{1},ok,,,existente correcta,revisado inicial CRM,sí,sí,no,,Traducción correcta. Placeholders {0};{1} preservados.,,,
crm:afd406d5d6e5791f,crm,crm,src,src,,Src,Assign To,Assign To,,,Asignar a,,Asignar a,,,,,frontend/src/components/AssignTo.vue:11,frontend/src/components/AssignTo.vue:11 || frontend/src/components/AssignToBody.vue:5 || frontend/src/components/ListBulkActions.vue:184 || frontend/src/components/Modals/AssignmentModal.vue:4,frontend/src/components/AssignTo.vue:11 || frontend/src/components/AssignToBody.vue:5 || frontend/src/components/ListBulkActions.vue:184 || frontend/src/components/Modals/AssignmentModal.vue:4,client-js,,[],,,,,,,existente correcta,revisado inicial CRM,sí,sí,no,,Cross-app aprobado exacto.,Assign To,Asignar a,
crm:9b13829cdf2f25f2,crm,crm,src,src,,Src,Assign To Me,Assign To Me,,,,,Asignarme a mí,,,,,frontend/src/components/AssignToBody.vue:67,frontend/src/components/AssignToBody.vue:67,frontend/src/components/AssignToBody.vue:67,client-js,,[],,,,,,,traducción propuesta,revisado inicial CRM,sí,sí,no,,Assign To Me.,,,
crm:92953185ad31d614,crm,crm,src,src,,CRM,Assign condition is required,Assign condition is required,,,,,La condición de asignación es obligatoria,,,,,frontend/src/components/Settings/AssignmentRules/AssignmentRuleView.vue:430,frontend/src/components/Settings/AssignmentRules/AssignmentRuleView.vue:430,,client-js,,[],,,,,,,traducción propuesta,aprobado (lote crm 1.81.2),sí,,,,lote crm 1.81.2: reusar de Assign Condition is required,,,"POT-only: en el universo fresco, sin traducir"
crm:7870de3a5d308c2b,crm,crm,src,src,,CRM,Assign conditions are invalid,Assign conditions are invalid,,,,,Las condiciones de asignación no son válidas,,,,,frontend/src/components/Settings/AssignmentRules/AssignmentRuleView.vue:433,frontend/src/components/Settings/AssignmentRules/AssignmentRuleView.vue:433,,client-js,,[],,,,,,,traducción propuesta,aprobado (lote crm 1.81.2),sí,,,,lote crm 1.81.2: reusar de Assign Conditions are invalid,,,"POT-only: en el universo fresco, sin traducir"
crm:3c75360bf9756e40,crm,crm,fcrm,fcrm,,Fcrm,Assigned To,Assigned To,,,Asignado a,,Asignado a,,Label of the assigned_to (Link) field in DocType 'CRM Task',etiqueta de campo/elemento,,crm/fcrm/doctype/crm_task/crm_task.json,crm/fcrm/doctype/crm_task/crm_task.json,crm/fcrm/doctype/crm_task/crm_task.json,doctype-json,Crm Task,"[""Label of the assigned_to (Link) field in DocType 'CRM Task'""]",,,,,,,existente correcta,revisado inicial CRM,sí,sí,no,,cross-app aprobado: Assigned To,,,
crm:4c9ed21ac97d576f,crm,crm,src,src,,Src,Assignee Rules,Assignee Rules,,,Reglas de asignación,,Reglas de asignación,,,,,frontend/src/components/Settings/AssignmentRules/AssigneeRules.vue:5,frontend/src/components/Settings/AssignmentRules/AssigneeRules.vue:5,frontend/src/components/Settings/AssignmentRules/AssigneeRules.vue:5,client-js,,[],,,,,,,existente correcta,revisado inicial CRM,sí,sí,no,,Coincide con cross-app 'Assignee Rules'.,crm:crossapp,Reglas de asignación,
crm:cce4e1cd764c263c,crm,crm,src,src,,Src,Assignees,Assignees,,,Gestores asignados,,Asignados,,,,,frontend/src/components/Settings/AssignmentRules/AssigneeRules.vue:81,frontend/src/components/Settings/AssignmentRules/AssigneeRules.vue:81,frontend/src/components/Settings/AssignmentRules/AssigneeRules.vue:81,client-js,,[],,,,,,,existente mejorable,revisado inicial CRM,sí,sí,no,,Cross-app 'Assignees'=Asignados; 'Gestores asignados' redundante.,crm:crossapp,Asignados,
crm:60ce0e2863dffe69,crm,crm,fcrm,fcrm,,Fcrm,Assignment,Assignment,,,,,Asignación,,Option for the 'Type' (Select) field in DocType 'CRM Notification',opción de campo select,,crm/fcrm/doctype/crm_notification/crm_notification.json,crm/fcrm/doctype/crm_notification/crm_notification.json,crm/fcrm/doctype/crm_notification/crm_notification.json,doctype-json,Crm Notification,"[""Option for the 'Type' (Select) field in DocType 'CRM Notification'""]",,,,,,,traducción propuesta,revisado inicial CRM,sí,sí,no,,cross-app aprobado: Assignment,,,
crm:d655bb2d304034c9,crm,crm,src,src,,Src,Assignment Cleared Successfully,Assignment Cleared Successfully,,,,,Asignación eliminada correctamente,,,,,frontend/src/components/ListBulkActions.vue:152,frontend/src/components/ListBulkActions.vue:152,frontend/src/components/ListBulkActions.vue:152,client-js,,[],,,,,,,traducción propuesta,revisado inicial CRM,sí,sí,no,,,,,
crm:0357ea45d6efb6e3,crm,crm,src,src,,Src,Assignment Condition,Assignment Condition,,,,,Condición de asignación,,,,,frontend/src/components/Settings/AssignmentRules/AssignmentRuleView.vue:145,frontend/src/components/Settings/AssignmentRules/AssignmentRuleView.vue:145 || frontend/src/components/Settings/AssignmentRules/AssignmentRuleView.vue:600 || frontend/src/components/Settings/AssignmentRules/AssignmentRuleView.vue:601,frontend/src/components/Settings/AssignmentRules/AssignmentRuleView.vue:145 || frontend/src/components/Settings/AssignmentRules/AssignmentRuleView.vue:605 || frontend/src/components/Settings/AssignmentRules/AssignmentRuleView.vue:606,client-js,,[],,,,,,,traducción propuesta,revisado inicial CRM,sí,sí,no,,Cross-app 'Assignment Condition'.,crm:crossapp,Condición de asignación,
crm:647cceb9be079b7d,crm,crm,src,src,,Src,Assignment Days,Assignment Days,,,Días de asignacion,,Días de asignación,,,,,frontend/src/components/Settings/AssignmentRules/AssignmentRuleView.vue:604,frontend/src/components/Settings/AssignmentRules/AssignmentRuleView.vue:604,frontend/src/components/Settings/AssignmentRules/AssignmentRuleView.vue:609,client-js,,[],,,,,,,existente mejorable,revisado inicial CRM,sí,sí,no,,Faltaba tilde en 'asignación'.,crm:crossapp,Días de asignación,
crm:179b3aff56e05e7c,crm,crm,src,src,,Src,Assignment Days are required,Assignment Days are required,,,,,Los días de asignación son obligatorios,,,,,frontend/src/components/Settings/AssignmentRules/AssignmentRuleView.vue:466,frontend/src/components/Settings/AssignmentRules/AssignmentRuleView.vue:466,frontend/src/components/Settings/AssignmentRules/AssignmentRuleView.vue:471,client-js,,[],,,,,,,traducción propuesta,revisado inicial CRM,sí,sí,no,,,,,
crm:2bd7759935208965,crm,crm,src,fcrm;src,sí,Src,Assignment Rule,Assignment Rule,,,Regla de asignación,,Regla de asignación,,Label of a shortcut in the Frappe CRM Workspace,etiqueta de campo/elemento,,crm/fcrm/workspace/frappe_crm/frappe_crm.json,crm/fcrm/workspace/frappe_crm/frappe_crm.json || frontend/src/components/Layouts/AppSidebar.vue:696 || frontend/src/components/Settings/AssignmentRules/AssignmentRulesList.vue:16,crm/fcrm/workspace/frappe_crm/frappe_crm.json || frontend/src/components/Layouts/AppSidebar.vue:612 || frontend/src/components/Settings/AssignmentRules/AssignmentRulesList.vue:16,workspace,Frappe CRM (Workspace),"[""Label of a shortcut in the Frappe CRM Workspace""]",,,,,,,existente correcta,revisado inicial CRM,sí,sí,no,,Cross-app aprobado exacto.,Assignment Rule,Regla de asignación,
crm:2e4c83bbf315bb83,crm,crm,src,src,,Src,Assignment Rules,Assignment Rules,,,Reglas de asignación,,Reglas de asignación,,,,,frontend/src/components/Settings/AssignmentRules/AssignmentRules.vue:7,frontend/src/components/Settings/AssignmentRules/AssignmentRules.vue:7 || frontend/src/components/Settings/Settings.vue:188,frontend/src/components/Settings/AssignmentRules/AssignmentRules.vue:7 || frontend/src/components/Settings/Settings.vue:193,client-js,,[],,,,,,,existente correcta,revisado inicial CRM,sí,sí,no,,Cross-app 'Assignment Rules'.,crm:crossapp,Reglas de asignación,
crm:9375806d68f85ccc,crm,crm,src,src,,Src,Assignment Schedule,Assignment Schedule,,,Calendario de asignaciones,,Programación de asignación,,,,,frontend/src/components/Settings/AssignmentRules/AssignmentRuleView.vue:302,frontend/src/components/Settings/AssignmentRules/AssignmentRuleView.vue:302,frontend/src/components/Settings/AssignmentRules/AssignmentRuleView.vue:302,client-js,,[],,,,,,,existente mejorable,revisado inicial CRM,sí,sí,no,,Cross-app 'Assignment Schedule'=Programación de asignación.,crm:crossapp,Programación de asignación,
crm:03321ca84fcca3f6,crm,crm,src,src,,Src,Assignment conditions,Assignment conditions,,,Condiciones de asignación,,Condiciones de asignación,,,,,frontend/src/components/Settings/Sla/SlaPolicyView.vue:104,frontend/src/components/Settings/Sla/SlaPolicyView.vue:104,frontend/src/components/Settings/Sla/SlaPolicyView.vue:104,client-js,,[],,,,,,,existente correcta,revisado inicial CRM,sí,sí,no,,Actual correcta.,,,
crm:f818a94209a36ea9,crm,crm,src,src,,Src,"Assignment conditions are invalid or corrupt, recreate the conditions.","Assignment conditions are invalid or corrupt, recreate the conditions.",,,,,Las condiciones de asignación no son válidas o están dañadas; vuelva a crearlas.,,,,,frontend/src/components/Settings/Sla/SlaPolicyView.vue:306,frontend/src/components/Settings/Sla/SlaPolicyView.vue:306,frontend/src/components/Settings/Sla/SlaPolicyView.vue:305,client-js,,[],,,,,,,traducción propuesta,revisado inicial CRM,sí,sí,no,,Sin traducción upstream.,,,
crm:0e379617f79d55c9,crm,crm,src,src,,CRM,Assignment rule created,Assignment rule created,,,,,Regla de asignación creada,,,,,frontend/src/components/Settings/AssignmentRules/AssignmentRuleView.vue:696,frontend/src/components/Settings/AssignmentRules/AssignmentRuleView.vue:696,,client-js,,[],,,,,,,traducción propuesta,aprobado (lote crm 1.81.2),sí,,,,lote crm 1.81.2: reusar de Assignment Rule Created,,,"POT-only: en el universo fresco, sin traducir"
crm:de9609e9ce9cd3ca,crm,crm,src,src,,CRM,Assignment rule deleted,Assignment rule deleted,,,,,Regla de asignación eliminada,,,,,frontend/src/components/Settings/AssignmentRules/AssignmentRuleListItem.vue:126,frontend/src/components/Settings/AssignmentRules/AssignmentRuleListItem.vue:126,,client-js,,[],,,,,,,traducción propuesta,aprobado (lote crm 1.81.2),sí,,,,lote crm 1.81.2: reusar de Assignment Rule Deleted,,,"POT-only: en el universo fresco, sin traducir"
crm:20a2171c72e18618,crm,crm,src,src,,CRM,Assignment rule duplicated,Assignment rule duplicated,,,,,Regla de asignación duplicada,,,,,frontend/src/components/Settings/AssignmentRules/AssignmentRuleListItem.vue:158,frontend/src/components/Settings/AssignmentRules/AssignmentRuleListItem.vue:158,,client-js,,[],,,,,,,traducción propuesta,aprobado (lote crm 1.81.2),sí,,,,lote crm 1.81.2: reusar de Assignment Rule Duplicated,,,"POT-only: en el universo fresco, sin traducir"
crm:70c206f7a5582f2c,crm,crm,src,src,,CRM,Assignment rule updated,Assignment rule updated,,,,,Regla de asignación actualizada,,,,,frontend/src/components/Settings/AssignmentRules/AssignmentRuleView.vue:778,frontend/src/components/Settings/AssignmentRules/AssignmentRuleView.vue:778,,client-js,,[],,,,,,,traducción propuesta,aprobado (lote crm 1.81.2),sí,,,,lote crm 1.81.2: reusar de Assignment Rule Updated,,,"POT-only: en el universo fresco, sin traducir"
crm:f08d1ac2641b4253,crm,crm,src,src,,CRM,Assignment rule {0} updated,Assignment rule {0} updated,,,,,Regla de asignación {0} actualizada,,,,,frontend/src/components/Settings/AssignmentRules/AssignmentRuleListItem.vue:191,frontend/src/components/Settings/AssignmentRules/AssignmentRuleListItem.vue:191,,client-js,,[],{0},,{0},ok,,,traducción propuesta,aprobado (lote crm 1.81.2),sí,,,,lote crm 1.81.2: reusar de Assignment Rule {0} Updated,,,"POT-only: en el universo fresco, sin traducir"
crm:a7a074717b5aef77,crm,crm,src,src,,Src,At least one field is required,At least one field is required,,,Se requiere al menos un campo,,Se requiere al menos un campo,,,,,frontend/src/components/Controls/GridFieldsEditorModal.vue:189,frontend/src/components/Controls/GridFieldsEditorModal.vue:189,frontend/src/components/Controls/GridFieldsEditorModal.vue:188,client-js,,[],,,,,,,existente correcta,revisado inicial CRM,sí,sí,no,,,,,
crm:3a8fb7b2513c7629,crm,crm,src,src,,Src,At least one priority is required,At least one priority is required,,,,,Se requiere al menos una prioridad,,,,,frontend/src/components/Settings/Sla/utils.js:116,frontend/src/components/Settings/Sla/utils.js:116,frontend/src/components/Settings/Sla/utils.js:116,client-js,,[],,,,,,,traducción propuesta,revisado inicial CRM,sí,sí,no,,Sin traducción upstream.,,,
crm:796e63f6e5e27329,crm,crm,src,src,,CRM,"At least one valid workday with a day, start time, and end time is required","At least one valid workday with a day, start time, and end time is required",,,,,"Se requiere al menos una jornada laboral válida con día, hora de inicio y hora de finalización",,,,,frontend/src/components/Settings/Sla/utils.js:204,frontend/src/components/Settings/Sla/utils.js:204,,client-js,,[],,,,,,,traducción propuesta,aprobado (lote crm 1.81.2),sí,,,,"lote crm 1.81.2: ajustar de At least one valid Workday with Workday, Start Time, and End Time is required",,,"POT-only: en el universo fresco, sin traducir"
crm:e7f99982d818bde2,crm,crm,src,src,,Src,Attach,Attach,,,Adjuntar,,Adjuntar,,,,,frontend/src/components/FilesUploader/FilesUploader.vue:2,frontend/src/components/FilesUploader/FilesUploader.vue:2 || frontend/src/components/FilesUploader/FilesUploader.vue:67,frontend/src/components/FilesUploader/FilesUploader.vue:2 || frontend/src/components/FilesUploader/FilesUploader.vue:67,client-js,,[],,,,,,,existente correcta,revisado inicial CRM,sí,sí,no,,Cross-app aprobado exacto.,Attach,Adjuntar,
crm:3804ce35f4c3c59a,crm,crm,src,src,,Src,Attach a File,Attach a File,,,,,Adjuntar un archivo,,,,,frontend/src/components/CommentBox.vue:49,frontend/src/components/CommentBox.vue:49 || frontend/src/components/EmailEditor.vue:142 || frontend/src/pages/Deal.vue:114 || frontend/src/pages/Lead.vue:161,frontend/src/components/CommentBox.vue:65 || frontend/src/components/EmailEditor.vue:163 || frontend/src/pages/Deal.vue:114 || frontend/src/pages/Lead.vue:161,client-js,,[],,,,,,,traducción propuesta,revisado inicial CRM,sí,sí,no,,acción en caja de comentarios,,,
crm:3d813cc05670246a,crm,crm,src,src,,Src,Attach file…,Attach file…,,,,,Adjuntar archivo…,,,,,frontend/src/components/Controls/AttachControl.vue:14,frontend/src/components/Controls/AttachControl.vue:14,frontend/src/components/Controls/AttachControl.vue:14,client-js,,[],,,,,,,traducción propuesta,revisado inicial CRM,sí,sí,no,,preserva elipsis,,,
crm:ff84253787d23c75,crm,crm,src,src,,Src,Attachments,Attachments,,,Adjuntos,,Adjuntos,,,,,frontend/src/pages/Deal.vue:602,frontend/src/pages/Deal.vue:602 || frontend/src/pages/Lead.vue:454 || frontend/src/pages/MobileDeal.vue:477 || frontend/src/pages/MobileLead.vue:324,frontend/src/pages/Deal.vue:601 || frontend/src/pages/Lead.vue:453 || frontend/src/pages/MobileDeal.vue:473 || frontend/src/pages/MobileLead.vue:320,client-js,,[],,,,,,,existente correcta,revisado inicial CRM,sí,sí,no,,Cross-app aprobado exacto.,Attachments,Adjuntos,
crm:1ed58c9c7af294d5,crm,crm,fcrm,fcrm;src,sí,Fcrm,Auth Token,Auth Token,,,Token de Autenticación,,Token de Autenticación,,Label of the auth_token (Password) field in DocType 'CRM Twilio Settings',etiqueta de campo/elemento,,crm/fcrm/doctype/crm_twilio_settings/crm_twilio_settings.json,crm/fcrm/doctype/crm_twilio_settings/crm_twilio_settings.json || frontend/src/components/Settings/Telephony/TwilioSettings.vue:53,crm/fcrm/doctype/crm_twilio_settings/crm_twilio_settings.json || frontend/src/components/Settings/Telephony/TwilioSettings.vue:53,doctype-json,Crm Twilio Settings,"[""Label of the auth_token (Password) field in DocType 'CRM Twilio Settings'""]",,,,,,,existente correcta,revisado inicial CRM,sí,sí,no,,Auth Token; traducción actual correcta.,,,
crm:32402895748c55d7,crm,crm,src,src,,Src,Auto Create Customer,Auto Create Customer,,,,,Crear cliente automáticamente,,,,,frontend/src/components/Settings/ERPNextSettings.vue:270,frontend/src/components/Settings/ERPNextSettings.vue:270,frontend/src/components/Settings/ERPNextSettings.vue:213,client-js,,[],,,,,,,traducción propuesta,revisado inicial CRM,sí,sí,no,,,,,
crm:7a56c02c9570f284,crm,crm,src,src,,Src,Auto Update Expected Deal Value,Auto Update Expected Deal Value,,,Actualización automática del valor esperado del acuerdo,,Actualizar automáticamente el valor esperado del Deal,,,,,frontend/src/components/Settings/DashboardSettings.vue:49,frontend/src/components/Settings/DashboardSettings.vue:49,frontend/src/components/Settings/DashboardSettings.vue:49,client-js,,[],,,,,,,existente mejorable,revisado inicial CRM,sí,no,no,,Revierte 'acuerdo'->Deal (protegido).,,,
crm:9e4c0d53d0cda1ba,crm,crm,fcrm,fcrm,,Fcrm,Auto update Expected Deal Value,Auto update Expected Deal Value,,,,,Actualizar automáticamente el Valor esperado del Deal,,Label of the auto_update_expected_deal_value (Check) field in DocType 'FCRM Settings',etiqueta de campo/elemento,,crm/fcrm/doctype/fcrm_settings/fcrm_settings.json,crm/fcrm/doctype/fcrm_settings/fcrm_settings.json,crm/fcrm/doctype/fcrm_settings/fcrm_settings.json,doctype-json,Fcrm Settings,"[""Label of the auto_update_expected_deal_value (Check) field in DocType 'FCRM Settings'""]",,,,,,,traducción propuesta,revisado inicial CRM,sí,no,no,,Deal protegido; Deal Value->Valor del Deal,,,
crm:5ab3bbc35418e363,crm,crm,src,src,,Src,Auto-assign leads/deals to the right sales user based on predefined conditions,Auto-assign leads/deals to the right sales user based on predefined conditions,,,,,Asignar automáticamente leads/deals al usuario de ventas adecuado según condiciones predefinidas,,,,,frontend/src/components/Settings/AssignmentRules/AssignmentRules.vue:11,frontend/src/components/Settings/AssignmentRules/AssignmentRules.vue:11,frontend/src/components/Settings/AssignmentRules/AssignmentRules.vue:11,client-js,,[],,,,,,,traducción propuesta,revisado inicial CRM,sí,no,no,,Protegidos leads/deals en minúscula por contexto.,,,
crm:8638aa3a72eb2f2d,crm,crm,fcrm,fcrm,,Fcrm,Auto-generated from the portal view — do not edit directly unless you know what you're doing! ,Auto-generated from the portal view — do not edit directly unless you know what you're doing! ,,,Generado automáticamente desde la vista del portal: ¡no lo edite directamente a menos que sepa lo que está haciendo! ,,Generado automáticamente desde la vista del portal: ¡no lo edite directamente a menos que sepa lo que está haciendo! ,,Description of the 'Condition' (Code) field in DocType 'CRM Service Level Agreement',descripción,,crm/fcrm/doctype/crm_service_level_agreement/crm_service_level_agreement.json,crm/fcrm/doctype/crm_service_level_agreement/crm_service_level_agreement.json,crm/fcrm/doctype/crm_service_level_agreement/crm_service_level_agreement.json,doctype-json,Crm Service Level Agreement,"[""Description of the 'Condition' (Code) field in DocType 'CRM Service Level Agreement'""]",,,,,,,existente correcta,revisado inicial CRM,sí,sí,no,,crossapp exacto; espacio final preservado,,,
crm:8745d25007a1c3b4,crm,crm,fcrm,fcrm,,Fcrm,Automatically sets Communication Status to “Open” for the lead or deal when a new communication is created. Applies only when SLA is enabled,Automatically sets Communication Status to “Open” for the lead or deal when a new communication is created. Applies only when SLA is enabled,,,,,Establece automáticamente el Estado de comunicación en “Abierto” para el Lead o Deal cuando se crea una nueva comunicación. Aplica solo cuando el SLA está habilitado,,Description of the 'Reopen lead/deal on new communication' (Check) field in DocType 'FCRM Settings',descripción,,crm/fcrm/doctype/fcrm_settings/fcrm_settings.json,crm/fcrm/doctype/fcrm_settings/fcrm_settings.json,crm/fcrm/doctype/fcrm_settings/fcrm_settings.json || frontend/src/components/Settings/GeneralSettings.vue:64,doctype-json,Fcrm Settings,"[""Description of the 'Reopen lead/deal on new communication' (Check) field in DocType 'FCRM Settings'""]",,,,,,,traducción propuesta,revisado inicial CRM,sí,no,no,,Lead/Deal protegidos; comillas tipográficas preservadas,,,
crm:c942b7878d2778cc,crm,crm,fcrm,fcrm,,Fcrm,Automatically sets Communication Status to “Replied” for the lead or deal when a response is received. Applies only when SLA is enabled,Automatically sets Communication Status to “Replied” for the lead or deal when a response is received. Applies only when SLA is enabled,,,,,Establece automáticamente el Estado de comunicación en “Respondido” para el Lead o Deal cuando se recibe una respuesta. Aplica solo cuando el SLA está habilitado,,Description of the 'Mark lead/deal as replied on response' (Check) field in DocType 'FCRM Settings',descripción,,crm/fcrm/doctype/fcrm_settings/fcrm_settings.json,crm/fcrm/doctype/fcrm_settings/fcrm_settings.json,crm/fcrm/doctype/fcrm_settings/fcrm_settings.json || frontend/src/components/Settings/GeneralSettings.vue:42,doctype-json,Fcrm Settings,"[""Description of the 'Mark lead/deal as replied on response' (Check) field in DocType 'FCRM Settings'""]",,,,,,,traducción propuesta,revisado inicial CRM,sí,no,no,,Lead/Deal protegidos; comillas tipográficas preservadas,,,
crm:0cdd7c888d7b6d52,crm,crm,src,src,,CRM,Automatically sets communication status to “Open” for the lead or deal when a new communication is created. Applies only when SLA is enabled,Automatically sets communication status to “Open” for the lead or deal when a new communication is created. Applies only when SLA is enabled,,,,,Establece automáticamente el estado de comunicación en “Open” para el lead o deal cuando se crea una nueva comunicación. Aplica solo cuando el SLA está habilitado,,,,,frontend/src/components/Settings/GeneralSettings.vue:64,frontend/src/components/Settings/GeneralSettings.vue:64,,client-js,,[],,,,,,,traducción propuesta,aprobado (lote crm 1.81.2),sí,,,,lote crm 1.81.2: nueva,,,"POT-only: en el universo fresco, sin traducir"
crm:36af53fd346c7b12,crm,crm,src,src,,CRM,Automatically sets communication status to “Replied” for the lead or deal when a response is received. Applies only when SLA is enabled,Automatically sets communication status to “Replied” for the lead or deal when a response is received. Applies only when SLA is enabled,,,,,Establece automáticamente el estado de comunicación en “Replied” para el lead o deal cuando se recibe una respuesta. Aplica solo cuando el SLA está habilitado,,,,,frontend/src/components/Settings/GeneralSettings.vue:42,frontend/src/components/Settings/GeneralSettings.vue:42,,client-js,,[],,,,,,,traducción propuesta,aprobado (lote crm 1.81.2),sí,,,,lote crm 1.81.2: nueva,,,"POT-only: en el universo fresco, sin traducir"
crm:f1592b5e935f8c2b,crm,crm,fcrm,fcrm;src,sí,Fcrm,"Automatically update ""Expected Deal Value"" based on the total value of associated products in a deal","Automatically update ""Expected Deal Value"" based on the total value of associated products in a deal",,,"Actualizar automáticamente el ""Valor esperado de la oferta"" basado en el valor total de los productos asociados en un acuerdo",,"Actualizar automáticamente el ""Valor esperado del Deal"" según el valor total de los productos asociados en un Deal",,Description of the 'Auto update Expected Deal Value' (Check) field in DocType 'FCRM Settings',descripción,,crm/fcrm/doctype/fcrm_settings/fcrm_settings.json,crm/fcrm/doctype/fcrm_settings/fcrm_settings.json || frontend/src/components/Settings/DashboardSettings.vue:53,crm/fcrm/doctype/fcrm_settings/fcrm_settings.json || frontend/src/components/Settings/DashboardSettings.vue:53,doctype-json,Fcrm Settings,"[""Description of the 'Auto update Expected Deal Value' (Check) field in DocType 'FCRM Settings'""]",,,,,,,existente mejorable,revisado inicial CRM,sí,no,no,,Deal protegido: revierte 'oferta'/'acuerdo'->Deal,,,
crm:167a04857247a9ec,crm,crm,src,src,,Src,Automation & Rules,Automation & Rules,,,Automatización y Reglas,,Automatización y Reglas,,,,,frontend/src/components/Settings/Settings.vue:185,frontend/src/components/Settings/Settings.vue:185,frontend/src/components/Settings/Settings.vue:190,client-js,,[],,,,,,,existente correcta,revisado inicial CRM,sí,sí,no,,Actual correcta; título de sección.,,,
crm:9d90f0a1ce2de4b7,crm,crm,api,api,,Api,Average deal value of non won/lost deals,Average deal value of non won/lost deals,,,Valor promedio de Acuerdos perdidos,,Valor promedio de Deals que no están ganados ni perdidos,,,,,crm/api/dashboard.py:252,crm/api/dashboard.py:252,crm/api/dashboard.py:252,python,,[],,,,,,,existente mejorable,revisado inicial CRM,sí,sí,no,,reversión Deal; upstream 'Acuerdos perdidos' era erróneo (non won/lost); won/lost->ganados/perdidos,,,
crm:93f1ae4a90aa641e,crm,crm,api,api,,Api,Average deal value of ongoing & won deals,Average deal value of ongoing & won deals,,,Valor promedio de Acuerdos en curso & Acuerdos ganados,,Valor promedio de Deals en curso y ganados,,,,,crm/api/dashboard.py:419,crm/api/dashboard.py:419,crm/api/dashboard.py:419,python,,[],,,,,,,existente mejorable,revisado inicial CRM,sí,sí,no,,reversión Deal: 'Acuerdos'->'Deals'; '&'->'y',,,
crm:f3f858705f5ab1cb,crm,crm,api,api,,Api,Average deal value of won deals,Average deal value of won deals,,,Valor promedio de Acuerdos ganados,,Valor promedio de Deals ganados,,,,,crm/api/dashboard.py:365,crm/api/dashboard.py:365,crm/api/dashboard.py:365,python,,[],,,,,,,existente mejorable,revisado inicial CRM,sí,sí,no,,reversión Deal: 'Acuerdos'->'Deals',,,
crm:c50060e960301157,crm,crm,api,api,,Api,Average time taken from deal creation to deal closure,Average time taken from deal creation to deal closure,,,Tiempo medio transcurrido desde la creación del acuerdo hasta su cierre,,Tiempo promedio desde la creación del Deal hasta su cierre,,,,,crm/api/dashboard.py:546,crm/api/dashboard.py:546,crm/api/dashboard.py:546,python,,[],,,,,,,existente mejorable,revisado inicial CRM,sí,sí,no,,reversión Deal: 'acuerdo'->'Deal'; MX 'promedio' > 'medio',,,
crm:dde3aa678b974cd1,crm,crm,api,api,,Api,Average time taken from lead creation to deal closure,Average time taken from lead creation to deal closure,,,Tiempo medio transcurrido desde la creación del cliente potencial hasta el cierre del Acuerdo,,Tiempo promedio desde la creación del Lead hasta el cierre del Deal,,,,,crm/api/dashboard.py:483,crm/api/dashboard.py:483,crm/api/dashboard.py:483,python,,[],,,,,,,existente mejorable,revisado inicial CRM,sí,sí,no,,reversión Lead y Deal; MX 'promedio',,,
crm:41ddbb072c2215a3,crm,crm,src,src,,Src,Avg Deal Value,Avg Deal Value,,,,,Valor promedio del Deal,,,,,frontend/src/components/Dashboard/AddChartModal.vue:77,frontend/src/components/Dashboard/AddChartModal.vue:77,frontend/src/components/Dashboard/AddChartModal.vue:77,client-js,,[],,,,,,,traducción propuesta,revisado inicial CRM,sí,no,no,,Deal protegido en inglés,,,
crm:f286cb83c59938cc,crm,crm,src,src,,Src,Avg Ongoing Deal Value,Avg Ongoing Deal Value,,,,,Valor promedio del Deal en curso,,,,,frontend/src/components/Dashboard/AddChartModal.vue:74,frontend/src/components/Dashboard/AddChartModal.vue:74,frontend/src/components/Dashboard/AddChartModal.vue:74,client-js,,[],,,,,,,traducción propuesta,revisado inicial CRM,sí,no,no,,Deal protegido; Ongoing=en curso (cross-app),,,
crm:b038ddaff1723a04,crm,crm,src,src,,Src,Avg Time to Close a Deal,Avg Time to Close a Deal,,,,,Tiempo promedio para cerrar un Deal,,,,,frontend/src/components/Dashboard/AddChartModal.vue:83,frontend/src/components/Dashboard/AddChartModal.vue:83,frontend/src/components/Dashboard/AddChartModal.vue:83,client-js,,[],,,,,,,traducción propuesta,revisado inicial CRM,sí,no,no,,Deal protegido,,,
crm:7a062d0fdb0a15b4,crm,crm,src,src,,Src,Avg Time to Close a Lead,Avg Time to Close a Lead,,,,,Tiempo promedio para cerrar un Lead,,,,,frontend/src/components/Dashboard/AddChartModal.vue:79,frontend/src/components/Dashboard/AddChartModal.vue:79,frontend/src/components/Dashboard/AddChartModal.vue:79,client-js,,[],,,,,,,traducción propuesta,revisado inicial CRM,sí,no,no,,Lead protegido,,,
crm:868d368f0cf1c97f,crm,crm,src,src,,Src,Avg Won Deal Value,Avg Won Deal Value,,,,,Valor promedio del Deal ganado,,,,,frontend/src/components/Dashboard/AddChartModal.vue:76,frontend/src/components/Dashboard/AddChartModal.vue:76,frontend/src/components/Dashboard/AddChartModal.vue:76,client-js,,[],,,,,,,traducción propuesta,revisado inicial CRM,sí,no,no,,Deal protegido; Won=ganado,,,
crm:407e3aa0ee8f4dff,crm,crm,api,api,,Api,Avg. deal value,Avg. deal value,,,Valor medio de las operaciones,,Valor promedio del Deal,,,,,crm/api/dashboard.py:418,crm/api/dashboard.py:418,crm/api/dashboard.py:418,python,,[],,,,,,,existente mejorable,revisado inicial CRM,sí,sí,no,,reversión Deal: 'operaciones'->'Deal'; falso amigo corregido,,,
crm:f928d4ba59c5b95f,crm,crm,api,api,,Api,Avg. ongoing deal value,Avg. ongoing deal value,,,,,Valor promedio del Deal en curso,,,,,crm/api/dashboard.py:251,crm/api/dashboard.py:251,crm/api/dashboard.py:251,python,,[],,,,,,,traducción propuesta,revisado inicial CRM,sí,sí,no,,reversión Deal,,,
crm:38dfd5ca1645ff37,crm,crm,api,api,,Api,Avg. time to close a deal,Avg. time to close a deal,,,,,Tiempo promedio para cerrar un Deal,,,,,crm/api/dashboard.py:545,crm/api/dashboard.py:545,crm/api/dashboard.py:545,python,,[],,,,,,,traducción propuesta,revisado inicial CRM,sí,sí,no,,reversión Deal,,,
crm:ddfa21cfbc5e4d8e,crm,crm,api,api,,Api,Avg. time to close a lead,Avg. time to close a lead,,,,,Tiempo promedio para cerrar un Lead,,,,,crm/api/dashboard.py:482,crm/api/dashboard.py:482,crm/api/dashboard.py:482,python,,[],,,,,,,traducción propuesta,revisado inicial CRM,sí,sí,no,,reversión Lead,,,
crm:c042570432840710,crm,crm,api,api,,Api,Avg. won deal value,Avg. won deal value,,,,,Valor promedio del Deal ganado,,,,,crm/api/dashboard.py:364,crm/api/dashboard.py:364,crm/api/dashboard.py:364,python,,[],,,,,,,traducción propuesta,revisado inicial CRM,sí,sí,no,,reversión Deal; won->ganado,,,
crm:eb8eaba6041849e2,crm,crm,src,src,,Src,Axis Chart,Axis Chart,,,,,Gráfico de ejes,,,,,frontend/src/components/Dashboard/AddChartModal.vue:22,frontend/src/components/Dashboard/AddChartModal.vue:22 || frontend/src/components/Dashboard/AddChartModal.vue:66,frontend/src/components/Dashboard/AddChartModal.vue:22 || frontend/src/components/Dashboard/AddChartModal.vue:66,client-js,,[],,,,,,,traducción propuesta,revisado inicial CRM,sí,sí,no,,,,,
crm:e6b4af652dc417af,crm,crm,src,src,,Src,BCC,BCC,,,CCO,,CCO,,,,,frontend/src/components/Activities/EmailArea.vue:58,frontend/src/components/Activities/EmailArea.vue:58 || frontend/src/components/EmailEditor.vue:52 || frontend/src/components/EmailEditor.vue:78,frontend/src/components/Activities/EmailArea.vue:58 || frontend/src/components/EmailEditor.vue:62 || frontend/src/components/EmailEditor.vue:88,client-js,,[],,,,,,,existente correcta,revisado inicial CRM,sí,sí,no,,crossapp aprobado.,,,
crm:0d0b0b47c20a2cca,crm,crm,src,src,,Src,Back,Back,,,Atrás,,Atrás,,,,,frontend/src/components/FilesUploader/FilesUploader.vue:25,frontend/src/components/FilesUploader/FilesUploader.vue:25 || frontend/src/components/Settings/EmailAdd.vue:80 || frontend/src/components/Settings/EmailEdit.vue:68,frontend/src/components/FilesUploader/FilesUploader.vue:25 || frontend/src/components/Settings/EmailAdd.vue:80 || frontend/src/components/Settings/EmailEdit.vue:68,client-js,,[],,,,,,,existente correcta,revisado inicial CRM,sí,sí,no,,Cross-app aprobado exacto.,Back,Atrás,
crm:2f6b8d97b95f7c7e,crm,crm,src,src,,Src,Back to All Logs,Back to All Logs,,,,,Volver a todos los registros,,,,,frontend/src/components/Settings/LeadSyncing/FailureLogs.vue:9,frontend/src/components/Settings/LeadSyncing/FailureLogs.vue:9,frontend/src/components/Settings/LeadSyncing/FailureLogs.vue:9,client-js,,[],,,,,,,traducción propuesta,revisado inicial CRM,sí,sí,no,,Logs = registros de sincronización.,,,
crm:e6e40dc3411e8fd9,crm,crm,src,src,,Src,Back to File Upload,Back to File Upload,,,,,Volver a subir archivos,,,,,frontend/src/components/FilesUploader/FilesUploader.vue:25,frontend/src/components/FilesUploader/FilesUploader.vue:25,frontend/src/components/FilesUploader/FilesUploader.vue:25,client-js,,[],,,,,,,traducción propuesta,revisado inicial CRM,sí,sí,no,,Back to File Upload.,,,
crm:9a4c57db6326ab6a,crm,crm,src,src,,Src,Back to previous question,Back to previous question,,,,,Volver a la pregunta anterior,,,,,frontend/src/components/Questionnaire.vue:94,frontend/src/components/Questionnaire.vue:94,frontend/src/components/Questionnaire.vue:94,client-js,,[],,,,,,,traducción propuesta,revisado inicial CRM,sí,sí,no,,,,,
crm:f358cc633dc910ba,crm,crm,lead_syncing,lead_syncing;src,sí,Lead_Syncing,Background Sync Frequency,Background Sync Frequency,,,,,Frecuencia de sincronización en segundo plano,,Label of the background_sync_frequency (Select) field in DocType 'Lead Sync Source',etiqueta de campo/elemento,,crm/lead_syncing/doctype/lead_sync_source/lead_sync_source.json,crm/lead_syncing/doctype/lead_sync_source/lead_sync_source.json || frontend/src/components/Settings/LeadSyncing/LeadSyncSourceForm.vue:83,crm/lead_syncing/doctype/lead_sync_source/lead_sync_source.json || frontend/src/components/Settings/LeadSyncing/LeadSyncSourceForm.vue:83,doctype-json,Lead Sync Source,"[""Label of the background_sync_frequency (Select) field in DocType 'Lead Sync Source'""]",,,,,,,traducción propuesta,revisado inicial CRM,sí,sí,no,,Etiqueta de campo Select; vacía.,,,
crm:3779c8c2916e4c2f,crm,crm,fcrm,fcrm,,Fcrm,Backlog,Backlog,,,,,Pendientes,,Option for the 'Status' (Select) field in DocType 'CRM Task',opción de campo select,,crm/fcrm/doctype/crm_task/crm_task.json,crm/fcrm/doctype/crm_task/crm_task.json,crm/fcrm/doctype/crm_task/crm_task.json,doctype-json,Crm Task,"[""Option for the 'Status' (Select) field in DocType 'CRM Task'""]",,,,,,,traducción propuesta,revisado inicial CRM,sí,sí,no,,estado de tarea Backlog: trabajo pendiente,,,
crm:5350835cde437433,crm,crm,src,src,,Src,Between,Between,,,Entre,,Entre,,,,,frontend/src/components/Filter.vue:382,frontend/src/components/Filter.vue:382,frontend/src/components/Filter.vue:356,client-js,,[],,,,,,,existente correcta,revisado inicial CRM,sí,sí,no,,cross-app Between=Entre,,,
crm:e74442f5de40f979,crm,crm,fcrm,fcrm;src,sí,CRM,Bidirectional Product Sync,Bidirectional Product Sync,,,,,Sincronización bidireccional de productos,,Label of the sync_products (Check) field in DocType 'ERPNext CRM Settings',etiqueta de campo/elemento,,crm/fcrm/doctype/erpnext_crm_settings/erpnext_crm_settings.json,crm/fcrm/doctype/erpnext_crm_settings/erpnext_crm_settings.json || frontend/src/components/Settings/ERPNextSettings.vue:216,,doctype-json,Erpnext Crm Settings,"[""Label of the sync_products (Check) field in DocType 'ERPNext CRM Settings'""]",,,,,,,traducción propuesta,aprobado (lote crm 1.81.2),sí,,,,lote crm 1.81.2: nueva,,,"POT-only: en el universo fresco, sin traducir"
crm:26f14879f8be3355,crm,crm,src,src,,Src,Brand,Brand,,,Marca,,Marca,,,,,frontend/src/components/Settings/Settings.vue:137,frontend/src/components/Settings/Settings.vue:137,frontend/src/components/Settings/Settings.vue:137,client-js,,[],,,,,,,existente correcta,revisado inicial CRM,sí,sí,no,,Crossapp aprobado: reuso exacto.,Brand,Marca,
crm:7a42f31796180709,crm,crm,src,src,,Src,Brand Logo,Brand Logo,,,Logo de la marca,,Logotipo de la marca,,,,,frontend/src/components/Settings/BrandSettings.vue:62,frontend/src/components/Settings/BrandSettings.vue:62,frontend/src/components/Settings/BrandSettings.vue:62,client-js,,[],,,,,,,existente mejorable,revisado inicial CRM,sí,sí,no,,Cross-app 'Brand Logo'=Logotipo de la marca; corrige 'Logo'.,crm:crossapp,Logotipo de la marca,
crm:8960462bf27f549b,crm,crm,src,src,,Src,Brand Name,Brand Name,,,Marca,,Nombre de la marca,,,,,frontend/src/components/Settings/BrandSettings.vue:30,frontend/src/components/Settings/BrandSettings.vue:30,frontend/src/components/Settings/BrandSettings.vue:30,client-js,,[],,,,,,,existente mejorable,revisado inicial CRM,sí,sí,no,,Cross-app 'Brand Name'=Nombre de la marca; 'Marca' incompleto.,crm:crossapp,Nombre de la Marca,
crm:d0e5a8366e3c0794,crm,crm,src,src,,Src,Brand Settings,Brand Settings,,,,,Configuración de marca,,,,,frontend/src/components/Settings/BrandSettings.vue:7,frontend/src/components/Settings/BrandSettings.vue:7,frontend/src/components/Settings/BrandSettings.vue:7,client-js,,[],,,,,,,traducción propuesta,revisado inicial CRM,sí,sí,no,,,,,
crm:15766988814a90c9,crm,crm,fcrm,fcrm,,Fcrm,Branding,Branding,,,Personalización de marca,,Personalización de marca,,Label of the branding_tab (Tab Break) field in DocType 'FCRM Settings',etiqueta de campo/elemento,,crm/fcrm/doctype/fcrm_settings/fcrm_settings.json,crm/fcrm/doctype/fcrm_settings/fcrm_settings.json,crm/fcrm/doctype/fcrm_settings/fcrm_settings.json,doctype-json,Fcrm Settings,"[""Label of the branding_tab (Tab Break) field in DocType 'FCRM Settings'""]",,,,,,,existente correcta,revisado inicial CRM,sí,sí,no,,crossapp Branding->Personalización de marca,,,
crm:5685eb97f8a51ff5,crm,crm,src,src,,Src,Bulk Edit,Bulk Edit,,,Edición masiva,,Edición masiva,,,,,frontend/src/components/Modals/EditValueModal.vue:2,frontend/src/components/Modals/EditValueModal.vue:2,frontend/src/components/Modals/EditValueModal.vue:2,client-js,,[],,,,,,,existente correcta,revisado inicial CRM,sí,sí,no,,Cross-app aprobado.,,,
crm:ddc93cd8d444a9ef,crm,crm,fcrm,fcrm,,Fcrm,Busy,Busy,,,Ocupado,,Ocupado,,Option for the 'Status' (Select) field in DocType 'CRM Call Log',opción de campo select,,crm/fcrm/doctype/crm_call_log/crm_call_log.json,crm/fcrm/doctype/crm_call_log/crm_call_log.json,crm/fcrm/doctype/crm_call_log/crm_call_log.json,doctype-json,Crm Call Log,"[""Option for the 'Status' (Select) field in DocType 'CRM Call Log'""]",,,,,,,existente correcta,revisado inicial CRM,sí,sí,no,,cross-app aprobado: Busy,,,
crm:78f0d013b572a98a,crm,crm,src,src,,Src,CC,CC,,,CC,,CC,,,,,frontend/src/components/Activities/EmailArea.vue:53,frontend/src/components/Activities/EmailArea.vue:53 || frontend/src/components/EmailEditor.vue:42 || frontend/src/components/EmailEditor.vue:64,frontend/src/components/Activities/EmailArea.vue:53 || frontend/src/components/EmailEditor.vue:52 || frontend/src/components/EmailEditor.vue:74,client-js,,[],,,,,,,igual al inglés válida,revisado inicial CRM,sí,sí,no,,crossapp aprobado; sigla.,,,
crm:87cb10409ddba7c3,crm,crm,src,src,,Src,CRM,CRM,,,,,CRM,,,,,frontend/src/components/UserDropdown.vue:24,frontend/src/components/UserDropdown.vue:24,,client-js,,[],,,,,,,igual al inglés válida,revisado inicial CRM,sí,sí,no,,Sigla; se conserva (cross-app).,CRM,CRM,"POT-only: en el universo fresco, sin traducir"
crm:154c2370c168e281,crm,crm,fcrm,fcrm,,Fcrm,CRM Call Log,CRM Call Log,,,Registro de llamadas de CRM,,Registro de llamadas de CRM,,Name of a DocType,nombre de DocType,,crm/fcrm/doctype/crm_call_log/crm_call_log.json,crm/fcrm/doctype/crm_call_log/crm_call_log.json,crm/fcrm/doctype/crm_call_log/crm_call_log.json,doctype-json,Crm Call Log,"[""Name of a DocType""]",,,,,,,existente correcta,revisado inicial CRM,sí,no,no,,nombre de DocType CRM Call Log,,,
crm:9f8deb02fa8665d5,crm,crm,fcrm,fcrm,,Fcrm,CRM Communication Status,CRM Communication Status,,,Estado de la comunicación de CRM,,Estado de la comunicación de CRM,,Name of a DocType,nombre de DocType,,crm/fcrm/doctype/crm_communication_status/crm_communication_status.json,crm/fcrm/doctype/crm_communication_status/crm_communication_status.json,crm/fcrm/doctype/crm_communication_status/crm_communication_status.json,doctype-json,Crm Communication Status,"[""Name of a DocType""]",,,,,,,existente correcta,revisado inicial CRM,sí,sí,no,,Nombre de DocType; Status=Estado.,,,
crm:c7f72875df42ab8d,crm,crm,fcrm,fcrm,,Fcrm,CRM Contacts,CRM Contacts,,,Contactos de CRM,,Contactos de CRM,,Name of a DocType,nombre de DocType,,crm/fcrm/doctype/crm_contacts/crm_contacts.json,crm/fcrm/doctype/crm_contacts/crm_contacts.json,crm/fcrm/doctype/crm_contacts/crm_contacts.json,doctype-json,Crm Contacts,"[""Name of a DocType""]",,,,,,,existente correcta,revisado inicial CRM,sí,sí,no,,,,,
crm:511306d4ad42324a,crm,crm,fcrm,fcrm;src,sí,Fcrm,CRM Dashboard,CRM Dashboard,,,Tablero CRM,,Tablero CRM,,Name of a DocType,nombre de DocType,,crm/fcrm/doctype/crm_dashboard/crm_dashboard.json,crm/fcrm/doctype/crm_dashboard/crm_dashboard.json || frontend/src/pages/Dashboard.vue:310,crm/fcrm/doctype/crm_dashboard/crm_dashboard.json || frontend/src/pages/Dashboard.vue:307,doctype-json,Crm Dashboard,"[""Name of a DocType""]",,,,,,,existente correcta,revisado inicial CRM,sí,sí,no,,Dashboard=Tablero (cross-app).,,,
crm:8570bcfb226962b3,crm,crm,fcrm,fcrm,,Fcrm,CRM Deal,CRM Deal,,,Acuerdo CRM,,Deal de CRM,,Name of a DocType,nombre de DocType,,crm/fcrm/doctype/crm_deal/crm_deal.json,crm/fcrm/doctype/crm_deal/crm_deal.json,crm/fcrm/doctype/crm_deal/crm_deal.json,doctype-json,Crm Deal,"[""Name of a DocType""]",,,,,,,existente mejorable,revisado inicial CRM + nombres DocType,sí,no,sí,,"Revierte 'Acuerdo CRM'->'CRM Deal' (Deal protegido, nombre de DocType). | convención nombres DocType (etiqueta traducida + de CRM; Lead/Deal protegidos)",Deal,Deal,
crm:c8d5079c4f2c4f34,crm,crm,fcrm,fcrm,,Fcrm,CRM Deal Status,CRM Deal Status,,,Estado del Acuerdo de CRM,,Estado del Deal de CRM,,Name of a DocType,nombre de DocType,,crm/fcrm/doctype/crm_deal_status/crm_deal_status.json,crm/fcrm/doctype/crm_deal_status/crm_deal_status.json,crm/fcrm/doctype/crm_deal_status/crm_deal_status.json,doctype-json,Crm Deal Status,"[""Name of a DocType""]",,,,,,,existente mejorable,revisado inicial CRM,sí,no,sí,,Revierte 'Acuerdo'->'Deal'; nombre de DocType 'CRM Deal Status'.,Deal,Deal,
crm:0e0f40609c1313eb,crm,crm,fcrm,fcrm,,Fcrm,CRM Dropdown Item,CRM Dropdown Item,,,Elemento desplegable de CRM,,Elemento desplegable de CRM,,Name of a DocType,nombre de DocType,,crm/fcrm/doctype/crm_dropdown_item/crm_dropdown_item.json,crm/fcrm/doctype/crm_dropdown_item/crm_dropdown_item.json,crm/fcrm/doctype/crm_dropdown_item/crm_dropdown_item.json,doctype-json,Crm Dropdown Item,"[""Name of a DocType""]",,,,,,,existente correcta,revisado inicial CRM,sí,sí,no,,Nombre de DocType. Dropdown Item=elemento desplegable.,,,
crm:549f1a5bb0ca0f4e,crm,crm,fcrm,fcrm,,Fcrm,CRM Exotel Settings,CRM Exotel Settings,,,Configuración de CRM Exotel,,Configuración de CRM Exotel,,Name of a DocType,nombre de DocType,,crm/fcrm/doctype/crm_exotel_settings/crm_exotel_settings.json,crm/fcrm/doctype/crm_exotel_settings/crm_exotel_settings.json,crm/fcrm/doctype/crm_exotel_settings/crm_exotel_settings.json,doctype-json,Crm Exotel Settings,"[""Name of a DocType""]",,,,,,,existente correcta,revisado inicial CRM,sí,sí,no,,Nombre de DocType. Exotel=nombre propio.,,,
crm:5223b0818a636245,crm,crm,fcrm,fcrm,,Fcrm,CRM Fields Layout,CRM Fields Layout,,,CRM Diseño de campos de,,Diseño de campos de CRM,,Name of a DocType,nombre de DocType,,crm/fcrm/doctype/crm_fields_layout/crm_fields_layout.json,crm/fcrm/doctype/crm_fields_layout/crm_fields_layout.json,crm/fcrm/doctype/crm_fields_layout/crm_fields_layout.json,doctype-json,Crm Fields Layout,"[""Name of a DocType""]",,,,,,,existente mejorable,revisado inicial CRM,sí,sí,no,,Corrige orden gramatical roto del upstream.,,,
crm:e970ac79db70ad13,crm,crm,fcrm,fcrm,,Fcrm,CRM Form Script,CRM Form Script,,,CRM Script del formulario,,Form Script de CRM,,Name of a DocType,nombre de DocType,,crm/fcrm/doctype/crm_form_script/crm_form_script.json,crm/fcrm/doctype/crm_form_script/crm_form_script.json,crm/fcrm/doctype/crm_form_script/crm_form_script.json,doctype-json,Crm Form Script,"[""Name of a DocType""]",,,,,,,existente mejorable,revisado inicial CRM,sí,sí,no,,Nombre de DocType 'CRM Form Script'. Corrijo orden torpe 'CRM Script del formulario'; Form Script se conserva por consistencia con el resto.,,,
crm:1a0548900863b300,crm,crm,fcrm,fcrm,,Fcrm,CRM Global Settings,CRM Global Settings,,,Configuración global del CRM,,Configuración global del CRM,,Name of a DocType,nombre de DocType,,crm/fcrm/doctype/crm_global_settings/crm_global_settings.json,crm/fcrm/doctype/crm_global_settings/crm_global_settings.json,crm/fcrm/doctype/crm_global_settings/crm_global_settings.json,doctype-json,Crm Global Settings,"[""Name of a DocType""]",,,,,,,existente correcta,revisado inicial CRM,sí,sí,no,,Nombre de DocType. Settings=Configuración.,,,
crm:8c14f4ac7887b66a,crm,crm,fcrm,fcrm,,Fcrm,CRM Holiday,CRM Holiday,,,CRM Día festivo,,CRM Día Festivo,,Name of a DocType,nombre de DocType,,crm/fcrm/doctype/crm_holiday/crm_holiday.json,crm/fcrm/doctype/crm_holiday/crm_holiday.json,crm/fcrm/doctype/crm_holiday/crm_holiday.json,doctype-json,Crm Holiday,"[""Name of a DocType""]",,,,,,,existente mejorable,revisado inicial CRM,sí,sí,no,,nombre de DocType; Holiday->Día festivo,,,
crm:7ef3eb02665ad1fa,crm,crm,fcrm,fcrm,,Fcrm,CRM Holiday List,CRM Holiday List,,,CRM Lista de días festivos,,CRM Lista de Días Festivos,,Name of a DocType,nombre de DocType,,crm/fcrm/doctype/crm_holiday_list/crm_holiday_list.json,crm/fcrm/doctype/crm_holiday_list/crm_holiday_list.json,crm/fcrm/doctype/crm_holiday_list/crm_holiday_list.json,doctype-json,Crm Holiday List,"[""Name of a DocType""]",,,,,,,existente mejorable,revisado inicial CRM,sí,sí,no,,nombre de DocType,,,
crm:8f914ae0e49f7100,crm,crm,fcrm,fcrm,,Fcrm,CRM Industry,CRM Industry,,,CRM Industria,,Industria del CRM,,Name of a DocType,nombre de DocType,,crm/fcrm/doctype/crm_industry/crm_industry.json,crm/fcrm/doctype/crm_industry/crm_industry.json,crm/fcrm/doctype/crm_industry/crm_industry.json,doctype-json,Crm Industry,"[""Name of a DocType""]",,,,,,,existente mejorable,revisado inicial CRM,sí,sí,no,,Nombre de DocType 'CRM Industry'. Corrijo orden torpe 'CRM Industria'. Industry=Industria (cross-app).,,,
crm:a3d33336fa5aa1f5,crm,crm,fcrm,fcrm,,Fcrm,CRM Invitation,CRM Invitation,,,,,Invitación de CRM,,Name of a DocType,nombre de DocType,,crm/fcrm/doctype/crm_invitation/crm_invitation.json,crm/fcrm/doctype/crm_invitation/crm_invitation.json,crm/fcrm/doctype/crm_invitation/crm_invitation.json,doctype-json,Crm Invitation,"[""Name of a DocType""]",,,,,,,traducción propuesta,revisado inicial CRM,sí,sí,no,,Nombre de DocType 'CRM Invitation'.,,,
crm:30f5ec102d00b4da,crm,crm,fcrm,fcrm,,Fcrm,CRM Lead,CRM Lead,,,CRM Cliente Potencial,,Lead de CRM,,Name of a DocType,nombre de DocType,,crm/fcrm/doctype/crm_lead/crm_lead.json,crm/fcrm/doctype/crm_lead/crm_lead.json,crm/fcrm/doctype/crm_lead/crm_lead.json,doctype-json,Crm Lead,"[""Name of a DocType""]",,,,,,,existente mejorable,revisado inicial CRM + nombres DocType,sí,no,no,,REVERSIÓN: upstream 'CRM Cliente Potencial'. Lead protegido en inglés; nombre de DocType 'CRM Lead' se conserva. | convención nombres DocType (etiqueta traducida + de CRM; Lead/Deal protegidos),crm:1513c804ddfdd19c,Prospecto,
crm:e7d1e35ceb0c6569,crm,crm,fcrm,fcrm,,Fcrm,CRM Lead Source,CRM Lead Source,,,,,Origen de Lead de CRM,,Name of a DocType,nombre de DocType,,crm/fcrm/doctype/crm_lead_source/crm_lead_source.json,crm/fcrm/doctype/crm_lead_source/crm_lead_source.json,crm/fcrm/doctype/crm_lead_source/crm_lead_source.json,doctype-json,Crm Lead Source,"[""Name of a DocType""]",,,,,,,traducción propuesta,revisado inicial CRM + nombres DocType,sí,no,no,,"Nombre de DocType; Lead protegido, se conserva en inglés. | convención nombres DocType (etiqueta traducida + de CRM; Lead/Deal protegidos)",,,
crm:dbe736687597d1b1,crm,crm,fcrm,fcrm,,Fcrm,CRM Lead Status,CRM Lead Status,,,,,Estado de Lead de CRM,,Name of a DocType,nombre de DocType,,crm/fcrm/doctype/crm_lead_status/crm_lead_status.json,crm/fcrm/doctype/crm_lead_status/crm_lead_status.json,crm/fcrm/doctype/crm_lead_status/crm_lead_status.json,doctype-json,Crm Lead Status,"[""Name of a DocType""]",,,,,,,traducción propuesta,revisado inicial CRM + nombres DocType,sí,no,no,,"Nombre de DocType; Lead protegido, se conserva en inglés. | convención nombres DocType (etiqueta traducida + de CRM; Lead/Deal protegidos)",,,
crm:7cd4366c7e835021,crm,crm,fcrm,fcrm,,Fcrm,CRM Lost Reason,CRM Lost Reason,,,,,Razón de pérdida de CRM,,Name of a DocType,nombre de DocType,,crm/fcrm/doctype/crm_lost_reason/crm_lost_reason.json,crm/fcrm/doctype/crm_lost_reason/crm_lost_reason.json,crm/fcrm/doctype/crm_lost_reason/crm_lost_reason.json,doctype-json,Crm Lost Reason,"[""Name of a DocType""]",,,,,,,traducción propuesta,revisado inicial CRM,sí,sí,no,,Nombre de DocType 'CRM Lost Reason'. Lost Reason=Razón de la pérdida (cross-app).,,,
crm:9cf0c7c6145428b3,crm,crm,fcrm,fcrm,,Fcrm,CRM Notification,CRM Notification,,,,,Notificación de CRM,,Name of a DocType,nombre de DocType,,crm/fcrm/doctype/crm_notification/crm_notification.json,crm/fcrm/doctype/crm_notification/crm_notification.json,crm/fcrm/doctype/crm_notification/crm_notification.json,doctype-json,Crm Notification,"[""Name of a DocType""]",,,,,,,traducción propuesta,revisado inicial CRM,sí,no,no,,nombre de DocType CRM Notification,,,
crm:8ca36a4df18ffbef,crm,crm,fcrm,fcrm,,Fcrm,CRM Organization,CRM Organization,,,,,Organización de CRM,,Name of a DocType,nombre de DocType,,crm/fcrm/doctype/crm_organization/crm_organization.json,crm/fcrm/doctype/crm_organization/crm_organization.json,crm/fcrm/doctype/crm_organization/crm_organization.json,doctype-json,Crm Organization,"[""Name of a DocType""]",,,,,,,traducción propuesta,revisado inicial CRM,sí,sí,no,,Nombre de DocType.,,,
crm:72aaeda375026d44,crm,crm,fcrm,fcrm,,Fcrm,CRM Portal Page,CRM Portal Page,,,,,Página del portal de CRM,,Label of a shortcut in the Frappe CRM Workspace,etiqueta de campo/elemento,,crm/fcrm/workspace/frappe_crm/frappe_crm.json,crm/fcrm/workspace/frappe_crm/frappe_crm.json,crm/fcrm/workspace/frappe_crm/frappe_crm.json,workspace,Frappe CRM (Workspace),"[""Label of a shortcut in the Frappe CRM Workspace""]",,,,,,,traducción propuesta,revisado inicial CRM,sí,sí,no,,Page->Página; CRM preservado.,,,
crm:78cd15b975649246,crm,crm,fcrm,fcrm,,Fcrm,CRM Product,CRM Product,,,,,Producto de CRM,,Name of a DocType,nombre de DocType,,crm/fcrm/doctype/crm_product/crm_product.json,crm/fcrm/doctype/crm_product/crm_product.json,crm/fcrm/doctype/crm_product/crm_product.json,doctype-json,Crm Product,"[""Name of a DocType""]",,,,,,,traducción propuesta,revisado inicial CRM,sí,sí,no,,Nombre de DocType 'CRM Product'. Product=Producto (cross-app).,,,
crm:34af7f85f1373121,crm,crm,fcrm,fcrm,,Fcrm,CRM Product Sync Issue,CRM Product Sync Issue,,,,,Problema de sincronización de CRM Product,,Name of a DocType,nombre de DocType,,crm/fcrm/doctype/crm_product_sync_issue/crm_product_sync_issue.json,crm/fcrm/doctype/crm_product_sync_issue/crm_product_sync_issue.json,crm/fcrm/doctype/crm_product_sync_issue/crm_product_sync_issue.json,doctype-json,Crm Product Sync Issue,"[""Name of a DocType""]",,,,,,,traducción propuesta,revisado inicial CRM,sí,sí,no,,Nombre de DocType 'CRM Product Sync Issue'; CRM Product se conserva.,,,
crm:783c9ecb9f5c5113,crm,crm,fcrm,fcrm,,Fcrm,CRM Products,CRM Products,,,,,Productos de CRM,,Name of a DocType,nombre de DocType,,crm/fcrm/doctype/crm_products/crm_products.json,crm/fcrm/doctype/crm_products/crm_products.json,crm/fcrm/doctype/crm_products/crm_products.json,doctype-json,Crm Products,"[""Name of a DocType""]",,,,,,,traducción propuesta,revisado inicial CRM,sí,sí,no,,Nombre de DocType 'CRM Products' (tabla hija de productos).,,,
crm:c7748c45877f87ab,crm,crm,fcrm,fcrm,,Fcrm,CRM Rolling Response Time,CRM Rolling Response Time,,,,,Tiempo de respuesta acumulado de CRM,,Name of a DocType,nombre de DocType,,crm/fcrm/doctype/crm_rolling_response_time/crm_rolling_response_time.json,crm/fcrm/doctype/crm_rolling_response_time/crm_rolling_response_time.json,crm/fcrm/doctype/crm_rolling_response_time/crm_rolling_response_time.json,doctype-json,Crm Rolling Response Time,"[""Name of a DocType""]",,,,,,,traducción propuesta,revisado inicial CRM,sí,sí,no,,Nombre de DocType 'CRM Rolling Response Time'; Rolling=acumulado/móvil.,,,
crm:90f090414c9028e7,crm,crm,fcrm,fcrm,,Fcrm,CRM Sales Hierarchy,CRM Sales Hierarchy,,,,,Jerarquía de ventas de CRM,,Name of a DocType,nombre de DocType,,crm/fcrm/doctype/crm_sales_hierarchy/crm_sales_hierarchy.json,crm/fcrm/doctype/crm_sales_hierarchy/crm_sales_hierarchy.json,crm/fcrm/doctype/crm_sales_hierarchy/crm_sales_hierarchy.json,doctype-json,Crm Sales Hierarchy,"[""Name of a DocType""]",,,,,,,traducción propuesta,revisado inicial CRM,sí,sí,no,,Nombre de DocType 'CRM Sales Hierarchy'.,,,
crm:d1b0cd1f4e950c7f,crm,crm,fcrm,fcrm,,Fcrm,CRM Service Day,CRM Service Day,,,,,Día de servicio de CRM,,Name of a DocType,nombre de DocType,,crm/fcrm/doctype/crm_service_day/crm_service_day.json,crm/fcrm/doctype/crm_service_day/crm_service_day.json,crm/fcrm/doctype/crm_service_day/crm_service_day.json,doctype-json,Crm Service Day,"[""Name of a DocType""]",,,,,,,traducción propuesta,revisado inicial CRM,sí,sí,no,,Nombre de DocType 'CRM Service Day'.,,,
crm:4cc651f9fc20a8a4,crm,crm,fcrm,fcrm,,Fcrm,CRM Service Level Agreement,CRM Service Level Agreement,,,,,CRM Acuerdo de Nivel de Servicio,,Name of a DocType,nombre de DocType,,crm/fcrm/doctype/crm_service_level_agreement/crm_service_level_agreement.json,crm/fcrm/doctype/crm_service_level_agreement/crm_service_level_agreement.json,crm/fcrm/doctype/crm_service_level_agreement/crm_service_level_agreement.json,doctype-json,Crm Service Level Agreement,"[""Name of a DocType""]",,,,,,,traducción propuesta,revisado inicial CRM,sí,sí,no,,nombre de DocType; SLA=Service Level Agreement->Acuerdo de nivel de servicio,,,
crm:7a15bf7fd689d6fe,crm,crm,fcrm,fcrm,,Fcrm,CRM Service Level Priority,CRM Service Level Priority,,,,,CRM Prioridad de Nivel de Servicio,,Name of a DocType,nombre de DocType,,crm/fcrm/doctype/crm_service_level_priority/crm_service_level_priority.json,crm/fcrm/doctype/crm_service_level_priority/crm_service_level_priority.json,crm/fcrm/doctype/crm_service_level_priority/crm_service_level_priority.json,doctype-json,Crm Service Level Priority,"[""Name of a DocType""]",,,,,,,traducción propuesta,revisado inicial CRM,sí,sí,no,,nombre de DocType,,,
crm:147ed2ca5a141538,crm,crm,fcrm,fcrm,,Fcrm,CRM Status Change Log,CRM Status Change Log,,,,,Registro de cambios de estado de CRM,,Name of a DocType,nombre de DocType,,crm/fcrm/doctype/crm_status_change_log/crm_status_change_log.json,crm/fcrm/doctype/crm_status_change_log/crm_status_change_log.json,crm/fcrm/doctype/crm_status_change_log/crm_status_change_log.json,doctype-json,Crm Status Change Log,"[""Name of a DocType""]",,,,,,,traducción propuesta,revisado inicial CRM,sí,sí,no,,Nombre de DocType 'CRM Status Change Log'. Status=Estado.,,,
crm:b82a728e824b09a6,crm,crm,fcrm,fcrm,,Fcrm,CRM Task,CRM Task,,,,,Tarea de CRM,,Name of a DocType,nombre de DocType,,crm/fcrm/doctype/crm_task/crm_task.json,crm/fcrm/doctype/crm_task/crm_task.json,crm/fcrm/doctype/crm_task/crm_task.json,doctype-json,Crm Task,"[""Name of a DocType""]",,,,,,,traducción propuesta,revisado inicial CRM,sí,no,no,,nombre de DocType CRM Task,,,
crm:c0ba79f36bca3eee,crm,crm,fcrm,fcrm,,Fcrm,CRM Telephony Agent,CRM Telephony Agent,,,,,Agente de telefonía de CRM,,Name of a DocType,nombre de DocType,,crm/fcrm/doctype/crm_telephony_agent/crm_telephony_agent.json,crm/fcrm/doctype/crm_telephony_agent/crm_telephony_agent.json,crm/fcrm/doctype/crm_telephony_agent/crm_telephony_agent.json,doctype-json,Crm Telephony Agent,"[""Name of a DocType""]",,,,,,,traducción propuesta,revisado inicial CRM,sí,no,no,,nombre de DocType CRM Telephony Agent,,,
crm:11f8be7cd8d5d3d4,crm,crm,fcrm,fcrm,,Fcrm,CRM Telephony Phone,CRM Telephony Phone,,,,,Teléfono de telefonía de CRM,,Name of a DocType,nombre de DocType,,crm/fcrm/doctype/crm_telephony_phone/crm_telephony_phone.json,crm/fcrm/doctype/crm_telephony_phone/crm_telephony_phone.json,crm/fcrm/doctype/crm_telephony_phone/crm_telephony_phone.json,doctype-json,Crm Telephony Phone,"[""Name of a DocType""]",,,,,,,traducción propuesta,revisado inicial CRM,sí,no,no,,nombre de DocType CRM Telephony Phone,,,
crm:6e1b879daa78ec65,crm,crm,fcrm,fcrm,,Fcrm,CRM Territory,CRM Territory,,,,,Territorio de CRM,,Name of a DocType,nombre de DocType,,crm/fcrm/doctype/crm_territory/crm_territory.json,crm/fcrm/doctype/crm_territory/crm_territory.json,crm/fcrm/doctype/crm_territory/crm_territory.json,doctype-json,Crm Territory,"[""Name of a DocType""]",,,,,,,traducción propuesta,revisado inicial CRM,sí,sí,no,,Territory->Territorio.,,,
crm:d45123df2b550d98,crm,crm,fcrm,fcrm,,Fcrm,CRM Twilio Settings,CRM Twilio Settings,,,,,Configuración de Twilio de CRM,,Name of a DocType,nombre de DocType,,crm/fcrm/doctype/crm_twilio_settings/crm_twilio_settings.json,crm/fcrm/doctype/crm_twilio_settings/crm_twilio_settings.json,crm/fcrm/doctype/crm_twilio_settings/crm_twilio_settings.json,doctype-json,Crm Twilio Settings,"[""Name of a DocType""]",,,,,,,traducción propuesta,revisado inicial CRM,sí,sí,no,,"Nombre de DocType; Twilio marca propia preservada, Settings->Configuración.",,,
crm:e4f391dddcde1362,crm,crm,fcrm,fcrm,,Fcrm,CRM View Settings,CRM View Settings,,,,,CRM Configuración de Vista,,Name of a DocType,nombre de DocType,,crm/fcrm/doctype/crm_view_settings/crm_view_settings.json,crm/fcrm/doctype/crm_view_settings/crm_view_settings.json,crm/fcrm/doctype/crm_view_settings/crm_view_settings.json,doctype-json,Crm View Settings,"[""Name of a DocType""]",,,,,,,traducción propuesta,revisado inicial CRM,sí,sí,no,,nombre de DocType,,,
crm:1b8a82f6b1d945e8,crm,crm,src,src,,Src,CSV,CSV,,,CSV,,CSV,,,,,frontend/src/components/ViewControls.vue:286,frontend/src/components/ViewControls.vue:286,frontend/src/components/ViewControls.vue:286,client-js,,[],,,,,,,igual al inglés válida,revisado inicial CRM,sí,sí,no,,Sigla; cross-app aprobado.,,,
crm:36dfb99469d18600,crm,crm,src,src,,Src,CSV imports,CSV imports,,,,,Importaciones CSV,,,,,frontend/src/pages/PersonaForm.vue:81,frontend/src/pages/PersonaForm.vue:81,frontend/src/pages/PersonaForm.vue:81,client-js,,[],,,,,,,traducción propuesta,revisado inicial CRM,sí,sí,no,,,,,
crm:f5c9b1fc9111f081,crm,crm,src,src,,Src,Call Details,Call Details,,,Detalles de la llamada,,Detalles de la llamada,,,,,frontend/src/components/Modals/CallLogDetailModal.vue:9,frontend/src/components/Modals/CallLogDetailModal.vue:9,frontend/src/components/Modals/CallLogDetailModal.vue:9,client-js,,[],,,,,,,existente correcta,revisado inicial CRM,sí,sí,no,,cross-app aprobado: Call Details,,,
crm:f0c8a52a3bd02b53,crm,crm,src,src,,Src,Call Log,Call Log,,,Registro de llamadas,,Registro de llamadas,,,,,frontend/src/components/Layouts/AppSidebar.vue:670,frontend/src/components/Layouts/AppSidebar.vue:670,frontend/src/components/Layouts/AppSidebar.vue:586,client-js,,[],,,,,,,existente correcta,revisado inicial CRM,sí,sí,no,,cross-app Call Log=Registro de llamadas,,,
crm:50fe074ba4a23d63,crm,crm,fcrm,fcrm,,Fcrm,Call Received By,Call Received By,,,Llamada recibida por,,Llamada recibida por,,Label of the receiver (Link) field in DocType 'CRM Call Log',etiqueta de campo/elemento,,crm/fcrm/doctype/crm_call_log/crm_call_log.json,crm/fcrm/doctype/crm_call_log/crm_call_log.json,crm/fcrm/doctype/crm_call_log/crm_call_log.json,doctype-json,Crm Call Log,"[""Label of the receiver (Link) field in DocType 'CRM Call Log'""]",,,,,,,existente correcta,revisado inicial CRM,sí,sí,no,,cross-app aprobado: Call Received By,,,
crm:a9969d479a9eb1db,crm,crm,integrations,integrations,,Integrations,Call log not found,Call log not found,,,,,Registro de llamada no encontrado,,,,,crm/integrations/api.py:259,crm/integrations/api.py:259 || crm/integrations/twilio/api.py:148 || crm/integrations/twilio/api.py:166,crm/integrations/api.py:158 || crm/integrations/twilio/api.py:148 || crm/integrations/twilio/api.py:166,python,,[],,,,,,,traducción propuesta,revisado inicial CRM,sí,sí,no,,Call log=registro de llamadas.,,,
crm:1ebd01f6e60ba37c,crm,crm,src,src,,Src,Call using {0},Call using {0},,,,,Llamar con {0},,,,,frontend/src/components/Telephony/CallUI.vue:9,frontend/src/components/Telephony/CallUI.vue:9,frontend/src/components/Telephony/CallUI.vue:9,client-js,,[],{0},,{0},ok,,,traducción propuesta,revisado inicial CRM,sí,sí,no,,placeholder {0} preservado; {0}=medio de llamada,,,
crm:e00c9faee101850c,crm,crm,fcrm,fcrm,,Fcrm,Caller,Caller,,,Emisor de la llamada,,Autor de la llamada,,Label of the caller (Link) field in DocType 'CRM Call Log',etiqueta de campo/elemento,,crm/fcrm/doctype/crm_call_log/crm_call_log.json,crm/fcrm/doctype/crm_call_log/crm_call_log.json,crm/fcrm/doctype/crm_call_log/crm_call_log.json,doctype-json,Crm Call Log,"[""Label of the caller (Link) field in DocType 'CRM Call Log'""]",,,,,,,existente mejorable,revisado inicial CRM,sí,sí,no,,cross-app aprobado: Caller->'Autor de la llamada' (corrige 'Emisor'),,,
crm:a16b929bc055e4e5,crm,crm,src,src,,Src,Calling Medium,Calling Medium,,,Medio de llamada,,Medio de llamada,,,,,frontend/src/components/Telephony/CallUI.vue:25,frontend/src/components/Telephony/CallUI.vue:25,frontend/src/components/Telephony/CallUI.vue:25,client-js,,[],,,,,,,existente correcta,revisado inicial CRM,sí,sí,no,,telefonía,,,
crm:be7a31dec32eff44,crm,crm,src,src,,Src,Calling...,Calling...,,,Llamando...,,Llamando...,,,,,frontend/src/components/Telephony/TwilioCallUI.vue:140,frontend/src/components/Telephony/TwilioCallUI.vue:140 || frontend/src/components/Telephony/TwilioCallUI.vue:40,frontend/src/components/Telephony/TwilioCallUI.vue:40 || frontend/src/components/Telephony/TwilioCallUI.vue:140,client-js,,[],,,,,,,existente correcta,revisado inicial CRM,sí,sí,no,,puntos suspensivos preservados,,,
crm:cc315beee3c3c8ed,crm,crm,src,src,,Src,Calls,Calls,,,Llamadas,,Llamadas,,,,,frontend/src/pages/Deal.vue:587,frontend/src/pages/Deal.vue:587 || frontend/src/pages/Lead.vue:439 || frontend/src/pages/MobileDeal.vue:461 || frontend/src/pages/MobileLead.vue:309,frontend/src/pages/Deal.vue:586 || frontend/src/pages/Lead.vue:438 || frontend/src/pages/MobileDeal.vue:457 || frontend/src/pages/MobileLead.vue:305,client-js,,[],,,,,,,existente correcta,revisado inicial CRM,sí,sí,no,,Cross-app aprobado exacto.,Calls,Llamadas,
crm:65b077d3c7f76820,crm,crm,src,src,,Src,Camera,Camera,,,Cámara,,Cámara,,,,,frontend/src/components/FilesUploader/FilesUploaderArea.vue:55,frontend/src/components/FilesUploader/FilesUploaderArea.vue:55,frontend/src/components/FilesUploader/FilesUploaderArea.vue:55,client-js,,[],,,,,,,existente correcta,revisado inicial CRM,sí,sí,no,,Cross-app aprobado exacto.,Camera,Cámara,
crm:d696f90e8946c5d4,crm,crm,lead_syncing,lead_syncing,,Lead_Syncing,Can't retry sync for this without source!,Can't retry sync for this without source!,,,,,¡No se puede reintentar la sincronización de esto sin un origen!,,,,,crm/lead_syncing/doctype/failed_lead_sync_log/failed_lead_sync_log.py:28,crm/lead_syncing/doctype/failed_lead_sync_log/failed_lead_sync_log.py:28,crm/lead_syncing/doctype/failed_lead_sync_log/failed_lead_sync_log.py:28,doctype-controller,Failed Lead Sync Log,[],,,,,,,traducción propuesta,revisado inicial CRM,sí,sí,no,,source->origen (coherente con Source->Origen).,,,
crm:4260ddfaa4e29190,crm,crm,src,src,,Src,Cancel,Cancel,,,Cancelar,,Cancelar,,,,,frontend/src/components/Activities/CommentArea.vue:41,frontend/src/components/Activities/CommentArea.vue:41 || frontend/src/components/BulkDeleteLinkedDocModal.vue:82 || frontend/src/components/ColumnSettings.vue:123 || frontend/src/components/Controls/GeolocationControl.vue:60 || frontend/src/components/Dashboard/AddChartModal.vue:36 || frontend/src/components/DeleteLinkedDocModal.vue:119 || frontend/src/components/Modals/AssignmentModal.vue:74 || frontend/src/components/Modals/LostReasonModal.vue:44 || frontend/src/components/PrimaryDropdownItem.vue:77 || frontend/src/components/Settings/Sla/EditResponseResolutionModal.vue:48 || frontend/src/components/Settings/Sla/WorkDayModal.vue:75 || frontend/src/components/Telephony/TwilioCallUI.vue:73 || frontend/src/components/ViewControls.vue:154 || frontend/src/components/ViewControls.vue:57 || frontend/src/pages/Dashboard.vue:32,frontend/src/components/Activities/CommentArea.vue:41 || frontend/src/components/BulkDeleteLinkedDocModal.vue:82 || frontend/src/components/Calendar/CalendarEventPanel.vue:917 || frontend/src/components/ColumnSettings.vue:123 || frontend/src/components/Controls/GeolocationControl.vue:60 || frontend/src/components/Dashboard/AddChartModal.vue:36 || frontend/src/components/DeleteLinkedDocModal.vue:119 || frontend/src/components/Modals/AssignmentModal.vue:74 || frontend/src/components/Modals/EventModal.vue:207 || frontend/src/components/Modals/LostReasonModal.vue:44 || frontend/src/components/Settings/Sla/EditResponseResolutionModal.vue:48 || frontend/src/components/Settings/Sla/WorkDayModal.vue:75 || frontend/src/components/Telephony/TwilioCallUI.vue:73 || frontend/src/components/ViewControls.vue:57 || frontend/src/components/ViewControls.vue:154 || frontend/src/pages/Dashboard.vue:32,client-js,,[],,,,,,,existente correcta,revisado inicial CRM,sí,sí,no,,crossapp aprobado.,,,
crm:d0b45a62df0ec8be,crm,crm,fcrm,fcrm;src,sí,Fcrm,Canceled,Canceled,,,Cancelado,,Cancelado,,Option for the 'Status' (Select) field in DocType 'CRM Call Log',opción de campo select,,crm/fcrm/doctype/crm_call_log/crm_call_log.json,crm/fcrm/doctype/crm_call_log/crm_call_log.json || crm/fcrm/doctype/crm_task/crm_task.json || frontend/src/utils/callLog.js:67,crm/fcrm/doctype/crm_call_log/crm_call_log.json || crm/fcrm/doctype/crm_task/crm_task.json || frontend/src/utils/callLog.js:67,doctype-json,Crm Call Log,"[""Option for the 'Status' (Select) field in DocType 'CRM Call Log'"", ""Option for the 'Status' (Select) field in DocType 'CRM Task'""]",,,,,,,existente correcta,revisado inicial CRM,sí,sí,no,,cross-app aprobado: Canceled,,,
crm:07a4b0bde0adbc57,crm,crm,api,api,,Api,Cannot assign this role,Cannot assign this role,,,,,No se puede asignar este rol,,,,,crm/api/user.py:82,crm/api/user.py:82,crm/api/user.py:82,python,,[],,,,,,,traducción propuesta,revisado inicial CRM,sí,sí,no,,Error de asignación de rol.,,,
crm:9fd88aaa9657f4c9,crm,crm,src,src,,Src,Cannot change role of user with Admin access,Cannot change role of user with Admin access,,,No se puede cambiar el rol de un usuario con acceso de administrador,,No se puede cambiar el rol de un usuario con acceso de administrador,,,,,frontend/src/components/Settings/Users.vue:123,frontend/src/components/Settings/Users.vue:123,frontend/src/components/Settings/Users.vue:123,client-js,,[],,,,,,,existente correcta,revisado inicial CRM,sí,sí,no,,,,,
crm:9cd8b208f0c4e250,crm,crm,fcrm,fcrm,,Fcrm,Cannot delete standard items {0},Cannot delete standard items {0},,,No se pueden eliminar elementos estándar {0},,No se pueden eliminar elementos estándar {0},,,,,crm/fcrm/doctype/fcrm_settings/fcrm_settings.py:70,crm/fcrm/doctype/fcrm_settings/fcrm_settings.py:70,crm/fcrm/doctype/fcrm_settings/fcrm_settings.py:70,doctype-controller,Fcrm Settings,[],{0},{0},{0},ok,,,existente correcta,revisado inicial CRM,sí,sí,no,,Placeholder {0} preservado.,,,
crm:a9997d5ed236e2eb,crm,crm,fcrm,fcrm,,Fcrm,Cannot delete: linked ERPNext Item {0} is referenced by a Quotation. Remove the reference or delete the Item in ERPNext first.,Cannot delete: linked ERPNext Item {0} is referenced by a Quotation. Remove the reference or delete the Item in ERPNext first.,,,,,No se puede eliminar: el artículo de ERPNext vinculado {0} está referenciado por una Cotización. Elimine la referencia o borre el artículo en ERPNext primero.,,,,,crm/fcrm/doctype/crm_product/crm_product.py:81,crm/fcrm/doctype/crm_product/crm_product.py:81,crm/fcrm/doctype/crm_product/crm_product.py:81,doctype-controller,Crm Product,[],{0},,{0},ok,,,traducción propuesta,revisado inicial CRM,sí,sí,no,,Placeholder {0} preservado. Item(ERPNext)=artículo; Quotation=Cotización; ERPNext=nombre propio.,,,
crm:3cc89b83daa75d6d,crm,crm,src,src,,Src,Cannot enable rule without adding users in it,Cannot enable rule without adding users in it,,,No se puede habilitar la regla sin añadir usuarios en ella,,No se puede habilitar la regla sin agregar usuarios en ella,,,,,frontend/src/components/Settings/AssignmentRules/AssignmentRuleListItem.vue:173,frontend/src/components/Settings/AssignmentRules/AssignmentRuleListItem.vue:173,frontend/src/components/Settings/AssignmentRules/AssignmentRuleListItem.vue:170,client-js,,[],,,,,,,existente mejorable,revisado inicial CRM,sí,sí,no,,Cross-app usa 'agregar' (MX).,crm:crossapp,No se puede habilitar la regla sin agregar usuarios en ella,
crm:368018bbff0184f8,crm,crm,api,api,,Api,Cannot invite for this role,Cannot invite for this role,,,,,No se puede invitar para este rol,,,,,crm/api/__init__.py:122,crm/api/__init__.py:122,crm/api/__init__.py:109,python,,[],,,,,,,traducción propuesta,revisado inicial CRM,sí,sí,no,,Error de invitación.,,,
crm:c02f8569f23e1413,crm,crm,src,src,,Src,Cannot move a manager under one of their own reports,Cannot move a manager under one of their own reports,,,,,No se puede mover a un jefe debajo de uno de sus propios subordinados,,,,,frontend/src/components/Settings/Hierarchy/useDragDrop.js:73,frontend/src/components/Settings/Hierarchy/useDragDrop.js:73,frontend/src/components/Settings/Hierarchy/useDragDrop.js:73,client-js,,[],,,,,,,traducción propuesta,revisado inicial CRM,sí,sí,no,,Sin traducción upstream.,,,
crm:ba7eb84d0bcf4ee3,crm,crm,integrations,integrations,,Integrations,Cannot rename: an unrelated {0} '{1}' already exists on the other side. Resolve manually first.,Cannot rename: an unrelated {0} '{1}' already exists on the other side. Resolve manually first.,,,,,No se puede renombrar: ya existe un {0} '{1}' sin relación del otro lado. Resuélvalo manualmente primero.,,,,,crm/integrations/erpnext/utils.py:72,crm/integrations/erpnext/utils.py:72,crm/integrations/erpnext/utils.py:64,python,,[],{0};{1},,{0};{1},ok,,,traducción propuesta,revisado inicial CRM,sí,sí,no,,Placeholders {0};{1} preservados.,,,
crm:6846ad766c1837d2,crm,crm,src,src,,Src,Capture,Capture,,,Capturar,,Capturar,,,,,frontend/src/components/FilesUploader/FilesUploader.vue:85,frontend/src/components/FilesUploader/FilesUploader.vue:85,frontend/src/components/FilesUploader/FilesUploader.vue:85,client-js,,[],,,,,,,existente correcta,revisado inicial CRM,sí,sí,no,,Cross-app aprobado exacto.,Capture,Capturar,
crm:d57ada5a6b2bc5e1,crm,crm,src,src,,Src,Capture my first lead,Capture my first lead,,,,,Capturar mi primer Lead,,,,,frontend/src/pages/PersonaForm.vue:122,frontend/src/pages/PersonaForm.vue:122,frontend/src/pages/PersonaForm.vue:122,client-js,,[],,,,,,,traducción propuesta,revisado inicial CRM,sí,sí,no,,Lead protegido en inglés.,,,
crm:d22acafcc20ffcb4,crm,crm,src,src,,Src,Capturing Leads,Capturing Leads,,,,,Captura de Leads,,,,,frontend/src/components/Layouts/AppSidebar.vue:675,frontend/src/components/Layouts/AppSidebar.vue:675,frontend/src/components/Layouts/AppSidebar.vue:591,client-js,,[],,,,,,,traducción propuesta,revisado inicial CRM,sí,no,no,,Leads protegido,,,
crm:e18a1684a4dfc3e5,crm,crm,src,src,,Src,Capturing leads,Capturing leads,,,Captación de clientes potenciales,,Captar Leads,,,,,frontend/src/pages/PersonaForm.vue:90,frontend/src/pages/PersonaForm.vue:90,frontend/src/pages/PersonaForm.vue:90,client-js,,[],,,,,,,existente mejorable,revisado inicial CRM,sí,sí,no,,Reversión: 'clientes potenciales'→Lead (protegido).,,,
crm:6474acba620ee154,crm,crm,lead_syncing,lead_syncing,,Lead_Syncing,Category,Category,,,Categoría,,Categoría,,Label of the category (Data) field in DocType 'Facebook Page',etiqueta de campo/elemento,,crm/lead_syncing/doctype/facebook_page/facebook_page.json,crm/lead_syncing/doctype/facebook_page/facebook_page.json,crm/lead_syncing/doctype/facebook_page/facebook_page.json,doctype-json,Facebook Page,"[""Label of the category (Data) field in DocType 'Facebook Page'""]",,,,,,,existente correcta,revisado inicial CRM,sí,sí,no,,Cross-app aprobado: Category->Categoría.,,,
crm:5d2c309850b7988f,crm,crm,src,src,,Src,Change,Change,,,Cambio,,Cambiar,,,,,frontend/src/components/Controls/ImageUploader.vue:14,frontend/src/components/Controls/ImageUploader.vue:14 || frontend/src/components/Layouts/AppSidebar.vue:602,frontend/src/components/Controls/ImageUploader.vue:14 || frontend/src/components/Layouts/AppSidebar.vue:520,client-js,,[],,,,,,,existente mejorable,revisado inicial CRM,sí,sí,no,,LOCKED preservado verbatim; contexto botón ImageUploader,crm:5d2c309850b7988f,Cambiar,
crm:3894ce8a1a643f70,crm,crm,src,src,,Src,Change Image,Change Image,,,Cambia Imagen,,Cambiar imagen,,,,,frontend/src/pages/Contact.vue:47,frontend/src/pages/Contact.vue:47 || frontend/src/pages/Lead.vue:92 || frontend/src/pages/MobileContact.vue:37 || frontend/src/pages/MobileOrganization.vue:37 || frontend/src/pages/Organization.vue:47,frontend/src/pages/Contact.vue:47 || frontend/src/pages/Lead.vue:92 || frontend/src/pages/MobileContact.vue:37 || frontend/src/pages/MobileOrganization.vue:37 || frontend/src/pages/Organization.vue:47,client-js,,[],,,,,,,existente mejorable,revisado inicial CRM,sí,sí,no,,crossapp 'Change Image'; 'Cambia Imagen' era incorrecto.,,,
crm:90a7ba4a00f12eb8,crm,crm,src,src,,Src,Change Password,Change Password,,,Cambiar contraseña,,Cambiar contraseña,,,,,frontend/src/components/Modals/ChangePasswordModal.vue:2,frontend/src/components/Modals/ChangePasswordModal.vue:2 || frontend/src/components/Settings/Profile/ProfileSettings.vue:121,frontend/src/components/Modals/ChangePasswordModal.vue:2 || frontend/src/components/Settings/Profile/ProfileSettings.vue:121,client-js,,[],,,,,,,existente correcta,revisado inicial CRM,sí,sí,no,,Cross-app aprobado.,,,
crm:a6a2c92a4d163067,crm,crm,src,src,,Src,Change Photo,Change Photo,,,,,Cambiar foto,,,,,frontend/src/components/Settings/Profile/ProfileSettings.vue:162,frontend/src/components/Settings/Profile/ProfileSettings.vue:162,frontend/src/components/Settings/Profile/ProfileSettings.vue:162,client-js,,[],,,,,,,traducción propuesta,revisado inicial CRM,sí,sí,no,,Crossapp aprobado: reuso exacto.,Change Photo,Cambiar foto,
crm:dd3784c88a12c815,crm,crm,src,src,,Src,Change Status,Change Status,,,Cambiar Estado,,Cambiar Estado,,,,,frontend/src/components/Activities/TaskArea.vue:44,frontend/src/components/Activities/TaskArea.vue:44,frontend/src/components/Activities/TaskArea.vue:44,client-js,,[],,,,,,,existente correcta,revisado inicial CRM,sí,sí,no,,Status->Estado.,,,
crm:25199bde9294959a,crm,crm,src,src,,Src,Change deal status,Change deal status,,,Cambiar el estado del Acuerdo,,Cambiar el estado del Deal,,,,,frontend/src/components/Layouts/AppSidebar.vue:592,frontend/src/components/Layouts/AppSidebar.vue:592 || frontend/src/components/Layouts/AppSidebar.vue:601,frontend/src/components/Layouts/AppSidebar.vue:510 || frontend/src/components/Layouts/AppSidebar.vue:519,client-js,,[],,,,,,,existente mejorable,revisado inicial CRM,sí,no,no,,REVERSIÓN: 'Acuerdo' -> Deal protegido,,,
crm:3996b5d3089a65db,crm,crm,src,src,,Src,Change language of the application.,Change language of the application.,,,Cambiar el idioma de la aplicación.,,Cambiar el idioma de la aplicación.,,,,,frontend/src/components/Settings/PreferencesSettings.vue:60,frontend/src/components/Settings/PreferencesSettings.vue:60,frontend/src/components/Settings/PreferencesSettings.vue:60,client-js,,[],,,,,,,existente correcta,revisado inicial CRM,sí,sí,no,,Crossapp aprobado: reuso exacto.,Change language of the application.,Cambiar el idioma de la aplicación.,
crm:8fceeb1c00429958,crm,crm,src,src,,Src,Change timezone of the application.,Change timezone of the application.,,,Cambiar la zona horaria de la aplicación.,,Cambiar la zona horaria de la aplicación.,,,,,frontend/src/components/Settings/PreferencesSettings.vue:71,frontend/src/components/Settings/PreferencesSettings.vue:71,frontend/src/components/Settings/PreferencesSettings.vue:71,client-js,,[],,,,,,,existente correcta,revisado inicial CRM,sí,sí,no,,Crossapp aprobado: reuso exacto.,Change timezone of the application.,Cambiar la zona horaria de la aplicación.,
crm:363bf4c7d66976bc,crm,crm,src,src,,Src,Change your account password for security.,Change your account password for security.,,,Cambia la contraseña de tu cuenta por seguridad.,,Cambie la contraseña de su cuenta por seguridad.,,,,,frontend/src/components/Settings/Profile/ProfileSettings.vue:117,frontend/src/components/Settings/Profile/ProfileSettings.vue:117,frontend/src/components/Settings/Profile/ProfileSettings.vue:117,client-js,,[],,,,,,,existente mejorable,revisado inicial CRM,sí,sí,no,,Crossapp aprobado usa registro formal 'su'; actual usaba tuteo.,Change your account password for security.,Cambie la contraseña de su cuenta por seguridad.,
crm:bfa3bda2e871e97b,crm,crm,src,src,,Src,Chart,Chart,,,Gráfico,,Gráfico,,,,,frontend/src/pages/Dashboard.vue:22,frontend/src/pages/Dashboard.vue:22,frontend/src/pages/Dashboard.vue:22,client-js,,[],,,,,,,existente correcta,revisado inicial CRM,sí,sí,no,,Cross-app aprobado.,,,
crm:8798da6edf2b0ad1,crm,crm,src,src,,Src,Chart Type,Chart Type,,,Tipo de Gráfico,,Tipo de Gráfico,,,,,frontend/src/components/Dashboard/AddChartModal.vue:8,frontend/src/components/Dashboard/AddChartModal.vue:8,frontend/src/components/Dashboard/AddChartModal.vue:8,client-js,,[],,,,,,,existente correcta,revisado inicial CRM,sí,sí,no,,cross-app Chart Type=Tipo de Gráfico,,,
crm:7a40e8bb77092bbb,crm,crm,src,src,,Src,Choose Existing,Choose Existing,,,Seleccionar Existente,,Elegir existente,,,,,frontend/src/components/Modals/ConvertToDealModal.vue:29,frontend/src/components/Modals/ConvertToDealModal.vue:29 || frontend/src/components/Modals/ConvertToDealModal.vue:55,frontend/src/components/Modals/ConvertToDealModal.vue:29 || frontend/src/components/Modals/ConvertToDealModal.vue:55,client-js,,[],,,,,,,existente mejorable,revisado inicial CRM,sí,sí,no,,Botón de ConvertToDealModal; minúscula.,,,
crm:1eb311aad201d5a3,crm,crm,src,src,,Src,Choose Existing Contact,Choose Existing Contact,,,Elija un contacto existente,,Elija un contacto existente,,,,,frontend/src/components/Modals/DealModal.vue:44,frontend/src/components/Modals/DealModal.vue:44,frontend/src/components/Modals/DealModal.vue:44,client-js,,[],,,,,,,existente correcta,revisado inicial CRM,sí,sí,no,,Contacto conforme a glosario.,Contact,Contacto,
crm:696bbd01a6445823,crm,crm,src,src,,Src,Choose Existing Organization,Choose Existing Organization,,,Elija una organización existente,,Elija una organización existente,,,,,frontend/src/components/Modals/DealModal.vue:37,frontend/src/components/Modals/DealModal.vue:37,frontend/src/components/Modals/DealModal.vue:37,client-js,,[],,,,,,,existente correcta,revisado inicial CRM,sí,sí,no,,Organización conforme a glosario.,Organization,Organización,
crm:f9dbe72c603440a1,crm,crm,src,src,,Src,Choose how long this SLA policy will be active.,Choose how long this SLA policy will be active.,,,Elija cuánto tiempo estará activa esta política de ANS.,,Elija cuánto tiempo estará activa esta política de SLA.,,,,,frontend/src/components/Settings/Sla/SlaPolicyView.vue:171,frontend/src/components/Settings/Sla/SlaPolicyView.vue:171,frontend/src/components/Settings/Sla/SlaPolicyView.vue:171,client-js,,[],,,,,,,existente mejorable,revisado inicial CRM,sí,sí,no,,Actual usa 'ANS'; crossapp aprobado usa SLA.,Choose how long this SLA policy will be active.,Elija cuánto tiempo estará activa esta política de SLA.,
crm:7f47d8d0a1da8c19,crm,crm,src,src,,Src,Choose how you want to use the application by setting your preferences.,Choose how you want to use the application by setting your preferences.,,,,,Elija cómo desea usar la aplicación configurando sus preferencias.,,,,,frontend/src/components/Settings/PreferencesSettings.vue:6,frontend/src/components/Settings/PreferencesSettings.vue:6,frontend/src/components/Settings/PreferencesSettings.vue:6,client-js,,[],,,,,,,traducción propuesta,revisado inicial CRM,sí,sí,no,,Sin traducción upstream.,,,
crm:7dc3be810635a504,crm,crm,src,src,,Src,Choose how {0} are assigned among salespeople.,Choose how {0} are assigned among salespeople.,,,Elegir cómo se asigna {0} entre los vendedores.,,Elegir cómo se asigna {0} entre los vendedores.,,,,,frontend/src/components/Settings/AssignmentRules/AssigneeRules.vue:9,frontend/src/components/Settings/AssignmentRules/AssigneeRules.vue:9,frontend/src/components/Settings/AssignmentRules/AssigneeRules.vue:9,client-js,,[],{0},{0},{0},ok,,,existente correcta,revisado inicial CRM,sí,sí,no,,{0} preservado; natural.,,,
crm:6cbf6e5a9adbb462,crm,crm,src,src,,Src,Choose how {0} are assigned among the selected assignees.,Choose how {0} are assigned among the selected assignees.,,,,,Elegir cómo se asigna {0} entre los responsables seleccionados.,,,,,frontend/src/components/Settings/AssignmentRules/AssigneeRules.vue:26,frontend/src/components/Settings/AssignmentRules/AssigneeRules.vue:26,,client-js,,[],{0},,{0},ok,,,traducción propuesta,revisado inicial CRM,sí,sí,no,,{0} preservado; assignees=responsables.,,,"POT-only: en el universo fresco, sin traducir"
crm:6aad5938062806dd,crm,crm,src,src,,Src,Choose the days of the week when this rule should be active.,Choose the days of the week when this rule should be active.,,,Elegir los días de la semana en los que esta regla debe estar activa.,,Elija los días de la semana en los que esta regla debe estar activa.,,,,,frontend/src/components/Settings/AssignmentRules/AssignmentRuleView.vue:306,frontend/src/components/Settings/AssignmentRules/AssignmentRuleView.vue:306,frontend/src/components/Settings/AssignmentRules/AssignmentRuleView.vue:306,client-js,,[],,,,,,,existente mejorable,revisado inicial CRM,sí,sí,no,,Cross-app similar ('Elija'); 'Elegir' válido en MX. | convergencia global Gettext v0.3.0,,,
crm:dd85b4c0ab1eb955,crm,crm,src,src,,CRM,Choose the email service provider you want to configure.,Choose the email service provider you want to configure.,,,,,Elija el proveedor de servicios de correo electrónico que desee configurar.,,,,,frontend/src/components/Settings/EmailAdd.vue:9,frontend/src/components/Settings/EmailAdd.vue:9,,client-js,,[],,,,,,,traducción propuesta,aprobado (lote crm 1.81.2),sí,,,,lote crm 1.81.2: reusar de Choose the Email Service Provider you want to configure. | alineado a traducción existente (conflicto Gettext),,,"POT-only: en el universo fresco, sin traducir"
crm:f1557234126262e2,crm,crm,src,src,,Src,Choose which leads/deals are affected by this policy.,Choose which leads/deals are affected by this policy.,,,,,Elija qué leads/deals se ven afectados por esta política.,,,,,frontend/src/components/Settings/Sla/SlaPolicyView.vue:107,frontend/src/components/Settings/Sla/SlaPolicyView.vue:107,frontend/src/components/Settings/Sla/SlaPolicyView.vue:107,client-js,,[],,,,,,,traducción propuesta,revisado inicial CRM,sí,sí,no,,"Lead/Deal preservados en inglés (plural, minúscula como fuente).",,,
crm:8070ded0a56974d8,crm,crm,src,src,,Src,Choose which {0} are affected by this assignment rule.,Choose which {0} are affected by this assignment rule.,,,,,Elegir a qué {0} afecta esta regla de asignación.,,,,,frontend/src/components/Settings/AssignmentRules/AssignmentRuleView.vue:150,frontend/src/components/Settings/AssignmentRules/AssignmentRuleView.vue:150,,client-js,,[],{0},,{0},ok,,,traducción propuesta,revisado inicial CRM,sí,sí,no,,{0} preservado.,,,"POT-only: en el universo fresco, sin traducir"
crm:54af1a8f0acb3c01,crm,crm,src,src,,Src,Choose which {0} are affected by this un-assignment rule.,Choose which {0} are affected by this un-assignment rule.,,,Elegir a qué {0} afecta esta regla de desasignación.,,Elegir a qué {0} afecta esta regla de desasignación.,,,,,frontend/src/components/Settings/AssignmentRules/AssignmentRuleView.vue:229,frontend/src/components/Settings/AssignmentRules/AssignmentRuleView.vue:229,frontend/src/components/Settings/AssignmentRules/AssignmentRuleView.vue:229,client-js,,[],{0},{0},{0},ok,,,existente correcta,revisado inicial CRM,sí,sí,no,,{0} preservado.,,,
crm:c6c0905ebca91ba4,crm,crm,src,src,,Src,Clear,Clear,,,Quitar,,Quitar,,,,,frontend/src/components/Controls/AttachControl.vue:58,frontend/src/components/Controls/AttachControl.vue:58 || frontend/src/components/Controls/GeolocationControl.vue:40 || frontend/src/components/Controls/Link.vue:59 || frontend/src/components/Settings/Telephony/TelephonySettings.vue:59,frontend/src/components/Controls/AttachControl.vue:58 || frontend/src/components/Controls/GeolocationControl.vue:40 || frontend/src/components/Controls/Link.vue:59 || frontend/src/components/Settings/Telephony/TelephonySettings.vue:59,client-js,,[],,,,,,,existente correcta,revisado inicial CRM,sí,sí,no,,cross-app Clear=Quitar,,,
crm:5b0b9f86e6b466ca,crm,crm,src,src,,Src,Clear All Filters,Clear All Filters,,,,,Quitar todos los filtros,,,,,frontend/src/components/Filter.vue:151,frontend/src/components/Filter.vue:151 || frontend/src/components/Filter.vue:21,frontend/src/components/Filter.vue:21 || frontend/src/components/Filter.vue:149,client-js,,[],,,,,,,traducción propuesta,revisado inicial CRM,sí,sí,no,,Clear=Quitar (cross-app),,,
crm:2f88c3fb1c8b906b,crm,crm,src,src,,Src,Clear Assignment,Clear Assignment,,,Borrar Asignación,,Quitar asignación,,,,,frontend/src/components/ListBulkActions.vue:134,frontend/src/components/ListBulkActions.vue:134 || frontend/src/components/ListBulkActions.vue:142 || frontend/src/components/ListBulkActions.vue:188,frontend/src/components/ListBulkActions.vue:134 || frontend/src/components/ListBulkActions.vue:142 || frontend/src/components/ListBulkActions.vue:188,client-js,,[],,,,,,,existente mejorable,revisado inicial CRM,sí,sí,no,,Cross-app aprobado exacto; corrige 'Borrar Asignación'.,Clear Assignment,Quitar asignación,
crm:cca83030915e5ec5,crm,crm,src,src,,Src,Clear Demo Data,Clear Demo Data,,,Borrar datos de demostración,,Borrar datos de demostración,,,,,frontend/src/components/Layouts/AppSidebar.vue:120,frontend/src/components/Layouts/AppSidebar.vue:120 || frontend/src/composables/demoData.js:20,frontend/src/components/Layouts/AppSidebar.vue:96 || frontend/src/composables/demoData.js:20,client-js,,[],,,,,,,existente correcta,revisado inicial CRM,sí,sí,no,,,,,
crm:0f22c81405acf0c3,crm,crm,src,src,,Src,Clear Sort,Clear Sort,,,,,Quitar orden,,,,,frontend/src/components/SortBy.vue:146,frontend/src/components/SortBy.vue:146,frontend/src/components/SortBy.vue:153,client-js,,[],,,,,,,traducción propuesta,revisado inicial CRM,sí,sí,no,,Clear Sort; coherente con 'Agregar orden'.,,,
crm:2b89d0d79182216c,crm,crm,fcrm,fcrm,,Fcrm,Clear Table,Clear Table,,,Borrar tabla,,Borrar tabla,,Label of the clear_table (Button) field in DocType 'CRM Holiday List',etiqueta de campo/elemento,,crm/fcrm/doctype/crm_holiday_list/crm_holiday_list.json,crm/fcrm/doctype/crm_holiday_list/crm_holiday_list.json,crm/fcrm/doctype/crm_holiday_list/crm_holiday_list.json,doctype-json,Crm Holiday List,"[""Label of the clear_table (Button) field in DocType 'CRM Holiday List'""]",,,,,,,existente correcta,revisado inicial CRM,sí,sí,no,,crossapp Clear Table->Borrar tabla,,,
crm:a513490671af7f8f,crm,crm,src,src,,Src,Close my first deal,Close my first deal,,,,,Cerrar mi primer Deal,,,,,frontend/src/pages/PersonaForm.vue:126,frontend/src/pages/PersonaForm.vue:126,frontend/src/pages/PersonaForm.vue:126,client-js,,[],,,,,,,traducción propuesta,revisado inicial CRM,sí,sí,no,,Deal protegido en inglés.,,,
crm:77fe1cef56685545,crm,crm,fcrm,fcrm,,Fcrm,Closed Date,Closed Date,,,,,Fecha de cierre,,Label of the closed_date (Date) field in DocType 'CRM Deal',etiqueta de campo/elemento,,crm/fcrm/doctype/crm_deal/crm_deal.json,crm/fcrm/doctype/crm_deal/crm_deal.json,crm/fcrm/doctype/crm_deal/crm_deal.json,doctype-json,Crm Deal,"[""Label of the closed_date (Date) field in DocType 'CRM Deal'""]",,,,,,,traducción propuesta,revisado inicial CRM,sí,sí,no,,,,,
crm:622283fded9dc788,crm,crm,src,src,,Src,Collaborating with my team,Collaborating with my team,,,,,Colaborar con mi equipo,,,,,frontend/src/pages/PersonaForm.vue:100,frontend/src/pages/PersonaForm.vue:100,frontend/src/pages/PersonaForm.vue:100,client-js,,[],,,,,,,traducción propuesta,revisado inicial CRM,sí,sí,no,,,,,
crm:7c883074a9d10a4b,crm,crm,src,src,,Src,Collapse,Collapse,,,Colapso,,Contraer,,,,,frontend/src/components/Layouts/AppSidebar.vue:138,frontend/src/components/Layouts/AppSidebar.vue:138,frontend/src/components/Layouts/AppSidebar.vue:120,client-js,,[],,,,,,,existente mejorable,revisado inicial CRM,sí,sí,no,,cross-app Collapse=Contraer; 'Colapso' incorrecto (acción),,,
crm:326db39c6186d66d,crm,crm,src,src,,Src,Collapsible,Collapsible,,,Plegable,,Plegable,,,,,frontend/src/components/FieldLayoutEditor.vue:462,frontend/src/components/FieldLayoutEditor.vue:462,frontend/src/components/FieldLayoutEditor.vue:465,client-js,,[],,,,,,,existente correcta,revisado inicial CRM,sí,sí,no,,cross-app Collapsible=Plegable,,,
crm:2e252d59ff60bcae,crm,crm,fcrm,fcrm,,Fcrm,Color,Color,,,Color,,Color,,Label of the color (Select) field in DocType 'CRM Deal Status',etiqueta de campo/elemento,,crm/fcrm/doctype/crm_deal_status/crm_deal_status.json,crm/fcrm/doctype/crm_deal_status/crm_deal_status.json || crm/fcrm/doctype/crm_lead_status/crm_lead_status.json,crm/fcrm/doctype/crm_deal_status/crm_deal_status.json || crm/fcrm/doctype/crm_lead_status/crm_lead_status.json,doctype-json,Crm Deal Status,"[""Label of the color (Select) field in DocType 'CRM Deal Status'"", ""Label of the color (Select) field in DocType 'CRM Lead Status'""]",,,,,,,existente correcta,revisado inicial CRM,sí,sí,no,,Cross-app aprobado; igual en ambos idiomas.,Color,Color,
crm:3bcf9d654a3ec8a2,crm,crm,src,src,,Src,Column,Column,,,Columna,,Columna,,,,,frontend/src/components/FieldLayoutEditor.vue:559,frontend/src/components/FieldLayoutEditor.vue:559,frontend/src/components/FieldLayoutEditor.vue:562,client-js,,[],,,,,,,existente correcta,revisado inicial CRM,sí,sí,no,,cross-app Column=Columna,,,
crm:374614e2d1df6720,crm,crm,fcrm,fcrm;src,sí,Fcrm,Column Field,Column Field,,,,,Campo de columna,,Label of the column_field (Data) field in DocType 'CRM View Settings',etiqueta de campo/elemento,,crm/fcrm/doctype/crm_view_settings/crm_view_settings.json,crm/fcrm/doctype/crm_view_settings/crm_view_settings.json || frontend/src/components/Kanban/KanbanSettings.vue:12,crm/fcrm/doctype/crm_view_settings/crm_view_settings.json || frontend/src/components/Kanban/KanbanSettings.vue:12,doctype-json,Crm View Settings,"[""Label of the column_field (Data) field in DocType 'CRM View Settings'""]",,,,,,,traducción propuesta,revisado inicial CRM,sí,sí,no,,,,,
crm:a45b3904effd8c77,crm,crm,fcrm,fcrm;src,sí,Fcrm,Columns,Columns,,,Columnas,,Columnas,,Label of the columns (Code) field in DocType 'CRM View Settings',etiqueta de campo/elemento,,crm/fcrm/doctype/crm_view_settings/crm_view_settings.json,crm/fcrm/doctype/crm_view_settings/crm_view_settings.json || frontend/src/components/ColumnSettings.vue:4,crm/fcrm/doctype/crm_view_settings/crm_view_settings.json || frontend/src/components/ColumnSettings.vue:4,doctype-json,Crm View Settings,"[""Label of the columns (Code) field in DocType 'CRM View Settings'""]",,,,,,,existente correcta,revisado inicial CRM,sí,sí,no,,crossapp Columns->Columnas,,,
crm:5abea4d4677b5934,crm,crm,src,fcrm;src,sí,Src,Comment,Comment,,,Comentario,,Comentario,,Label of the comment (Link) field in DocType 'CRM Notification',etiqueta de campo/elemento,,crm/fcrm/doctype/crm_notification/crm_notification.json,crm/fcrm/doctype/crm_notification/crm_notification.json || frontend/src/components/Activities/ActivityHeader.vue:115 || frontend/src/components/CommentBox.vue:75 || frontend/src/components/CommunicationArea.vue:15 || frontend/src/components/Layouts/AppSidebar.vue:693,crm/fcrm/doctype/crm_notification/crm_notification.json || frontend/src/components/Activities/ActivityHeader.vue:126 || frontend/src/components/CommentBox.vue:78 || frontend/src/components/CommunicationArea.vue:15 || frontend/src/components/Layouts/AppSidebar.vue:609,doctype-json,Crm Notification,"[""Label of the comment (Link) field in DocType 'CRM Notification'""]",,,,,,,existente correcta,revisado inicial CRM,sí,sí,no,,cross-app aprobado: Comment,,,
crm:3863e02eb5cb5adb,crm,crm,src,src,,Src,Comment sent,Comment sent,,,,,Comentario enviado,,,,,frontend/src/components/CommunicationArea.vue:298,frontend/src/components/CommunicationArea.vue:298,frontend/src/components/CommunicationArea.vue:275,client-js,,[],,,,,,,traducción propuesta,revisado inicial CRM,sí,sí,no,,,,,
crm:dc09d033c5410036,crm,crm,src,src,,Src,Comments,Comments,,,Comentarios,,Comentarios,,,,,frontend/src/pages/Deal.vue:577,frontend/src/pages/Deal.vue:577 || frontend/src/pages/Lead.vue:429 || frontend/src/pages/MobileDeal.vue:451 || frontend/src/pages/MobileLead.vue:299,frontend/src/pages/Deal.vue:571 || frontend/src/pages/Lead.vue:423 || frontend/src/pages/MobileDeal.vue:447 || frontend/src/pages/MobileLead.vue:295,client-js,,[],,,,,,,existente correcta,revisado inicial CRM,sí,sí,no,,Cross-app aprobado exacto.,Comments,Comentarios,
crm:9ec98b44d43841e0,crm,crm,api,api,,Api,Common reasons for losing deals,Common reasons for losing deals,,,,,Razones comunes para perder Deals,,,,,crm/api/dashboard.py:938,crm/api/dashboard.py:938,crm/api/dashboard.py:938,python,,[],,,,,,,traducción propuesta,revisado inicial CRM,sí,sí,no,,reversión Deals,,,
crm:200e94175deb7285,crm,crm,fcrm,fcrm,,Fcrm,Communication Status,Communication Status,,,,,Estado de comunicación,,Label of the communication_status (Link) field in DocType 'CRM Deal',etiqueta de campo/elemento,,crm/fcrm/doctype/crm_deal/crm_deal.json,crm/fcrm/doctype/crm_deal/crm_deal.json || crm/fcrm/doctype/crm_lead/crm_lead.json,crm/fcrm/doctype/crm_deal/crm_deal.json || crm/fcrm/doctype/crm_lead/crm_lead.json,doctype-json,Crm Deal,"[""Label of the communication_status (Link) field in DocType 'CRM Deal'"", ""Label of the communication_status (Link) field in DocType 'CRM Lead'""]",,,,,,,traducción propuesta,revisado inicial CRM,sí,sí,no,,,Status,Estado,
crm:eb47f0723848cb7e,crm,crm,fcrm,fcrm,,Fcrm,Communication Statuses,Communication Statuses,,,,,Estados de comunicación,,Label of a shortcut in the Frappe CRM Workspace,etiqueta de campo/elemento,,crm/fcrm/workspace/frappe_crm/frappe_crm.json,crm/fcrm/workspace/frappe_crm/frappe_crm.json,crm/fcrm/workspace/frappe_crm/frappe_crm.json,workspace,Frappe CRM (Workspace),"[""Label of a shortcut in the Frappe CRM Workspace""]",,,,,,,traducción propuesta,revisado inicial CRM,sí,sí,no,,Statuses->Estados.,,,
crm:0bc84a023d3d642f,crm,crm,src,src,,Domain_Enrichment,Company Name,Company Name,,,Nombre de compañía,,Nombre de empresa,,Label of the company_name (Data) field in DocType 'CRM Enrichment Run',etiqueta de campo/elemento,,frontend/src/components/Settings/ERPNextSettings.vue:152,frontend/src/components/Settings/ERPNextSettings.vue:152,frontend/src/components/Settings/ERPNextSettings.vue:130,client-js,,[],,,,,,,existente mejorable,revisado inicial CRM,sí,sí,no,,Cross-app aprobado: Company Name->Nombre de empresa (upstream 'Nombre de compañía' es menos natural en MX).,,,
crm:e727a91f08b625c4,crm,crm,fcrm,fcrm,,Fcrm,Company in ERPNext site,Company in ERPNext site,,,,,Empresa en el sitio ERPNext,,Label of the erpnext_company (Data) field in DocType 'ERPNext CRM Settings',etiqueta de campo/elemento,,crm/fcrm/doctype/erpnext_crm_settings/erpnext_crm_settings.json,crm/fcrm/doctype/erpnext_crm_settings/erpnext_crm_settings.json,crm/fcrm/doctype/erpnext_crm_settings/erpnext_crm_settings.json,doctype-json,Erpnext Crm Settings,"[""Label of the erpnext_company (Data) field in DocType 'ERPNext CRM Settings'""]",,,,,,,traducción propuesta,revisado inicial CRM,sí,sí,no,,,,,
crm:cac5c5062d6a3529,crm,crm,src,src,,Src,Company name is required,Company name is required,,,,,El nombre de la empresa es obligatorio,,,,,frontend/src/components/Settings/ERPNextSettings.vue:791,frontend/src/components/Settings/ERPNextSettings.vue:791,frontend/src/components/Settings/ERPNextSettings.vue:517,client-js,,[],,,,,,,traducción propuesta,revisado inicial CRM,sí,sí,no,,,,,
crm:e1dc3e632871ce03,crm,crm,fcrm,fcrm;src,sí,Domain_Enrichment,Completed,Completed,,,Completado,,Completado,,Option for the 'Status' (Select) field in DocType 'CRM Call Log',opción de campo select,,crm/fcrm/doctype/crm_call_log/crm_call_log.json,crm/fcrm/doctype/crm_call_log/crm_call_log.json || frontend/src/utils/callLog.js:62,crm/fcrm/doctype/crm_call_log/crm_call_log.json || frontend/src/utils/callLog.js:62,doctype-json,Crm Call Log,"[""Option for the 'Status' (Select) field in DocType 'CRM Call Log'""]",,,,,,,existente correcta,revisado inicial CRM,sí,sí,no,,Cross-app aprobado: Completed->Completado.,,,
crm:1ec26dfaa6d2f358,crm,crm,fcrm,fcrm,,Fcrm,Computer,Computer,,,Computadora,,Computadora,,Option for the 'Device' (Select) field in DocType 'CRM Telephony Agent',opción de campo select,,crm/fcrm/doctype/crm_telephony_agent/crm_telephony_agent.json,crm/fcrm/doctype/crm_telephony_agent/crm_telephony_agent.json,crm/fcrm/doctype/crm_telephony_agent/crm_telephony_agent.json,doctype-json,Crm Telephony Agent,"[""Option for the 'Device' (Select) field in DocType 'CRM Telephony Agent'""]",,,,,,,existente correcta,revisado inicial CRM,sí,no,sí,,cross-app aprobado: Computer->'Computadora' (MX; no 'Ordenador'),,,
crm:4488a1a5b5577ecd,crm,crm,src,fcrm;src,sí,Src,Condition,Condition,,,Condición,,Condición,,Label of the condition (Code) field in DocType 'CRM Service Level Agreement',etiqueta de campo/elemento,,crm/fcrm/doctype/crm_service_level_agreement/crm_service_level_agreement.json,crm/fcrm/doctype/crm_service_level_agreement/crm_service_level_agreement.json || frontend/src/components/ConditionsFilter/CFCondition.vue:66 || frontend/src/components/ConditionsFilter/CFCondition.vue:73,crm/fcrm/doctype/crm_service_level_agreement/crm_service_level_agreement.json || frontend/src/components/ConditionsFilter/CFCondition.vue:65 || frontend/src/components/ConditionsFilter/CFCondition.vue:72,doctype-json,Crm Service Level Agreement,"[""Label of the condition (Code) field in DocType 'CRM Service Level Agreement'"", ""Label of the condition_json (Code) field in DocType 'CRM Service Level Agreement'""]",,,,,,,existente correcta,revisado inicial CRM,sí,sí,no,,crossapp Condition->Condición,,,
crm:ea4b4e5910402495,crm,crm,src,src,,Src,Conditions for this rule were created from,Conditions for this rule were created from,,,,,Las condiciones de esta regla se crearon desde,,,,,frontend/src/components/Settings/AssignmentRules/AssignmentRuleView.vue:188,frontend/src/components/Settings/AssignmentRules/AssignmentRuleView.vue:188 || frontend/src/components/Settings/AssignmentRules/AssignmentRuleView.vue:272,frontend/src/components/Settings/AssignmentRules/AssignmentRuleView.vue:188 || frontend/src/components/Settings/AssignmentRules/AssignmentRuleView.vue:272,client-js,,[],,,,,,,traducción propuesta,revisado inicial CRM,sí,sí,no,,Fragmento de frase.,,,
crm:36d2a3fb82efd215,crm,crm,src,src,,Src,Configure,Configure,,,,,Configurar,,,,,frontend/src/components/Settings/Profile/ProfileSettings.vue:107,frontend/src/components/Settings/Profile/ProfileSettings.vue:107 || frontend/src/components/Settings/Telephony/TelephonySettings.vue:163 || frontend/src/components/Settings/Telephony/TelephonySettings.vue:190,frontend/src/components/Settings/Profile/ProfileSettings.vue:107 || frontend/src/components/Settings/Telephony/TelephonySettings.vue:163 || frontend/src/components/Settings/Telephony/TelephonySettings.vue:190,client-js,,[],,,,,,,traducción propuesta,revisado inicial CRM,sí,sí,no,,Crossapp aprobado: reuso exacto.,Configure,Configurar,
crm:99038e7e49694da4,crm,crm,src,src,,Src,Configure actions that appear on the home dropdown,Configure actions that appear on the home dropdown,,,,,Configure las acciones que aparecen en el menú desplegable de inicio,,,,,frontend/src/components/Settings/HomeActions.vue:10,frontend/src/components/Settings/HomeActions.vue:10,frontend/src/components/Settings/HomeActions.vue:10,client-js,,[],,,,,,,traducción propuesta,revisado inicial CRM,sí,sí,no,,Sin traducción upstream.,,,
crm:565e95da587f85bf,crm,crm,src,src,,Src,"Configure default settings for your CRM system, including default currency, date formats, and other system-wide preferences to ensure consistency across your system.","Configure default settings for your CRM system, including default currency, date formats, and other system-wide preferences to ensure consistency across your system.",,,,,"Configure los ajustes predeterminados de su sistema CRM, incluidas la moneda predeterminada, los formatos de fecha y otras preferencias globales del sistema para garantizar la coherencia en todo su sistema.",,,,,frontend/src/components/Settings/DefaultsSettings.vue:10,frontend/src/components/Settings/DefaultsSettings.vue:10,frontend/src/components/Settings/DefaultsSettings.vue:10,client-js,,[],,,,,,,traducción propuesta,revisado inicial CRM,sí,sí,no,,,,,
crm:4fe7a506a772125b,crm,crm,src,src,,Src,Configure general settings for your application,Configure general settings for your application,,,,,Configure los ajustes generales de su aplicación,,,,,frontend/src/components/Settings/GeneralSettings.vue:8,frontend/src/components/Settings/GeneralSettings.vue:8,frontend/src/components/Settings/GeneralSettings.vue:8,client-js,,[],,,,,,,traducción propuesta,revisado inicial CRM,sí,sí,no,,Sin traducción upstream.,,,
crm:8ef7a7c24a683eba,crm,crm,src,src,,Src,"Configure how your dashboard calculates, formats, and displays key metrics, including forecasting, deal values, and currency settings","Configure how your dashboard calculates, formats, and displays key metrics, including forecasting, deal values, and currency settings",,,,,"Configure cómo su tablero calcula, formatea y muestra las métricas clave, incluidos el pronóstico, los valores de los Deals y los ajustes de moneda",,,,,frontend/src/components/Settings/DashboardSettings.vue:10,frontend/src/components/Settings/DashboardSettings.vue:10,frontend/src/components/Settings/DashboardSettings.vue:10,client-js,,[],,,,,,,traducción propuesta,revisado inicial CRM,sí,no,no,,deal values -> valores de los Deals (protegido).,,,
crm:fabd2f80a8c98632,crm,crm,src,src,,CRM,Configure telephony settings for your CRM,Configure telephony settings for your CRM,,,,,Configure los ajustes de telefonía de su CRM,,,,,frontend/src/components/Settings/Telephony/TelephonySettings.vue:18,frontend/src/components/Settings/Telephony/TelephonySettings.vue:18,,client-js,,[],,,,,,,traducción propuesta,aprobado (lote crm 1.81.2),sí,,,,lote crm 1.81.2: reusar de Configure Telephony Settings for your CRM,,,"POT-only: en el universo fresco, sin traducir"
crm:d2d0628fd4c56c97,crm,crm,src,src,,CRM,Configure the exchange rate provider for your CRM,Configure the exchange rate provider for your CRM,,,,,Configure el proveedor de tipos de cambio para su CRM,,,,,frontend/src/components/Settings/DashboardSettings.vue:102,frontend/src/components/Settings/DashboardSettings.vue:102,,client-js,,[],,,,,,,traducción propuesta,aprobado (lote crm 1.81.2),sí,,,,lote crm 1.81.2: reusar de Configure the Exchange Rate Provider for your CRM,,,"POT-only: en el universo fresco, sin traducir"
crm:e673bc64cbc4ba2c,crm,crm,src,src,,CRM,Configure your Exotel telephony integration settings here,Configure your Exotel telephony integration settings here,,,,,Configure aquí los ajustes de integración de telefonía de Exotel,,,,,frontend/src/components/Settings/Telephony/TelephonySettings.vue:184,frontend/src/components/Settings/Telephony/TelephonySettings.vue:184,,client-js,,[],,,,,,,traducción propuesta,aprobado (lote crm 1.81.2),sí,,,,lote crm 1.81.2: reusar de Configure your Exotel Telephony Integration Settings here,,,"POT-only: en el universo fresco, sin traducir"
crm:f104139f206e40e4,crm,crm,src,src,,CRM,Configure your Twilio telephony integration settings here,Configure your Twilio telephony integration settings here,,,,,Configure aquí los ajustes de integración de telefonía de Twilio,,,,,frontend/src/components/Settings/Telephony/TelephonySettings.vue:157,frontend/src/components/Settings/Telephony/TelephonySettings.vue:157,,client-js,,[],,,,,,,traducción propuesta,aprobado (lote crm 1.81.2),sí,,,,lote crm 1.81.2: reusar de Configure your Twilio Telephony Integration Settings here,,,"POT-only: en el universo fresco, sin traducir"
crm:ce34d72768f703e0,crm,crm,src,src,,CRM,"Configure your brand name, logo and favicon","Configure your brand name, logo and favicon",,,,,"Configure el nombre de su marca, el logotipo y el favicon",,,,,frontend/src/components/Settings/BrandSettings.vue:10,frontend/src/components/Settings/BrandSettings.vue:10,,client-js,,[],,,,,,,traducción propuesta,aprobado (lote crm 1.81.2),sí,,,,"lote crm 1.81.2: reusar de Configure your Brand Name, Logo, and Favicon",,,"POT-only: en el universo fresco, sin traducir"
crm:5de4c478e321c727,crm,crm,src,src,,Src,Confirm,Confirm,,,Confirmar,,Confirmar,,,,,frontend/src/composables/demoData.js:26,frontend/src/composables/demoData.js:26 || frontend/src/composables/frappecloud.js:29,frontend/src/composables/demoData.js:26 || frontend/src/composables/frappecloud.js:29,client-js,,[],,,,,,,existente correcta,revisado inicial CRM,sí,sí,no,,Cross-app aprobado exacto.,Confirm,Confirmar,
crm:059526d5c9c0357d,crm,crm,src,src,,Src,Confirm Delete,Confirm Delete,,,,,Confirmar eliminación,,,,,frontend/src/components/Settings/Sla/EditResponseResolutionModal.vue:39,frontend/src/components/Settings/Sla/EditResponseResolutionModal.vue:39 || frontend/src/components/Settings/Sla/WorkDayModal.vue:66,frontend/src/components/Settings/Sla/EditResponseResolutionModal.vue:39 || frontend/src/components/Settings/Sla/WorkDayModal.vue:66,client-js,,[],,,,,,,traducción propuesta,revisado inicial CRM,sí,sí,no,,Sin traducción upstream.,,,
crm:dc011d6fdf40ed1d,crm,crm,src,src,,Src,Confirm Overwrite,Confirm Overwrite,,,,,Confirmar sobrescritura,,,,,frontend/src/components/Settings/AssignmentRules/AssignmentRuleView.vue:635,frontend/src/components/Settings/AssignmentRules/AssignmentRuleView.vue:635 || frontend/src/components/Settings/Sla/SlaPolicyView.vue:412,frontend/src/components/Settings/AssignmentRules/AssignmentRuleView.vue:640 || frontend/src/components/Settings/Sla/SlaPolicyView.vue:399,client-js,,[],,,,,,,traducción propuesta,revisado inicial CRM,sí,sí,no,,,,,
crm:dd66fedeaa527f42,crm,crm,src,src,,Src,Confirm Password,Confirm Password,,,Confirmar Contraseña,,Confirmar contraseña,,,,,frontend/src/components/Modals/ChangePasswordModal.vue:30,frontend/src/components/Modals/ChangePasswordModal.vue:30,frontend/src/components/Modals/ChangePasswordModal.vue:30,client-js,,[],,,,,,,existente mejorable,revisado inicial CRM,sí,sí,no,,Cross-app: minúscula en 'contraseña'.,,,
crm:42802d648b15df7c,crm,crm,src,src,,Src,Confirm {0},Confirm {0},,,,,Confirmar {0},,,,,frontend/src/utils/index.js:843,frontend/src/utils/index.js:843 || frontend/src/utils/index.js:846,frontend/src/utils/index.js:822 || frontend/src/utils/index.js:825,client-js,,[],{0},,{0},ok,,,traducción propuesta,revisado inicial CRM,sí,sí,no,,Cross-app aprobado exacto; {0} preservado.,Confirm {0},Confirmar {0},
crm:1ddaf67911c23420,crm,crm,src,src,,Src,Connect ERPNext to Frappe CRM,Connect ERPNext to Frappe CRM,,,,,Conectar ERPNext con Frappe CRM,,,,,frontend/src/components/Settings/ERPNextSettings.vue:436,frontend/src/components/Settings/ERPNextSettings.vue:436,frontend/src/components/Settings/ERPNextSettings.vue:274,client-js,,[],,,,,,,traducción propuesta,revisado inicial CRM,sí,sí,no,,,,,
crm:b752cfe7324f0e7a,crm,crm,src,src,,Src,Connect your Email,Connect your Email,,,,,Conecte su correo,,,,,frontend/src/pages/Welcome.vue:35,frontend/src/pages/Welcome.vue:35,frontend/src/pages/Welcome.vue:35,client-js,,[],,,,,,,traducción propuesta,revisado inicial CRM + pase dirigido,sí,,,,registro: 'Conecta tu' -> 'Conecte su'.,,,
crm:852f5295ca29f5b8,crm,crm,fcrm,fcrm;src,sí,CRM,Contact,Contact,,,Contacto,,Contacto,,CRM,DocType,comercial,crm/fcrm/doctype/crm_contacts/crm_contacts.json,crm/fcrm/doctype/crm_contacts/crm_contacts.json || crm/fcrm/doctype/crm_deal/crm_deal.json || frontend/src/components/Layouts/AppSidebar.vue:666 || frontend/src/components/Modals/ConvertToDealModal.vue:51,crm/fcrm/doctype/crm_contacts/crm_contacts.json || crm/fcrm/doctype/crm_deal/crm_deal.json || frontend/src/components/Layouts/AppSidebar.vue:582 || frontend/src/components/Modals/ConvertToDealModal.vue:51,doctype-json,Crm Contacts,"[""Label of the contact (Link) field in DocType 'CRM Contacts'"", ""Label of the contact (Link) field in DocType 'CRM Deal'""]",,,,,,,existente correcta,revisado inicial CRM,sí,sí,no,,LOCKED preservado verbatim.,crm:852f5295ca29f5b8,Contacto,
crm:1290fdbfca043930,crm,crm,src,src,,Src,Contact Added,Contact Added,,,,,Contacto agregado,,,,,frontend/src/pages/Deal.vue:683,frontend/src/pages/Deal.vue:683 || frontend/src/pages/MobileDeal.vue:555,frontend/src/pages/Deal.vue:682 || frontend/src/pages/MobileDeal.vue:551,client-js,,[],,,,,,,traducción propuesta,revisado inicial CRM,sí,sí,no,,,Contact,Contacto,
crm:c82604f337a75176,crm,crm,src,src,,Src,Contact Already Added,Contact Already Added,,,,,El contacto ya fue agregado,,,,,frontend/src/pages/Deal.vue:673,frontend/src/pages/Deal.vue:673 || frontend/src/pages/MobileDeal.vue:545,frontend/src/pages/Deal.vue:672 || frontend/src/pages/MobileDeal.vue:541,client-js,,[],,,,,,,traducción propuesta,revisado inicial CRM,sí,sí,no,,,Contact,Contacto,
crm:653636b3b3ade502,crm,crm,fcrm,fcrm,,Fcrm,Contact Already Exists,Contact Already Exists,,,,,El contacto ya existe,,,,,crm/fcrm/doctype/crm_lead/crm_lead.py:297,crm/fcrm/doctype/crm_lead/crm_lead.py:297,crm/fcrm/doctype/crm_lead/crm_lead.py:290,doctype-controller,Crm Lead,[],,,,,,,traducción propuesta,revisado inicial CRM,sí,sí,no,,Contact Already Exists; Contact->Contacto.,,,
crm:439bc982b636a648,crm,crm,src,src,,Src,Contact Image Updated,Contact Image Updated,,,,,Imagen de contacto actualizada,,,,,frontend/src/pages/MobileContact.vue:273,frontend/src/pages/MobileContact.vue:273,frontend/src/pages/MobileContact.vue:266,client-js,,[],,,,,,,traducción propuesta,revisado inicial CRM,sí,sí,no,,,,,
crm:ce0e503df0525013,crm,crm,src,src,,Src,Contact Removed,Contact Removed,,,,,Contacto eliminado,,,,,frontend/src/pages/Deal.vue:694,frontend/src/pages/Deal.vue:694 || frontend/src/pages/MobileDeal.vue:566,frontend/src/pages/Deal.vue:693 || frontend/src/pages/MobileDeal.vue:562,client-js,,[],,,,,,,traducción propuesta,revisado inicial CRM,sí,sí,no,,,Contact,Contacto,
crm:67ba702790f41035,crm,crm,src,src,,Src,Contact Support,Contact Support,,,,,Contactar a soporte,,,,,frontend/src/components/Modals/AboutModal.vue:70,frontend/src/components/Modals/AboutModal.vue:70,frontend/src/components/Modals/AboutModal.vue:70,client-js,,[],,,,,,,traducción propuesta,revisado inicial CRM,sí,sí,no,,,,,
crm:bdbfa833d4c98a04,crm,crm,src,src,,Src,Contact Us,Contact Us,,,Contáctanos,,Contáctanos,,,,,frontend/src/components/Modals/EditValueModal.vue:21,frontend/src/components/Modals/EditValueModal.vue:21,frontend/src/components/Modals/EditValueModal.vue:19,client-js,,[],,,,,,,existente correcta,revisado inicial CRM,sí,sí,no,,Cross-app aprobado.,,,
crm:964cc54df5d26a32,crm,crm,fcrm,fcrm,,CRM,Contact already exists with {0},Contact already exists with {0},,,,,Ya existe un contacto con {0},,,,,crm/fcrm/doctype/crm_lead/crm_lead.py:296,crm/fcrm/doctype/crm_lead/crm_lead.py:296,,doctype-controller,Crm Lead,[],{0},,{0},ok,,,traducción propuesta,aprobado (lote crm 1.81.2),sí,,,,lote crm 1.81.2: ajustar de Contact already exists with Email: {0},,,"POT-only: en el universo fresco, sin traducir"
crm:96455c51ff59b2d4,crm,crm,src,src,,Src,Contact image updated,Contact image updated,,,,,Imagen de contacto actualizada,,,,,frontend/src/pages/Contact.vue:296,frontend/src/pages/Contact.vue:296,frontend/src/pages/Contact.vue:289,client-js,,[],,,,,,,traducción propuesta,revisado inicial CRM,sí,sí,no,,,,,
crm:49709bc7c4fc0903,crm,crm,src,fcrm;src,sí,Src,Contacts,Contacts,,,Contactos,,Contactos,,Label of a shortcut in the Frappe CRM Workspace,etiqueta de campo/elemento,,crm/fcrm/doctype/crm_deal/crm_deal.json,crm/fcrm/doctype/crm_deal/crm_deal.json || crm/fcrm/workspace/frappe_crm/frappe_crm.json || frontend/src/pages/Contact.vue:247 || frontend/src/pages/MobileContact.vue:229 || frontend/src/pages/MobileOrganization.vue:350,crm/fcrm/doctype/crm_deal/crm_deal.json || crm/fcrm/workspace/frappe_crm/frappe_crm.json || frontend/src/pages/Contact.vue:244 || frontend/src/pages/MobileContact.vue:226 || frontend/src/pages/MobileOrganization.vue:349,doctype-json,Crm Deal,"[""Label of a shortcut in the Frappe CRM Workspace"", ""Label of the contacts (Table) field in DocType 'CRM Deal'"", ""Label of the contacts_tab (Tab Break) field in DocType 'CRM Deal'""]",,,,,,,existente correcta,revisado inicial CRM,sí,sí,no,,Cross-app aprobado exacto.,Contacts,Contactos,
crm:aaadeaa63c9868ee,crm,crm,src,fcrm;src,sí,Src,Content,Content,,,Contenido,,Contenido,,Label of the content (Text Editor) field in DocType 'FCRM Note',etiqueta de campo/elemento,,crm/fcrm/doctype/fcrm_note/fcrm_note.json,crm/fcrm/doctype/fcrm_note/fcrm_note.json || frontend/src/components/Settings/EmailTemplate/EditEmailTemplate.vue:101 || frontend/src/components/Settings/EmailTemplate/EditEmailTemplate.vue:90 || frontend/src/components/Settings/EmailTemplate/NewEmailTemplate.vue:102 || frontend/src/components/Settings/EmailTemplate/NewEmailTemplate.vue:91,crm/fcrm/doctype/fcrm_note/fcrm_note.json || frontend/src/components/Settings/EmailTemplate/EditEmailTemplate.vue:91 || frontend/src/components/Settings/EmailTemplate/EditEmailTemplate.vue:102 || frontend/src/components/Settings/EmailTemplate/NewEmailTemplate.vue:91 || frontend/src/components/Settings/EmailTemplate/NewEmailTemplate.vue:102,doctype-json,Fcrm Note,"[""Label of the content (Text Editor) field in DocType 'FCRM Note'""]",,,,,,,existente correcta,revisado inicial CRM,sí,sí,no,,cross-app aprobado: Content,,,
crm:f83e3db298ece996,crm,crm,src,src,,Src,Content Type,Content Type,,,Tipo de contenido,,Tipo de contenido,,,,,frontend/src/components/Settings/EmailTemplate/EditEmailTemplate.vue:77,frontend/src/components/Settings/EmailTemplate/EditEmailTemplate.vue:77 || frontend/src/components/Settings/EmailTemplate/NewEmailTemplate.vue:78,frontend/src/components/Settings/EmailTemplate/EditEmailTemplate.vue:78 || frontend/src/components/Settings/EmailTemplate/NewEmailTemplate.vue:78,client-js,,[],,,,,,,existente correcta,revisado inicial CRM,sí,sí,no,,Cross-app 'Content Type'.,crm:crossapp,Tipo de contenido,
crm:96d06fa689a5738b,crm,crm,src,src,,Src,Content is required,Content is required,,,,,El contenido es obligatorio,,,,,frontend/src/components/Settings/EmailTemplate/EditEmailTemplate.vue:155,frontend/src/components/Settings/EmailTemplate/EditEmailTemplate.vue:155 || frontend/src/components/Settings/EmailTemplate/EditEmailTemplate.vue:159 || frontend/src/components/Settings/EmailTemplate/NewEmailTemplate.vue:162 || frontend/src/components/Settings/EmailTemplate/NewEmailTemplate.vue:166,frontend/src/components/Settings/EmailTemplate/EditEmailTemplate.vue:156 || frontend/src/components/Settings/EmailTemplate/EditEmailTemplate.vue:160 || frontend/src/components/Settings/EmailTemplate/NewEmailTemplate.vue:162 || frontend/src/components/Settings/EmailTemplate/NewEmailTemplate.vue:166,client-js,,[],,,,,,,traducción propuesta,revisado inicial CRM,sí,sí,no,,,,,
crm:22928f14cebdb9b3,crm,crm,src,src,,Src,"Controls how numbers are displayed (e.g., commas, decimal separators)","Controls how numbers are displayed (e.g., commas, decimal separators)",,,,,"Controla cómo se muestran los números (por ejemplo, comas y separadores decimales)",,,,,frontend/src/components/Settings/DefaultsSettings.vue:75,frontend/src/components/Settings/DefaultsSettings.vue:75,frontend/src/components/Settings/DefaultsSettings.vue:75,client-js,,[],,,,,,,traducción propuesta,revisado inicial CRM,sí,sí,no,,,,,
crm:7f3001dd48e005ce,crm,crm,src,src,,Src,Convert,Convert,,,,,Convertir,,,,,frontend/src/components/Layouts/AppSidebar.vue:487,frontend/src/components/Layouts/AppSidebar.vue:487 || frontend/src/components/ListBulkActions.vue:86 || frontend/src/components/Modals/ConvertToDealModal.vue:83 || frontend/src/pages/MobileLead.vue:54,frontend/src/components/Layouts/AppSidebar.vue:405 || frontend/src/components/ListBulkActions.vue:86 || frontend/src/components/Modals/ConvertToDealModal.vue:83 || frontend/src/pages/MobileLead.vue:54,client-js,,[],,,,,,,traducción propuesta,revisado inicial CRM,sí,sí,no,,,,,
crm:7d7d940ca2b7ffc6,crm,crm,src,src,,Src,Convert lead to deal,Convert lead to deal,,,,,Convertir Lead en Deal,,,,,frontend/src/components/Layouts/AppSidebar.vue:478,frontend/src/components/Layouts/AppSidebar.vue:478 || frontend/src/components/Layouts/AppSidebar.vue:486,frontend/src/components/Layouts/AppSidebar.vue:396 || frontend/src/components/Layouts/AppSidebar.vue:404,client-js,,[],,,,,,,traducción propuesta,revisado inicial CRM,sí,no,no,,Lead y Deal protegidos,,,
crm:e18060c2ca2d90aa,crm,crm,src,src,,Src,Convert to Deal,Convert to Deal,,,,,Convertir en Deal,,,,,frontend/src/components/ListBulkActions.vue:195,frontend/src/components/ListBulkActions.vue:195 || frontend/src/components/ListBulkActions.vue:78 || frontend/src/components/Modals/ConvertToDealModal.vue:7 || frontend/src/pages/Lead.vue:38,frontend/src/components/ListBulkActions.vue:78 || frontend/src/components/ListBulkActions.vue:195 || frontend/src/components/Modals/ConvertToDealModal.vue:7 || frontend/src/pages/Lead.vue:38,client-js,,[],,,,,,,traducción propuesta,revisado inicial CRM,sí,no,sí,,Deal protegido en inglés.,,,
crm:c1a9ad61287331df,crm,crm,fcrm,fcrm,,Fcrm,Converted,Converted,,,Convertido,,Convertido,,Label of the converted (Check) field in DocType 'CRM Lead',etiqueta de campo/elemento,,crm/fcrm/doctype/crm_lead/crm_lead.json,crm/fcrm/doctype/crm_lead/crm_lead.json,crm/fcrm/doctype/crm_lead/crm_lead.json,doctype-json,Crm Lead,"[""Label of the converted (Check) field in DocType 'CRM Lead'""]",,,,,,,existente correcta,revisado inicial CRM,sí,sí,no,,Cross-app aprobado: Converted->Convertido.,,,
crm:7b3cdad913607e1c,crm,crm,src,src,,Src,Converted Successfully,Converted Successfully,,,,,Convertido correctamente,,,,,frontend/src/components/ListBulkActions.vue:94,frontend/src/components/ListBulkActions.vue:94,frontend/src/components/ListBulkActions.vue:94,client-js,,[],,,,,,,traducción propuesta,revisado inicial CRM,sí,sí,no,,,,,
crm:fc68bd2e415ad669,crm,crm,src,src,,Src,Copied to Clipboard,Copied to Clipboard,,,,,Copiado al portapapeles,,,,,frontend/src/utils/index.js:426,frontend/src/utils/index.js:426,frontend/src/utils/index.js:405,client-js,,[],,,,,,,traducción propuesta,revisado inicial CRM,sí,sí,no,,,,,
crm:708a2fe3004cb8dc,crm,crm,fcrm,fcrm,,Fcrm,"Could not create the Frappe CRM custom fields on {0} automatically. If it is running the latest ERPNext, enable <b>Frappe CRM Data Synchronization</b> in its CRM Settings, Otherwise check the Error Log.","Could not create the Frappe CRM custom fields on {0} automatically. If it is running the latest ERPNext, enable <b>Frappe CRM Data Synchronization</b> in its CRM Settings, Otherwise check the Error Log.",,,,,"No se pudieron crear automáticamente los campos personalizados de Frappe CRM en {0}. Si ejecuta la última versión de ERPNext, habilite <b>Frappe CRM Data Synchronization</b> en su Configuración de CRM; de lo contrario, revise el Registro de errores.",,,,,crm/fcrm/doctype/erpnext_crm_settings/erpnext_crm_settings.py:157,crm/fcrm/doctype/erpnext_crm_settings/erpnext_crm_settings.py:157,crm/fcrm/doctype/erpnext_crm_settings/erpnext_crm_settings.py:156,doctype-controller,Erpnext Crm Settings,[],{0},,{0},ok,,,traducción propuesta,revisado inicial CRM,sí,sí,no,,placeholder {0} y etiqueta <b> preservados,,,
crm:c34ba5e99c6e87fd,crm,crm,src,src,,Src,Could not remove.,Could not remove.,,,,,No se pudo eliminar.,,,,,frontend/src/components/Settings/Hierarchy/useRemoveNode.js:16,frontend/src/components/Settings/Hierarchy/useRemoveNode.js:16,frontend/src/components/Settings/Hierarchy/useRemoveNode.js:16,client-js,,[],,,,,,,traducción propuesta,revisado inicial CRM,sí,sí,no,,Sin traducción upstream.,,,
crm:03c488a41cffe313,crm,crm,src,src,,CRM,"Could not save, try again","Could not save, try again",,,,,"No se pudo guardar, inténtelo de nuevo",,,,,frontend/src/components/PrimaryDropdownItem.vue:181,frontend/src/components/PrimaryDropdownItem.vue:181 || frontend/src/components/PrimaryDropdownItem.vue:188,,client-js,,[],,,,,,,traducción propuesta,aprobado (lote crm 1.81.2),sí,,,,lote crm 1.81.2: nueva,,,"POT-only: en el universo fresco, sin traducir"
crm:c5fbb5e86a812fe0,crm,crm,src,src,,Src,Could not update report to,Could not update report to,,,,,No se pudo actualizar el superior a,,,,,frontend/src/components/Settings/Hierarchy/Hierarchy.vue:473,frontend/src/components/Settings/Hierarchy/Hierarchy.vue:473,frontend/src/components/Settings/Hierarchy/Hierarchy.vue:469,client-js,,[],,,,,,,traducción propuesta,revisado inicial CRM,sí,sí,no,,Contexto jerarquía 'report to'->'reporta a'; frase truncada en fuente.,,,
crm:10804e5faae2a228,crm,crm,api,api,,Api,Count,Count,,,Contar,,Cantidad,,,,,crm/api/dashboard.py:647,crm/api/dashboard.py:647 || crm/api/dashboard.py:795 || crm/api/dashboard.py:852 || crm/api/dashboard.py:945,crm/api/dashboard.py:647 || crm/api/dashboard.py:795 || crm/api/dashboard.py:852 || crm/api/dashboard.py:945,python,,[],,,,,,,existente mejorable,revisado inicial CRM,sí,sí,no,,"Count (sustantivo, conteo) -> 'Cantidad'; 'Contar' era verbo (falso contexto)",,,
crm:5df185e6e13aec84,crm,crm,src,src,,Src,Create,Create,,,Crear,,Crear,,,,,frontend/src/components/Modals/ContactModal.vue:41,frontend/src/components/Modals/ContactModal.vue:41 || frontend/src/components/Modals/CreateDocumentModal.vue:88 || frontend/src/components/Modals/DealModal.vue:65 || frontend/src/components/Modals/DoctypeModal.vue:52 || frontend/src/components/Modals/EmailTemplateSelectorModal.vue:19 || frontend/src/components/Modals/LeadModal.vue:37 || frontend/src/components/Modals/OrganizationModal.vue:41 || frontend/src/components/Modals/ViewModal.vue:63 || frontend/src/components/Settings/EmailAdd.vue:86 || frontend/src/components/Settings/LeadSyncing/LeadSyncSourceForm.vue:30 || frontend/src/pages/CallLogs.vue:13 || frontend/src/pages/Contacts.vue:13 || frontend/src/pages/Deals.vue:13 || frontend/src/pages/Leads.vue:13 || frontend/src/pages/Notes.vue:9 || frontend/src/pages/Organizations.vue:13 || frontend/src/pages/Tasks.vue:13,frontend/src/components/Modals/ContactModal.vue:41 || frontend/src/components/Modals/CreateDocumentModal.vue:88 || frontend/src/components/Modals/DealModal.vue:65 || frontend/src/components/Modals/DoctypeModal.vue:52 || frontend/src/components/Modals/EmailTemplateSelectorModal.vue:19 || frontend/src/components/Modals/EventModal.vue:215 || frontend/src/components/Modals/LeadModal.vue:37 || frontend/src/components/Modals/OrganizationModal.vue:41 || frontend/src/components/Modals/ViewModal.vue:43 || frontend/src/components/Settings/EmailAdd.vue:86 || frontend/src/components/Settings/EmailTemplate/NewEmailTemplate.vue:23 || frontend/src/components/Settings/LeadSyncing/LeadSyncSourceForm.vue:30 || frontend/src/pages/Calendar.vue:10 || frontend/src/pages/CallLogs.vue:13 || frontend/src/pages/Contacts.vue:13 || frontend/src/pages/Deals.vue:13 || frontend/src/pages/Leads.vue:13 || frontend/src/pages/Notes.vue:9 || frontend/src/pages/Organizations.vue:13 || frontend/src/pages/Tasks.vue:13,client-js,,[],,,,,,,existente correcta,revisado inicial CRM,sí,sí,no,,crossapp aprobado.,,,
crm:81ff21e66394bba6,crm,crm,src,src,,Src,Create ,Create ,,,,,Crear ,,,,,frontend/src/components/Modals/DoctypeModal.vue:11,frontend/src/components/Modals/DoctypeModal.vue:11,,client-js,,[],,,,,,,traducción propuesta,revisado inicial CRM,sí,sí,no,,Espacio final preservado.,,,"POT-only: en el universo fresco, sin traducir"
crm:c354205f8f75d69e,crm,crm,src,src,,Src,Create Deal,Create Deal,,,,,Crear Deal,,,,,frontend/src/components/Modals/DealModal.vue:8,frontend/src/components/Modals/DealModal.vue:8,frontend/src/components/Modals/DealModal.vue:8,client-js,,[],,,,,,,traducción propuesta,revisado inicial CRM,sí,no,sí,,Deal protegido en inglés (analogía Create Lead cross-app).,Create Lead,Crear Lead,
crm:eeb549a625a60c50,crm,crm,src,src,,Src,Create Lead,Create Lead,,,Crear cliente potencial,,Crear Lead,,,,,frontend/src/components/Modals/CallLogDetailModal.vue:163,frontend/src/components/Modals/CallLogDetailModal.vue:163 || frontend/src/components/Modals/LeadModal.vue:8,frontend/src/components/Modals/CallLogDetailModal.vue:155 || frontend/src/components/Modals/LeadModal.vue:8,client-js,,[],,,,,,,existente mejorable,revisado inicial CRM,sí,sí,no,,reversión Lead: 'cliente potencial'->'Lead'; cross-app aprobado,,,
crm:2621a909acf3e2e8,crm,crm,src,src,,Src,Create Lead from Incoming Emails,Create Lead from Incoming Emails,,,,,Crear Lead a partir de correos entrantes,,,,,frontend/src/components/Settings/emailConfig.js:58,frontend/src/components/Settings/emailConfig.js:58,frontend/src/components/Settings/emailConfig.js:58,client-js,,[],,,,,,,traducción propuesta,revisado inicial CRM,sí,no,no,,Lead protegido en inglés,,,
crm:24ac91712452fefb,crm,crm,src,src,,Src,Create New,Create New,,,Crear,,Crear nuevo,,,,,frontend/src/components/Controls/Link.vue:50,frontend/src/components/Controls/Link.vue:50 || frontend/src/components/Modals/EmailTemplateSelectorModal.vue:58 || frontend/src/components/Modals/WhatsappTemplateSelectorModal.vue:60 || frontend/src/components/PrimaryDropdown.vue:49,frontend/src/components/Controls/Link.vue:50 || frontend/src/components/Modals/EmailTemplateSelectorModal.vue:58 || frontend/src/components/Modals/WhatsappTemplateSelectorModal.vue:60 || frontend/src/components/PrimaryDropdown.vue:41,client-js,,[],,,,,,,existente mejorable,revisado inicial CRM,sí,sí,no,,cross-app Create New=Crear nuevo; 'Crear' incompleto,,,
crm:e1fc1ef4dde41b4f,crm,crm,src,src,,Src,Create New Holiday List,Create New Holiday List,,,,,Crear nueva lista de días festivos,,,,,frontend/src/components/Settings/Sla/SlaHolidays.vue:66,frontend/src/components/Settings/Sla/SlaHolidays.vue:66,frontend/src/components/Settings/Sla/SlaHolidays.vue:66,client-js,,[],,,,,,,traducción propuesta,revisado inicial CRM,sí,sí,no,,Holiday List coherente con 'Nombre de la lista de días festivos'.,,,
crm:31f3c8800e8b5adf,crm,crm,src,src,,Src,Create New Template,Create New Template,,,,,Crear plantilla nueva,,,,,frontend/src/components/Modals/WhatsappTemplateSelectorModal.vue:20,frontend/src/components/Modals/WhatsappTemplateSelectorModal.vue:20,frontend/src/components/Modals/WhatsappTemplateSelectorModal.vue:20,client-js,,[],,,,,,,traducción propuesta,revisado inicial CRM,sí,sí,no,,,,,
crm:12ed29b7a04d3a65,crm,crm,src,src,,Src,Create View,Create View,,,,,Crear vista,,,,,frontend/src/components/Modals/ViewModal.vue:9,frontend/src/components/Modals/ViewModal.vue:9 || frontend/src/components/ViewControls.vue:708,frontend/src/components/Modals/ViewModal.vue:9 || frontend/src/components/ViewControls.vue:697,client-js,,[],,,,,,,traducción propuesta,revisado inicial CRM,sí,sí,no,,Cross-app aprobado.,,,
crm:c1aa71fc7d89162a,crm,crm,src,src,,Src,Create customer in ERPNext when the deal status is changed,Create customer in ERPNext when the deal status is changed,,,,,Crear el cliente en ERPNext cuando cambie el estado del Deal,,,,,frontend/src/components/Settings/ERPNextSettings.vue:274,frontend/src/components/Settings/ERPNextSettings.vue:274,frontend/src/components/Settings/ERPNextSettings.vue:217,client-js,,[],,,,,,,traducción propuesta,revisado inicial CRM,sí,no,no,,deal status -> estado del Deal (protegido).,,,
crm:7c055b6de54aeee7,crm,crm,fcrm,fcrm,,Fcrm,Create customer on status change,Create customer on status change,,,,,Crear cliente al cambiar el estado,,Label of the create_customer_on_status_change (Check) field in DocType 'ERPNext CRM Settings',etiqueta de campo/elemento,,crm/fcrm/doctype/erpnext_crm_settings/erpnext_crm_settings.json,crm/fcrm/doctype/erpnext_crm_settings/erpnext_crm_settings.json,crm/fcrm/doctype/erpnext_crm_settings/erpnext_crm_settings.json,doctype-json,Erpnext Crm Settings,"[""Label of the create_customer_on_status_change (Check) field in DocType 'ERPNext CRM Settings'""]",,,,,,,traducción propuesta,revisado inicial CRM,sí,sí,no,,,,,
crm:885cc84f5afddf98,crm,crm,fcrm,fcrm;src,sí,Fcrm,Create products as Items in ERPNext,Create products as Items in ERPNext,,,,,Crear productos como artículos en ERPNext,,,,,crm/fcrm/doctype/crm_product/crm_product.js:12,crm/fcrm/doctype/crm_product/crm_product.js:12 || crm/fcrm/doctype/crm_product/crm_product_list.js:10 || frontend/src/composables/document.js:32,crm/fcrm/doctype/crm_product/crm_product.js:12 || crm/fcrm/doctype/crm_product/crm_product_list.js:10 || frontend/src/composables/document.js:29,doctype-controller,Crm Product,[],,,,,,,traducción propuesta,revisado inicial CRM,sí,sí,no,,ERPNext=nombre propio; Items(ERPNext)=artículos.,,,
crm:878c4baee8129656,crm,crm,src,src,,Src,Create quotation button on deal page and auto customer creation on deal status change will be disabled. Are you sure?,Create quotation button on deal page and auto customer creation on deal status change will be disabled. Are you sure?,,,,,Se deshabilitarán el botón de crear cotización en la página del Deal y la creación automática de clientes al cambiar el estado del Deal. ¿Está seguro?,,,,,frontend/src/components/Settings/ERPNextSettings.vue:661,frontend/src/components/Settings/ERPNextSettings.vue:661,frontend/src/components/Settings/ERPNextSettings.vue:435,client-js,,[],,,,,,,traducción propuesta,revisado inicial CRM,sí,no,no,,deal page/status -> Deal (protegido).,,,
crm:94a0a18cae5a8522,crm,crm,src,src,,Src,Create your first lead,Create your first lead,,,,,Cree su primer Lead,,,,,frontend/src/components/Layouts/AppSidebar.vue:453,frontend/src/components/Layouts/AppSidebar.vue:453,frontend/src/components/Layouts/AppSidebar.vue:371,client-js,,[],,,,,,,traducción propuesta,revisado inicial CRM,sí,no,no,,Lead protegido,,,
crm:13ef369d90f08a5f,crm,crm,src,src,,Src,Create your first note,Create your first note,,,,,Cree su primera nota,,,,,frontend/src/components/Layouts/AppSidebar.vue:527,frontend/src/components/Layouts/AppSidebar.vue:527,frontend/src/components/Layouts/AppSidebar.vue:445,client-js,,[],,,,,,,traducción propuesta,revisado inicial CRM,sí,sí,no,,Note=nota,,,
crm:91a5cb335146fde5,crm,crm,src,src,,Src,Create your first task,Create your first task,,,,,Cree su primera tarea,,,,,frontend/src/components/Layouts/AppSidebar.vue:506,frontend/src/components/Layouts/AppSidebar.vue:506,frontend/src/components/Layouts/AppSidebar.vue:424,client-js,,[],,,,,,,traducción propuesta,revisado inicial CRM,sí,sí,no,,Task=tarea,,,
crm:25738e2ee4cdef22,crm,crm,fcrm,fcrm;src,sí,Fcrm,Currency,Currency,,,Divisa,,Moneda,,Label of the currency (Link) field in DocType 'CRM Deal',etiqueta de campo/elemento,,crm/fcrm/doctype/crm_deal/crm_deal.json,crm/fcrm/doctype/crm_deal/crm_deal.json || crm/fcrm/doctype/crm_organization/crm_organization.json || crm/fcrm/doctype/fcrm_settings/fcrm_settings.json || frontend/src/components/Settings/DefaultsSettings.vue:31,crm/fcrm/doctype/crm_deal/crm_deal.json || crm/fcrm/doctype/crm_organization/crm_organization.json || crm/fcrm/doctype/fcrm_settings/fcrm_settings.json || frontend/src/components/Settings/DefaultsSettings.vue:31,doctype-json,Crm Deal,"[""Label of the currency (Link) field in DocType 'CRM Deal'"", ""Label of the currency (Link) field in DocType 'CRM Organization'"", ""Label of the currency (Link) field in DocType 'FCRM Settings'"", ""Label of the currency_tab (Tab Break) field in DocType 'FCRM Settings'""]",,,,,,,existente mejorable,revisado inicial CRM,sí,sí,no,,'Divisa'->'Moneda' (cross-app aprobado).,Currency,Moneda,
crm:63b854a4faddfbda,crm,crm,src,src,,Src,Currency Precision,Currency Precision,,,Precisión de la divisa,,Precisión de moneda,,,,,frontend/src/components/Settings/DefaultsSettings.vue:52,frontend/src/components/Settings/DefaultsSettings.vue:52,frontend/src/components/Settings/DefaultsSettings.vue:52,client-js,,[],,,,,,,existente mejorable,revisado inicial CRM + pase dirigido,sí,,,,TERM: Currency Precision -> Precisión de moneda.,,Precisión de la divisa,
crm:36afa78fb7540fce,crm,crm,src,src,,Src,Currency set as {0} successfully,Currency set as {0} successfully,,,,,Moneda establecida como {0} correctamente,,,,,frontend/src/components/Settings/DashboardSettings.vue:250,frontend/src/components/Settings/DashboardSettings.vue:250,frontend/src/components/Settings/DashboardSettings.vue:250,client-js,,[],{0},,{0},ok,,,traducción propuesta,revisado inicial CRM,sí,sí,no,,{0} preservado.,,,
crm:bbe7dd75c6bab468,crm,crm,src,src,,Src,Current Password,Current Password,,,,,Contraseña actual,,,,,frontend/src/components/Modals/ChangePasswordModal.vue:8,frontend/src/components/Modals/ChangePasswordModal.vue:8,frontend/src/components/Modals/ChangePasswordModal.vue:8,client-js,,[],,,,,,,traducción propuesta,revisado inicial CRM,sí,sí,no,,,,,
crm:acf8d00632fb2a7b,crm,crm,src,src,,CRM,Current icon,Current icon,,,,,Icono actual,,,,,frontend/src/components/Modals/ViewModal.vue:35,frontend/src/components/Modals/ViewModal.vue:35,,client-js,,[],,,,,,,traducción propuesta,aprobado (lote crm 1.81.2),sí,,,,lote crm 1.81.2: nueva,,,"POT-only: en el universo fresco, sin traducir"
crm:6390457ffcf47755,crm,crm,api,api,,Api,Current pipeline distribution,Current pipeline distribution,,,,,Distribución actual del Pipeline,,,,,crm/api/dashboard.py:896,crm/api/dashboard.py:896,crm/api/dashboard.py:896,python,,[],,,,,,,traducción propuesta,revisado inicial CRM,sí,sí,no,,reversión Pipeline (protegido),,,
crm:f726b3c90d037d8d,crm,crm,src,src,,Src,Custom Actions,Custom Actions,,,,,Acciones personalizadas,,,,,frontend/src/components/Layouts/AppSidebar.vue:705,frontend/src/components/Layouts/AppSidebar.vue:705,frontend/src/components/Layouts/AppSidebar.vue:621,client-js,,[],,,,,,,traducción propuesta,revisado inicial CRM,sí,sí,no,,,,,
crm:cd5dc13f745b8815,crm,crm,src,src,,Src,Custom Branding,Custom Branding,,,,,Personalización de marca,,,,,frontend/src/components/Layouts/AppSidebar.vue:655,frontend/src/components/Layouts/AppSidebar.vue:655,frontend/src/components/Layouts/AppSidebar.vue:571,client-js,,[],,,,,,,traducción propuesta,revisado inicial CRM,sí,sí,no,,cross-app Branding=Personalización de marca,,,
crm:452b5d94531c1d16,crm,crm,src,src,,Src,Custom Fields,Custom Fields,,,,,Campos personalizados,,,,,frontend/src/components/Layouts/AppSidebar.vue:704,frontend/src/components/Layouts/AppSidebar.vue:704,frontend/src/components/Layouts/AppSidebar.vue:620,client-js,,[],,,,,,,traducción propuesta,revisado inicial CRM,sí,sí,no,,,,,
crm:488924e98c0eef64,crm,crm,src,src,,Src,Custom List Actions,Custom List Actions,,,,,Acciones personalizadas de lista,,,,,frontend/src/components/Layouts/AppSidebar.vue:707,frontend/src/components/Layouts/AppSidebar.vue:707,frontend/src/components/Layouts/AppSidebar.vue:623,client-js,,[],,,,,,,traducción propuesta,revisado inicial CRM,sí,sí,no,,,,,
crm:ff59550a6feb2c1b,crm,crm,src,src,,Src,Custom Range,Custom Range,,,,,Rango personalizado,,,,,frontend/src/pages/Dashboard.vue:231,frontend/src/pages/Dashboard.vue:231,frontend/src/pages/Dashboard.vue:228,client-js,,[],,,,,,,traducción propuesta,revisado inicial CRM,sí,sí,no,,LOCKED preservado verbatim.,crm:ff59550a6feb2c1b,Rango personalizado,
crm:d1b52f031073aad4,crm,crm,src,src,,Src,Custom Statuses,Custom Statuses,,,,,Estados personalizados,,,,,frontend/src/components/Layouts/AppSidebar.vue:706,frontend/src/components/Layouts/AppSidebar.vue:706,frontend/src/components/Layouts/AppSidebar.vue:622,client-js,,[],,,,,,,traducción propuesta,revisado inicial CRM,sí,sí,no,,Estados de Kanban/vista personalizados.,,,
crm:df24d5c4e4f439dc,crm,crm,src,src,,Src,Customer Created Successfully,Customer Created Successfully,,,,,Cliente creado correctamente,,,,,frontend/src/pages/Deal.vue:501,frontend/src/pages/Deal.vue:501,frontend/src/pages/Deal.vue:499,client-js,,[],,,,,,,traducción propuesta,revisado inicial CRM,sí,sí,no,,,,,
crm:5d28668b20137103,crm,crm,src,src,,Src,Customization,Customization,,,Personalización,,Personalización,,,,,frontend/src/components/Layouts/AppSidebar.vue:701,frontend/src/components/Layouts/AppSidebar.vue:701 || frontend/src/components/Settings/Settings.vue:201,frontend/src/components/Layouts/AppSidebar.vue:617 || frontend/src/components/Settings/Settings.vue:206,client-js,,[],,,,,,,existente correcta,revisado inicial CRM,sí,sí,no,,Cross-app aprobado.,,,
crm:34325557cf32338c,crm,crm,src,src,,Src,Customize Quick Filters,Customize Quick Filters,,,Personalizar Filtros Rápidos,,Personalizar filtros rápidos,,,,,frontend/src/components/ViewControls.vue:223,frontend/src/components/ViewControls.vue:223,frontend/src/components/ViewControls.vue:223,client-js,,[],,,,,,,existente mejorable,revisado inicial CRM,sí,sí,no,,Cross-app: minúsculas.,,,
crm:aa4daeafd7015269,crm,crm,lead_syncing,lead_syncing,,Fcrm,Daily,Daily,,,Diario,,Diario,,Option for the 'Background Sync Frequency' (Select) field in DocType 'Lead Sync Source',opción de campo select,,crm/lead_syncing/doctype/lead_sync_source/lead_sync_source.json,crm/lead_syncing/doctype/lead_sync_source/lead_sync_source.json,crm/fcrm/doctype/fcrm_settings/fcrm_settings.json || crm/lead_syncing/doctype/lead_sync_source/lead_sync_source.json || frontend/src/components/Settings/CalendarSettings.vue:50,doctype-json,Lead Sync Source,"[""Option for the 'Background Sync Frequency' (Select) field in DocType 'Lead Sync Source'""]",,,,,,,existente correcta,revisado inicial CRM,sí,sí,no,,crossapp Daily->Diario,,,
crm:f3acd66d82ff7c5d,crm,crm,api,api,,Api,"Daily performance of leads, deals, and wins","Daily performance of leads, deals, and wins",,,,,"Rendimiento diario de Leads, Deals y ganados",,,,,crm/api/dashboard.py:639,crm/api/dashboard.py:639,crm/api/dashboard.py:639,python,,[],,,,,,,traducción propuesta,revisado inicial CRM,sí,sí,no,,reversión Leads/Deals; wins->ganados,,,
crm:6512b6eb4360c867,crm,crm,src,src,,Src,Dark,Dark,,,Oscuro,,Oscuro,,,,,frontend/src/components/Settings/ThemeSwitcher.vue:89,frontend/src/components/Settings/ThemeSwitcher.vue:89,frontend/src/components/Settings/ThemeSwitcher.vue:89,client-js,,[],,,,,,,existente correcta,revisado inicial CRM,sí,sí,no,,crossapp Dark->Oscuro,,,
crm:eda9e6e2c8127117,crm,crm,src,src,,Src,Dashboard,Dashboard,,,Tablero,,Tablero,,,,,frontend/src/components/Settings/DashboardSettings.vue:6,frontend/src/components/Settings/DashboardSettings.vue:6 || frontend/src/components/Settings/Settings.vue:127,frontend/src/components/Settings/DashboardSettings.vue:6 || frontend/src/components/Settings/Settings.vue:127,client-js,,[],,,,,,,existente correcta,revisado inicial CRM,sí,sí,no,,Cross-app 'Dashboard'=Tablero.,crm:crossapp,Tablero,
crm:ee1b33d56f35713e,crm,crm,src,src,,Src,Dashboard Currency,Dashboard Currency,,,,,Moneda del tablero,,,,,frontend/src/components/Settings/DashboardSettings.vue:70,frontend/src/components/Settings/DashboardSettings.vue:70,frontend/src/components/Settings/DashboardSettings.vue:70,client-js,,[],,,,,,,traducción propuesta,revisado inicial CRM,sí,sí,no,,,,,
crm:5ed5143a16257192,crm,crm,src,src,,Src,"Dashboard number cards & charts will show currency in the selected format. Once set, cannot be edited.","Dashboard number cards & charts will show currency in the selected format. Once set, cannot be edited.",,,,,"Las tarjetas numéricas y los gráficos del tablero mostrarán la moneda en el formato seleccionado. Una vez establecido, no se puede editar.",,,,,frontend/src/components/Settings/DashboardSettings.vue:74,frontend/src/components/Settings/DashboardSettings.vue:74,frontend/src/components/Settings/DashboardSettings.vue:74,client-js,,[],,,,,,,traducción propuesta,revisado inicial CRM,sí,sí,no,,,,,
crm:8bda296b16c8cdd2,crm,crm,src,src,,Src,Dashboard settings updated successfully,Dashboard settings updated successfully,,,,,Configuración del tablero actualizada correctamente,,,,,frontend/src/components/Settings/DashboardSettings.vue:224,frontend/src/components/Settings/DashboardSettings.vue:224,frontend/src/components/Settings/DashboardSettings.vue:224,client-js,,[],,,,,,,traducción propuesta,revisado inicial CRM,sí,sí,no,,,,,
crm:8ddfeb4d94d45562,crm,crm,src,src,,Src,Data,Data,,,Datos,,Datos,,,,,frontend/src/components/Activities/DataFields.vue:6,frontend/src/components/Activities/DataFields.vue:6 || frontend/src/components/Layouts/AppSidebar.vue:694 || frontend/src/pages/Deal.vue:582 || frontend/src/pages/Lead.vue:434 || frontend/src/pages/MobileDeal.vue:456 || frontend/src/pages/MobileLead.vue:304,frontend/src/components/Activities/DataFields.vue:6 || frontend/src/components/Layouts/AppSidebar.vue:610 || frontend/src/pages/Deal.vue:576 || frontend/src/pages/Lead.vue:428 || frontend/src/pages/MobileDeal.vue:452 || frontend/src/pages/MobileLead.vue:300,client-js,,[],,,,,,,existente correcta,revisado inicial CRM,sí,sí,no,,crossapp aprobado.,,,
crm:2c83962ecc5e874c,crm,crm,fcrm,fcrm,,Fcrm,Data Fields,Data Fields,,,,,Campos de datos,,Option for the 'Type' (Select) field in DocType 'CRM Fields Layout',opción de campo select,,crm/fcrm/doctype/crm_fields_layout/crm_fields_layout.json,crm/fcrm/doctype/crm_fields_layout/crm_fields_layout.json,crm/fcrm/doctype/crm_fields_layout/crm_fields_layout.json,doctype-json,Crm Fields Layout,"[""Option for the 'Type' (Select) field in DocType 'CRM Fields Layout'""]",,,,,,,traducción propuesta,revisado inicial CRM,sí,sí,no,,Opción de tipo en CRM Fields Layout.,,,
crm:5b375fc9723e8653,crm,crm,src,src,,Src,Data Import,Data Import,,,Importación de Datos,,Importación de datos,,,,,frontend/src/pages/DataImport.vue:49,frontend/src/pages/DataImport.vue:49,frontend/src/pages/DataImport.vue:49,client-js,,[],,,,,,,existente mejorable,revisado inicial CRM,sí,sí,no,,Cross-app: Data Import=Importación de datos. Corrijo mayúscula 'Datos'.,,,
crm:0f36db5d141379bf,crm,crm,api,api;fcrm,sí,Api,Date,Date,,,Fecha,,Fecha,,Label of the date (Date) field in DocType 'CRM Holiday',etiqueta de campo/elemento,,crm/api/dashboard.py:641,crm/api/dashboard.py:641 || crm/fcrm/doctype/crm_holiday/crm_holiday.json,crm/api/dashboard.py:641 || crm/fcrm/doctype/crm_holiday/crm_holiday.json,python,CRM Holiday,"[""Label of the date (Date) field in DocType 'CRM Holiday'""]",,,,,,,existente correcta,revisado inicial CRM,sí,sí,no,,crossapp Date->Fecha,,,
crm:06dd51ac964511d0,crm,crm,src,src,,Src,Date Format,Date Format,,,Formato de Fecha,,Formato de fecha,,,,,frontend/src/components/Settings/DefaultsSettings.vue:111,frontend/src/components/Settings/DefaultsSettings.vue:111,frontend/src/components/Settings/DefaultsSettings.vue:111,client-js,,[],,,,,,,existente mejorable,revisado inicial CRM,sí,sí,no,,Cross-app 'Date Format'.,crm:crossapp,Formato de fecha,
crm:65d13ab951b33bb3,crm,crm,src,src,,Src,Day,Day,,,Día,,Día,,,,,frontend/src/components/Settings/Sla/SlaHolidays.vue:214,frontend/src/components/Settings/Sla/SlaHolidays.vue:214,frontend/src/components/Settings/Sla/SlaHolidays.vue:214 || frontend/src/pages/Calendar.vue:101,client-js,,[],,,,,,,existente correcta,revisado inicial CRM,sí,sí,no,,Crossapp aprobado: reuso exacto.,Day,Día,
crm:19a7e9c9041f550b,crm,crm,src,src,,CRM,Deal,Deal,,,,,Deal,,MX: 'Oportunidad' preferible a 'Trato'/'Negocio' para 'Deal'.,DocType/título,comercial,frontend/src/components/Layouts/AppSidebar.vue:665,frontend/src/components/Layouts/AppSidebar.vue:665 || frontend/src/components/Settings/AssignmentRules/AssigneeRules.vue:20 || frontend/src/components/Settings/EmailTemplate/EditEmailTemplate.vue:50 || frontend/src/components/Settings/EmailTemplate/EditEmailTemplate.vue:58 || frontend/src/components/Settings/EmailTemplate/EmailTemplates.vue:77 || frontend/src/components/Settings/EmailTemplate/NewEmailTemplate.vue:51 || frontend/src/components/Settings/EmailTemplate/NewEmailTemplate.vue:59 || frontend/src/components/Telephony/ExotelCallUI.vue:200 || frontend/src/pages/Tasks.vue:132,frontend/src/components/Calendar/CalendarEventPanel.vue:425 || frontend/src/components/Layouts/AppSidebar.vue:581 || frontend/src/components/Settings/AssignmentRules/AssigneeRules.vue:20 || frontend/src/components/Settings/EmailTemplate/EditEmailTemplate.vue:51 || frontend/src/components/Settings/EmailTemplate/EditEmailTemplate.vue:59 || frontend/src/components/Settings/EmailTemplate/EmailTemplates.vue:77 || frontend/src/components/Settings/EmailTemplate/NewEmailTemplate.vue:51 || frontend/src/components/Settings/EmailTemplate/NewEmailTemplate.vue:59 || frontend/src/components/Telephony/ExotelCallUI.vue:200 || frontend/src/pages/Tasks.vue:132,client-js,,[],,,,,,,igual al inglés válida,revisado inicial CRM,sí,no,no,,LOCKED con excepción obligatoria: Deal->Deal (protegido).,crm:19a7e9c9041f550b,Oportunidad,
crm:ee8768c2c3bc5dab,crm,crm,src,fcrm;src,sí,Src,Deal Owner,Deal Owner,,,,,Responsable del Deal,,Label of the deal_owner (Link) field in DocType 'CRM Deal',etiqueta de campo/elemento,,crm/fcrm/doctype/crm_deal/crm_deal.json,crm/fcrm/doctype/crm_deal/crm_deal.json || frontend/src/pages/Contact.vue:410 || frontend/src/pages/MobileContact.vue:402 || frontend/src/pages/MobileOrganization.vue:484 || frontend/src/pages/Organization.vue:514,crm/fcrm/doctype/crm_deal/crm_deal.json || frontend/src/pages/Contact.vue:541 || frontend/src/pages/MobileContact.vue:539 || frontend/src/pages/MobileOrganization.vue:483 || frontend/src/pages/Organization.vue:513,doctype-json,Crm Deal,"[""Label of the deal_owner (Link) field in DocType 'CRM Deal'""]",,,,,,,traducción propuesta,revisado inicial CRM,sí,no,sí,,Cross-app aprobado exacto (Deal protegido).,Deal Owner,Responsable del Deal,
crm:900d4b8a4ef85f65,crm,crm,fcrm,fcrm;src,sí,Fcrm,Deal Status,Deal Status,,,,,Estado del Deal,,Label of the deal_status (Link) field in DocType 'ERPNext CRM Settings',etiqueta de campo/elemento,,crm/fcrm/doctype/erpnext_crm_settings/erpnext_crm_settings.json,crm/fcrm/doctype/erpnext_crm_settings/erpnext_crm_settings.json || frontend/src/components/Settings/ERPNextSettings.vue:300,crm/fcrm/doctype/erpnext_crm_settings/erpnext_crm_settings.json || frontend/src/components/Settings/ERPNextSettings.vue:241,doctype-json,Erpnext Crm Settings,"[""Label of the deal_status (Link) field in DocType 'ERPNext CRM Settings'""]",,,,,,,traducción propuesta,revisado inicial CRM,sí,no,no,,Deal protegido; Status->Estado,,,
crm:f82e0d7fa2c49924,crm,crm,fcrm,fcrm,,Fcrm,Deal Statuses,Deal Statuses,,,,,Estados del Deal,,Label of a shortcut in the Frappe CRM Workspace,etiqueta de campo/elemento,,crm/fcrm/workspace/frappe_crm/frappe_crm.json,crm/fcrm/workspace/frappe_crm/frappe_crm.json,crm/fcrm/workspace/frappe_crm/frappe_crm.json,workspace,Frappe CRM (Workspace),"[""Label of a shortcut in the Frappe CRM Workspace""]",,,,,,,traducción propuesta,revisado inicial CRM,sí,no,sí,,Deal protegido en inglés; Statuses->Estados.,,,
crm:441ca74b50bec825,crm,crm,fcrm,fcrm,,Fcrm,Deal Value,Deal Value,,,,,Valor del Deal,,Label of the deal_value (Currency) field in DocType 'CRM Deal',etiqueta de campo/elemento,,crm/fcrm/doctype/crm_deal/crm_deal.json,crm/fcrm/doctype/crm_deal/crm_deal.json,crm/fcrm/doctype/crm_deal/crm_deal.json,doctype-json,Crm Deal,"[""Label of the deal_value (Currency) field in DocType 'CRM Deal'""]",,,,,,,traducción propuesta,revisado inicial CRM,sí,no,sí,,Deal protegido en compuesto.,Deal,Deal,
crm:b1550f0cc2e87997,crm,crm,api,api,,Api,Deal generation channel analysis,Deal generation channel analysis,,,,,Análisis de canales de generación de Deals,,,,,crm/api/dashboard.py:1023,crm/api/dashboard.py:1023,crm/api/dashboard.py:1023,python,,[],,,,,,,traducción propuesta,revisado inicial CRM,sí,sí,no,,reversión Deal,,,
crm:0be8e16d100665d2,crm,crm,src,src,,Src,Deal status is required,Deal status is required,,,,,El estado del Deal es obligatorio,,,,,frontend/src/components/Settings/ERPNextSettings.vue:796,frontend/src/components/Settings/ERPNextSettings.vue:796,frontend/src/components/Settings/ERPNextSettings.vue:522,client-js,,[],,,,,,,traducción propuesta,revisado inicial CRM,sí,no,no,,deal status -> estado del Deal (protegido).,,,
crm:fee00d3b52b7ca8e,crm,crm,api,api,,Api,Deal value,Deal value,,,,,Valor del Deal,,,,,crm/api/dashboard.py:1078,crm/api/dashboard.py:1078 || crm/api/dashboard.py:1141,crm/api/dashboard.py:1078 || crm/api/dashboard.py:1141,python,,[],,,,,,,traducción propuesta,revisado inicial CRM,sí,sí,no,,reversión Deal (compuesto),,,
crm:68a42202678e0083,crm,crm,src,fcrm;src,sí,Src,Deals,Deals,,,,,Deals,,Label of a shortcut in the Frappe CRM Workspace,etiqueta de campo/elemento,,crm/fcrm/workspace/frappe_crm/frappe_crm.json,crm/fcrm/workspace/frappe_crm/frappe_crm.json || frontend/src/pages/Deal.vue:516 || frontend/src/pages/MobileContact.vue:309 || frontend/src/pages/MobileDeal.vue:391 || frontend/src/pages/MobileOrganization.vue:344,crm/fcrm/workspace/frappe_crm/frappe_crm.json || frontend/src/pages/Deal.vue:514 || frontend/src/pages/MobileContact.vue:302 || frontend/src/pages/MobileDeal.vue:391 || frontend/src/pages/MobileOrganization.vue:343,workspace,Frappe CRM (Workspace),"[""Label of a shortcut in the Frappe CRM Workspace""]",,,,,,,igual al inglés válida,revisado inicial CRM,sí,no,sí,,Protegido: Deals siempre en inglés.,,,
crm:94ecd05a471ab05b,crm,crm,src,src,,Src,Deals by Ongoing & Won Stage,Deals by Ongoing & Won Stage,,,,,Deals por etapa en curso y ganada,,,,,frontend/src/components/Dashboard/AddChartModal.vue:93,frontend/src/components/Dashboard/AddChartModal.vue:93,frontend/src/components/Dashboard/AddChartModal.vue:93,client-js,,[],,,,,,,traducción propuesta,revisado inicial CRM,sí,no,no,,Deals protegido; Stage=etapa; Won/Ongoing como estados de etapa,,,
crm:cd6d9c45f0c97185,crm,crm,src,src,,Src,Deals by Salesperson,Deals by Salesperson,,,,,Deals por vendedor,,,,,frontend/src/components/Dashboard/AddChartModal.vue:96,frontend/src/components/Dashboard/AddChartModal.vue:96,frontend/src/components/Dashboard/AddChartModal.vue:96,client-js,,[],,,,,,,traducción propuesta,revisado inicial CRM,sí,no,no,,Deals protegido; Salesperson=vendedor,,,
crm:4ef2d64aefcecf54,crm,crm,src,src,,Src,Deals by Source,Deals by Source,,,,,Deals por origen,,,,,frontend/src/components/Dashboard/AddChartModal.vue:103,frontend/src/components/Dashboard/AddChartModal.vue:103,frontend/src/components/Dashboard/AddChartModal.vue:103,client-js,,[],,,,,,,traducción propuesta,revisado inicial CRM,sí,no,no,,Deals protegido; Source=origen (cross-app),,,
crm:99d11f0f6fed321c,crm,crm,src,src,,Src,Deals by Stage,Deals by Stage,,,,,Deals por etapa,,,,,frontend/src/components/Dashboard/AddChartModal.vue:101,frontend/src/components/Dashboard/AddChartModal.vue:101,frontend/src/components/Dashboard/AddChartModal.vue:101,client-js,,[],,,,,,,traducción propuesta,revisado inicial CRM,sí,no,no,,Deals protegido; Stage=Etapa,,,
crm:4ecbc887ce522843,crm,crm,src,src,,Src,Deals by Territory,Deals by Territory,,,,,Deals por territorio,,,,,frontend/src/components/Dashboard/AddChartModal.vue:95,frontend/src/components/Dashboard/AddChartModal.vue:95,frontend/src/components/Dashboard/AddChartModal.vue:95,client-js,,[],,,,,,,traducción propuesta,revisado inicial CRM,sí,no,no,,Deals protegido; Territory=territorio,,,
crm:669ad28f1813c772,crm,crm,api,api,,Api,Deals by ongoing & won stage,Deals by ongoing & won stage,,,,,Deals por etapa en curso y ganada,,,,,crm/api/dashboard.py:846,crm/api/dashboard.py:846,crm/api/dashboard.py:846,python,,[],,,,,,,traducción propuesta,revisado inicial CRM,sí,sí,no,,reversión Deals; stage->etapa; won->ganada,,,
crm:512412644a0f5ece,crm,crm,api,api,,Api,Deals by salesperson,Deals by salesperson,,,,,Deals por vendedor,,,,,crm/api/dashboard.py:1130,crm/api/dashboard.py:1130,crm/api/dashboard.py:1130,python,,[],,,,,,,traducción propuesta,revisado inicial CRM,sí,sí,no,,reversión Deals; salesperson->vendedor,,,
crm:2c93da2c0b2007ea,crm,crm,api,api,,Api,Deals by source,Deals by source,,,,,Deals por origen,,,,,crm/api/dashboard.py:1022,crm/api/dashboard.py:1022,crm/api/dashboard.py:1022,python,,[],,,,,,,traducción propuesta,revisado inicial CRM,sí,sí,no,,reversión Deals; source->origen,,,
crm:6559b463876a9e92,crm,crm,api,api,,Api,Deals by stage,Deals by stage,,,,,Deals por etapa,,,,,crm/api/dashboard.py:895,crm/api/dashboard.py:895,crm/api/dashboard.py:895,python,,[],,,,,,,traducción propuesta,revisado inicial CRM,sí,sí,no,,reversión Deals; stage->etapa,,,
crm:1f84804eb5cca165,crm,crm,api,api,,Api,Deals by territory,Deals by territory,,,,,Deals por territorio,,,,,crm/api/dashboard.py:1067,crm/api/dashboard.py:1067,crm/api/dashboard.py:1067,python,,[],,,,,,,traducción propuesta,revisado inicial CRM,sí,sí,no,,reversión Deals; territory->territorio,,,
crm:1a971ed40f393c7b,crm,crm,src,src,,CRM,"Dear {{ lead_name }}, 

This is a reminder for the payment of {{ grand_total }}. 

Thanks, 
Frappé","Dear {{ lead_name }}, 

This is a reminder for the payment of {{ grand_total }}. 

Thanks, 
Frappé",,,,,"Estimado(a) {{ lead_name }}, 

Este es un recordatorio para el pago de {{ grand_total }}. 

Gracias, 
Frappé",,,,,frontend/src/components/Settings/EmailTemplate/EditEmailTemplate.vue:110,frontend/src/components/Settings/EmailTemplate/EditEmailTemplate.vue:110 || frontend/src/components/Settings/EmailTemplate/NewEmailTemplate.vue:111,,client-js,,[],{{ grand_total }};{{ lead_name }},,{{ grand_total }};{{ lead_name }},ok,,,traducción propuesta,aprobado (lote crm 1.81.2),sí,,,,lote crm 1.81.2: nueva,,,"POT-only: en el universo fresco, sin traducir"
crm:e4e28813bd3044c1,crm,crm,src,src,,Src,"Dear {{ lead_name }}, \n\nThis is a reminder for the payment of {{ grand_total }}. \n\nThanks, \nFrappé","Dear {{ lead_name }}, \n\nThis is a reminder for the payment of {{ grand_total }}. \n\nThanks, \nFrappé",,,,,"Estimado(a) {{ lead_name }}, \n\nEste es un recordatorio para el pago de {{ grand_total }}. \n\nGracias, \nFrappé",,,,,frontend/src/components/Settings/EmailTemplate/EditEmailTemplate.vue:110,frontend/src/components/Settings/EmailTemplate/EditEmailTemplate.vue:110 || frontend/src/components/Settings/EmailTemplate/NewEmailTemplate.vue:111,frontend/src/components/Settings/EmailTemplate/EditEmailTemplate.vue:111 || frontend/src/components/Settings/EmailTemplate/NewEmailTemplate.vue:111,client-js,,[],{{ grand_total }};{{ lead_name }},,{{ grand_total }};{{ lead_name }},ok,,,traducción propuesta,revisado inicial CRM,sí,sí,no,,Placeholders Jinja y \n preservados.,,,
crm:d87a327c6d6c99c7,crm,crm,src,src,,Src,Declined,Declined,,,,,Rechazada,,,,,frontend/src/utils/callLog.js:64,frontend/src/utils/callLog.js:64,frontend/src/utils/callLog.js:64,client-js,,[],,,,,,,traducción propuesta,revisado inicial CRM,sí,sí,no,,estado de llamada (Declined); femenino: la llamada,,,
crm:2468619d3ac8cc4a,crm,crm,fcrm,fcrm,,Fcrm,Default,Default,,,Predeterminado,,Predeterminado,,Label of the default (Check) field in DocType 'CRM Service Level Agreement',etiqueta de campo/elemento,,crm/fcrm/doctype/crm_service_level_agreement/crm_service_level_agreement.json,crm/fcrm/doctype/crm_service_level_agreement/crm_service_level_agreement.json,crm/fcrm/doctype/crm_service_level_agreement/crm_service_level_agreement.json,doctype-json,Crm Service Level Agreement,"[""Label of the default (Check) field in DocType 'CRM Service Level Agreement'""]",,,,,,,existente correcta,revisado inicial CRM,sí,sí,no,,crossapp Default->Predeterminado,,,
crm:915bd85e871d60c7,crm,crm,src,src,,Src,Default Inbox,Default Inbox,,,Bandeja de entrada predeterminada,,Bandeja de entrada predeterminada,,,,,frontend/src/components/Settings/EmailAccountCard.vue:38,frontend/src/components/Settings/EmailAccountCard.vue:38,frontend/src/components/Settings/EmailAccountCard.vue:38,client-js,,[],,,,,,,existente correcta,revisado inicial CRM,sí,sí,no,,Cross-app 'Default Inbox'.,crm:crossapp,Bandeja de entrada predeterminada,
crm:e107419e7971353e,crm,crm,src,src,,Src,Default Incoming,Default Incoming,,,Por defecto entrante,,Entrante predeterminado,,,,,frontend/src/components/Settings/emailConfig.js:42,frontend/src/components/Settings/emailConfig.js:42,frontend/src/components/Settings/emailConfig.js:42,client-js,,[],,,,,,,existente mejorable,revisado inicial CRM,sí,sí,no,,crossapp Default Incoming->Entrante predeterminado; corrige 'Por defecto entrante',,,
crm:286b29f5e1e36cb7,crm,crm,fcrm,fcrm;src,sí,Fcrm,Default Medium,Default Medium,,,,,Medio predeterminado,,Label of the default_medium (Select) field in DocType 'CRM Telephony Agent',etiqueta de campo/elemento,,crm/fcrm/doctype/crm_telephony_agent/crm_telephony_agent.json,crm/fcrm/doctype/crm_telephony_agent/crm_telephony_agent.json || frontend/src/components/Settings/Telephony/TelephonySettings.vue:38,crm/fcrm/doctype/crm_telephony_agent/crm_telephony_agent.json || frontend/src/components/Settings/Telephony/TelephonySettings.vue:38,doctype-json,Crm Telephony Agent,"[""Label of the default_medium (Select) field in DocType 'CRM Telephony Agent'""]",,,,,,,traducción propuesta,revisado inicial CRM,sí,sí,no,,campo default_medium,,,
crm:17beb02444db0385,crm,crm,src,src,,Src,Default Outgoing,Default Outgoing,,,Predeterminar Saliente,,Saliente predeterminado,,,,,frontend/src/components/Settings/emailConfig.js:50,frontend/src/components/Settings/emailConfig.js:50,frontend/src/components/Settings/emailConfig.js:50,client-js,,[],,,,,,,existente mejorable,revisado inicial CRM,sí,sí,no,,crossapp Default Outgoing->Saliente predeterminado; corrige 'Predeterminar Saliente',,,
crm:dcfcdaf787ddf812,crm,crm,fcrm,fcrm;src,sí,Fcrm,Default Priority,Default Priority,,,Prioridad predeterminada,,Prioridad predeterminada,,Label of the default_priority (Check) field in DocType 'CRM Service Level Priority',etiqueta de campo/elemento,,crm/fcrm/doctype/crm_service_level_priority/crm_service_level_priority.json,crm/fcrm/doctype/crm_service_level_priority/crm_service_level_priority.json || frontend/src/components/Settings/Sla/SlaPriorityList.vue:181,crm/fcrm/doctype/crm_service_level_priority/crm_service_level_priority.json || frontend/src/components/Settings/Sla/SlaPriorityList.vue:181,doctype-json,Crm Service Level Priority,"[""Label of the default_priority (Check) field in DocType 'CRM Service Level Priority'""]",,,,,,,existente correcta,revisado inicial CRM,sí,sí,no,,crossapp Default Priority->Prioridad predeterminada,,,
crm:8c2562179c35633f,crm,crm,src,src,,Src,Default Sending,Default Sending,,,Envío por defecto,,Envío por defecto,,,,,frontend/src/components/Settings/EmailAccountCard.vue:40,frontend/src/components/Settings/EmailAccountCard.vue:40,frontend/src/components/Settings/EmailAccountCard.vue:40,client-js,,[],,,,,,,existente correcta,revisado inicial CRM,sí,sí,no,,Cross-app 'Default Sending'.,crm:crossapp,Envío por defecto,
crm:e4ce8aa94d83fe1d,crm,crm,src,src,,Src,Default Sending & Inbox,Default Sending & Inbox,,,,,Envío por defecto y bandeja de entrada,,,,,frontend/src/components/Settings/EmailAccountCard.vue:36,frontend/src/components/Settings/EmailAccountCard.vue:36,frontend/src/components/Settings/EmailAccountCard.vue:36,client-js,,[],,,,,,,traducción propuesta,revisado inicial CRM,sí,sí,no,,Combina cross-app 'Default Sending' e 'Inbox'.,,,
crm:0f4251c060205e2c,crm,crm,fcrm,fcrm,,Fcrm,Default Service Level Agreement already exists for {0},Default Service Level Agreement already exists for {0},,,,,Ya existe un Acuerdo de Nivel de Servicio predeterminado para {0},,,,,crm/fcrm/doctype/crm_service_level_agreement/crm_service_level_agreement.py:62,crm/fcrm/doctype/crm_service_level_agreement/crm_service_level_agreement.py:62,crm/fcrm/doctype/crm_service_level_agreement/crm_service_level_agreement.py:62,doctype-controller,Crm Service Level Agreement,[],{0},,{0},ok,,,traducción propuesta,revisado inicial CRM,sí,sí,no,,placeholder {0},,,
crm:eaa891f2eb668eb2,crm,crm,src,src,,CRM,Default calling medium for logged-in user,Default calling medium for logged-in user,,,,,Medio de llamada predeterminado para el usuario que inició sesión,,,,,frontend/src/components/Settings/Telephony/TelephonySettings.vue:41,frontend/src/components/Settings/Telephony/TelephonySettings.vue:41,,client-js,,[],,,,,,,traducción propuesta,aprobado (lote crm 1.81.2),sí,,,,lote crm 1.81.2: reusar de Default Calling Medium for Logged In User,,,"POT-only: en el universo fresco, sin traducir"
crm:280f179dd4a87566,crm,crm,src,src,,Src,Default calling medium set successfully to {0},Default calling medium set successfully to {0},,,,,Medio de llamada predeterminado establecido correctamente en {0},,,,,frontend/src/components/Telephony/CallUI.vue:110,frontend/src/components/Telephony/CallUI.vue:110,frontend/src/components/Telephony/CallUI.vue:110,client-js,,[],{0},,{0},ok,,,traducción propuesta,revisado inicial CRM,sí,sí,no,,placeholder {0} preservado,,,
crm:03edc1c010b89c98,crm,crm,fcrm,fcrm,,Fcrm,"Default statuses, custom fields and layouts restored successfully.","Default statuses, custom fields and layouts restored successfully.",,,,,"Los estados, campos personalizados y diseños predeterminados se restauraron correctamente.",,,,,crm/fcrm/doctype/fcrm_settings/fcrm_settings.js:26,crm/fcrm/doctype/fcrm_settings/fcrm_settings.js:26 || crm/fcrm/doctype/fcrm_settings/fcrm_settings.js:38,crm/fcrm/doctype/fcrm_settings/fcrm_settings.js:26 || crm/fcrm/doctype/fcrm_settings/fcrm_settings.js:38,doctype-controller,Fcrm Settings,[],,,,,,,traducción propuesta,revisado inicial CRM,sí,sí,no,,Layout->Diseño (crossapp),,,
crm:11e2636d02f1a4b8,crm,crm,src,src,,Src,Defaults,Defaults,,,Predeterminados,,Predeterminados,,,,,frontend/src/components/Settings/Settings.vue:132,frontend/src/components/Settings/Settings.vue:132,frontend/src/components/Settings/Settings.vue:132,client-js,,[],,,,,,,existente correcta,revisado inicial CRM,sí,sí,no,,Crossapp aprobado: reuso exacto.,Defaults,Predeterminados,
crm:c89603831f485937,crm,crm,src,src,,Src,"Defines the default currency for all records, can be overridden at the field level","Defines the default currency for all records, can be overridden at the field level",,,,,Define la moneda predeterminada para todos los registros; se puede anular a nivel de campo,,,,,frontend/src/components/Settings/DefaultsSettings.vue:35,frontend/src/components/Settings/DefaultsSettings.vue:35,frontend/src/components/Settings/DefaultsSettings.vue:35,client-js,,[],,,,,,,traducción propuesta,revisado inicial CRM,sí,sí,no,,,,,
crm:6b160105a6b9d1a3,crm,crm,src,src,,Src,Delete,Delete,,,Eliminar,,Eliminar,,,,,frontend/src/components/Activities/AttachmentArea.vue:131,frontend/src/components/Activities/AttachmentArea.vue:131 || frontend/src/components/Activities/NoteArea.vue:12 || frontend/src/components/Activities/TaskArea.vue:55 || frontend/src/components/Activities/TaskArea.vue:63 || frontend/src/components/BulkDeleteLinkedDocModal.vue:113 || frontend/src/components/BulkDeleteLinkedDocModal.vue:49 || frontend/src/components/BulkDeleteLinkedDocModal.vue:74 || frontend/src/components/BulkDeleteLinkedDocModal.vue:8 || frontend/src/components/Controls/Grid.vue:447 || frontend/src/components/DeleteLinkedDocModal.vue:13 || frontend/src/components/DeleteLinkedDocModal.vue:93 || frontend/src/components/Kanban/KanbanView.vue:235 || frontend/src/components/ListBulkActions.vue:177 || frontend/src/components/PrimaryDropdownItem.vue:60 || frontend/src/components/Settings/Hierarchy/Hierarchy.vue:184 || frontend/src/components/Settings/Hierarchy/Hierarchy.vue:231 || frontend/src/components/Settings/Hierarchy/HierarchyRow.vue:166 || frontend/src/components/Settings/Sla/EditResponseResolutionModal.vue:39 || frontend/src/components/Settings/Sla/WorkDayModal.vue:66 || frontend/src/components/ViewControls.vue:1143 || frontend/src/components/ViewControls.vue:1154 || frontend/src/pages/Contact.vue:99 || frontend/src/pages/Deal.vue:121 || frontend/src/pages/Lead.vue:168 || frontend/src/pages/MobileContact.vue:284 || frontend/src/pages/MobileContact.vue:80 || frontend/src/pages/MobileDeal.vue:526 || frontend/src/pages/MobileOrganization.vue:279 || frontend/src/pages/MobileOrganization.vue:73 || frontend/src/pages/Notes.vue:44 || frontend/src/pages/Organization.vue:90 || frontend/src/pages/Tasks.vue:363 || frontend/src/utils/index.js:823,frontend/src/components/Activities/AttachmentArea.vue:131 || frontend/src/components/Activities/NoteArea.vue:12 || frontend/src/components/Activities/TaskArea.vue:55 || frontend/src/components/Activities/TaskArea.vue:63 || frontend/src/components/BulkDeleteLinkedDocModal.vue:8 || frontend/src/components/BulkDeleteLinkedDocModal.vue:49 || frontend/src/components/BulkDeleteLinkedDocModal.vue:74 || frontend/src/components/BulkDeleteLinkedDocModal.vue:113 || frontend/src/components/Controls/Grid.vue:447 || frontend/src/components/DeleteLinkedDocModal.vue:13 || frontend/src/components/DeleteLinkedDocModal.vue:93 || frontend/src/components/Kanban/KanbanView.vue:236 || frontend/src/components/ListBulkActions.vue:177 || frontend/src/components/Modals/EventModal.vue:467 || frontend/src/components/Modals/EventModal.vue:471 || frontend/src/components/PrimaryDropdownItem.vue:42 || frontend/src/components/Settings/Hierarchy/Hierarchy.vue:184 || frontend/src/components/Settings/Hierarchy/Hierarchy.vue:231 || frontend/src/components/Settings/Hierarchy/HierarchyRow.vue:166 || frontend/src/components/Settings/Sla/EditResponseResolutionModal.vue:39 || frontend/src/components/Settings/Sla/WorkDayModal.vue:66 || frontend/src/components/ViewControls.vue:1120 || frontend/src/components/ViewControls.vue:1131 || frontend/src/pages/Calendar.vue:408 || frontend/src/pages/Calendar.vue:412 || frontend/src/pages/Contact.vue:99 || frontend/src/pages/Deal.vue:121 || frontend/src/pages/Lead.vue:168 || frontend/src/pages/MobileContact.vue:80 || frontend/src/pages/MobileContact.vue:277 || frontend/src/pages/MobileDeal.vue:522 || frontend/src/pages/MobileOrganization.vue:73 || frontend/src/pages/MobileOrganization.vue:278 || frontend/src/pages/Notes.vue:44 || frontend/src/pages/Organization.vue:90 || frontend/src/pages/Tasks.vue:363 || frontend/src/utils/index.js:802,client-js,,[],,,,,,,existente correcta,revisado inicial CRM,sí,sí,no,,crossapp aprobado.,,,
crm:14cd890d87fb2699,crm,crm,fcrm,fcrm,,Fcrm,Delete & Restore,Delete & Restore,,,,,Eliminar y restaurar,,,,,crm/fcrm/doctype/fcrm_settings/fcrm_settings.js:34,crm/fcrm/doctype/fcrm_settings/fcrm_settings.js:34,crm/fcrm/doctype/fcrm_settings/fcrm_settings.js:34,doctype-controller,Fcrm Settings,[],,,,,,,traducción propuesta,revisado inicial CRM,sí,sí,no,,,,,
crm:1d2cf1fcd3d05a9d,crm,crm,src,src,,Src,Delete All,Delete All,,,Borrar Todo,,Eliminar todo,,,,,frontend/src/components/DeleteLinkedDocModal.vue:69,frontend/src/components/DeleteLinkedDocModal.vue:69,frontend/src/components/DeleteLinkedDocModal.vue:69,client-js,,[],,,,,,,existente mejorable,revisado inicial CRM,sí,sí,no,,coherencia con Delete=Eliminar,,,
crm:86f47df123666c1e,crm,crm,src,src,,Src,Delete Attachment,Delete Attachment,,,,,Eliminar Adjunto,,,,,frontend/src/components/Activities/AttachmentArea.vue:127,frontend/src/components/Activities/AttachmentArea.vue:127 || frontend/src/components/Activities/AttachmentArea.vue:54,frontend/src/components/Activities/AttachmentArea.vue:54 || frontend/src/components/Activities/AttachmentArea.vue:127,client-js,,[],,,,,,,traducción propuesta,revisado inicial CRM,sí,sí,no,,crossapp aprobado.,,,
crm:cc474ffeda5e7440,crm,crm,src,src,,Src,Delete Contact,Delete Contact,,,,,Eliminar contacto,,,,,frontend/src/pages/MobileContact.vue:280,frontend/src/pages/MobileContact.vue:280,frontend/src/pages/MobileContact.vue:273,client-js,,[],,,,,,,traducción propuesta,revisado inicial CRM,sí,sí,no,,crossapp aprobado.,,,
crm:6833b6352ba898af,crm,crm,src,src,,Src,Delete Invitation,Delete Invitation,,,,,Eliminar invitación,,,,,frontend/src/components/Settings/InviteUserPage.vue:79,frontend/src/components/Settings/InviteUserPage.vue:79,frontend/src/components/Settings/InviteUserPage.vue:79,client-js,,[],,,,,,,traducción propuesta,revisado inicial CRM,sí,sí,no,,Sin traducción upstream.,,,
crm:18e55f11385a39ae,crm,crm,src,src,,Src,Delete Linked Item,Delete Linked Item,,,,,Eliminar elemento vinculado,,,,,frontend/src/components/DeleteLinkedDocModal.vue:223,frontend/src/components/DeleteLinkedDocModal.vue:223,frontend/src/components/DeleteLinkedDocModal.vue:223,client-js,,[],,,,,,,traducción propuesta,revisado inicial CRM,sí,sí,no,,,,,
crm:b33fde4278fdaf77,crm,crm,src,src,,Src,Delete Only User,Delete Only User,,,,,Eliminar solo al usuario,,,,,frontend/src/components/Settings/Hierarchy/Hierarchy.vue:222,frontend/src/components/Settings/Hierarchy/Hierarchy.vue:222,frontend/src/components/Settings/Hierarchy/Hierarchy.vue:222,client-js,,[],,,,,,,traducción propuesta,revisado inicial CRM,sí,sí,no,,Sin traducción upstream.,,,
crm:ae54ac1b549a8468,crm,crm,src,src,,Src,Delete Organization,Delete Organization,,,,,Eliminar organización,,,,,frontend/src/pages/MobileOrganization.vue:275,frontend/src/pages/MobileOrganization.vue:275,frontend/src/pages/MobileOrganization.vue:274,client-js,,[],,,,,,,traducción propuesta,revisado inicial CRM,sí,sí,no,,,,,
crm:399809c89b61ae00,crm,crm,src,src,,Src,Delete Task,Delete Task,,,,,Eliminar tarea,,,,,frontend/src/components/Activities/TaskArea.vue:59,frontend/src/components/Activities/TaskArea.vue:59,frontend/src/components/Activities/TaskArea.vue:59,client-js,,[],,,,,,,traducción propuesta,revisado inicial CRM,sí,sí,no,,Task->Tarea.,,,
crm:8cba18305f5bcdf0,crm,crm,src,src,,Src,Delete View,Delete View,,,,,Eliminar vista,,,,,frontend/src/components/ViewControls.vue:1139,frontend/src/components/ViewControls.vue:1139 || frontend/src/components/ViewControls.vue:1147,frontend/src/components/ViewControls.vue:1116 || frontend/src/components/ViewControls.vue:1124,client-js,,[],,,,,,,traducción propuesta,revisado inicial CRM,sí,sí,no,,Cross-app aprobado (Delete View).,,,
crm:255b3e989bb04a56,crm,crm,src,src,,Src,Delete or unlink linked documents,Delete or unlink linked documents,,,,,Eliminar o desvincular documentos vinculados,,,,,frontend/src/components/DeleteLinkedDocModal.vue:14,frontend/src/components/DeleteLinkedDocModal.vue:14,frontend/src/components/DeleteLinkedDocModal.vue:14,client-js,,[],,,,,,,traducción propuesta,revisado inicial CRM,sí,sí,no,,,,,
crm:dc905e0d17b882fe,crm,crm,src,src,,Src,Delete or unlink these linked documents before deleting this document,Delete or unlink these linked documents before deleting this document,,,,,Elimine o desvincule estos documentos vinculados antes de eliminar este documento,,,,,frontend/src/components/DeleteLinkedDocModal.vue:26,frontend/src/components/DeleteLinkedDocModal.vue:26,frontend/src/components/DeleteLinkedDocModal.vue:26,client-js,,[],,,,,,,traducción propuesta,revisado inicial CRM,sí,sí,no,,,,,
crm:5772d37a89494169,crm,crm,src,src,,Src,Delete {0} Item(s),Delete {0} Item(s),,,,,Eliminar {0} elemento(s),,,,,frontend/src/components/DeleteLinkedDocModal.vue:70,frontend/src/components/DeleteLinkedDocModal.vue:70,frontend/src/components/DeleteLinkedDocModal.vue:70,client-js,,[],{0},,{0},ok,,,traducción propuesta,revisado inicial CRM,sí,sí,no,,placeholder {0},,,
crm:3036bd0aeebacc19,crm,crm,src,src,,Src,Delete {0} items,Delete {0} items,,,,,Eliminar {0} elementos,,,,,frontend/src/components/BulkDeleteLinkedDocModal.vue:28,frontend/src/components/BulkDeleteLinkedDocModal.vue:28,frontend/src/components/BulkDeleteLinkedDocModal.vue:28,client-js,,[],{0},,{0},ok,,,traducción propuesta,revisado inicial CRM,sí,sí,no,,placeholder {0} preservado,,,
crm:78940418227004f4,crm,crm,src,src,,Src,Deleting note...,Deleting note...,,,,,Eliminando nota...,,,,,frontend/src/components/Activities/NoteArea.vue:73,frontend/src/components/Activities/NoteArea.vue:73,frontend/src/components/Activities/NoteArea.vue:73,client-js,,[],,,,,,,traducción propuesta,revisado inicial CRM,sí,sí,no,,Note->Nota.,,,
crm:b7e43f7d586c8ee0,crm,crm,fcrm,fcrm,,Fcrm,Demo data restored successfully.,Demo data restored successfully.,,,,,Los datos de demostración se restauraron correctamente.,,,,,crm/fcrm/doctype/fcrm_settings/fcrm_settings.js:58,crm/fcrm/doctype/fcrm_settings/fcrm_settings.js:58,crm/fcrm/doctype/fcrm_settings/fcrm_settings.js:58,doctype-controller,Fcrm Settings,[],,,,,,,traducción propuesta,revisado inicial CRM,sí,sí,no,,,,,
crm:d4166cca480bddd2,crm,crm,fcrm,fcrm;src,sí,Src,Description,Description,,,Descripción,,Descripción,,Label of the description (Text Editor) field in DocType 'CRM Holiday',etiqueta de campo/elemento,,crm/fcrm/doctype/crm_holiday/crm_holiday.json,crm/fcrm/doctype/crm_holiday/crm_holiday.json || crm/fcrm/doctype/crm_lost_reason/crm_lost_reason.json || crm/fcrm/doctype/crm_product/crm_product.json || crm/fcrm/doctype/crm_task/crm_task.json || frontend/src/components/Settings/AssignmentRules/AssignmentRuleView.vue:113 || frontend/src/components/Settings/AssignmentRules/AssignmentRuleView.vue:114 || frontend/src/components/Settings/AssignmentRules/AssignmentRuleView.vue:599,crm/fcrm/doctype/crm_holiday/crm_holiday.json || crm/fcrm/doctype/crm_lost_reason/crm_lost_reason.json || crm/fcrm/doctype/crm_product/crm_product.json || crm/fcrm/doctype/crm_task/crm_task.json || frontend/src/components/Calendar/CalendarEventPanel.vue:254 || frontend/src/components/Modals/EventModal.vue:172 || frontend/src/components/Settings/AssignmentRules/AssignmentRuleView.vue:113 || frontend/src/components/Settings/AssignmentRules/AssignmentRuleView.vue:114 || frontend/src/components/Settings/AssignmentRules/AssignmentRuleView.vue:604,doctype-json,Crm Holiday,"[""Label of the description (Text Editor) field in DocType 'CRM Holiday'"", ""Label of the description (Text Editor) field in DocType 'CRM Lost Reason'"", ""Label of the description (Text Editor) field in DocType 'CRM Product'"", ""Label of the description (Text Editor) field in DocType 'CRM Task'""]",,,,,,,existente correcta,revisado inicial CRM,sí,sí,no,,crossapp Description->Descripción,,,
crm:f5964f8f8371b7a4,crm,crm,src,src,,Src,Description is required,Description is required,,,,,La descripción es obligatoria,,,,,frontend/src/components/Settings/AssignmentRules/AssignmentRuleView.vue:421,frontend/src/components/Settings/AssignmentRules/AssignmentRuleView.vue:421,frontend/src/components/Settings/AssignmentRules/AssignmentRuleView.vue:426,client-js,,[],,,,,,,traducción propuesta,revisado inicial CRM,sí,sí,no,,,,,
crm:49f4d938ec09dcf3,crm,crm,src,src,,Src,Desk,Desk,,,Escritorio,,Escritorio,,,,,frontend/src/components/UserDropdown.vue:180,frontend/src/components/UserDropdown.vue:180,frontend/src/components/Apps.vue:64,client-js,,[],,,,,,,existente correcta,revisado inicial CRM,sí,sí,no,,Desk (interfaz de escritorio de Frappe); 'Escritorio' es la traducción estándar.,,,
crm:bf38cb11b605f718,crm,crm,fcrm,fcrm,,Fcrm,Detail,Detail,,,,,Detalle,,Label of the detail (Small Text) field in DocType 'CRM Product Sync Issue',etiqueta de campo/elemento,,crm/fcrm/doctype/crm_product_sync_issue/crm_product_sync_issue.json,crm/fcrm/doctype/crm_product_sync_issue/crm_product_sync_issue.json,crm/fcrm/doctype/crm_product_sync_issue/crm_product_sync_issue.json,doctype-json,Crm Product Sync Issue,"[""Label of the detail (Small Text) field in DocType 'CRM Product Sync Issue'""]",,,,,,,traducción propuesta,revisado inicial CRM,sí,sí,no,,Detail (singular).,,,
crm:c2d05ecbacb399c8,crm,crm,src,fcrm;src,sí,Src,Details,Details,,,Detalles,,Detalles,,Label of the details (Tab Break) field in DocType 'CRM Lead',etiqueta de campo/elemento,,crm/fcrm/doctype/crm_lead/crm_lead.json,crm/fcrm/doctype/crm_lead/crm_lead.json || crm/fcrm/doctype/crm_lead_source/crm_lead_source.json || frontend/src/components/Settings/LeadSyncing/LeadSyncSourceForm.vue:197 || frontend/src/pages/MobileContact.vue:304 || frontend/src/pages/MobileDeal.vue:435 || frontend/src/pages/MobileLead.vue:283 || frontend/src/pages/MobileOrganization.vue:339,crm/fcrm/doctype/crm_lead/crm_lead.json || crm/fcrm/doctype/crm_lead_source/crm_lead_source.json || frontend/src/components/Settings/LeadSyncing/LeadSyncSourceForm.vue:197 || frontend/src/pages/MobileContact.vue:297 || frontend/src/pages/MobileDeal.vue:431 || frontend/src/pages/MobileLead.vue:279 || frontend/src/pages/MobileOrganization.vue:338,doctype-json,Crm Lead,"[""Label of the details (Tab Break) field in DocType 'CRM Lead'"", ""Label of the details (Text Editor) field in DocType 'CRM Lead Source'""]",,,,,,,existente correcta,revisado inicial CRM,sí,sí,no,,Cross-app aprobado: Details->Detalles.,,,
crm:df41ebf09ca05f5f,crm,crm,fcrm,fcrm,,Fcrm,Detected On,Detected On,,,,,Detectado el,,Label of the detected_on (Datetime) field in DocType 'CRM Product Sync Issue',etiqueta de campo/elemento,,crm/fcrm/doctype/crm_product_sync_issue/crm_product_sync_issue.json,crm/fcrm/doctype/crm_product_sync_issue/crm_product_sync_issue.json,crm/fcrm/doctype/crm_product_sync_issue/crm_product_sync_issue.json,doctype-json,Crm Product Sync Issue,"[""Label of the detected_on (Datetime) field in DocType 'CRM Product Sync Issue'""]",,,,,,,traducción propuesta,revisado inicial CRM,sí,sí,no,,"Detected On (campo Datetime, fecha).",,,
crm:607cc45e1e89058f,crm,crm,fcrm,fcrm;src,sí,Fcrm,Device,Device,,,,,Dispositivo,,Label of the call_receiving_device (Select) field in DocType 'CRM Telephony Agent',etiqueta de campo/elemento,,crm/fcrm/doctype/crm_telephony_agent/crm_telephony_agent.json,crm/fcrm/doctype/crm_telephony_agent/crm_telephony_agent.json || frontend/src/components/FilesUploader/FilesUploaderArea.vue:39,crm/fcrm/doctype/crm_telephony_agent/crm_telephony_agent.json || frontend/src/components/FilesUploader/FilesUploaderArea.vue:39,doctype-json,Crm Telephony Agent,"[""Label of the call_receiving_device (Select) field in DocType 'CRM Telephony Agent'""]",,,,,,,traducción propuesta,revisado inicial CRM,sí,sí,no,,campo device,,,
crm:edd445908d50b7f6,crm,crm,src,fcrm;src,sí,Src,Disable,Disable,,,Desactivar,,Desactivar,,,,,crm/fcrm/doctype/crm_form_script/crm_form_script.js:30,crm/fcrm/doctype/crm_form_script/crm_form_script.js:30 || frontend/src/components/Settings/ERPNextSettings.vue:32 || frontend/src/components/Settings/ERPNextSettings.vue:666 || frontend/src/components/Settings/Hierarchy/Hierarchy.vue:31 || frontend/src/components/Settings/Hierarchy/Hierarchy.vue:316 || frontend/src/components/Settings/Telephony/ExotelSettings.vue:29 || frontend/src/components/Settings/Telephony/TwilioSettings.vue:29,crm/fcrm/doctype/crm_form_script/crm_form_script.js:30 || frontend/src/components/Settings/ERPNextSettings.vue:32 || frontend/src/components/Settings/ERPNextSettings.vue:440 || frontend/src/components/Settings/Hierarchy/Hierarchy.vue:31 || frontend/src/components/Settings/Hierarchy/Hierarchy.vue:316 || frontend/src/components/Settings/Telephony/ExotelSettings.vue:29 || frontend/src/components/Settings/Telephony/TwilioSettings.vue:29,doctype-controller,Crm Form Script,[],,,,,,,existente correcta,revisado inicial CRM,sí,sí,no,,Cross-app: Disable=Desactivar.,,,
crm:c065913b352ebf27,crm,crm,src,src,,Src,Disable ERPNext Integration,Disable ERPNext Integration,,,,,Deshabilitar la integración con ERPNext,,,,,frontend/src/components/Settings/ERPNextSettings.vue:660,frontend/src/components/Settings/ERPNextSettings.vue:660,frontend/src/components/Settings/ERPNextSettings.vue:434,client-js,,[],,,,,,,traducción propuesta,revisado inicial CRM,sí,sí,no,,,,,
crm:b621210643b817f7,crm,crm,src,src,,Src,Disable Sales Hierarchy,Disable Sales Hierarchy,,,,,Deshabilitar jerarquía de ventas,,,,,frontend/src/components/Settings/Hierarchy/Hierarchy.vue:310,frontend/src/components/Settings/Hierarchy/Hierarchy.vue:310,frontend/src/components/Settings/Hierarchy/Hierarchy.vue:310,client-js,,[],,,,,,,traducción propuesta,revisado inicial CRM,sí,sí,no,,Sin traducción upstream.,,,
crm:c4dc47291ea5b7ba,crm,crm,fcrm,fcrm,,Fcrm,Disabled,Disabled,,,Deshabilitado,,Deshabilitado,,Label of the disabled (Check) field in DocType 'CRM Product',etiqueta de campo/elemento,,crm/fcrm/doctype/crm_product/crm_product.json,crm/fcrm/doctype/crm_product/crm_product.json,crm/fcrm/doctype/crm_product/crm_product.json,doctype-json,Crm Product,"[""Label of the disabled (Check) field in DocType 'CRM Product'""]",,,,,,,existente correcta,revisado inicial CRM,sí,sí,no,,Cross-app: Disabled=Deshabilitado.,,,
crm:9d8e11dd3d350026,crm,crm,src,src,,Src,Discard,Discard,,,Descartar,,Descartar,,,,,frontend/src/components/CommentBox.vue:71,frontend/src/components/CommentBox.vue:71 || frontend/src/components/EmailEditor.vue:164,frontend/src/components/Calendar/CalendarEventPanel.vue:923 || frontend/src/components/CommentBox.vue:74 || frontend/src/components/EmailEditor.vue:178,client-js,,[],,,,,,,existente correcta,revisado inicial CRM,sí,sí,no,,crossapp aprobado.,,,
crm:fb62c9bb6f566d4c,crm,crm,src,src,,Src,Discard Changes,Discard Changes,,,,,Descartar cambios,,,,,frontend/src/components/Settings/Telephony/ExotelSettings.vue:25,frontend/src/components/Settings/Telephony/ExotelSettings.vue:25 || frontend/src/components/Settings/Telephony/TwilioSettings.vue:25,frontend/src/components/Settings/Telephony/ExotelSettings.vue:25 || frontend/src/components/Settings/Telephony/TwilioSettings.vue:25,client-js,,[],,,,,,,traducción propuesta,revisado inicial CRM,sí,sí,no,,Discard->Descartar (crossapp).,,,
crm:d7f13a7bd1b15e4e,crm,crm,fcrm,fcrm,,Fcrm,Discount %,Discount %,,,Descuento %,,Descuento %,,Label of the discount_percentage (Percent) field in DocType 'CRM Products',etiqueta de campo/elemento,,crm/fcrm/doctype/crm_products/crm_products.json,crm/fcrm/doctype/crm_products/crm_products.json,crm/fcrm/doctype/crm_products/crm_products.json,doctype-json,Crm Products,"[""Label of the discount_percentage (Percent) field in DocType 'CRM Products'""]",,,,,,,existente correcta,revisado inicial CRM,sí,sí,no,,Etiqueta de porcentaje de descuento.,,,
crm:6763440019785e6f,crm,crm,fcrm,fcrm,,Fcrm,Discount Amount,Discount Amount,,,Descuento,,Importe de descuento,,Label of the discount_amount (Currency) field in DocType 'CRM Products',etiqueta de campo/elemento,,crm/fcrm/doctype/crm_products/crm_products.json,crm/fcrm/doctype/crm_products/crm_products.json,crm/fcrm/doctype/crm_products/crm_products.json,doctype-json,Crm Products,"[""Label of the discount_amount (Currency) field in DocType 'CRM Products'""]",,,,,,,existente mejorable,revisado inicial CRM,sí,sí,no,,Cross-app: Discount Amount=Importe de Descuento. Corrijo 'Descuento' que pierde 'Amount'.,,,
crm:b50fca2c2e3d02de,crm,crm,fcrm,fcrm,,Fcrm,Dismissed,Dismissed,,,,,Descartado,,Label of the dismissed (Check) field in DocType 'CRM Product Sync Issue',etiqueta de campo/elemento,,crm/fcrm/doctype/crm_product_sync_issue/crm_product_sync_issue.json,crm/fcrm/doctype/crm_product_sync_issue/crm_product_sync_issue.json,crm/fcrm/doctype/crm_product_sync_issue/crm_product_sync_issue.json,doctype-json,Crm Product Sync Issue,"[""Label of the dismissed (Check) field in DocType 'CRM Product Sync Issue'""]",,,,,,,traducción propuesta,revisado inicial CRM,sí,sí,no,,Dismissed; Dismiss=Descartar (cross-app).,,,
crm:341acbfeb9cf9616,crm,crm,src,src,,Src,Display format for dates across the system,Display format for dates across the system,,,,,Formato de visualización de las fechas en todo el sistema,,,,,frontend/src/components/Settings/DefaultsSettings.vue:114,frontend/src/components/Settings/DefaultsSettings.vue:114,frontend/src/components/Settings/DefaultsSettings.vue:114,client-js,,[],,,,,,,traducción propuesta,revisado inicial CRM,sí,sí,no,,,,,
crm:45cc0411e590aed0,crm,crm,fcrm,fcrm,,Fcrm,DocType,DocType,,,DocType,,DocType,,Label of the dt (Link) field in DocType 'CRM Form Script',etiqueta de campo/elemento,,crm/fcrm/doctype/crm_form_script/crm_form_script.json,crm/fcrm/doctype/crm_form_script/crm_form_script.json || crm/fcrm/doctype/crm_global_settings/crm_global_settings.json || crm/fcrm/doctype/crm_view_settings/crm_view_settings.json,crm/fcrm/doctype/crm_form_script/crm_form_script.json || crm/fcrm/doctype/crm_global_settings/crm_global_settings.json || crm/fcrm/doctype/crm_view_settings/crm_view_settings.json,doctype-json,Crm Form Script,"[""Label of the dt (Link) field in DocType 'CRM Form Script'"", ""Label of the dt (Link) field in DocType 'CRM Global Settings'"", ""Label of the dt (Link) field in DocType 'CRM View Settings'""]",,,,,,,igual al inglés válida,revisado inicial CRM,sí,sí,no,,Cross-app: DocType=DocType (término técnico Frappe).,,,
crm:e22730e6b7b52f33,crm,crm,api,api,,Api,Doctype is required,Doctype is required,,,,,El DocType es obligatorio,,,,,crm/api/doc.py:800,crm/api/doc.py:800,crm/api/doc.py:803,python,,[],,,,,,,traducción propuesta,revisado inicial CRM,sí,sí,no,,Doctype=DocType (término técnico Frappe).,,,
crm:b577261aef5e9899,crm,crm,src,src,,CRM,"Document ID, not the full name","Document ID, not the full name",,,,,"ID del documento, no el nombre completo",,,,,frontend/src/components/Filter.vue:239,frontend/src/components/Filter.vue:239,,client-js,,[],,,,,,,traducción propuesta,aprobado (lote crm 1.81.2),sí,,,,lote crm 1.81.2: nueva,,,"POT-only: en el universo fresco, sin traducir"
crm:a33266266cc51f75,crm,crm,src,src,,Src,Document Not Found,Document Not Found,,,,,Documento no encontrado,,,,,frontend/src/pages/MobileLead.vue:204,frontend/src/pages/MobileLead.vue:204,frontend/src/pages/MobileLead.vue:204,client-js,,[],,,,,,,traducción propuesta,revisado inicial CRM,sí,sí,no,,Mensaje de documento inexistente.,,,
crm:7c103da0353bec3d,crm,crm,fcrm,fcrm,,Fcrm,Document Type,Document Type,,,Tipo de Documento,,Tipo de documento,,Label of the dt (Link) field in DocType 'CRM Fields Layout',etiqueta de campo/elemento,,crm/fcrm/doctype/crm_fields_layout/crm_fields_layout.json,crm/fcrm/doctype/crm_fields_layout/crm_fields_layout.json,crm/fcrm/doctype/crm_fields_layout/crm_fields_layout.json,doctype-json,Crm Fields Layout,"[""Label of the dt (Link) field in DocType 'CRM Fields Layout'""]",,,,,,,existente mejorable,revisado inicial CRM,sí,sí,no,,LOCKED preservado; se corrige mayúscula 'Documento'→'documento'.,crm:7c103da0353bec3d,Tipo de documento,
crm:2769ff10803e71a6,crm,crm,src,src,,Src,Document created successfully,Document created successfully,,,,,Documento creado correctamente,,,,,frontend/src/components/Settings/Telephony/TelephonySettings.vue:242,frontend/src/components/Settings/Telephony/TelephonySettings.vue:242,frontend/src/components/Settings/Telephony/TelephonySettings.vue:242,client-js,,[],,,,,,,traducción propuesta,revisado inicial CRM,sí,sí,no,,,,,
crm:c70da845d9eab73e,crm,crm,src,src,,Src,Document does not exist,Document does not exist,,,,,El documento no existe,,,,,frontend/src/data/document.js:41,frontend/src/data/document.js:41,frontend/src/data/document.js:41,client-js,,[],,,,,,,traducción propuesta,revisado inicial CRM,sí,sí,no,,,,,
crm:ca98c7312d320dba,crm,crm,api,api;src,sí,Api,Document not found,Document not found,,,,,Documento no encontrado,,,,,crm/api/activities.py:20,crm/api/activities.py:20 || frontend/src/pages/MobileDeal.vue:354,crm/api/activities.py:20 || frontend/src/pages/MobileDeal.vue:354,python,,[],,,,,,,traducción propuesta,revisado inicial CRM,sí,sí,no,,,,,
crm:49fe5c86b5953562,crm,crm,src,src,,Src,Document updated successfully,Document updated successfully,,,,,Documento actualizado correctamente,,,,,frontend/src/data/document.js:55,frontend/src/data/document.js:55,frontend/src/data/document.js:55,client-js,,[],,,,,,,traducción propuesta,revisado inicial CRM,sí,sí,no,,,,,
crm:84303ea6c0c8dc0a,crm,crm,src,src,,Src,Documentation,Documentation,,,Documentación,,Documentación,,,,,frontend/src/components/Modals/AboutModal.vue:60,frontend/src/components/Modals/AboutModal.vue:60,frontend/src/components/Modals/AboutModal.vue:60,client-js,,[],,,,,,,existente correcta,revisado inicial CRM,sí,sí,no,,Cross-app aprobado.,,,
crm:fb1046f63ac8c295,crm,crm,src,src,,Src,DoesNotExistError,DoesNotExistError,,,,,DoesNotExistError,,,,,frontend/src/pages/MobileDeal.vue:355,frontend/src/pages/MobileDeal.vue:355 || frontend/src/pages/MobileLead.vue:205,,client-js,,[],,,,,,,igual al inglés válida,revisado inicial CRM,sí,sí,no,,"Identificador técnico de error, no se traduce.",,,"POT-only: en el universo fresco, sin traducir"
crm:514ae8874ef11ff1,crm,crm,fcrm,fcrm,,Fcrm,Done,Done,,,Listo,,Listo,,Option for the 'Status' (Select) field in DocType 'CRM Task',opción de campo select,,crm/fcrm/doctype/crm_task/crm_task.json,crm/fcrm/doctype/crm_task/crm_task.json,crm/fcrm/doctype/crm_task/crm_task.json,doctype-json,Crm Task,"[""Option for the 'Status' (Select) field in DocType 'CRM Task'""]",,,,,,,existente correcta,revisado inicial CRM,sí,sí,no,,cross-app aprobado: Done,,,
crm:84dde98f2f099489,crm,crm,src,src,,Src,Donut Chart,Donut Chart,,,,,Gráfico de dona,,,,,frontend/src/components/Dashboard/AddChartModal.vue:29,frontend/src/components/Dashboard/AddChartModal.vue:29 || frontend/src/components/Dashboard/AddChartModal.vue:67,frontend/src/components/Dashboard/AddChartModal.vue:29 || frontend/src/components/Dashboard/AddChartModal.vue:67,client-js,,[],,,,,,,traducción propuesta,revisado inicial CRM,sí,sí,no,,Donut Chart=gráfico de dona,,,
crm:fe6660397e7bbe57,crm,crm,src,src,,Src,Download,Download,,,Descargar,,Descargar,,,,,frontend/src/components/Activities/AudioPlayer.vue:166,frontend/src/components/Activities/AudioPlayer.vue:166 || frontend/src/components/ViewControls.vue:268,frontend/src/components/Activities/AudioPlayer.vue:166 || frontend/src/components/ViewControls.vue:268,client-js,,[],,,,,,,existente correcta,revisado inicial CRM,sí,sí,no,,crossapp aprobado.,,,
crm:bc1634592be295b7,crm,crm,src,src,,Src,Drag & Drop files here or upload from,Drag & Drop files here or upload from,,,,,Arrastra y suelta archivos aquí o súbelos desde,,,,,frontend/src/components/FilesUploader/FilesUploaderArea.vue:24,frontend/src/components/FilesUploader/FilesUploaderArea.vue:24,frontend/src/components/FilesUploader/FilesUploaderArea.vue:24,client-js,,[],,,,,,,traducción propuesta,revisado inicial CRM,sí,sí,no,,'&' de origen es literal; frase completada naturalmente.,,,
crm:44fbe53912004428,crm,crm,src,src,,Src,Drag a section or a field here to get started,Drag a section or a field here to get started,,,,,Arrastre una sección o un campo aquí para comenzar,,,,,frontend/src/components/FieldLayoutEditor.vue:251,frontend/src/components/FieldLayoutEditor.vue:251,frontend/src/components/FieldLayoutEditor.vue:253,client-js,,[],,,,,,,traducción propuesta,revisado inicial CRM,sí,sí,no,,,,,
crm:a3dcaa9d2797ce3b,crm,crm,src,src,,Src,Drop files here,Drop files here,,,Soltar archivos aquí,,Soltar archivos aquí,,,,,frontend/src/components/FilesUploader/FilesUploaderArea.vue:60,frontend/src/components/FilesUploader/FilesUploaderArea.vue:60,frontend/src/components/FilesUploader/FilesUploaderArea.vue:60,client-js,,[],,,,,,,existente correcta,revisado inicial CRM,sí,sí,no,,Cross-app aprobado exacto.,Drop files here,Soltar archivos aquí,
crm:6b1defb86e45c16c,crm,crm,fcrm,fcrm,,Fcrm,Dropdown items,Dropdown items,,,,,Elementos del menú desplegable,,Label of the dropdown_items_tab (Tab Break) field in DocType 'FCRM Settings',etiqueta de campo/elemento,,crm/fcrm/doctype/fcrm_settings/fcrm_settings.json,crm/fcrm/doctype/fcrm_settings/fcrm_settings.json,crm/fcrm/doctype/fcrm_settings/fcrm_settings.json,doctype-json,Fcrm Settings,"[""Label of the dropdown_items_tab (Tab Break) field in DocType 'FCRM Settings'""]",,,,,,,traducción propuesta,revisado inicial CRM,sí,sí,no,,,,,
crm:06269ef31b3f6f58,crm,crm,fcrm,fcrm,,Fcrm,Due Date,Due Date,,,Fecha límite,,Fecha de vencimiento,,Label of the due_date (Datetime) field in DocType 'CRM Task',etiqueta de campo/elemento,,crm/fcrm/doctype/crm_task/crm_task.json,crm/fcrm/doctype/crm_task/crm_task.json,crm/fcrm/doctype/crm_task/crm_task.json,doctype-json,Crm Task,"[""Label of the due_date (Datetime) field in DocType 'CRM Task'""]",,,,,,,existente mejorable,revisado inicial CRM,sí,sí,no,,cross-app aprobado: Due Date->'Fecha de vencimiento' (corrige 'Fecha límite'),,,
crm:9f60f307012ca17f,crm,crm,src,lead_syncing;src,sí,Src,Duplicate,Duplicate,,,Duplicar,,Duplicar,,Option for the 'Type' (Select) field in DocType 'Failed Lead Sync Log',opción de campo select,,crm/lead_syncing/doctype/failed_lead_sync_log/failed_lead_sync_log.json,crm/lead_syncing/doctype/failed_lead_sync_log/failed_lead_sync_log.json || frontend/src/components/Modals/ViewModal.vue:62 || frontend/src/components/Settings/AssignmentRules/AssignmentRuleListItem.vue:134 || frontend/src/components/Settings/AssignmentRules/AssignmentRuleListItem.vue:65 || frontend/src/components/Settings/EmailTemplate/EmailTemplates.vue:225 || frontend/src/components/Settings/EmailTemplate/NewEmailTemplate.vue:23 || frontend/src/components/Settings/LeadSyncing/LeadSyncSources.vue:186 || frontend/src/components/Settings/Sla/SlaPolicyList.vue:133 || frontend/src/components/Settings/Sla/SlaPolicyList.vue:183 || frontend/src/components/ViewControls.vue:1095,crm/lead_syncing/doctype/failed_lead_sync_log/failed_lead_sync_log.json || frontend/src/components/Modals/EventModal.vue:214 || frontend/src/components/Modals/ViewModal.vue:42 || frontend/src/components/Settings/AssignmentRules/AssignmentRuleListItem.vue:65 || frontend/src/components/Settings/AssignmentRules/AssignmentRuleListItem.vue:131 || frontend/src/components/Settings/EmailTemplate/EmailTemplates.vue:225 || frontend/src/components/Settings/EmailTemplate/NewEmailTemplate.vue:23 || frontend/src/components/Settings/LeadSyncing/LeadSyncSources.vue:186 || frontend/src/components/Settings/Sla/SlaPolicyList.vue:133 || frontend/src/components/Settings/Sla/SlaPolicyList.vue:183 || frontend/src/components/ViewControls.vue:1072,doctype-json,Failed Lead Sync Log,"[""Option for the 'Type' (Select) field in DocType 'Failed Lead Sync Log'""]",,,,,,,existente correcta,revisado inicial CRM,sí,sí,no,,Cross-app aprobado: Duplicate->Duplicar. Opción de tipo en log de sincronización.,,,
crm:5876d78986f79b28,crm,crm,src,src,,Src,Duplicate Assignment Rule,Duplicate Assignment Rule,,,Duplicar regla de asignación,,Duplicar regla de asignación,,,,,frontend/src/components/Settings/AssignmentRules/AssignmentRuleListItem.vue:47,frontend/src/components/Settings/AssignmentRules/AssignmentRuleListItem.vue:47,frontend/src/components/Settings/AssignmentRules/AssignmentRuleListItem.vue:47,client-js,,[],,,,,,,existente correcta,revisado inicial CRM,sí,sí,no,,Cross-app.,crm:crossapp,Duplicar regla de asignación,
crm:7d36cb613ce5cbe5,crm,crm,src,src,,Src,Duplicate SLA Policy,Duplicate SLA Policy,,,Duplicar política de ANS,,Duplicar política de SLA,,,,,frontend/src/components/Settings/Sla/SlaPolicyList.vue:112,frontend/src/components/Settings/Sla/SlaPolicyList.vue:112,frontend/src/components/Settings/Sla/SlaPolicyList.vue:112,client-js,,[],,,,,,,existente mejorable,revisado inicial CRM,sí,sí,no,,Actual usa 'ANS'; glosario fija SLA->SLA (crossapp aprobado).,Duplicate SLA Policy,Duplicar política de SLA,
crm:e5eea3041736a7f3,crm,crm,src,src,,Src,Duplicate Template,Duplicate Template,,,,,Duplicar plantilla,,,,,frontend/src/components/Settings/EmailTemplate/NewEmailTemplate.vue:10,frontend/src/components/Settings/EmailTemplate/NewEmailTemplate.vue:10,frontend/src/components/Settings/EmailTemplate/NewEmailTemplate.vue:10,client-js,,[],,,,,,,traducción propuesta,revisado inicial CRM,sí,sí,no,,Duplicate->Duplicar.,,,
crm:ad7597c2fe70046a,crm,crm,src,src,,Src,Duplicate View,Duplicate View,,,,,Duplicar vista,,,,,frontend/src/components/Modals/ViewModal.vue:8,frontend/src/components/Modals/ViewModal.vue:8,frontend/src/components/Modals/ViewModal.vue:8,client-js,,[],,,,,,,traducción propuesta,revisado inicial CRM,sí,sí,no,,,,,
crm:578d9e03e6185b62,crm,crm,src,src,,Src,Duplicate Workday found: {0}. Each Workday should be unique.,Duplicate Workday found: {0}. Each Workday should be unique.,,,,,Jornada laboral duplicada: {0}. Cada jornada laboral debe ser única.,,,,,frontend/src/components/Settings/Sla/utils.js:223,frontend/src/components/Settings/Sla/utils.js:223,frontend/src/components/Settings/Sla/utils.js:223,client-js,,[],{0},,{0},ok,,,traducción propuesta,revisado inicial CRM,sí,sí,no,,Placeholder {0} preservado; Workday->Jornada laboral.,,,
crm:653ebdb13c9aaab8,crm,crm,fcrm,fcrm,,Fcrm,Duration,Duration,,,Duración,,Duración,,Label of the duration (Duration) field in DocType 'CRM Call Log',etiqueta de campo/elemento,,crm/fcrm/doctype/crm_call_log/crm_call_log.json,crm/fcrm/doctype/crm_call_log/crm_call_log.json || crm/fcrm/doctype/crm_status_change_log/crm_status_change_log.json,crm/fcrm/doctype/crm_call_log/crm_call_log.json || crm/fcrm/doctype/crm_status_change_log/crm_status_change_log.json,doctype-json,Crm Call Log,"[""Label of the duration (Duration) field in DocType 'CRM Call Log'"", ""Label of the duration (Duration) field in DocType 'CRM Status Change Log'""]",,,,,,,existente correcta,revisado inicial CRM,sí,sí,no,,cross-app aprobado: Duration,,,
crm:a2c85935db9a7fba,crm,crm,src,src,,Src,ERPNext,ERPNext,,,,,ERPNext,,,,,frontend/src/components/Layouts/AppSidebar.vue:718,frontend/src/components/Layouts/AppSidebar.vue:718 || frontend/src/components/Settings/Settings.vue:226,frontend/src/components/Layouts/AppSidebar.vue:634 || frontend/src/components/Settings/Settings.vue:231,client-js,,[],,,,,,,igual al inglés válida,revisado inicial CRM,sí,sí,no,,Nombre de producto; cross-app aprobado.,,,
crm:15a6128c32dcc54d,crm,crm,fcrm,fcrm,,Fcrm,ERPNext CRM Settings,ERPNext CRM Settings,,,,,Configuración de ERPNext CRM,,Name of a DocType,nombre de DocType,,crm/fcrm/doctype/erpnext_crm_settings/erpnext_crm_settings.json,crm/fcrm/doctype/erpnext_crm_settings/erpnext_crm_settings.json,crm/fcrm/doctype/erpnext_crm_settings/erpnext_crm_settings.json,doctype-json,Erpnext Crm Settings,"[""Name of a DocType""]",,,,,,,traducción propuesta,revisado inicial CRM,sí,sí,no,,nombre de DocType,,,
crm:e6002c5ebf2d9608,crm,crm,src,src,,CRM,ERPNext Items always sync into CRM Products. Turn this on to also sync CRM Product changes back to ERPNext Items.,ERPNext Items always sync into CRM Products. Turn this on to also sync CRM Product changes back to ERPNext Items.,,,,,Los artículos de ERPNext siempre se sincronizan con los productos del CRM. Active esto para sincronizar también los cambios de productos del CRM de vuelta a los artículos de ERPNext.,,,,,frontend/src/components/Settings/ERPNextSettings.vue:220,frontend/src/components/Settings/ERPNextSettings.vue:220,,client-js,,[],,,,,,,traducción propuesta,aprobado (lote crm 1.81.2),sí,,,,lote crm 1.81.2: nueva,,,"POT-only: en el universo fresco, sin traducir"
crm:3e1b8f3ed5cbf1bf,crm,crm,src,src,,Src,ERPNext Settings,ERPNext Settings,,,Configuración de ERPNext,,Configuración de ERPNext,,,,,frontend/src/components/Settings/ERPNextSettings.vue:3,frontend/src/components/Settings/ERPNextSettings.vue:3 || frontend/src/components/Settings/ERPNextSettings.vue:9,frontend/src/components/Settings/ERPNextSettings.vue:3 || frontend/src/components/Settings/ERPNextSettings.vue:9,client-js,,[],,,,,,,existente correcta,revisado inicial CRM,sí,sí,no,,Cross-app 'ERPNext Settings'.,crm:crossapp,Configuración de ERPNext,
crm:49fd4e4ccabe4bc3,crm,crm,fcrm,fcrm,,Fcrm,ERPNext Site API's,ERPNext Site API's,,,,,API del sitio ERPNext,,Label of the section_break_oubd (Section Break) field in DocType 'ERPNext CRM Settings',etiqueta de campo/elemento,,crm/fcrm/doctype/erpnext_crm_settings/erpnext_crm_settings.json,crm/fcrm/doctype/erpnext_crm_settings/erpnext_crm_settings.json,crm/fcrm/doctype/erpnext_crm_settings/erpnext_crm_settings.json,doctype-json,Erpnext Crm Settings,"[""Label of the section_break_oubd (Section Break) field in DocType 'ERPNext CRM Settings'""]",,,,,,,traducción propuesta,revisado inicial CRM,sí,sí,no,,APIs plural manejado como 'API',,,
crm:921c2a477cc67ad0,crm,crm,fcrm,fcrm,,Fcrm,ERPNext Site URL,ERPNext Site URL,,,,,URL del sitio ERPNext,,Label of the erpnext_site_url (Data) field in DocType 'ERPNext CRM Settings',etiqueta de campo/elemento,,crm/fcrm/doctype/erpnext_crm_settings/erpnext_crm_settings.json,crm/fcrm/doctype/erpnext_crm_settings/erpnext_crm_settings.json,crm/fcrm/doctype/erpnext_crm_settings/erpnext_crm_settings.json,doctype-json,Erpnext Crm Settings,"[""Label of the erpnext_site_url (Data) field in DocType 'ERPNext CRM Settings'""]",,,,,,,traducción propuesta,revisado inicial CRM,sí,sí,no,,,,,
crm:a89a0bd546aed9b2,crm,crm,fcrm,fcrm,,Fcrm,ERPNext custom fields not created,ERPNext custom fields not created,,,,,Campos personalizados de ERPNext no creados,,,,,crm/fcrm/doctype/erpnext_crm_settings/erpnext_crm_settings.py:162,crm/fcrm/doctype/erpnext_crm_settings/erpnext_crm_settings.py:162,crm/fcrm/doctype/erpnext_crm_settings/erpnext_crm_settings.py:161,doctype-controller,Erpnext Crm Settings,[],,,,,,,traducción propuesta,revisado inicial CRM,sí,sí,no,,,,,
crm:8c7cc55badf400d2,crm,crm,fcrm,fcrm,,Fcrm,ERPNext integration is active. Create an Item in ERPNext and it will appear in CRM Product automatically.,ERPNext integration is active. Create an Item in ERPNext and it will appear in CRM Product automatically.,,,,,La integración con ERPNext está activa. Cree un artículo en ERPNext y aparecerá automáticamente en CRM Product.,,,,,crm/fcrm/doctype/crm_product/crm_product.py:42,crm/fcrm/doctype/crm_product/crm_product.py:42,crm/fcrm/doctype/crm_product/crm_product.py:42,doctype-controller,Crm Product,[],,,,,,,traducción propuesta,revisado inicial CRM,sí,sí,no,,"ERPNext=nombre propio; CRM Product=nombre de DocType, se conserva.",,,
crm:924f667b62a63673,crm,crm,fcrm,fcrm,,Fcrm,ERPNext integration must be enabled on the same site,ERPNext integration must be enabled on the same site,,,,,La integración de ERPNext debe habilitarse en el mismo sitio,,,,,crm/fcrm/doctype/erpnext_crm_settings/erpnext_crm_settings.py:221,crm/fcrm/doctype/erpnext_crm_settings/erpnext_crm_settings.py:221,crm/fcrm/doctype/erpnext_crm_settings/erpnext_crm_settings.py:220,doctype-controller,Erpnext Crm Settings,[],,,,,,,traducción propuesta,revisado inicial CRM,sí,sí,no,,,,,
crm:f1de1afe1bddcb79,crm,crm,fcrm,fcrm,,Fcrm,ERPNext is not installed in the current site,ERPNext is not installed in the current site,,,,,ERPNext no está instalado en el sitio actual,,,,,crm/fcrm/doctype/erpnext_crm_settings/erpnext_crm_settings.py:600,crm/fcrm/doctype/erpnext_crm_settings/erpnext_crm_settings.py:600 || crm/fcrm/doctype/erpnext_crm_settings/erpnext_crm_settings.py:71 || crm/fcrm/doctype/erpnext_crm_settings/erpnext_crm_settings.py:88,crm/fcrm/doctype/erpnext_crm_settings/erpnext_crm_settings.py:70 || crm/fcrm/doctype/erpnext_crm_settings/erpnext_crm_settings.py:87 || crm/fcrm/doctype/erpnext_crm_settings/erpnext_crm_settings.py:523,doctype-controller,Erpnext Crm Settings,[],,,,,,,traducción propuesta,revisado inicial CRM,sí,sí,no,,,,,
crm:6c26d6d11fdec54a,crm,crm,src,src,,Src,ERPNext is not installed on this site either install it or enter the URL of your ERPNext site to connect,ERPNext is not installed on this site either install it or enter the URL of your ERPNext site to connect,,,,,ERPNext no está instalado en este sitio; instálelo o ingrese la URL de su sitio ERPNext para conectarse,,,,,frontend/src/components/Settings/ERPNextSettings.vue:71,frontend/src/components/Settings/ERPNextSettings.vue:71,frontend/src/components/Settings/ERPNextSettings.vue:71,client-js,,[],,,,,,,traducción propuesta,revisado inicial CRM,sí,sí,no,,,,,
crm:0e9b3579dd7fb7a2,crm,crm,fcrm,fcrm,,Fcrm,ERPNext is not integrated with the CRM,ERPNext is not integrated with the CRM,,,,,ERPNext no está integrado con el CRM,,,,,crm/fcrm/doctype/erpnext_crm_settings/erpnext_crm_settings.py:27,crm/fcrm/doctype/erpnext_crm_settings/erpnext_crm_settings.py:27,crm/fcrm/doctype/erpnext_crm_settings/erpnext_crm_settings.py:27,doctype-controller,Erpnext Crm Settings,[],,,,,,,traducción propuesta,revisado inicial CRM,sí,sí,no,,,,,
crm:876777d98bdecdbc,crm,crm,src,src,,Src,Edit,Edit,,,Editar,,Editar,,,,,frontend/src/components/Activities/CommentArea.vue:94,frontend/src/components/Activities/CommentArea.vue:94 || frontend/src/components/FieldLayout/Field.vue:110 || frontend/src/components/FieldLayoutEditor.vue:414 || frontend/src/components/FieldLayoutEditor.vue:457 || frontend/src/components/ListBulkActions.vue:170 || frontend/src/components/PrimaryDropdownItem.vue:53 || frontend/src/components/Settings/Sla/SlaHolidays.vue:202 || frontend/src/components/Settings/Sla/SlaPriorityList.vue:188 || frontend/src/components/ViewControls.vue:1113 || frontend/src/pages/Dashboard.vue:16,frontend/src/components/Activities/CommentArea.vue:94 || frontend/src/components/FieldLayout/Field.vue:110 || frontend/src/components/FieldLayoutEditor.vue:417 || frontend/src/components/FieldLayoutEditor.vue:460 || frontend/src/components/ListBulkActions.vue:170 || frontend/src/components/PrimaryDropdownItem.vue:35 || frontend/src/components/Settings/Sla/SlaHolidays.vue:202 || frontend/src/components/Settings/Sla/SlaPriorityList.vue:188 || frontend/src/components/ViewControls.vue:1090 || frontend/src/pages/Dashboard.vue:16,client-js,,[],,,,,,,existente correcta,revisado inicial CRM,sí,sí,no,,crossapp aprobado.,,,
crm:d6ec5a0b16f8498b,crm,crm,src,src,,Src,Edit ,Edit ,,,,,Editar ,,,,,frontend/src/components/Modals/DoctypeModal.vue:10,frontend/src/components/Modals/DoctypeModal.vue:10,,client-js,,[],,,,,,,traducción propuesta,revisado inicial CRM,sí,sí,no,,Espacio final preservado.,,,"POT-only: en el universo fresco, sin traducir"
crm:682d848ea5c4574d,crm,crm,src,src,,Src,Edit Call Log,Edit Call Log,,,,,Editar registro de llamada,,,,,frontend/src/components/Modals/CallLogDetailModal.vue:40,frontend/src/components/Modals/CallLogDetailModal.vue:40,frontend/src/components/Modals/CallLogDetailModal.vue:40,client-js,,[],,,,,,,traducción propuesta,revisado inicial CRM,sí,sí,no,,cross-app aprobado: Edit Call Log,,,
crm:e4edd998a503b8b0,crm,crm,src,src,,Src,Edit Data Fields Layout,Edit Data Fields Layout,,,,,Editar diseño de campos de datos,,,,,frontend/src/components/Modals/DataFieldsModal.vue:7,frontend/src/components/Modals/DataFieldsModal.vue:7,frontend/src/components/Modals/DataFieldsModal.vue:7,client-js,,[],,,,,,,traducción propuesta,revisado inicial CRM,sí,sí,no,,Layout=Diseño.,,,
crm:cf48e708cb1bdf2a,crm,crm,src,src,,Src,Edit Email,Edit Email,,,,,Editar correo,,,,,frontend/src/components/Settings/EmailEdit.vue:6,frontend/src/components/Settings/EmailEdit.vue:6,frontend/src/components/Settings/EmailEdit.vue:6,client-js,,[],,,,,,,traducción propuesta,revisado inicial CRM,sí,sí,no,,Cross-app 'Edit Email'.,crm:crossapp,Editar correo,
crm:aa60381cece6b9f4,crm,crm,src,src,,Src,Edit Field Layout,Edit Field Layout,,,,,Editar diseño de campos,,,,,frontend/src/components/Modals/SidePanelModal.vue:7,frontend/src/components/Modals/SidePanelModal.vue:7,frontend/src/components/Modals/SidePanelModal.vue:7,client-js,,[],,,,,,,traducción propuesta,revisado inicial CRM,sí,sí,no,,Field Layout=Diseño de campos.,,,
crm:5d7759cf9b5301ab,crm,crm,src,src,,Src,Edit Fields Layout,Edit Fields Layout,,,,,Editar diseño de campos,,,,,frontend/src/components/Activities/DataFields.vue:17,frontend/src/components/Activities/DataFields.vue:17 || frontend/src/components/Controls/GridRowModal.vue:14 || frontend/src/components/Modals/ContactModal.vue:16 || frontend/src/components/Modals/CreateDocumentModal.vue:16 || frontend/src/components/Modals/DealModal.vue:16 || frontend/src/components/Modals/DoctypeModal.vue:25 || frontend/src/components/Modals/LeadModal.vue:16 || frontend/src/components/Modals/OrganizationModal.vue:16,frontend/src/components/Activities/DataFields.vue:17 || frontend/src/components/Controls/GridRowModal.vue:14 || frontend/src/components/Modals/ContactModal.vue:16 || frontend/src/components/Modals/CreateDocumentModal.vue:16 || frontend/src/components/Modals/DealModal.vue:16 || frontend/src/components/Modals/DoctypeModal.vue:25 || frontend/src/components/Modals/LeadModal.vue:16 || frontend/src/components/Modals/OrganizationModal.vue:16,client-js,,[],,,,,,,traducción propuesta,revisado inicial CRM,sí,sí,no,,Layout->Diseño (crossapp).,,,
crm:d5eab50ce65bb9d3,crm,crm,src,src,,Src,Edit Grid Fields,Edit Grid Fields,,,,,Editar campos de la tabla,,,,,frontend/src/components/Controls/Grid.vue:57,frontend/src/components/Controls/Grid.vue:57,frontend/src/components/Controls/Grid.vue:57,client-js,,[],,,,,,,traducción propuesta,revisado inicial CRM,sí,sí,no,,Grid=tabla/cuadrícula editable,,,
crm:71c17c6f58f9fbe1,crm,crm,src,src,,Src,Edit Grid Fields Layout,Edit Grid Fields Layout,,,,,Editar diseño de campos de la tabla,,,,,frontend/src/components/Controls/GridFieldsEditorModal.vue:7,frontend/src/components/Controls/GridFieldsEditorModal.vue:7,frontend/src/components/Controls/GridFieldsEditorModal.vue:7,client-js,,[],,,,,,,traducción propuesta,revisado inicial CRM,sí,sí,no,,Layout=diseño (cross-app),,,
crm:3ea0367b46e97733,crm,crm,src,src,,Src,Edit Grid Row Fields Layout,Edit Grid Row Fields Layout,,,,,Editar diseño de campos de la fila,,,,,frontend/src/components/Controls/GridRowFieldsModal.vue:7,frontend/src/components/Controls/GridRowFieldsModal.vue:7,frontend/src/components/Controls/GridRowFieldsModal.vue:7,client-js,,[],,,,,,,traducción propuesta,revisado inicial CRM,sí,sí,no,,,,,
crm:553800f64fa53d75,crm,crm,src,src,,Src,Edit Note,Edit Note,,,Editar Nota,,Editar Nota,,,,,frontend/src/components/Modals/CallLogDetailModal.vue:20,frontend/src/components/Modals/CallLogDetailModal.vue:20,frontend/src/components/Modals/CallLogDetailModal.vue:20,client-js,,[],,,,,,,existente correcta,revisado inicial CRM,sí,sí,no,,cross-app aprobado: Edit Note,,,
crm:bee04dc67ef29fbf,crm,crm,src,src,,Src,Edit Quick Entry Layout,Edit Quick Entry Layout,,,,,Editar diseño de entrada rápida,,,,,frontend/src/components/Modals/QuickEntryModal.vue:7,frontend/src/components/Modals/QuickEntryModal.vue:7,frontend/src/components/Modals/QuickEntryModal.vue:7,client-js,,[],,,,,,,traducción propuesta,revisado inicial CRM,sí,sí,no,,Layout=Diseño; Quick Entry=Entrada rápida.,,,
crm:4a3a95b8cba8fef1,crm,crm,src,src,,Src,Edit Response & Resolution,Edit Response & Resolution,,,,,Editar respuesta y resolución,,,,,frontend/src/components/Settings/Sla/EditResponseResolutionModal.vue:2,frontend/src/components/Settings/Sla/EditResponseResolutionModal.vue:2,frontend/src/components/Settings/Sla/EditResponseResolutionModal.vue:2,client-js,,[],,,,,,,traducción propuesta,revisado inicial CRM,sí,sí,no,,Sin traducción upstream; contexto SLA.,,,
crm:9e4e022f582b5e56,crm,crm,src,src,,Src,Edit Row,Edit Row,,,,,Editar fila,,,,,frontend/src/components/Controls/Grid.vue:414,frontend/src/components/Controls/Grid.vue:414,frontend/src/components/Controls/Grid.vue:414,client-js,,[],,,,,,,traducción propuesta,revisado inicial CRM,sí,sí,no,,,,,
crm:193d158fe620ec83,crm,crm,src,src,,Src,Edit Task,Edit Task,,,,,Editar Tarea,,,,,frontend/src/components/Modals/CallLogDetailModal.vue:25,frontend/src/components/Modals/CallLogDetailModal.vue:25,frontend/src/components/Modals/CallLogDetailModal.vue:25,client-js,,[],,,,,,,traducción propuesta,revisado inicial CRM,sí,sí,no,,Task->Tarea,,,
crm:ba1405f4509a3117,crm,crm,src,src,,Src,Edit View,Edit View,,,,,Editar vista,,,,,frontend/src/components/Modals/ViewModal.vue:6,frontend/src/components/Modals/ViewModal.vue:6,frontend/src/components/Modals/ViewModal.vue:6,client-js,,[],,,,,,,traducción propuesta,revisado inicial CRM,sí,sí,no,,,,,
crm:5d3b230cde6b44d9,crm,crm,src,src,,Src,Edit Workday,Edit Workday,,,,,Editar jornada laboral,,,,,frontend/src/components/Settings/Sla/WorkDayModal.vue:4,frontend/src/components/Settings/Sla/WorkDayModal.vue:4,frontend/src/components/Settings/Sla/WorkDayModal.vue:4,client-js,,[],,,,,,,traducción propuesta,revisado inicial CRM,sí,sí,no,,Workday->Jornada laboral (crossapp).,,,
crm:005cb14c094e6a5f,crm,crm,src,src,,CRM,Edit deal's mandatory fields layout,Edit deal's mandatory fields layout,,,,,Editar el diseño de campos obligatorios del deal,,,,,frontend/src/components/Modals/ConvertToDealModal.vue:14,frontend/src/components/Modals/ConvertToDealModal.vue:14,,client-js,,[],,,,,,,traducción propuesta,aprobado (lote crm 1.81.2),sí,,,,lote crm 1.81.2: nueva,,,"POT-only: en el universo fresco, sin traducir"
crm:5971025d715ce8f6,crm,crm,src,src,,Src,Editing Row {0},Editing Row {0},,,,,Editando fila {0},,,,,frontend/src/components/Controls/GridRowModal.vue:8,frontend/src/components/Controls/GridRowModal.vue:8,frontend/src/components/Controls/GridRowModal.vue:8,client-js,,[],{0},,{0},ok,,,traducción propuesta,revisado inicial CRM,sí,sí,no,,placeholder {0},,,
crm:7ae6d4ce33884909,crm,crm,src,fcrm;src,sí,CRM,Email,Email,,,Correo electrónico,,Correo electrónico,,MX: 'Correo' o 'Correo electrónico' preferible a 'Email' en labels.,campo,comercial,crm/fcrm/doctype/crm_contacts/crm_contacts.json,crm/fcrm/doctype/crm_contacts/crm_contacts.json || crm/fcrm/doctype/crm_invitation/crm_invitation.json || crm/fcrm/doctype/crm_lead/crm_lead.json || frontend/src/components/Activities/ActivityHeader.vue:110 || frontend/src/components/Settings/Profile/UserEmailSettings.vue:68 || frontend/src/components/Settings/Settings.vue:169 || frontend/src/pages/Contact.vue:400 || frontend/src/pages/MobileContact.vue:392 || frontend/src/pages/MobileOrganization.vue:474 || frontend/src/pages/MobileOrganization.vue:502 || frontend/src/pages/Organization.vue:504 || frontend/src/pages/Organization.vue:532 || frontend/src/pages/PersonaForm.vue:77,crm/fcrm/doctype/crm_contacts/crm_contacts.json || crm/fcrm/doctype/crm_invitation/crm_invitation.json || crm/fcrm/doctype/crm_lead/crm_lead.json || frontend/src/components/Activities/ActivityHeader.vue:121 || frontend/src/components/Calendar/EventNotifications.vue:26 || frontend/src/components/Calendar/EventNotifications.vue:94 || frontend/src/components/Settings/CalendarSettings.vue:89 || frontend/src/components/Settings/CalendarSettings.vue:188 || frontend/src/components/Settings/Profile/UserEmailSettings.vue:68 || frontend/src/components/Settings/Settings.vue:174 || frontend/src/pages/Contact.vue:531 || frontend/src/pages/MobileContact.vue:529 || frontend/src/pages/MobileOrganization.vue:473 || frontend/src/pages/MobileOrganization.vue:501 || frontend/src/pages/Organization.vue:503 || frontend/src/pages/Organization.vue:531 || frontend/src/pages/PersonaForm.vue:77,doctype-json,Crm Contacts,"[""Label of the email (Data) field in DocType 'CRM Contacts'"", ""Label of the email (Data) field in DocType 'CRM Invitation'"", ""Label of the email (Data) field in DocType 'CRM Lead'""]",,,,,,,existente correcta,revisado inicial CRM + pase dirigido,sí,,,,TERM: Email (msgid exacto) -> Correo electrónico.,,Correo electrónico,
crm:7ff7089de6dbfb6c,crm,crm,src,src,,Src,Email Account,Email Account,,,Cuentas de correo electrónico,,Cuenta de correo electrónico,,,,,frontend/src/components/Settings/Profile/UserEmailSettings.vue:67,frontend/src/components/Settings/Profile/UserEmailSettings.vue:67,frontend/src/components/Settings/Profile/UserEmailSettings.vue:67,client-js,,[],,,,,,,existente mejorable,revisado inicial CRM + pase dirigido,sí,,,,TERM: Email Account -> Cuenta de correo electrónico (singular).,,Cuentas de correo electrónico,
crm:f087e54cdba3e397,crm,crm,src,src,,Src,Email Accounts,Email Accounts,,,,,Cuentas de correo electrónico,,,,,frontend/src/components/Settings/EmailAccountList.vue:7,frontend/src/components/Settings/EmailAccountList.vue:7,frontend/src/components/Settings/EmailAccountList.vue:7,client-js,,[],,,,,,,traducción propuesta,revisado inicial CRM,sí,sí,no,,Cross-app 'Email Accounts'.,crm:crossapp,Cuentas de correo electrónico,
crm:ece65b8ca202d2d4,crm,crm,src,src,,Src,Email Communication,Email Communication,,,,,Comunicación por correo,,,,,frontend/src/components/Layouts/AppSidebar.vue:692,frontend/src/components/Layouts/AppSidebar.vue:692,frontend/src/components/Layouts/AppSidebar.vue:608,client-js,,[],,,,,,,traducción propuesta,revisado inicial CRM,sí,sí,no,,,,,
crm:0dd0185ea5a92872,crm,crm,src,src,,Src,Email From Lead,Email From Lead,,,,,Correo del Lead,,,,,frontend/src/components/EmailEditor.vue:212,frontend/src/components/EmailEditor.vue:212,frontend/src/components/EmailEditor.vue:222,client-js,,[],,,,,,,traducción propuesta,revisado inicial CRM,sí,no,sí,,Lead protegido; 'Email From Lead' = correo proveniente del Lead.,,,
crm:6d72e397bfac8b64,crm,crm,src,src,,Src,Email ID,Email ID,,,ID de correo electrónico,,Correo electrónico,,,,,frontend/src/components/Settings/emailConfig.js:19,frontend/src/components/Settings/emailConfig.js:19,frontend/src/components/Settings/emailConfig.js:19,client-js,,[],,,,,,,existente mejorable,revisado inicial CRM,sí,sí,no,,crossapp Email ID->Correo electrónico,,,
crm:e6de1b94d3d429f2,crm,crm,src,src,,Src,Email ID is required,Email ID is required,,,,,El correo electrónico es obligatorio,,,,,frontend/src/components/Settings/emailConfig.js:181,frontend/src/components/Settings/emailConfig.js:181,frontend/src/components/Settings/emailConfig.js:181,client-js,,[],,,,,,,traducción propuesta,revisado inicial CRM,sí,sí,no,,crossapp Email ID is required->El correo electrónico es obligatorio,,,
crm:35a415f502333c3a,crm,crm,fcrm,fcrm,,Fcrm,Email Sent At,Email Sent At,,,Correo enviado el,,Correo enviado el,,Label of the email_sent_at (Datetime) field in DocType 'CRM Invitation',etiqueta de campo/elemento,,crm/fcrm/doctype/crm_invitation/crm_invitation.json,crm/fcrm/doctype/crm_invitation/crm_invitation.json,crm/fcrm/doctype/crm_invitation/crm_invitation.json,doctype-json,Crm Invitation,"[""Label of the email_sent_at (Datetime) field in DocType 'CRM Invitation'""]",,,,,,,existente correcta,revisado inicial CRM,sí,sí,no,,Cross-app: Email Sent At=Correo enviado el.,,,
crm:fea19abc494833fb,crm,crm,src,src,,Src,Email Settings,Email Settings,,,Configuración de Correo Electrónico,,Configuración de correo electrónico,,,,,frontend/src/components/Settings/Profile/UserEmailSettings.vue:8,frontend/src/components/Settings/Profile/UserEmailSettings.vue:8,frontend/src/components/Settings/Profile/UserEmailSettings.vue:8,client-js,,[],,,,,,,existente mejorable,revisado inicial CRM,sí,sí,no,,Crossapp aprobado: reuso exacto (minúsculas).,Email Settings,Configuración de correo electrónico,
crm:e325f1e9329048ce,crm,crm,src,src,,Src,Email Template,Email Template,,,Plantilla de Correo Electrónico,,Plantilla de correo electrónico,,,,,frontend/src/components/Layouts/AppSidebar.vue:671,frontend/src/components/Layouts/AppSidebar.vue:671,frontend/src/components/Layouts/AppSidebar.vue:587,client-js,,[],,,,,,,existente mejorable,revisado inicial CRM,sí,sí,no,,Cross-app: minúsculas.,,,
crm:bbedea19d460d5c6,crm,crm,src,src,,Src,Email Templates,Email Templates,,,Plantillas de correo,,Plantillas de correo,,,,,frontend/src/components/Modals/EmailTemplateSelectorModal.vue:2,frontend/src/components/Modals/EmailTemplateSelectorModal.vue:2 || frontend/src/components/Settings/EmailTemplate/EmailTemplates.vue:7,frontend/src/components/Modals/EmailTemplateSelectorModal.vue:2 || frontend/src/components/Settings/EmailTemplate/EmailTemplates.vue:7,client-js,,[],,,,,,,existente correcta,revisado inicial CRM,sí,sí,no,,,,,
crm:8045da93dba51cc4,crm,crm,src,src,,CRM,Email account created successfully,Email account created successfully,,,,,Cuenta de correo creada correctamente,,,,,frontend/src/components/Settings/EmailAdd.vue:145,frontend/src/components/Settings/EmailAdd.vue:145,,client-js,,[],,,,,,,traducción propuesta,aprobado (lote crm 1.81.2),sí,,,,lote crm 1.81.2: reusar de Email Account created successfully,,,"POT-only: en el universo fresco, sin traducir"
crm:9f193abef4634d25,crm,crm,src,src,,CRM,Email account updated successfully,Email account updated successfully,,,,,Cuenta de correo electrónico actualizada correctamente,,,,,frontend/src/components/Settings/EmailEdit.vue:211,frontend/src/components/Settings/EmailEdit.vue:211,,client-js,,[],,,,,,,traducción propuesta,aprobado (lote crm 1.81.2),sí,,,,lote crm 1.81.2: reusar de Email Account updated successfully | alineado a traducción existente (conflicto Gettext),,,"POT-only: en el universo fresco, sin traducir"
crm:c1f991776fd108c0,crm,crm,src,src,,CRM,Email address added,Email address added,,,,,Dirección de correo agregada,,,,,frontend/src/composables/useContactFields.ts:67,frontend/src/composables/useContactFields.ts:67,,client-js,,[],,,,,,,traducción propuesta,aprobado (lote crm 1.81.2),sí,,,,lote crm 1.81.2: nueva,,,"POT-only: en el universo fresco, sin traducir"
crm:21e2696ce2877529,crm,crm,src,src,,CRM,Email address removed,Email address removed,,,,,Dirección de correo eliminada,,,,,frontend/src/composables/useContactFields.ts:98,frontend/src/composables/useContactFields.ts:98,,client-js,,[],,,,,,,traducción propuesta,aprobado (lote crm 1.81.2),sí,,,,lote crm 1.81.2: nueva,,,"POT-only: en el universo fresco, sin traducir"
crm:16c7f66848e784b5,crm,crm,src,src,,CRM,Email address updated,Email address updated,,,,,Dirección de correo actualizada,,,,,frontend/src/composables/useContactFields.ts:88,frontend/src/composables/useContactFields.ts:88,,client-js,,[],,,,,,,traducción propuesta,aprobado (lote crm 1.81.2),sí,,,,lote crm 1.81.2: nueva,,,"POT-only: en el universo fresco, sin traducir"
crm:2071ea8e114dc2d5,crm,crm,src,src,,Src,Email sent,Email sent,,,,,Correo enviado,,,,,frontend/src/components/CommunicationArea.vue:276,frontend/src/components/CommunicationArea.vue:276,frontend/src/components/CommunicationArea.vue:259,client-js,,[],,,,,,,traducción propuesta,revisado inicial CRM,sí,sí,no,,,,,
crm:2d9d4f010b20327a,crm,crm,src,src,,Src,Email settings updated successfully,Email settings updated successfully,,,,,Configuración de correo actualizada correctamente,,,,,frontend/src/components/Settings/Profile/UserEmailSettings.vue:181,frontend/src/components/Settings/Profile/UserEmailSettings.vue:181,frontend/src/components/Settings/Profile/UserEmailSettings.vue:181,client-js,,[],,,,,,,traducción propuesta,revisado inicial CRM,sí,sí,no,,Sin traducción upstream.,,,
crm:789d3a735e6d7618,crm,crm,src,src,,Src,Emails,Emails,,,Correos,,Correos electrónicos,,,,,frontend/src/components/Settings/Profile/UserEmailSettings.vue:51,frontend/src/components/Settings/Profile/UserEmailSettings.vue:51 || frontend/src/pages/Deal.vue:572 || frontend/src/pages/Lead.vue:424 || frontend/src/pages/MobileDeal.vue:446 || frontend/src/pages/MobileLead.vue:294,frontend/src/components/Settings/Profile/UserEmailSettings.vue:51 || frontend/src/pages/Deal.vue:566 || frontend/src/pages/Lead.vue:418 || frontend/src/pages/MobileDeal.vue:442 || frontend/src/pages/MobileLead.vue:290,client-js,,[],,,,,,,existente mejorable,revisado inicial CRM,sí,sí,no,,Crossapp aprobado; actual 'Correos' aceptable pero se usa forma aprobada.,Emails,Correos electrónicos,
crm:45fb276499d58591,crm,crm,src,src,,Src,Emails & Signature,Emails & Signature,,,,,Correos y firma,,,,,frontend/src/components/Settings/Profile/ProfileSettings.vue:96,frontend/src/components/Settings/Profile/ProfileSettings.vue:96,frontend/src/components/Settings/Profile/ProfileSettings.vue:96,client-js,,[],,,,,,,traducción propuesta,revisado inicial CRM,sí,sí,no,,Crossapp aprobado: reuso exacto.,Emails & Signature,Correos y firma,
crm:8ab9835dd8d900a1,crm,crm,src,src,,Src,Empty,Empty,,,Vacío,,Vacío,,,,,frontend/src/components/ListViews/ListRows.vue:12,frontend/src/components/ListViews/ListRows.vue:12,frontend/src/components/ListViews/ListRows.vue:12,client-js,,[],,,,,,,existente correcta,revisado inicial CRM,sí,sí,no,,Cross-app aprobado exacto.,Empty,Vacío,
crm:53322027d74bac77,crm,crm,src,src,,Src,Empty - Choose a field to filter by,Empty - Choose a field to filter by,,,,,Vacío - Elija un campo por el cual filtrar,,,,,frontend/src/components/Filter.vue:128,frontend/src/components/Filter.vue:128,frontend/src/components/Filter.vue:126,client-js,,[],,,,,,,traducción propuesta,revisado inicial CRM,sí,sí,no,,Empty=Vacío (cross-app),,,
crm:72f8e154b53c3acc,crm,crm,src,src,,Src,Empty - Choose a field to sort by,Empty - Choose a field to sort by,,,,,Vacío: elija un campo por el cual ordenar,,,,,frontend/src/components/SortBy.vue:123,frontend/src/components/SortBy.vue:123,frontend/src/components/SortBy.vue:130,client-js,,[],,,,,,,traducción propuesta,revisado inicial CRM + pase dirigido,sí,,,,registro: 'elige' -> 'elija'.,,,
crm:4a8419fa43a9edd6,crm,crm,src,fcrm;src,sí,Src,Enable,Enable,,,Habilitar,,Habilitar,,,,,crm/fcrm/doctype/crm_form_script/crm_form_script.js:30,crm/fcrm/doctype/crm_form_script/crm_form_script.js:30 || frontend/src/components/Settings/ERPNextSettings.vue:449 || frontend/src/components/Settings/Hierarchy/Hierarchy.vue:72 || frontend/src/components/Settings/Telephony/ExotelSettings.vue:117 || frontend/src/components/Settings/Telephony/TwilioSettings.vue:124,crm/fcrm/doctype/crm_form_script/crm_form_script.js:30 || frontend/src/components/Settings/ERPNextSettings.vue:287 || frontend/src/components/Settings/Hierarchy/Hierarchy.vue:72 || frontend/src/components/Settings/Telephony/ExotelSettings.vue:117 || frontend/src/components/Settings/Telephony/TwilioSettings.vue:124,doctype-controller,Crm Form Script,[],,,,,,,existente correcta,revisado inicial CRM,sí,sí,no,,Cross-app: Enable=Habilitar.,,,
crm:741ea68e0932258e,crm,crm,src,src,,Src,Enable Exotel integration to make and receive calls directly from your CRM,Enable Exotel integration to make and receive calls directly from your CRM,,,,,Habilite la integración con Exotel para hacer y recibir llamadas directamente desde su CRM,,,,,frontend/src/components/Settings/Telephony/ExotelSettings.vue:112,frontend/src/components/Settings/Telephony/ExotelSettings.vue:112,frontend/src/components/Settings/Telephony/ExotelSettings.vue:112,client-js,,[],,,,,,,traducción propuesta,revisado inicial CRM,sí,sí,no,,Exotel/CRM se preservan.,,,
crm:261e48dd5f774148,crm,crm,fcrm,fcrm;src,sí,Fcrm,Enable Forecasting,Enable Forecasting,,,,,Habilitar pronóstico,,Label of the enable_forecasting (Check) field in DocType 'FCRM Settings',etiqueta de campo/elemento,,crm/fcrm/doctype/fcrm_settings/fcrm_settings.json,crm/fcrm/doctype/fcrm_settings/fcrm_settings.json || frontend/src/components/Settings/DashboardSettings.vue:31,crm/fcrm/doctype/fcrm_settings/fcrm_settings.json || frontend/src/components/Settings/DashboardSettings.vue:31,doctype-json,Fcrm Settings,"[""Label of the enable_forecasting (Check) field in DocType 'FCRM Settings'""]",,,,,,,traducción propuesta,revisado inicial CRM,sí,sí,no,,Forecasting = pronóstico (de ventas),,,
crm:98df9dc63c293b4c,crm,crm,src,src,,Src,Enable Incoming,Enable Incoming,,,Habilitar correos entrantes,,Habilitar correos entrantes,,,,,frontend/src/components/Settings/emailConfig.js:28,frontend/src/components/Settings/emailConfig.js:28,frontend/src/components/Settings/emailConfig.js:28,client-js,,[],,,,,,,existente correcta,revisado inicial CRM,sí,sí,no,,crossapp Enable Incoming->Habilitar correos entrantes,,,
crm:d66d51488841a5df,crm,crm,src,src,,Src,Enable Outgoing,Enable Outgoing,,,Habilitar correos salientes,,Habilitar correos salientes,,,,,frontend/src/components/Settings/emailConfig.js:34,frontend/src/components/Settings/emailConfig.js:34,frontend/src/components/Settings/emailConfig.js:34,client-js,,[],,,,,,,existente correcta,revisado inicial CRM,sí,sí,no,,crossapp Enable Outgoing->Habilitar correos salientes,,,
crm:dd9c6e24501a9fc7,crm,crm,src,src,,Src,Enable Sales Hierarchy,Enable Sales Hierarchy,,,,,Habilitar jerarquía de ventas,,,,,frontend/src/components/Settings/Hierarchy/Hierarchy.vue:62,frontend/src/components/Settings/Hierarchy/Hierarchy.vue:62,frontend/src/components/Settings/Hierarchy/Hierarchy.vue:62,client-js,,[],,,,,,,traducción propuesta,revisado inicial CRM,sí,sí,no,,Sin traducción upstream.,,,
crm:0513ead329f8a6f8,crm,crm,fcrm,fcrm,,Fcrm,Enable Sales Hierarchy Permissions,Enable Sales Hierarchy Permissions,,,,,Habilitar permisos de jerarquía de ventas,,Label of the enable_sales_hierarchy (Check) field in DocType 'FCRM Settings',etiqueta de campo/elemento,,crm/fcrm/doctype/fcrm_settings/fcrm_settings.json,crm/fcrm/doctype/fcrm_settings/fcrm_settings.json,crm/fcrm/doctype/fcrm_settings/fcrm_settings.json,doctype-json,Fcrm Settings,"[""Label of the enable_sales_hierarchy (Check) field in DocType 'FCRM Settings'""]",,,,,,,traducción propuesta,revisado inicial CRM,sí,sí,no,,,,,
crm:c6477827e4b90029,crm,crm,src,src,,Src,Enable Twilio integration to make and receive calls directly from your CRM,Enable Twilio integration to make and receive calls directly from your CRM,,,,,Habilite la integración de Twilio para hacer y recibir llamadas directamente desde su CRM,,,,,frontend/src/components/Settings/Telephony/TwilioSettings.vue:119,frontend/src/components/Settings/Telephony/TwilioSettings.vue:119,frontend/src/components/Settings/Telephony/TwilioSettings.vue:119,client-js,,[],,,,,,,traducción propuesta,revisado inicial CRM,sí,sí,no,,,,,
crm:d495c1e6e93aea4e,crm,crm,src,src,,Src,Enable call recording for incoming and outgoing calls,Enable call recording for incoming and outgoing calls,,,,,Habilite la grabación de llamadas entrantes y salientes,,,,,frontend/src/components/Settings/Telephony/ExotelSettings.vue:90,frontend/src/components/Settings/Telephony/ExotelSettings.vue:90 || frontend/src/components/Settings/Telephony/TwilioSettings.vue:97,frontend/src/components/Settings/Telephony/ExotelSettings.vue:90 || frontend/src/components/Settings/Telephony/TwilioSettings.vue:97,client-js,,[],,,,,,,traducción propuesta,revisado inicial CRM,sí,sí,no,,Sin traducción upstream.,,,
crm:02347ab1b9bd07a1,crm,crm,src,src,,CRM,Enable the integration to create quotations and more in ERPNext.,Enable the integration to create quotations and more in ERPNext.,,,,,Habilite la integración para crear cotizaciones y más en ERPNext.,,,,,frontend/src/components/Settings/ERPNextSettings.vue:440,frontend/src/components/Settings/ERPNextSettings.vue:440,,client-js,,[],,,,,,,traducción propuesta,aprobado (lote crm 1.81.2),sí,,,,lote crm 1.81.2: ajustar de Enable the integration to create quotations and auto create customers in ERPNext.,,,"POT-only: en el universo fresco, sin traducir"
crm:b5be5bf53848982b,crm,crm,src,fcrm;src,sí,Src,Enabled,Enabled,,,Habilitado,,Habilitado,,Label of the enabled (Check) field in DocType 'CRM Enrichment Field Mapping',etiqueta de campo/elemento,,crm/fcrm/doctype/crm_exotel_settings/crm_exotel_settings.json,crm/fcrm/doctype/crm_exotel_settings/crm_exotel_settings.json || crm/fcrm/doctype/crm_form_script/crm_form_script.json || crm/fcrm/doctype/crm_service_level_agreement/crm_service_level_agreement.json || crm/fcrm/doctype/crm_twilio_settings/crm_twilio_settings.json || crm/fcrm/doctype/erpnext_crm_settings/erpnext_crm_settings.json || frontend/src/components/Settings/AssignmentRules/AssignmentRuleView.vue:32 || frontend/src/components/Settings/AssignmentRules/AssignmentRulesList.vue:18 || frontend/src/components/Settings/EmailTemplate/EditEmailTemplate.vue:18 || frontend/src/components/Settings/EmailTemplate/EmailTemplates.vue:84 || frontend/src/components/Settings/EmailTemplate/NewEmailTemplate.vue:20 || frontend/src/components/Settings/LeadSyncing/LeadSyncSourceForm.vue:18 || frontend/src/components/Settings/LeadSyncing/LeadSyncSources.vue:57 || frontend/src/components/Settings/Sla/SlaPolicyList.vue:65 || frontend/src/components/Settings/Sla/SlaPolicyView.vue:30,crm/fcrm/doctype/crm_exotel_settings/crm_exotel_settings.json || crm/fcrm/doctype/crm_form_script/crm_form_script.json || crm/fcrm/doctype/crm_service_level_agreement/crm_service_level_agreement.json || crm/fcrm/doctype/crm_twilio_settings/crm_twilio_settings.json || crm/fcrm/doctype/erpnext_crm_settings/erpnext_crm_settings.json || frontend/src/components/Settings/AssignmentRules/AssignmentRuleView.vue:32 || frontend/src/components/Settings/AssignmentRules/AssignmentRulesList.vue:18 || frontend/src/components/Settings/EmailTemplate/EditEmailTemplate.vue:18 || frontend/src/components/Settings/EmailTemplate/EmailTemplates.vue:84 || frontend/src/components/Settings/EmailTemplate/NewEmailTemplate.vue:20 || frontend/src/components/Settings/LeadSyncing/LeadSyncSourceForm.vue:18 || frontend/src/components/Settings/LeadSyncing/LeadSyncSources.vue:57 || frontend/src/components/Settings/Sla/SlaPolicyList.vue:65 || frontend/src/components/Settings/Sla/SlaPolicyView.vue:30,doctype-json,Crm Exotel Settings,"[""Label of the enabled (Check) field in DocType 'CRM Exotel Settings'"", ""Label of the enabled (Check) field in DocType 'CRM Form Script'"", ""Label of the enabled (Check) field in DocType 'CRM Service Level Agreement'"", ""Label of the enabled (Check) field in DocType 'CRM Twilio Settings'"", ""Label of the enabled (Check) field in DocType 'ERPNext CRM Settings'""]",,,,,,,existente correcta,revisado inicial CRM,sí,sí,no,,Cross-app aprobado: Enabled->Habilitado.,,,
crm:f1cf95fe1e110746,crm,crm,lead_syncing,lead_syncing,,Lead_Syncing,Enabled?,Enabled?,,,Habilitado?,,¿Habilitado?,,Label of the enabled (Check) field in DocType 'Lead Sync Source',etiqueta de campo/elemento,,crm/lead_syncing/doctype/lead_sync_source/lead_sync_source.json,crm/lead_syncing/doctype/lead_sync_source/lead_sync_source.json,crm/lead_syncing/doctype/lead_sync_source/lead_sync_source.json,doctype-json,Lead Sync Source,"[""Label of the enabled (Check) field in DocType 'Lead Sync Source'""]",,,,,,,existente mejorable,revisado inicial CRM,sí,sí,no,,Falta signo de apertura ¿ en español.,,,
crm:ae6943060f5b1b64,crm,crm,fcrm,fcrm;src,sí,Fcrm,End Date,End Date,,,Fecha Final,,Fecha de fin,,Label of the end_date (Date) field in DocType 'CRM Service Level Agreement',etiqueta de campo/elemento,,crm/fcrm/doctype/crm_service_level_agreement/crm_service_level_agreement.json,crm/fcrm/doctype/crm_service_level_agreement/crm_service_level_agreement.json || frontend/src/components/Settings/Sla/SlaPolicyView.vue:193,crm/fcrm/doctype/crm_service_level_agreement/crm_service_level_agreement.json || frontend/src/components/Settings/Sla/SlaPolicyView.vue:193,doctype-json,Crm Service Level Agreement,"[""Label of the end_date (Date) field in DocType 'CRM Service Level Agreement'""]",,,,,,,existente mejorable,revisado inicial CRM,sí,sí,no,,crossapp End Date->Fecha de fin,,,
crm:7a26b88504e60ae4,crm,crm,src,fcrm;src,sí,Src,End Time,End Time,,,Hora de finalización,,Hora de finalización,,Label of the end_time (Datetime) field in DocType 'CRM Call Log',etiqueta de campo/elemento,,crm/fcrm/doctype/crm_call_log/crm_call_log.json,crm/fcrm/doctype/crm_call_log/crm_call_log.json || crm/fcrm/doctype/crm_service_day/crm_service_day.json || frontend/src/components/Settings/Sla/SlaHolidays.vue:224 || frontend/src/components/Settings/Sla/WorkDayModal.vue:45 || frontend/src/components/Settings/Sla/WorkDayModal.vue:46,crm/fcrm/doctype/crm_call_log/crm_call_log.json || crm/fcrm/doctype/crm_service_day/crm_service_day.json || frontend/src/components/Calendar/CalendarEventPanel.vue:346 || frontend/src/components/Modals/EventModal.vue:112 || frontend/src/components/Settings/Sla/SlaHolidays.vue:224 || frontend/src/components/Settings/Sla/WorkDayModal.vue:45 || frontend/src/components/Settings/Sla/WorkDayModal.vue:46,doctype-json,Crm Call Log,"[""Label of the end_time (Datetime) field in DocType 'CRM Call Log'"", ""Label of the end_time (Time) field in DocType 'CRM Service Day'""]",,,,,,,existente correcta,revisado inicial CRM,sí,sí,no,,cross-app aprobado: End Time,,,
crm:72d245449ab2d4a2,crm,crm,src,src,,CRM,End date cannot be before start date,End date cannot be before start date,,,,,La fecha de finalización no puede ser anterior a la fecha de inicio,,,,,frontend/src/components/Settings/Sla/utils.js:172,frontend/src/components/Settings/Sla/utils.js:172,,client-js,,[],,,,,,,traducción propuesta,aprobado (lote crm 1.81.2),sí,,,,lote crm 1.81.2: reusar de End Date cannot be before start date | alineado a traducción existente (conflicto Gettext),,,"POT-only: en el universo fresco, sin traducir"
crm:ea32dfa60058a77a,crm,crm,src,src,,CRM,End time is required,End time is required,,,,,La hora de finalización es obligatoria,,,,,frontend/src/components/Settings/Sla/WorkDayModal.vue:189,frontend/src/components/Settings/Sla/WorkDayModal.vue:189,,client-js,,[],,,,,,,traducción propuesta,aprobado (lote crm 1.81.2),sí,,,,lote crm 1.81.2: reusar de End Time is required,,,"POT-only: en el universo fresco, sin traducir"
crm:67ea047a72a7264a,crm,crm,src,src,,CRM,End time must be after start time,End time must be after start time,,,,,La hora de finalización debe ser posterior a la hora de inicio,,,,,frontend/src/components/Settings/Sla/WorkDayModal.vue:204,frontend/src/components/Settings/Sla/WorkDayModal.vue:204,,client-js,,[],,,,,,,traducción propuesta,aprobado (lote crm 1.81.2),sí,,,,lote crm 1.81.2: reusar de End Time must be after Start Time,,,"POT-only: en el universo fresco, sin traducir"
crm:52b45958b1b7660d,crm,crm,src,src,,CRM,End time must be after start time for: {0},End time must be after start time for: {0},,,,,La hora de finalización debe ser posterior a la hora de inicio para: {0},,,,,frontend/src/components/Settings/Sla/utils.js:262,frontend/src/components/Settings/Sla/utils.js:262,,client-js,,[],{0},,{0},ok,,,traducción propuesta,aprobado (lote crm 1.81.2),sí,,,,lote crm 1.81.2: reusar de End Time must be after Start Time for: {0},,,"POT-only: en el universo fresco, sin traducir"
crm:00f60edaeb29b3d3,crm,crm,src,src,,Src,Enter Access Key,Enter Access Key,,,,,Ingrese la clave de acceso,,,,,frontend/src/components/Settings/DashboardSettings.vue:160,frontend/src/components/Settings/DashboardSettings.vue:160,frontend/src/components/Settings/DashboardSettings.vue:160,client-js,,[],,,,,,,traducción propuesta,revisado inicial CRM,sí,sí,no,,,,,
crm:d562dff279ff9228,crm,crm,src,src,,Src,Enter Access Token,Enter Access Token,,,,,Ingrese el token de acceso,,,,,frontend/src/components/Settings/LeadSyncing/LeadSyncSourceForm.vue:91,frontend/src/components/Settings/LeadSyncing/LeadSyncSourceForm.vue:91,frontend/src/components/Settings/LeadSyncing/LeadSyncSourceForm.vue:91,client-js,,[],,,,,,,traducción propuesta,revisado inicial CRM,sí,sí,no,,,Access Token,Token de Acceso,
crm:579a81d7afb100e2,crm,crm,src,src,,Src,Enter Brand Name,Enter Brand Name,,,,,Ingrese el nombre de la marca,,,,,frontend/src/components/Settings/BrandSettings.vue:41,frontend/src/components/Settings/BrandSettings.vue:41,frontend/src/components/Settings/BrandSettings.vue:41,client-js,,[],,,,,,,traducción propuesta,revisado inicial CRM,sí,sí,no,,,,,
crm:e55d2bcec362efdb,crm,crm,src,src,,Src,Enter Exotel Number,Enter Exotel Number,,,,,Ingrese el número de Exotel,,,,,frontend/src/components/Settings/Telephony/TelephonySettings.vue:109,frontend/src/components/Settings/Telephony/TelephonySettings.vue:109,frontend/src/components/Settings/Telephony/TelephonySettings.vue:109,client-js,,[],,,,,,,traducción propuesta,revisado inicial CRM,sí,sí,no,,Exotel = nombre propio,,,
crm:82f106fb3fa779a1,crm,crm,src,src,,CRM,Enter Personal Mobile Number,Enter Personal Mobile Number,,,,,Ingrese el número de móvil personal,,,,,frontend/src/components/Settings/Telephony/TelephonySettings.vue:134,frontend/src/components/Settings/Telephony/TelephonySettings.vue:134,,client-js,,[],,,,,,,traducción propuesta,aprobado (lote crm 1.81.2),sí,,,,lote crm 1.81.2: reusar de Enter Personal Mobile No.,,,"POT-only: en el universo fresco, sin traducir"
crm:c3b5f5c29777c680,crm,crm,src,src,,Src,Enter Source Name,Enter Source Name,,,,,Ingrese el nombre de origen,,,,,frontend/src/components/Settings/LeadSyncing/LeadSyncSourceForm.vue:74,frontend/src/components/Settings/LeadSyncing/LeadSyncSourceForm.vue:74,frontend/src/components/Settings/LeadSyncing/LeadSyncSourceForm.vue:74,client-js,,[],,,,,,,traducción propuesta,revisado inicial CRM,sí,sí,no,,Source Name=Nombre de origen (cross-app).,Source Name,Nombre de origen,
crm:db9db1983aeb7319,crm,crm,src,src,,Src,Enter Twilio Number,Enter Twilio Number,,,,,Ingrese el número de Twilio,,,,,frontend/src/components/Settings/Telephony/TelephonySettings.vue:84,frontend/src/components/Settings/Telephony/TelephonySettings.vue:84,frontend/src/components/Settings/Telephony/TelephonySettings.vue:84,client-js,,[],,,,,,,traducción propuesta,revisado inicial CRM,sí,sí,no,,Twilio = nombre propio,,,
crm:5cb9d4123cd1a943,crm,crm,src,src,,Src,Enter Value,Enter Value,,,Introduzca valor,,Introduzca valor,,,,,frontend/src/components/Filter.vue:635,frontend/src/components/Filter.vue:635,frontend/src/components/Filter.vue:609,client-js,,[],,,,,,,existente correcta,revisado inicial CRM,sí,sí,no,,cross-app Enter Value=Introduzca valor,,,
crm:16303f652920b213,crm,crm,src,src,,Src,Enter your Facebook Access Token,Enter your Facebook Access Token,,,,,Ingrese su token de acceso de Facebook,,,,,frontend/src/components/Settings/LeadSyncing/leadSyncSourceConfig.js:31,frontend/src/components/Settings/LeadSyncing/leadSyncSourceConfig.js:31,frontend/src/components/Settings/LeadSyncing/leadSyncSourceConfig.js:31,client-js,,[],,,,,,,traducción propuesta,revisado inicial CRM,sí,sí,no,,,,,
crm:a75f785cc9a5abf6,crm,crm,src,src,,Src,Enter your personal mobile number used by Exotel to make calls,Enter your personal mobile number used by Exotel to make calls,,,,,Ingrese el número de móvil personal que Exotel usa para hacer llamadas,,,,,frontend/src/components/Settings/Telephony/TelephonySettings.vue:124,frontend/src/components/Settings/Telephony/TelephonySettings.vue:124,frontend/src/components/Settings/Telephony/TelephonySettings.vue:124,client-js,,[],,,,,,,traducción propuesta,revisado inicial CRM,sí,sí,no,,,,,
crm:0a9891710e7aad69,crm,crm,src,src,,Src,Enter {0},Enter {0},,,,,Ingrese {0},,,,,frontend/src/components/FieldLayout/Field.vue:575,frontend/src/components/FieldLayout/Field.vue:575,frontend/src/components/FieldLayout/Field.vue:576,client-js,,[],{0},,{0},ok,,,traducción propuesta,revisado inicial CRM,sí,sí,no,,cross-app Enter {0}=Ingrese {0},,,
crm:f999822a95bbc7d9,crm,crm,src,src,,Src,Equals,Equals,,,Iguales,,Igual a,,,,,frontend/src/components/Filter.vue:102,frontend/src/components/Filter.vue:102 || frontend/src/components/Filter.vue:299 || frontend/src/components/Filter.vue:320 || frontend/src/components/Filter.vue:337 || frontend/src/components/Filter.vue:348 || frontend/src/components/Filter.vue:359 || frontend/src/components/Filter.vue:375 || frontend/src/components/Filter.vue:390 || frontend/src/components/Filter.vue:68,frontend/src/components/Filter.vue:67 || frontend/src/components/Filter.vue:100 || frontend/src/components/Filter.vue:273 || frontend/src/components/Filter.vue:294 || frontend/src/components/Filter.vue:311 || frontend/src/components/Filter.vue:322 || frontend/src/components/Filter.vue:333 || frontend/src/components/Filter.vue:349 || frontend/src/components/Filter.vue:364,client-js,,[],,,,,,,existente mejorable,revisado inicial CRM,sí,sí,no,,cross-app Equals=Igual a; 'Iguales' incorrecto,,,
crm:73a69fa74ec351cd,crm,crm,src,src,,Src,Error Occurred,Error Occurred,,,Ocurrió un error,,Ocurrió un error,,,,,frontend/src/pages/Deal.vue:447,frontend/src/pages/Deal.vue:447 || frontend/src/pages/MobileLead.vue:205,frontend/src/pages/MobileLead.vue:205,client-js,,[],,,,,,,existente correcta,revisado inicial CRM,sí,sí,no,,Cross-app aprobado exacto.,Error Occurred,Ocurrió un error,
crm:cec4759b28508b09,crm,crm,src,src,,Src,Error converting to deal: {0},Error converting to deal: {0},,,,,Error al convertir a Deal: {0},,,,,frontend/src/components/Modals/ConvertToDealModal.vue:175,frontend/src/components/Modals/ConvertToDealModal.vue:175,frontend/src/components/Modals/ConvertToDealModal.vue:173,client-js,,[],{0},,{0},ok,,,traducción propuesta,revisado inicial CRM,sí,sí,no,,Deal protegido; placeholder {0} preservado.,,,
crm:f615ab4917288a0a,crm,crm,src,src,,CRM,Error creating lead sync source,Error creating lead sync source,,,,,Error al crear el Lead Sync Source,,,,,frontend/src/components/Settings/LeadSyncing/LeadSyncSourceForm.vue:294,frontend/src/components/Settings/LeadSyncing/LeadSyncSourceForm.vue:294,,client-js,,[],,,,,,,traducción propuesta,aprobado (lote crm 1.81.2),sí,,,,lote crm 1.81.2: reusar de Error creating Lead Sync Source,,,"POT-only: en el universo fresco, sin traducir"
crm:5cfb16edd9a54586,crm,crm,src,src,,Src,Error creating lead: {0},Error creating lead: {0},,,,,Error al crear el Lead: {0},,,,,frontend/src/components/Modals/CallLogDetailModal.vue:370,frontend/src/components/Modals/CallLogDetailModal.vue:370,frontend/src/components/Modals/CallLogDetailModal.vue:358,client-js,,[],{0},,{0},ok,,,traducción propuesta,revisado inicial CRM,sí,sí,no,,reversión Lead; placeholder {0} preservado,,,
crm:abc1e9649edd6d96,crm,crm,src,src,,Src,Error occurred,Error occurred,,,,,Ocurrió un error,,,,,frontend/src/pages/Lead.vue:336,frontend/src/pages/Lead.vue:336 || frontend/src/pages/MobileDeal.vue:355,frontend/src/pages/MobileDeal.vue:355,client-js,,[],,,,,,,traducción propuesta,revisado inicial CRM,sí,sí,no,,'Error occurred' -> misma traducción MX.,Error Occurred,Ocurrió un error,
crm:d6288f84617d872b,crm,crm,src,src,,CRM,Error syncing lead,Error syncing lead,,,,,Error al sincronizar el Lead,,,,,frontend/src/components/Settings/LeadSyncing/FailureLogs.vue:139,frontend/src/components/Settings/LeadSyncing/FailureLogs.vue:139,,client-js,,[],,,,,,,traducción propuesta,aprobado (lote crm 1.81.2),sí,,,,lote crm 1.81.2: reusar de Error Syncing Lead,,,"POT-only: en el universo fresco, sin traducir"
crm:712b1ead7fbef217,crm,crm,src,src,,Src,Error syncing leads,Error syncing leads,,,,,Error al sincronizar los Leads,,,,,frontend/src/components/Settings/LeadSyncing/LeadSyncSourceForm.vue:386,frontend/src/components/Settings/LeadSyncing/LeadSyncSourceForm.vue:386,frontend/src/components/Settings/LeadSyncing/LeadSyncSourceForm.vue:384,client-js,,[],,,,,,,traducción propuesta,revisado inicial CRM,sí,no,sí,,Leads protegido en inglés.,Leads,Leads,
crm:5db95b7bda493c39,crm,crm,src,src,,Src,Error updating field,Error updating field,,,,,Error al actualizar el campo,,,,,frontend/src/pages/Deal.vue:767,frontend/src/pages/Deal.vue:767 || frontend/src/pages/Lead.vue:499 || frontend/src/pages/MobileDeal.vue:623 || frontend/src/pages/MobileLead.vue:364,frontend/src/pages/Deal.vue:766 || frontend/src/pages/Lead.vue:498 || frontend/src/pages/MobileDeal.vue:619 || frontend/src/pages/MobileLead.vue:360,client-js,,[],,,,,,,traducción propuesta,revisado inicial CRM,sí,sí,no,,,,,
crm:59420ebf9e3aaad9,crm,crm,src,src,,CRM,Error updating lead sync source,Error updating lead sync source,,,,,Error al actualizar el Lead Sync Source,,,,,frontend/src/components/Settings/LeadSyncing/LeadSyncSourceForm.vue:275,frontend/src/components/Settings/LeadSyncing/LeadSyncSourceForm.vue:275,,client-js,,[],,,,,,,traducción propuesta,aprobado (lote crm 1.81.2),sí,,,,lote crm 1.81.2: reusar de Error updating Lead Sync Source,,,"POT-only: en el universo fresco, sin traducir"
crm:6c721a673a5f8773,crm,crm,lead_syncing,lead_syncing,,Lead_Syncing,Every 10 Minutes,Every 10 Minutes,,,,,Cada 10 minutos,,Option for the 'Background Sync Frequency' (Select) field in DocType 'Lead Sync Source',opción de campo select,,crm/lead_syncing/doctype/lead_sync_source/lead_sync_source.json,crm/lead_syncing/doctype/lead_sync_source/lead_sync_source.json,crm/lead_syncing/doctype/lead_sync_source/lead_sync_source.json,doctype-json,Lead Sync Source,"[""Option for the 'Background Sync Frequency' (Select) field in DocType 'Lead Sync Source'""]",,,,,,,traducción propuesta,revisado inicial CRM,sí,sí,no,,Opción select.,,,
crm:a6839f9836be143c,crm,crm,lead_syncing,lead_syncing,,Lead_Syncing,Every 15 Minutes,Every 15 Minutes,,,,,Cada 15 minutos,,Option for the 'Background Sync Frequency' (Select) field in DocType 'Lead Sync Source',opción de campo select,,crm/lead_syncing/doctype/lead_sync_source/lead_sync_source.json,crm/lead_syncing/doctype/lead_sync_source/lead_sync_source.json,crm/lead_syncing/doctype/lead_sync_source/lead_sync_source.json,doctype-json,Lead Sync Source,"[""Option for the 'Background Sync Frequency' (Select) field in DocType 'Lead Sync Source'""]",,,,,,,traducción propuesta,revisado inicial CRM,sí,sí,no,,Opción select.,,,
crm:54e64e96a12d63bb,crm,crm,lead_syncing,lead_syncing,,Lead_Syncing,Every 5 Minutes,Every 5 Minutes,,,,,Cada 5 minutos,,Option for the 'Background Sync Frequency' (Select) field in DocType 'Lead Sync Source',opción de campo select,,crm/lead_syncing/doctype/lead_sync_source/lead_sync_source.json,crm/lead_syncing/doctype/lead_sync_source/lead_sync_source.json,crm/lead_syncing/doctype/lead_sync_source/lead_sync_source.json,doctype-json,Lead Sync Source,"[""Option for the 'Background Sync Frequency' (Select) field in DocType 'Lead Sync Source'""]",,,,,,,traducción propuesta,revisado inicial CRM,sí,sí,no,,Opción select.,,,
crm:b5780bb8d9e59a0f,crm,crm,fcrm,fcrm;src,sí,Fcrm,Exact,Exact,,,,,Exacto,,Option for the 'Timeline Timestamp Format' (Select) field in DocType 'FCRM Settings',opción de campo select,,crm/fcrm/doctype/fcrm_settings/fcrm_settings.json,crm/fcrm/doctype/fcrm_settings/fcrm_settings.json || frontend/src/components/Settings/GeneralSettings.vue:140,crm/fcrm/doctype/fcrm_settings/fcrm_settings.json || frontend/src/components/Settings/GeneralSettings.vue:140,doctype-json,Fcrm Settings,"[""Option for the 'Timeline Timestamp Format' (Select) field in DocType 'FCRM Settings'""]",,,,,,,traducción propuesta,revisado inicial CRM,sí,sí,no,,opción de formato de marca de tiempo,,,
crm:b7d8ad4a1484cf4a,crm,crm,src,src,,Src,Excel,Excel,,,Excel,,Excel,,,,,frontend/src/components/ViewControls.vue:282,frontend/src/components/ViewControls.vue:282 || frontend/src/components/ViewControls.vue:290,frontend/src/components/ViewControls.vue:282 || frontend/src/components/ViewControls.vue:290,client-js,,[],,,,,,,igual al inglés válida,revisado inicial CRM,sí,sí,no,,Nombre de producto; cross-app aprobado.,,,
crm:6119f15658fb3389,crm,crm,fcrm,fcrm,,Fcrm,Exchange Rate,Exchange Rate,,,Tipo de cambio,,Tipo de cambio,,Label of the exchange_rate (Float) field in DocType 'CRM Deal',etiqueta de campo/elemento,,crm/fcrm/doctype/crm_deal/crm_deal.json,crm/fcrm/doctype/crm_deal/crm_deal.json || crm/fcrm/doctype/crm_organization/crm_organization.json,crm/fcrm/doctype/crm_deal/crm_deal.json || crm/fcrm/doctype/crm_organization/crm_organization.json,doctype-json,Crm Deal,"[""Label of the exchange_rate (Float) field in DocType 'CRM Deal'"", ""Label of the exchange_rate (Float) field in DocType 'CRM Organization'""]",,,,,,,existente correcta,revisado inicial CRM,sí,sí,no,,Cross-app aprobado exacto.,Exchange Rate,Tipo de cambio,
crm:e17330e0b6e282e6,crm,crm,fcrm,fcrm;src,sí,Fcrm,Exchange Rate Provider,Exchange Rate Provider,,,,,Proveedor de tipo de cambio,,Label of the exchange_rate_provider_section (Section Break) field in DocType 'FCRM Settings',etiqueta de campo/elemento,,crm/fcrm/doctype/fcrm_settings/fcrm_settings.json,crm/fcrm/doctype/fcrm_settings/fcrm_settings.json || frontend/src/components/Settings/DashboardSettings.vue:99,crm/fcrm/doctype/fcrm_settings/fcrm_settings.json || frontend/src/components/Settings/DashboardSettings.vue:99,doctype-json,Fcrm Settings,"[""Label of the exchange_rate_provider_section (Section Break) field in DocType 'FCRM Settings'""]",,,,,,,traducción propuesta,revisado inicial CRM,sí,sí,no,,Exchange Rate->Tipo de cambio (crossapp),,,
crm:a8954959687dddd9,crm,crm,src,fcrm;src,sí,Src,Exotel,Exotel,,,,,Exotel,,Option for the 'Default Medium' (Select) field in DocType 'CRM Telephony Agent',opción de campo select,,crm/fcrm/doctype/crm_call_log/crm_call_log.json,crm/fcrm/doctype/crm_call_log/crm_call_log.json || crm/fcrm/doctype/crm_telephony_agent/crm_telephony_agent.json || frontend/src/components/Layouts/AppSidebar.vue:716 || frontend/src/components/Settings/Telephony/TelephonySettings.vue:180 || frontend/src/components/Settings/Telephony/TelephonySettings.vue:52,crm/fcrm/doctype/crm_call_log/crm_call_log.json || crm/fcrm/doctype/crm_telephony_agent/crm_telephony_agent.json || frontend/src/components/Layouts/AppSidebar.vue:632 || frontend/src/components/Settings/Telephony/TelephonySettings.vue:52 || frontend/src/components/Settings/Telephony/TelephonySettings.vue:180,doctype-json,Crm Call Log,"[""Option for the 'Default Medium' (Select) field in DocType 'CRM Telephony Agent'"", ""Option for the 'Telephony Medium' (Select) field in DocType 'CRM Call Log'""]",,,,,,,igual al inglés válida,revisado inicial CRM,sí,sí,no,,nombre propio de proveedor; cross-app aprobado,,,
crm:94d0e0359a415251,crm,crm,integrations,integrations,,Integrations,Exotel Exception,Exotel Exception,,,,,Excepción de Exotel,,,,,crm/integrations/exotel/handler.py:113,crm/integrations/exotel/handler.py:113,crm/integrations/exotel/handler.py:113,python,,[],,,,,,,traducción propuesta,revisado inicial CRM,sí,sí,no,,Exotel=nombre propio.,,,
crm:4387f574d771630a,crm,crm,src,src,,Src,Exotel Integration Disabled,Exotel Integration Disabled,,,,,Integración con Exotel deshabilitada,,,,,frontend/src/components/Settings/Telephony/ExotelSettings.vue:108,frontend/src/components/Settings/Telephony/ExotelSettings.vue:108,frontend/src/components/Settings/Telephony/ExotelSettings.vue:108,client-js,,[],,,,,,,traducción propuesta,revisado inicial CRM,sí,sí,no,,Exotel se preserva.,,,
crm:530ba379fbb91fa8,crm,crm,fcrm,fcrm;src,sí,Fcrm,Exotel Number,Exotel Number,,,,,Número de Exotel,,Label of the exotel_number (Data) field in DocType 'CRM Telephony Agent',etiqueta de campo/elemento,,crm/fcrm/doctype/crm_telephony_agent/crm_telephony_agent.json,crm/fcrm/doctype/crm_telephony_agent/crm_telephony_agent.json || frontend/src/components/Settings/Telephony/TelephonySettings.vue:99,crm/fcrm/doctype/crm_telephony_agent/crm_telephony_agent.json || frontend/src/components/Settings/Telephony/TelephonySettings.vue:99,doctype-json,Crm Telephony Agent,"[""Label of the exotel_number (Data) field in DocType 'CRM Telephony Agent'""]",,,,,,,traducción propuesta,revisado inicial CRM,sí,sí,no,,Exotel nombre propio preservado,,,
crm:6da432068d3af000,crm,crm,integrations,integrations,,Integrations,Exotel Number Missing,Exotel Number Missing,,,,,Falta el número de Exotel,,,,,crm/integrations/exotel/handler.py:84,crm/integrations/exotel/handler.py:84,crm/integrations/exotel/handler.py:84,python,,[],,,,,,,traducción propuesta,revisado inicial CRM,sí,sí,no,,Exotel=nombre propio.,,,
crm:d516e9631ac44ccf,crm,crm,integrations,integrations,,Integrations,Exotel Number {0} is not valid,Exotel Number {0} is not valid,,,,,El número de Exotel {0} no es válido,,,,,crm/integrations/exotel/handler.py:88,crm/integrations/exotel/handler.py:88,crm/integrations/exotel/handler.py:88,python,,[],{0},,{0},ok,,,traducción propuesta,revisado inicial CRM,sí,sí,no,,Placeholder {0} preservado. Exotel=nombre propio.,,,
crm:f0cfeea94c6f237c,crm,crm,src,src,,Src,Exotel Settings,Exotel Settings,,,,,Configuración de Exotel,,,,,frontend/src/components/Settings/Telephony/ExotelSettings.vue:8,frontend/src/components/Settings/Telephony/ExotelSettings.vue:8,frontend/src/components/Settings/Telephony/ExotelSettings.vue:8,client-js,,[],,,,,,,traducción propuesta,revisado inicial CRM,sí,sí,no,,Exotel se preserva.,,,
crm:e2a1e9baea0aa26c,crm,crm,src,src,,Src,Expand,Expand,,,Expandir,,Expandir,,,,,frontend/src/components/Layouts/AppSidebar.vue:138,frontend/src/components/Layouts/AppSidebar.vue:138,frontend/src/components/Layouts/AppSidebar.vue:120,client-js,,[],,,,,,,existente correcta,revisado inicial CRM,sí,sí,no,,Cross-app aprobado.,,,
crm:c2dc989ac4fe1741,crm,crm,fcrm,fcrm,,Fcrm,Expected Closure Date,Expected Closure Date,,,,,Fecha de cierre prevista,,Label of the expected_closure_date (Date) field in DocType 'CRM Deal',etiqueta de campo/elemento,,crm/fcrm/doctype/crm_deal/crm_deal.json,crm/fcrm/doctype/crm_deal/crm_deal.json,crm/fcrm/doctype/crm_deal/crm_deal.json,doctype-json,Crm Deal,"[""Label of the expected_closure_date (Date) field in DocType 'CRM Deal'""]",,,,,,,traducción propuesta,revisado inicial CRM,sí,sí,no,,,,,
crm:290cd681edba98eb,crm,crm,fcrm,fcrm,,Fcrm,Expected Deal Value,Expected Deal Value,,,,,Valor esperado del Deal,,Label of the expected_deal_value (Currency) field in DocType 'CRM Deal',etiqueta de campo/elemento,,crm/fcrm/doctype/crm_deal/crm_deal.json,crm/fcrm/doctype/crm_deal/crm_deal.json,crm/fcrm/doctype/crm_deal/crm_deal.json,doctype-json,Crm Deal,"[""Label of the expected_deal_value (Currency) field in DocType 'CRM Deal'""]",,,,,,,traducción propuesta,revisado inicial CRM,sí,no,sí,,Deal protegido en compuesto.,Deal,Deal,
crm:e68ebdcacb51f14a,crm,crm,fcrm,fcrm,,Fcrm,Expected closure date is required.,Expected closure date is required.,,,,,La fecha de cierre prevista es obligatoria.,,,,,crm/fcrm/doctype/crm_deal/crm_deal.py:253,crm/fcrm/doctype/crm_deal/crm_deal.py:253,crm/fcrm/doctype/crm_deal/crm_deal.py:253,doctype-controller,Crm Deal,[],,,,,,,traducción propuesta,revisado inicial CRM,sí,sí,no,,,,,
crm:932aab01ab619eec,crm,crm,fcrm,fcrm,,Fcrm,Expected deal value is required.,Expected deal value is required.,,,,,El valor esperado del Deal es obligatorio.,,,,,crm/fcrm/doctype/crm_deal/crm_deal.py:251,crm/fcrm/doctype/crm_deal/crm_deal.py:251,crm/fcrm/doctype/crm_deal/crm_deal.py:251,doctype-controller,Crm Deal,[],,,,,,,traducción propuesta,revisado inicial CRM,sí,no,sí,,Deal protegido.,Deal,Deal,
crm:bc10bc9da009220e,crm,crm,fcrm,fcrm,,Fcrm,Expired,Expired,,,Expirado,,Vencido,,Option for the 'Status' (Select) field in DocType 'CRM Invitation',opción de campo select,,crm/fcrm/doctype/crm_invitation/crm_invitation.json,crm/fcrm/doctype/crm_invitation/crm_invitation.json,crm/fcrm/doctype/crm_invitation/crm_invitation.json,doctype-json,Crm Invitation,"[""Option for the 'Status' (Select) field in DocType 'CRM Invitation'""]",,,,,,,existente mejorable,revisado inicial CRM,sí,sí,no,,Cross-app: Expired=Vencido. Corrijo 'Expirado'.,,,
crm:c662cb2893524c2c,crm,crm,src,src,,Src,Export,Export,,,Exportar,,Exportar,,,,,frontend/src/components/ViewControls.vue:215,frontend/src/components/ViewControls.vue:215 || frontend/src/components/ViewControls.vue:265,frontend/src/components/ViewControls.vue:215 || frontend/src/components/ViewControls.vue:265,client-js,,[],,,,,,,existente correcta,revisado inicial CRM,sí,sí,no,,Cross-app aprobado.,,,
crm:f226ce167f3a8154,crm,crm,src,src,,Src,Export Type,Export Type,,,Tipo de Exportación,,Tipo de Exportación,,,,,frontend/src/components/ViewControls.vue:278,frontend/src/components/ViewControls.vue:278,frontend/src/components/ViewControls.vue:278,client-js,,[],,,,,,,existente correcta,revisado inicial CRM,sí,sí,no,,Cross-app aprobado.,,,
crm:1a947f9c6622bbd4,crm,crm,src,src,,Src,Export all {0} record(s),Export all {0} record(s),,,,,Exportar los {0} registro(s),,,,,frontend/src/components/ViewControls.vue:296,frontend/src/components/ViewControls.vue:296,frontend/src/components/ViewControls.vue:296,client-js,,[],{0},,{0},ok,,,traducción propuesta,revisado inicial CRM,sí,sí,no,,Placeholder {0} preservado.,,,
crm:4aeef5de0e5cf06f,crm,crm,fcrm,fcrm,,Fcrm,FCRM Note,FCRM Note,,,,,Nota de FCRM,,Name of a DocType,nombre de DocType,,crm/fcrm/doctype/fcrm_note/fcrm_note.json,crm/fcrm/doctype/fcrm_note/fcrm_note.json,crm/fcrm/doctype/fcrm_note/fcrm_note.json,doctype-json,Fcrm Note,"[""Name of a DocType""]",,,,,,,traducción propuesta,revisado inicial CRM,sí,no,no,,nombre de DocType FCRM Note; Note->Nota,,,
crm:e2bbbc1582ed4985,crm,crm,fcrm,fcrm,,Fcrm,FCRM Settings,FCRM Settings,,,,,Configuración de FCRM,,Name of a DocType,nombre de DocType,,crm/fcrm/doctype/fcrm_settings/fcrm_settings.json,crm/fcrm/doctype/fcrm_settings/fcrm_settings.json,crm/fcrm/doctype/fcrm_settings/fcrm_settings.json,doctype-json,Fcrm Settings,"[""Name of a DocType""]",,,,,,,traducción propuesta,revisado inicial CRM,sí,sí,no,,nombre de DocType; FCRM sigla se conserva,,,
crm:953295d59e59e8d5,crm,crm,src,src,,Src,FROM,FROM,,,,,DE,,,,,frontend/src/components/EmailEditor.vue:16,frontend/src/components/EmailEditor.vue:16,frontend/src/components/EmailEditor.vue:25,client-js,,[],,,,,,,traducción propuesta,revisado inicial CRM,sí,sí,no,,Encabezado FROM del editor de correo; en mayúsculas por UI.,From,De,
crm:e763aeae64452f99,crm,crm,lead_syncing,lead_syncing,,Fcrm,Facebook,Facebook,,,Facebook,,Facebook,,Label of the facebook (Data) field in DocType 'CRM Deal',etiqueta de campo/elemento,,crm/lead_syncing/doctype/lead_sync_source/lead_sync_source.json,crm/lead_syncing/doctype/lead_sync_source/lead_sync_source.json,crm/lead_syncing/doctype/lead_sync_source/lead_sync_source.json,doctype-json,Lead Sync Source,"[""Label of the facebook_section (Section Break) field in DocType 'Lead Sync Source'"", ""Option for the 'Type' (Select) field in DocType 'Lead Sync Source'""]",,,,,,,igual al inglés válida,revisado inicial CRM,sí,sí,no,,Nombre propio; cross-app aprobado.,Facebook,Facebook,
crm:5bec0319dacf6b08,crm,crm,fcrm,fcrm,,Fcrm,Facebook Form ID,Facebook Form ID,,,,,ID de formulario de Facebook,,Label of the facebook_form_id (Data) field in DocType 'CRM Lead',etiqueta de campo/elemento,,crm/fcrm/doctype/crm_lead/crm_lead.json,crm/fcrm/doctype/crm_lead/crm_lead.json,crm/fcrm/doctype/crm_lead/crm_lead.json,doctype-json,Crm Lead,"[""Label of the facebook_form_id (Data) field in DocType 'CRM Lead'""]",,,,,,,traducción propuesta,revisado inicial CRM,sí,no,no,,Facebook Form ID; Facebook se conserva.,,,
crm:2663abb930a84cd4,crm,crm,lead_syncing,lead_syncing,,Lead_Syncing,Facebook Lead Form,Facebook Lead Form,,,,,Formulario de Lead de Facebook,,Label of the facebook_lead_form (Link) field in DocType 'Lead Sync Source',etiqueta de campo/elemento,,crm/lead_syncing/doctype/facebook_lead_form/facebook_lead_form.json,crm/lead_syncing/doctype/facebook_lead_form/facebook_lead_form.json || crm/lead_syncing/doctype/lead_sync_source/lead_sync_source.json,crm/lead_syncing/doctype/facebook_lead_form/facebook_lead_form.json || crm/lead_syncing/doctype/lead_sync_source/lead_sync_source.json,doctype-json,Facebook Lead Form,"[""Label of the facebook_lead_form (Link) field in DocType 'Lead Sync Source'"", ""Name of a DocType""]",,,,,,,traducción propuesta,revisado inicial CRM,sí,no,no,,"Facebook Lead Form; Lead protegido, Facebook se conserva.",,,
crm:e716db64f9794781,crm,crm,lead_syncing,lead_syncing,,Lead_Syncing,Facebook Lead Form Question,Facebook Lead Form Question,,,,,Pregunta del formulario de Lead de Facebook,,Name of a DocType,nombre de DocType,,crm/lead_syncing/doctype/facebook_lead_form_question/facebook_lead_form_question.json,crm/lead_syncing/doctype/facebook_lead_form_question/facebook_lead_form_question.json,crm/lead_syncing/doctype/facebook_lead_form_question/facebook_lead_form_question.json,doctype-json,Facebook Lead Form Question,"[""Name of a DocType""]",,,,,,,traducción propuesta,revisado inicial CRM + nombres DocType,sí,no,no,,"Nombre de DocType; Lead protegido, se conserva en inglés. | convención nombres DocType (etiqueta traducida + de CRM; Lead/Deal protegidos)",,,
crm:32595268ae279157,crm,crm,fcrm,fcrm,,Fcrm,Facebook Lead ID,Facebook Lead ID,,,,,ID de Lead de Facebook,,Label of the facebook_lead_id (Data) field in DocType 'CRM Lead',etiqueta de campo/elemento,,crm/fcrm/doctype/crm_lead/crm_lead.json,crm/fcrm/doctype/crm_lead/crm_lead.json,crm/fcrm/doctype/crm_lead/crm_lead.json,doctype-json,Crm Lead,"[""Label of the facebook_lead_id (Data) field in DocType 'CRM Lead'""]",,,,,,,traducción propuesta,revisado inicial CRM,sí,no,no,,Facebook Lead ID; Lead protegido en inglés.,,,
crm:3e2b9eafce602210,crm,crm,lead_syncing,lead_syncing,,Lead_Syncing,Facebook Page,Facebook Page,,,,,Página de Facebook,,Label of the facebook_page (Link) field in DocType 'Lead Sync Source',etiqueta de campo/elemento,,crm/lead_syncing/doctype/facebook_page/facebook_page.json,crm/lead_syncing/doctype/facebook_page/facebook_page.json || crm/lead_syncing/doctype/lead_sync_source/lead_sync_source.json,crm/lead_syncing/doctype/facebook_page/facebook_page.json || crm/lead_syncing/doctype/lead_sync_source/lead_sync_source.json,doctype-json,Facebook Page,"[""Label of the facebook_page (Link) field in DocType 'Lead Sync Source'"", ""Name of a DocType""]",,,,,,,traducción propuesta,revisado inicial CRM,sí,no,no,,Facebook Page; Facebook se conserva.,,,
crm:10a655bf300f10a5,crm,crm,src,src,,Src,Facebook/Instagram Ads,Facebook/Instagram Ads,,,,,Facebook/Instagram Ads,,,,,frontend/src/pages/PersonaForm.vue:74,frontend/src/pages/PersonaForm.vue:74,frontend/src/pages/PersonaForm.vue:74,client-js,,[],,,,,,,igual al inglés válida,revisado inicial CRM,sí,sí,no,,Nombres de producto; no se traducen.,,,
crm:8406de376180f14d,crm,crm,fcrm,fcrm;src,sí,Fcrm,Failed,Failed,,,Falló,,Falló,,Option for the 'SLA Status' (Select) field in DocType 'CRM Deal',opción de campo select,,crm/fcrm/doctype/crm_call_log/crm_call_log.json,crm/fcrm/doctype/crm_call_log/crm_call_log.json || crm/fcrm/doctype/crm_deal/crm_deal.json || crm/fcrm/doctype/crm_lead/crm_lead.json || crm/fcrm/doctype/crm_rolling_response_time/crm_rolling_response_time.json || frontend/src/utils/callLog.js:65,crm/fcrm/doctype/crm_call_log/crm_call_log.json || crm/fcrm/doctype/crm_deal/crm_deal.json || crm/fcrm/doctype/crm_lead/crm_lead.json || crm/fcrm/doctype/crm_rolling_response_time/crm_rolling_response_time.json || frontend/src/utils/callLog.js:65,doctype-json,Crm Call Log,"[""Option for the 'SLA Status' (Select) field in DocType 'CRM Deal'"", ""Option for the 'SLA Status' (Select) field in DocType 'CRM Lead'"", ""Option for the 'Status' (Select) field in DocType 'CRM Call Log'"", ""Option for the 'Status' (Select) field in DocType 'CRM Rolling Response Time'""]",,,,,,,existente correcta,revisado inicial CRM,sí,sí,no,,Cross-app aprobado: Failed->Falló.,,,
crm:553cbaecadbce5e6,crm,crm,lead_syncing,lead_syncing,,Lead_Syncing,Failed Lead Sync Log,Failed Lead Sync Log,,,,,Registro de sincronización de Lead fallida,,Name of a DocType,nombre de DocType,,crm/lead_syncing/doctype/failed_lead_sync_log/failed_lead_sync_log.json,crm/lead_syncing/doctype/failed_lead_sync_log/failed_lead_sync_log.json,crm/lead_syncing/doctype/failed_lead_sync_log/failed_lead_sync_log.json,doctype-json,Failed Lead Sync Log,"[""Name of a DocType""]",,,,,,,traducción propuesta,revisado inicial CRM + nombres DocType,sí,no,no,,"Nombre de DocType; Lead protegido, se conserva en inglés. | convención nombres DocType (etiqueta traducida + de CRM; Lead/Deal protegidos)",,,
crm:b645c5da24078d03,crm,crm,src,src,,Src,Failed to Add Users,Failed to Add Users,,,,,No se pudieron agregar usuarios,,,,,frontend/src/components/Modals/AddExistingUserModal.vue:109,frontend/src/components/Modals/AddExistingUserModal.vue:109,frontend/src/components/Modals/AddExistingUserModal.vue:111,client-js,,[],,,,,,,traducción propuesta,revisado inicial CRM,sí,sí,no,,,,,
crm:04d7589df79dbd7e,crm,crm,src,src,,Src,Failed to add reaction to the message,Failed to add reaction to the message,,,,,No se pudo agregar la reacción al mensaje,,,,,frontend/src/components/Activities/WhatsAppArea.vue:247,frontend/src/components/Activities/WhatsAppArea.vue:247,frontend/src/components/Activities/WhatsAppArea.vue:247,client-js,,[],,,,,,,traducción propuesta,revisado inicial CRM,sí,sí,no,,,,,
crm:2797c5684b1f84ca,crm,crm,integrations,integrations,,Integrations,Failed to capture Twilio recording,Failed to capture Twilio recording,,,,,No se pudo capturar la grabación de Twilio,,,,,crm/integrations/twilio/api.py:154,crm/integrations/twilio/api.py:154,crm/integrations/twilio/api.py:154,python,,[],,,,,,,traducción propuesta,revisado inicial CRM,sí,sí,no,,Twilio=nombre propio.,,,
crm:e58757fabb2e048a,crm,crm,src,src,,CRM,Failed to create email account: invalid credentials,Failed to create email account: invalid credentials,,,,,No se pudo crear la cuenta de correo; credenciales no válidas,,,,,frontend/src/components/Settings/EmailAdd.vue:149,frontend/src/components/Settings/EmailAdd.vue:149,,client-js,,[],,,,,,,traducción propuesta,aprobado (lote crm 1.81.2),sí,,,,"lote crm 1.81.2: reusar de Failed to create Email Account, Invalid credentials",,,"POT-only: en el universo fresco, sin traducir"
crm:69148b2cb68a86d3,crm,crm,src,src,,Src,Failed to create template,Failed to create template,,,,,No se pudo crear la plantilla,,,,,frontend/src/components/Settings/EmailTemplate/NewEmailTemplate.vue:180,frontend/src/components/Settings/EmailTemplate/NewEmailTemplate.vue:180,frontend/src/components/Settings/EmailTemplate/NewEmailTemplate.vue:180,client-js,,[],,,,,,,traducción propuesta,revisado inicial CRM,sí,sí,no,,Sin traducción upstream.,,,
crm:b7d97e6c65199f96,crm,crm,src,src,,Src,Failed to delete comment,Failed to delete comment,,,,,No se pudo eliminar el comentario,,,,,frontend/src/components/Activities/CommentArea.vue:144,frontend/src/components/Activities/CommentArea.vue:144,frontend/src/components/Activities/CommentArea.vue:144,client-js,,[],,,,,,,traducción propuesta,revisado inicial CRM,sí,sí,no,,,,,
crm:5be2a879571888f6,crm,crm,src,src,,Src,Failed to delete lead sync source,Failed to delete lead sync source,,,,,No se pudo eliminar el lead sync source,,,,,frontend/src/components/Settings/LeadSyncing/LeadSyncSources.vue:178,frontend/src/components/Settings/LeadSyncing/LeadSyncSources.vue:178,frontend/src/components/Settings/LeadSyncing/LeadSyncSources.vue:178,client-js,,[],,,,,,,traducción propuesta,revisado inicial CRM,sí,no,sí,,Nombre de DocType conservado en minúsculas como en msgid.,Lead,Lead,
crm:e50defe06e6cbbd3,crm,crm,src,src,,Src,Failed to delete note,Failed to delete note,,,,,No se pudo eliminar la nota,,,,,frontend/src/components/Activities/NoteArea.vue:75,frontend/src/components/Activities/NoteArea.vue:75,frontend/src/components/Activities/NoteArea.vue:75,client-js,,[],,,,,,,traducción propuesta,revisado inicial CRM,sí,sí,no,,,,,
crm:69ef93a9b3fdc846,crm,crm,src,src,,Src,Failed to delete template,Failed to delete template,,,,,No se pudo eliminar la plantilla,,,,,frontend/src/components/Settings/EmailTemplate/EmailTemplates.vue:217,frontend/src/components/Settings/EmailTemplate/EmailTemplates.vue:217,frontend/src/components/Settings/EmailTemplate/EmailTemplates.vue:217,client-js,,[],,,,,,,traducción propuesta,revisado inicial CRM,sí,sí,no,,,,,
crm:fb32830909858621,crm,crm,api,api,,Api,Failed to fetch exchange rate from {0} to {1} on {2}. Please check your internet connection or try again later.,Failed to fetch exchange rate from {0} to {1} on {2}. Please check your internet connection or try again later.,,,,,No se pudo obtener el tipo de cambio de {0} a {1} el {2}. Verifique su conexión a internet o inténtelo de nuevo más tarde.,,,,,crm/api/exchange_rate.py:155,crm/api/exchange_rate.py:155,crm/api/exchange_rate.py:155,python,,[],{0};{1};{2},,{0};{1};{2},ok,,,traducción propuesta,revisado inicial CRM,sí,sí,no,,Placeholders {0};{1};{2} preservados.,,,
crm:dc168a6d3da4a2b7,crm,crm,src,src,,Src,Failed to load fields layout,Failed to load fields layout,,,,,No se pudo cargar el diseño de campos,,,,,frontend/src/components/Modals/FieldLayoutDialog.vue:172,frontend/src/components/Modals/FieldLayoutDialog.vue:172,frontend/src/components/Modals/FieldLayoutDialog.vue:172,client-js,,[],,,,,,,traducción propuesta,revisado inicial CRM,sí,sí,no,,Layout=Diseño.,,,
crm:98f6efdf660f6361,crm,crm,src,src,,Src,Failed to load file-based form controller: {0},Failed to load file-based form controller: {0},,,,,No se pudo cargar el controlador de formulario basado en archivo: {0},,,,,frontend/src/data/script.js:150,frontend/src/data/script.js:150,frontend/src/data/script.js:150,client-js,,[],{0},,{0},ok,,,traducción propuesta,revisado inicial CRM,sí,sí,no,,Placeholder {0} preservado.,,,
crm:bde8f5972fcc1852,crm,crm,src,src,,Src,Failed to load form controller: {0},Failed to load form controller: {0},,,,,No se pudo cargar el controlador de formulario: {0},,,,,frontend/src/data/script.js:168,frontend/src/data/script.js:168,frontend/src/data/script.js:168,client-js,,[],{0},,{0},ok,,,traducción propuesta,revisado inicial CRM,sí,sí,no,,Placeholder {0} preservado.,,,
crm:7198ed2ddb007620,crm,crm,src,src,,Src,Failed to rename template,Failed to rename template,,,,,No se pudo cambiar el nombre de la plantilla,,,,,frontend/src/components/Settings/EmailTemplate/EditEmailTemplate.vue:238,frontend/src/components/Settings/EmailTemplate/EditEmailTemplate.vue:238,frontend/src/components/Settings/EmailTemplate/EditEmailTemplate.vue:239,client-js,,[],,,,,,,traducción propuesta,revisado inicial CRM,sí,sí,no,,,,,
crm:72408c64b6e9c9b8,crm,crm,src,src,,Src,Failed to save settings,Failed to save settings,,,,,No se pudo guardar la configuración,,,,,frontend/src/components/Settings/DefaultsSettings.vue:169,frontend/src/components/Settings/DefaultsSettings.vue:169 || frontend/src/components/Settings/ERPNextSettings.vue:510,frontend/src/components/Settings/DefaultsSettings.vue:169 || frontend/src/components/Settings/ERPNextSettings.vue:342,client-js,,[],,,,,,,traducción propuesta,revisado inicial CRM,sí,sí,no,,,,,
crm:91cfdc29660c609b,crm,crm,src,src,,Src,Failed to save workday: {0},Failed to save workday: {0},,,,,No se pudo guardar la jornada laboral: {0},,,,,frontend/src/components/Settings/Sla/WorkDayModal.vue:265,frontend/src/components/Settings/Sla/WorkDayModal.vue:265,frontend/src/components/Settings/Sla/WorkDayModal.vue:265,client-js,,[],{0},,{0},ok,,,traducción propuesta,revisado inicial CRM,sí,sí,no,,Placeholder {0} preservado; Workday->Jornada laboral.,,,
crm:9a89fe481e22ab24,crm,crm,src,src,,Src,Failed to send WhatsApp message,Failed to send WhatsApp message,,,,,No se pudo enviar el mensaje de WhatsApp,,,,,frontend/src/components/Activities/WhatsAppBox.vue:144,frontend/src/components/Activities/WhatsAppBox.vue:144,frontend/src/components/Activities/WhatsAppBox.vue:144,client-js,,[],,,,,,,traducción propuesta,revisado inicial CRM,sí,sí,no,,,,,
crm:8cc0ff48f579af03,crm,crm,src,src,,Src,Failed to send WhatsApp template,Failed to send WhatsApp template,,,,,No se pudo enviar la plantilla de WhatsApp,,,,,frontend/src/components/Activities/Activities.vue:612,frontend/src/components/Activities/Activities.vue:612,frontend/src/components/Activities/Activities.vue:604,client-js,,[],,,,,,,traducción propuesta,revisado inicial CRM,sí,sí,no,,,,,
crm:2ded07dfeeb6f2ac,crm,crm,src,src,,Src,Failed to send comment!,Failed to send comment!,,,,,No se pudo enviar el comentario.,,,,,frontend/src/components/CommunicationArea.vue:299,frontend/src/components/CommunicationArea.vue:299,frontend/src/components/CommunicationArea.vue:276,client-js,,[],,,,,,,traducción propuesta,revisado inicial CRM,sí,sí,no,,,,,
crm:a8f2c2c6acc750a0,crm,crm,src,src,,Src,Failed to send email!,Failed to send email!,,,,,No se pudo enviar el correo.,,,,,frontend/src/components/CommunicationArea.vue:277,frontend/src/components/CommunicationArea.vue:277,frontend/src/components/CommunicationArea.vue:260,client-js,,[],,,,,,,traducción propuesta,revisado inicial CRM,sí,sí,no,,,,,
crm:fad16f505408b7d1,crm,crm,src,src,,Src,Failed to start sync,Failed to start sync,,,,,No se pudo iniciar la sincronización,,,,,frontend/src/components/Settings/ERPNextSettings.vue:501,frontend/src/components/Settings/ERPNextSettings.vue:501,frontend/src/components/Settings/ERPNextSettings.vue:333,client-js,,[],,,,,,,traducción propuesta,revisado inicial CRM,sí,sí,no,,,,,
crm:9095df9f315e9f9a,crm,crm,integrations,integrations,,Integrations,Failed to update Twilio call status,Failed to update Twilio call status,,,,,No se pudo actualizar el estado de la llamada de Twilio,,,,,crm/integrations/twilio/api.py:181,crm/integrations/twilio/api.py:181,crm/integrations/twilio/api.py:181,python,,[],,,,,,,traducción propuesta,revisado inicial CRM,sí,sí,no,,Twilio=nombre propio.,,,
crm:7898b55c7db34ba6,crm,crm,src,src,,Src,Failed to update comment,Failed to update comment,,,,,No se pudo actualizar el comentario,,,,,frontend/src/components/Activities/CommentArea.vue:130,frontend/src/components/Activities/CommentArea.vue:130,frontend/src/components/Activities/CommentArea.vue:130,client-js,,[],,,,,,,traducción propuesta,revisado inicial CRM,sí,sí,no,,,,,
crm:48b469f52b10f3ac,crm,crm,src,src,,CRM,Failed to update email account: invalid credentials,Failed to update email account: invalid credentials,,,,,No se pudo actualizar la cuenta de correo; credenciales no válidas,,,,,frontend/src/components/Settings/EmailEdit.vue:216,frontend/src/components/Settings/EmailEdit.vue:216,,client-js,,[],,,,,,,traducción propuesta,aprobado (lote crm 1.81.2),sí,,,,"lote crm 1.81.2: reusar de Failed to update Email Account, Invalid credentials",,,"POT-only: en el universo fresco, sin traducir"
crm:42e20e54780e310b,crm,crm,src,src,,Src,Failed to update password,Failed to update password,,,Falló al actualizar contraseña,,No se pudo actualizar la contraseña,,,,,frontend/src/components/Modals/ChangePasswordModal.vue:106,frontend/src/components/Modals/ChangePasswordModal.vue:106,frontend/src/components/Modals/ChangePasswordModal.vue:106,client-js,,[],,,,,,,existente mejorable,revisado inicial CRM,sí,sí,no,,Cross-app aprobado (Failed to update password).,,,
crm:50b876012f5ca87f,crm,crm,src,src,,Src,Failed to update setting,Failed to update setting,,,,,No se pudo actualizar el ajuste,,,,,frontend/src/components/Settings/Hierarchy/Hierarchy.vue:290,frontend/src/components/Settings/Hierarchy/Hierarchy.vue:290,frontend/src/components/Settings/Hierarchy/Hierarchy.vue:290,client-js,,[],,,,,,,traducción propuesta,revisado inicial CRM,sí,sí,no,,Sin traducción upstream.,,,
crm:bb795ff0fb21fd92,crm,crm,src,src,,Src,Failed to update source,Failed to update source,,,,,No se pudo actualizar la fuente,,,,,frontend/src/components/Settings/LeadSyncing/LeadSyncSources.vue:163,frontend/src/components/Settings/LeadSyncing/LeadSyncSources.vue:163,frontend/src/components/Settings/LeadSyncing/LeadSyncSources.vue:163,client-js,,[],,,,,,,traducción propuesta,revisado inicial CRM,sí,sí,no,,,,,
crm:3b1eabb61a2de9eb,crm,crm,src,src,,Src,Failed to update template,Failed to update template,,,,,No se pudo actualizar la plantilla,,,,,frontend/src/components/Settings/EmailTemplate/EditEmailTemplate.vue:204,frontend/src/components/Settings/EmailTemplate/EditEmailTemplate.vue:204 || frontend/src/components/Settings/EmailTemplate/EmailTemplates.vue:202,frontend/src/components/Settings/EmailTemplate/EditEmailTemplate.vue:205 || frontend/src/components/Settings/EmailTemplate/EmailTemplates.vue:202,client-js,,[],,,,,,,traducción propuesta,revisado inicial CRM,sí,sí,no,,,,,
crm:bbde60248666ba29,crm,crm,lead_syncing,lead_syncing,,Lead_Syncing,Failure,Failure,,,Fracaso,,Error,,Option for the 'Type' (Select) field in DocType 'Failed Lead Sync Log',opción de campo select,,crm/lead_syncing/doctype/failed_lead_sync_log/failed_lead_sync_log.json,crm/lead_syncing/doctype/failed_lead_sync_log/failed_lead_sync_log.json,crm/lead_syncing/doctype/failed_lead_sync_log/failed_lead_sync_log.json,doctype-json,Failed Lead Sync Log,"[""Option for the 'Type' (Select) field in DocType 'Failed Lead Sync Log'""]",,,,,,,existente mejorable,revisado inicial CRM,sí,sí,no,,Cross-app aprobado: Failure->Error; upstream 'Fracaso' poco natural para un log técnico.,,,
crm:933ec2eedb4aae2a,crm,crm,src,src,,Src,Failure Logs,Failure Logs,,,,,Registros de fallos,,,,,frontend/src/components/Settings/LeadSyncing/LeadSyncSourceForm.vue:204,frontend/src/components/Settings/LeadSyncing/LeadSyncSourceForm.vue:204,frontend/src/components/Settings/LeadSyncing/LeadSyncSourceForm.vue:204,client-js,,[],,,,,,,traducción propuesta,revisado inicial CRM,sí,sí,no,,,,,
crm:a5bd3985e94302f3,crm,crm,fcrm,fcrm;src,sí,Fcrm,Favicon,Favicon,,,,,Favicon,,Label of the favicon (Attach) field in DocType 'FCRM Settings',etiqueta de campo/elemento,,crm/fcrm/doctype/fcrm_settings/fcrm_settings.json,crm/fcrm/doctype/fcrm_settings/fcrm_settings.json || frontend/src/components/Settings/BrandSettings.vue:97,crm/fcrm/doctype/fcrm_settings/fcrm_settings.json || frontend/src/components/Settings/BrandSettings.vue:97,doctype-json,Fcrm Settings,"[""Label of the favicon (Attach) field in DocType 'FCRM Settings'""]",,,,,,,igual al inglés válida,revisado inicial CRM,sí,sí,no,,crossapp Favicon->Favicon,,,
crm:019ea652e5d87deb,crm,crm,src,src,,Src,Field,Field,,,Campo,,Campo,,,,,frontend/src/components/ConditionsFilter/CFCondition.vue:39,frontend/src/components/ConditionsFilter/CFCondition.vue:39 || frontend/src/components/Modals/EditValueModal.vue:5,frontend/src/components/ConditionsFilter/CFCondition.vue:38 || frontend/src/components/Modals/EditValueModal.vue:5,client-js,,[],,,,,,,existente correcta,revisado inicial CRM,sí,sí,no,,cross-app aprobado: Field,,,
crm:341213b158f0a2ea,crm,crm,src,src,,Src,Fields Order,Fields Order,,,,,Orden de campos,,,,,frontend/src/components/Controls/GridFieldsEditorModal.vue:19,frontend/src/components/Controls/GridFieldsEditorModal.vue:19 || frontend/src/components/Kanban/KanbanSettings.vue:47,frontend/src/components/Controls/GridFieldsEditorModal.vue:19 || frontend/src/components/Kanban/KanbanSettings.vue:47,client-js,,[],,,,,,,traducción propuesta,revisado inicial CRM,sí,sí,no,,,,,
crm:bdf26195f6620d7e,crm,crm,src,src,,Src,"File ""{0}"" was skipped because of invalid file type","File ""{0}"" was skipped because of invalid file type",,,"Se ha omitido el archivo ""{0}"" debido a un tipo de archivo no válido",,"Se ha omitido el archivo ""{0}"" debido a un tipo de archivo no válido",,,,,frontend/src/components/FilesUploader/FilesUploaderArea.vue:334,frontend/src/components/FilesUploader/FilesUploaderArea.vue:334,frontend/src/components/FilesUploader/FilesUploaderArea.vue:334,client-js,,[],{0},{0},{0},ok,,,existente correcta,revisado inicial CRM,sí,sí,no,,Cross-app aprobado exacto; {0} preservado.,"File ""{0}"" was skipped because of invalid file type","Se ha omitido el archivo ""{0}"" debido a un tipo de archivo no válido",
crm:5c6cc355833f9dcd,crm,crm,src,src,,Src,"File ""{0}"" was skipped because only {1} uploads are allowed","File ""{0}"" was skipped because only {1} uploads are allowed",,,,,"Se omitió el archivo ""{0}"" porque solo se permiten {1} archivos",,,,,frontend/src/components/FilesUploader/FilesUploaderArea.vue:355,frontend/src/components/FilesUploader/FilesUploaderArea.vue:355,frontend/src/components/FilesUploader/FilesUploaderArea.vue:355,client-js,,[],{0};{1},,{0};{1},ok,,,traducción propuesta,revisado inicial CRM,sí,sí,no,,Placeholders {0};{1} preservados.,,,
crm:b75deae51a4f62e7,crm,crm,src,src,,Src,"File ""{0}"" was skipped because only {1} uploads are allowed for DocType ""{2}""","File ""{0}"" was skipped because only {1} uploads are allowed for DocType ""{2}""",,,,,"Se omitió el archivo ""{0}"" porque solo se permiten {1} archivos para el DocType ""{2}""",,,,,frontend/src/components/FilesUploader/FilesUploaderArea.vue:360,frontend/src/components/FilesUploader/FilesUploaderArea.vue:360,frontend/src/components/FilesUploader/FilesUploaderArea.vue:360,client-js,,[],{0};{1};{2},,{0};{1};{2},ok,,,traducción propuesta,revisado inicial CRM,sí,sí,no,,Placeholders {0};{1};{2} preservados; DocType conservado.,,,
crm:1860100bf48da2ee,crm,crm,src,src,,Src,"File ""{0}"" was skipped because size exceeds {1} MB","File ""{0}"" was skipped because size exceeds {1} MB",,,,,"Se omitió el archivo ""{0}"" porque el tamaño supera {1} MB",,,,,frontend/src/components/FilesUploader/FilesUploaderArea.vue:342,frontend/src/components/FilesUploader/FilesUploaderArea.vue:342,,client-js,,[],{0};{1},,{0};{1},ok,,,traducción propuesta,revisado inicial CRM,sí,sí,no,,Placeholders {0};{1} preservados.,,,"POT-only: en el universo fresco, sin traducir"
crm:c5e83a5d5a77ae69,crm,crm,src,src,,Src,Filter,Filter,,,Filtrar,,Filtrar,,,,,frontend/src/components/Filter.vue:6,frontend/src/components/Filter.vue:6,frontend/src/components/Filter.vue:6,client-js,,[],,,,,,,existente correcta,revisado inicial CRM,sí,sí,no,,cross-app Filter=Filtrar,,,
crm:be5b11f30e682ee3,crm,crm,fcrm,fcrm,,Fcrm,Filters,Filters,,,Filtros,,Filtros,,Label of the filters (Code) field in DocType 'CRM View Settings',etiqueta de campo/elemento,,crm/fcrm/doctype/crm_view_settings/crm_view_settings.json,crm/fcrm/doctype/crm_view_settings/crm_view_settings.json,crm/fcrm/doctype/crm_view_settings/crm_view_settings.json,doctype-json,Crm View Settings,"[""Label of the filters (Code) field in DocType 'CRM View Settings'"", ""Label of the filters_tab (Tab Break) field in DocType 'CRM View Settings'""]",,,,,,,existente correcta,revisado inicial CRM,sí,sí,no,,crossapp Filters->Filtros,,,
crm:9e2f5dfc13019e51,crm,crm,src,src,,Src,Finish,Finish,,,Terminar,,Terminar,,,,,frontend/src/components/Questionnaire.vue:96,frontend/src/components/Questionnaire.vue:96,frontend/src/components/Questionnaire.vue:96,client-js,,[],,,,,,,existente correcta,revisado inicial CRM,sí,sí,no,,Cross-app aprobado exacto.,Finish,Terminar,
crm:4afac1a334098ceb,crm,crm,src,fcrm;src,sí,Src,First Name,First Name,,,Nombre,,Nombre,,Label of the first_name (Data) field in DocType 'CRM Lead',etiqueta de campo/elemento,,crm/fcrm/doctype/crm_lead/crm_lead.json,crm/fcrm/doctype/crm_lead/crm_lead.json || frontend/src/components/ColumnSettings.vue:103 || frontend/src/components/Filter.vue:134 || frontend/src/components/Filter.vue:57 || frontend/src/components/Filter.vue:91 || frontend/src/components/SortBy.vue:102 || frontend/src/components/SortBy.vue:129 || frontend/src/components/SortBy.vue:6,crm/fcrm/doctype/crm_lead/crm_lead.json || frontend/src/components/ColumnSettings.vue:103 || frontend/src/components/Filter.vue:56 || frontend/src/components/Filter.vue:89 || frontend/src/components/Filter.vue:132 || frontend/src/components/SortBy.vue:6 || frontend/src/components/SortBy.vue:102 || frontend/src/components/SortBy.vue:136,doctype-json,Crm Lead,"[""Label of the first_name (Data) field in DocType 'CRM Lead'""]",,,,,,,existente correcta,revisado inicial CRM,sí,sí,no,,Cross-app aprobado: First Name->Nombre.,,,
crm:bb9bb47ff1e66c84,crm,crm,src,src,,Src,First Name is mandatory,First Name is mandatory,,,,,El nombre es obligatorio,,,,,frontend/src/components/Modals/LeadModal.vue:129,frontend/src/components/Modals/LeadModal.vue:129,frontend/src/components/Modals/LeadModal.vue:129,client-js,,[],,,,,,,traducción propuesta,revisado inicial CRM,sí,sí,no,,First Name=Nombre (cross-app); mandatorio->obligatorio.,Name is required,El nombre es obligatorio,
crm:5b326d393b3135a7,crm,crm,fcrm,fcrm,,Fcrm,First Responded On,First Responded On,,,Primera respuesta el,,Primera respuesta el,,Label of the first_responded_on (Datetime) field in DocType 'CRM Deal',etiqueta de campo/elemento,,crm/fcrm/doctype/crm_deal/crm_deal.json,crm/fcrm/doctype/crm_deal/crm_deal.json || crm/fcrm/doctype/crm_lead/crm_lead.json,crm/fcrm/doctype/crm_deal/crm_deal.json || crm/fcrm/doctype/crm_lead/crm_lead.json,doctype-json,Crm Deal,"[""Label of the first_responded_on (Datetime) field in DocType 'CRM Deal'"", ""Label of the first_responded_on (Datetime) field in DocType 'CRM Lead'""]",,,,,,,existente correcta,revisado inicial CRM,sí,sí,no,,Cross-app aprobado exacto.,First Responded On,Primera respuesta el,
crm:187328d385f7873e,crm,crm,fcrm,fcrm,,Fcrm,First Response Due,First Response Due,,,Primera respuesta pendiente,,Primera respuesta pendiente,,Option for the 'SLA Status' (Select) field in DocType 'CRM Deal',opción de campo select,,crm/fcrm/doctype/crm_deal/crm_deal.json,crm/fcrm/doctype/crm_deal/crm_deal.json || crm/fcrm/doctype/crm_lead/crm_lead.json,crm/fcrm/doctype/crm_deal/crm_deal.json || crm/fcrm/doctype/crm_lead/crm_lead.json,doctype-json,Crm Deal,"[""Option for the 'SLA Status' (Select) field in DocType 'CRM Deal'"", ""Option for the 'SLA Status' (Select) field in DocType 'CRM Lead'""]",,,,,,,existente correcta,revisado inicial CRM,sí,sí,no,,Cross-app aprobado exacto.,First Response Due,Primera respuesta pendiente,
crm:07cb01b7a7e288ba,crm,crm,fcrm,fcrm,,Fcrm,First Response TIme,First Response TIme,,,,,Tiempo de primera respuesta,,Label of the first_response_time (Duration) field in DocType 'CRM Service Level Priority',etiqueta de campo/elemento,,crm/fcrm/doctype/crm_service_level_priority/crm_service_level_priority.json,crm/fcrm/doctype/crm_service_level_priority/crm_service_level_priority.json,crm/fcrm/doctype/crm_service_level_priority/crm_service_level_priority.json,doctype-json,Crm Service Level Priority,"[""Label of the first_response_time (Duration) field in DocType 'CRM Service Level Priority'""]",,,,,,,traducción propuesta,revisado inicial CRM,sí,sí,no,,crossapp First Response Time->Tiempo de primera respuesta (msgid con typo 'TIme'),,,
crm:3568d6fa2252e5fc,crm,crm,fcrm,fcrm;src,sí,Fcrm,First Response Time,First Response Time,,,Tiempo de primera respuesta,,Tiempo de primera respuesta,,Label of the first_response_time (Duration) field in DocType 'CRM Deal',etiqueta de campo/elemento,,crm/fcrm/doctype/crm_deal/crm_deal.json,crm/fcrm/doctype/crm_deal/crm_deal.json || crm/fcrm/doctype/crm_lead/crm_lead.json || frontend/src/components/Settings/Sla/EditResponseResolutionModal.vue:17 || frontend/src/components/Settings/Sla/SlaPriorityList.vue:176,crm/fcrm/doctype/crm_deal/crm_deal.json || crm/fcrm/doctype/crm_lead/crm_lead.json || frontend/src/components/Settings/Sla/EditResponseResolutionModal.vue:17 || frontend/src/components/Settings/Sla/SlaPriorityList.vue:176,doctype-json,Crm Deal,"[""Label of the first_response_time (Duration) field in DocType 'CRM Deal'"", ""Label of the first_response_time (Duration) field in DocType 'CRM Lead'""]",,,,,,,existente correcta,revisado inicial CRM,sí,sí,no,,LOCKED preservado verbatim (cross-app aprobado).,First Response Time,Tiempo de primera respuesta,
crm:1fe10bf241cb3a0a,crm,crm,fcrm,fcrm,,Fcrm,First name,First name,,,,,Nombre,,Label of the first_name (Data) field in DocType 'CRM Deal',etiqueta de campo/elemento,,crm/fcrm/doctype/crm_deal/crm_deal.json,crm/fcrm/doctype/crm_deal/crm_deal.json,crm/fcrm/doctype/crm_deal/crm_deal.json,doctype-json,Crm Deal,"[""Label of the first_name (Data) field in DocType 'CRM Deal'""]",,,,,,,traducción propuesta,revisado inicial CRM,sí,sí,no,,First name -> Nombre (cross-app).,First Name,Nombre,
crm:17ee73adf574f08d,crm,crm,src,src,,Src,Float Precision,Float Precision,,,Factor de Redondeo,,Precisión de decimales,,,,,frontend/src/components/Settings/DefaultsSettings.vue:92,frontend/src/components/Settings/DefaultsSettings.vue:92,frontend/src/components/Settings/DefaultsSettings.vue:92,client-js,,[],,,,,,,existente mejorable,revisado inicial CRM,sí,sí,no,,Cross-app 'Float Precision'=Precisión de decimales; 'Factor de Redondeo' incorrecto.,crm:crossapp,Precisión de decimales,
crm:32ef59c40be4614d,crm,crm,src,src,,Src,Following up consistently,Following up consistently,,,,,Dar seguimiento con constancia,,,,,frontend/src/pages/PersonaForm.vue:91,frontend/src/pages/PersonaForm.vue:91,frontend/src/pages/PersonaForm.vue:91,client-js,,[],,,,,,,traducción propuesta,revisado inicial CRM,sí,sí,no,,,,,
crm:1648341eda854a36,crm,crm,src,src,,Src,For,For,,,por,,por,,,,,frontend/src/components/Settings/EmailTemplate/EditEmailTemplate.vue:47,frontend/src/components/Settings/EmailTemplate/EditEmailTemplate.vue:47 || frontend/src/components/Settings/EmailTemplate/EmailTemplates.vue:83 || frontend/src/components/Settings/EmailTemplate/NewEmailTemplate.vue:48,frontend/src/components/Settings/EmailTemplate/EditEmailTemplate.vue:48 || frontend/src/components/Settings/EmailTemplate/EmailTemplates.vue:83 || frontend/src/components/Settings/EmailTemplate/NewEmailTemplate.vue:48,client-js,,[],,,,,,,existente correcta,revisado inicial CRM,sí,sí,no,,Cross-app 'For'=por (contexto plantilla).,crm:crossapp,por,
crm:ef5c90f0d74706dc,crm,crm,src,src,,Src,Forecasted Revenue,Forecasted Revenue,,,,,Ingresos previstos,,,,,frontend/src/components/Dashboard/AddChartModal.vue:91,frontend/src/components/Dashboard/AddChartModal.vue:91,frontend/src/components/Dashboard/AddChartModal.vue:91,client-js,,[],,,,,,,traducción propuesta,revisado inicial CRM,sí,sí,no,,Revenue=Ingresos (cross-app),,,
crm:7ae750dd052c8218,crm,crm,api,api,,Api,Forecasted revenue,Forecasted revenue,,,,,Ingresos previstos,,,,,crm/api/dashboard.py:718,crm/api/dashboard.py:718,crm/api/dashboard.py:718,python,,[],,,,,,,traducción propuesta,revisado inicial CRM,sí,sí,no,,Forecasted revenue,,,
crm:cad3e05941dd76f6,crm,crm,fcrm,fcrm,,Fcrm,Form,Form,,,Formulario,,Formulario,,Option for the 'Apply To' (Select) field in DocType 'CRM Form Script',opción de campo select,,crm/fcrm/doctype/crm_form_script/crm_form_script.json,crm/fcrm/doctype/crm_form_script/crm_form_script.json,crm/fcrm/doctype/crm_form_script/crm_form_script.json,doctype-json,Crm Form Script,"[""Option for the 'Apply To' (Select) field in DocType 'CRM Form Script'""]",,,,,,,existente correcta,revisado inicial CRM,sí,sí,no,,Cross-app: Form=Formulario.,,,
crm:48ef8b65f651d0d4,crm,crm,lead_syncing,lead_syncing,,Lead_Syncing,Form Name,Form Name,,,,,Nombre del formulario,,Label of the form_name (Data) field in DocType 'Facebook Lead Form',etiqueta de campo/elemento,,crm/lead_syncing/doctype/facebook_lead_form/facebook_lead_form.json,crm/lead_syncing/doctype/facebook_lead_form/facebook_lead_form.json,crm/lead_syncing/doctype/facebook_lead_form/facebook_lead_form.json,doctype-json,Facebook Lead Form,"[""Label of the form_name (Data) field in DocType 'Facebook Lead Form'""]",,,,,,,traducción propuesta,revisado inicial CRM,sí,sí,no,,Form Name.,,,
crm:f5080f985d11d969,crm,crm,fcrm,fcrm,,Fcrm,Form Script updated successfully,Form Script updated successfully,,,,,Script del formulario actualizado correctamente,,,,,crm/fcrm/doctype/erpnext_crm_settings/erpnext_crm_settings.js:18,crm/fcrm/doctype/erpnext_crm_settings/erpnext_crm_settings.js:18,crm/fcrm/doctype/erpnext_crm_settings/erpnext_crm_settings.js:18,doctype-controller,Erpnext Crm Settings,[],,,,,,,traducción propuesta,revisado inicial CRM,sí,sí,no,,,,,
crm:82b947be24b5be94,crm,crm,fcrm,fcrm,,Fcrm,Frappe CRM,Frappe CRM,,,,,Frappe CRM,,Name of a Workspace,elemento de workspace,,crm/fcrm/workspace/frappe_crm/frappe_crm.json,crm/fcrm/workspace/frappe_crm/frappe_crm.json,crm/fcrm/workspace/frappe_crm/frappe_crm.json,workspace,,"[""Name of a Workspace""]",,,,,,,igual al inglés válida,revisado inicial CRM,sí,sí,no,,Cross-app: Frappe CRM=Frappe CRM (nombre de producto).,,,
crm:44ff4f720151c352,crm,crm,src,src,,Src,Frappe CRM mobile,Frappe CRM mobile,,,,,Frappe CRM móvil,,,,,frontend/src/components/Layouts/AppSidebar.vue:722,frontend/src/components/Layouts/AppSidebar.vue:722,frontend/src/components/Layouts/AppSidebar.vue:638,client-js,,[],,,,,,,traducción propuesta,revisado inicial CRM,sí,sí,no,,,,,
crm:7035c60f0ff4505d,crm,crm,src,src,,Src,Frappe Mail Site,Frappe Mail Site,,,Sitio Frappe Mail,,Sitio Frappe Mail,,,,,frontend/src/components/Settings/emailConfig.js:81,frontend/src/components/Settings/emailConfig.js:81,frontend/src/components/Settings/emailConfig.js:81,client-js,,[],,,,,,,existente correcta,revisado inicial CRM,sí,sí,no,,crossapp Frappe Mail Site->Sitio Frappe Mail,,,
crm:8f153ef0767a89d0,crm,crm,fcrm,fcrm,,Fcrm,Friday,Friday,,,Viernes,,Viernes,,Option for the 'Weekly Off' (Select) field in DocType 'CRM Holiday List',opción de campo select,,crm/fcrm/doctype/crm_holiday_list/crm_holiday_list.json,crm/fcrm/doctype/crm_holiday_list/crm_holiday_list.json || crm/fcrm/doctype/crm_service_day/crm_service_day.json,crm/fcrm/doctype/crm_holiday_list/crm_holiday_list.json || crm/fcrm/doctype/crm_service_day/crm_service_day.json,doctype-json,Crm Holiday List,"[""Option for the 'Weekly Off' (Select) field in DocType 'CRM Holiday List'"", ""Option for the 'Workday' (Select) field in DocType 'CRM Service Day'""]",,,,,,,existente correcta,revisado inicial CRM,sí,sí,no,,crossapp Friday->Viernes,,,
crm:7c7e35df45d42fee,crm,crm,fcrm,fcrm,,Fcrm,From,From,,,Desde,,De,,Label of the from (Data) field in DocType 'CRM Status Change Log',etiqueta de campo/elemento,,crm/fcrm/doctype/crm_status_change_log/crm_status_change_log.json,crm/fcrm/doctype/crm_status_change_log/crm_status_change_log.json,crm/fcrm/doctype/crm_status_change_log/crm_status_change_log.json,doctype-json,Crm Status Change Log,"[""Label of the from (Data) field in DocType 'CRM Status Change Log'""]",,,,,,,existente mejorable,revisado inicial CRM,sí,sí,no,,Campo 'from' del log (valor origen). Desde es adecuado. | convergencia global Gettext v0.3.0,,,
crm:583fc89499d83567,crm,crm,fcrm,fcrm,,Fcrm,From Date,From Date,,,Desde la fecha,,Desde la fecha,,Label of the from_date (Date) field in DocType 'CRM Holiday List',etiqueta de campo/elemento,,crm/fcrm/doctype/crm_holiday_list/crm_holiday_list.json,crm/fcrm/doctype/crm_holiday_list/crm_holiday_list.json || crm/fcrm/doctype/crm_status_change_log/crm_status_change_log.json,crm/fcrm/doctype/crm_holiday_list/crm_holiday_list.json || crm/fcrm/doctype/crm_status_change_log/crm_status_change_log.json,doctype-json,Crm Holiday List,"[""Label of the from_date (Date) field in DocType 'CRM Holiday List'"", ""Label of the from_date (Datetime) field in DocType 'CRM Status Change Log'""]",,,,,,,existente correcta,revisado inicial CRM,sí,sí,no,,crossapp From Date->Desde la fecha,,,
crm:3ce24f430150863b,crm,crm,fcrm,fcrm,,Fcrm,From Number,From Number,,,,,Número de origen,,Label of the from (Data) field in DocType 'CRM Call Log',etiqueta de campo/elemento,,crm/fcrm/doctype/crm_call_log/crm_call_log.json,crm/fcrm/doctype/crm_call_log/crm_call_log.json,crm/fcrm/doctype/crm_call_log/crm_call_log.json,doctype-json,Crm Call Log,"[""Label of the from (Data) field in DocType 'CRM Call Log'""]",,,,,,,traducción propuesta,revisado inicial CRM,sí,sí,no,,campo From (número de origen de la llamada),,,
crm:795697e83388b012,crm,crm,fcrm,fcrm,,Fcrm,From Type,From Type,,,,,Tipo de origen,,Label of the from_type (Data) field in DocType 'CRM Status Change Log',etiqueta de campo/elemento,,crm/fcrm/doctype/crm_status_change_log/crm_status_change_log.json,crm/fcrm/doctype/crm_status_change_log/crm_status_change_log.json,crm/fcrm/doctype/crm_status_change_log/crm_status_change_log.json,doctype-json,Crm Status Change Log,"[""Label of the from_type (Data) field in DocType 'CRM Status Change Log'""]",,,,,,,traducción propuesta,revisado inicial CRM,sí,sí,no,,From Type (tipo del valor de origen en el log).,,,
crm:79cbbbd008eee6a4,crm,crm,fcrm,fcrm,,Fcrm,From User,From User,,,Del usuario,,Del usuario,,Label of the from_user (Link) field in DocType 'CRM Notification',etiqueta de campo/elemento,,crm/fcrm/doctype/crm_notification/crm_notification.json,crm/fcrm/doctype/crm_notification/crm_notification.json,crm/fcrm/doctype/crm_notification/crm_notification.json,doctype-json,Crm Notification,"[""Label of the from_user (Link) field in DocType 'CRM Notification'""]",,,,,,,existente correcta,revisado inicial CRM,sí,sí,no,,cross-app aprobado: From User,,,
crm:e29c7fe397df8b29,crm,crm,fcrm,fcrm,,Fcrm,Fulfilled,Fulfilled,,,Cumplido,,Cumplido,,Option for the 'SLA Status' (Select) field in DocType 'CRM Deal',opción de campo select,,crm/fcrm/doctype/crm_deal/crm_deal.json,crm/fcrm/doctype/crm_deal/crm_deal.json || crm/fcrm/doctype/crm_lead/crm_lead.json || crm/fcrm/doctype/crm_rolling_response_time/crm_rolling_response_time.json,crm/fcrm/doctype/crm_deal/crm_deal.json || crm/fcrm/doctype/crm_lead/crm_lead.json || crm/fcrm/doctype/crm_rolling_response_time/crm_rolling_response_time.json,doctype-json,Crm Deal,"[""Option for the 'SLA Status' (Select) field in DocType 'CRM Deal'"", ""Option for the 'SLA Status' (Select) field in DocType 'CRM Lead'"", ""Option for the 'Status' (Select) field in DocType 'CRM Rolling Response Time'""]",,,,,,,existente correcta,revisado inicial CRM,sí,sí,no,,Cross-app aprobado exacto.,Fulfilled,Cumplido,
crm:819108f963210d9e,crm,crm,fcrm,fcrm,,Fcrm,Full Name,Full Name,,,Nombre completo,,Nombre completo,,Label of the full_name (Data) field in DocType 'CRM Contacts',etiqueta de campo/elemento,,crm/fcrm/doctype/crm_contacts/crm_contacts.json,crm/fcrm/doctype/crm_contacts/crm_contacts.json || crm/fcrm/doctype/crm_lead/crm_lead.json || crm/fcrm/doctype/crm_sales_hierarchy/crm_sales_hierarchy.json,crm/fcrm/doctype/crm_contacts/crm_contacts.json || crm/fcrm/doctype/crm_lead/crm_lead.json || crm/fcrm/doctype/crm_sales_hierarchy/crm_sales_hierarchy.json,doctype-json,Crm Contacts,"[""Label of the full_name (Data) field in DocType 'CRM Contacts'"", ""Label of the full_name (Data) field in DocType 'CRM Sales Hierarchy'"", ""Label of the lead_name (Data) field in DocType 'CRM Lead'""]",,,,,,,existente correcta,revisado inicial CRM,sí,sí,no,,crossapp aprobado.,,,
crm:5ef7764ca4566dea,crm,crm,src,src,,Src,Funnel Conversion,Funnel Conversion,,,,,Conversión del embudo,,,,,frontend/src/components/Dashboard/AddChartModal.vue:92,frontend/src/components/Dashboard/AddChartModal.vue:92,frontend/src/components/Dashboard/AddChartModal.vue:92,client-js,,[],,,,,,,traducción propuesta,revisado inicial CRM,sí,sí,no,,"Funnel=embudo (gráfico, no Pipeline)",,,
crm:5c15678a1eb0cdc0,crm,crm,api,api,,Api,Funnel conversion,Funnel conversion,,,,,Conversión del embudo,,,,,crm/api/dashboard.py:787,crm/api/dashboard.py:787,crm/api/dashboard.py:787,python,,[],,,,,,,traducción propuesta,revisado inicial CRM,sí,sí,no,,"Funnel (embudo de ventas, distinto de Pipeline)",,,
crm:f544a86d5a7c1c03,crm,crm,src,src,,Src,GMT+5:30,GMT+5:30,,,,,GMT+5:30,,,,,frontend/src/components/Calendar/CalendarEventPanel.vue:299,frontend/src/components/Calendar/CalendarEventPanel.vue:299,frontend/src/components/Calendar/CalendarEventPanel.vue:299,client-js,,[],,,,,,,igual al inglés válida,revisado inicial CRM,sí,sí,no,,"Código de zona horaria, no se traduce.",,,"PO-only: en es.po, ausente del POT fresco -> huérfana/obsoleta; NO usar sin validación"
crm:333fd389b737e2cf,crm,crm,fcrm,fcrm,,Fcrm,Gender,Gender,,,Género,,Género,,Label of the gender (Link) field in DocType 'CRM Contacts',etiqueta de campo/elemento,,crm/fcrm/doctype/crm_contacts/crm_contacts.json,crm/fcrm/doctype/crm_contacts/crm_contacts.json || crm/fcrm/doctype/crm_deal/crm_deal.json || crm/fcrm/doctype/crm_lead/crm_lead.json,crm/fcrm/doctype/crm_contacts/crm_contacts.json || crm/fcrm/doctype/crm_deal/crm_deal.json || crm/fcrm/doctype/crm_lead/crm_lead.json,doctype-json,Crm Contacts,"[""Label of the gender (Link) field in DocType 'CRM Contacts'"", ""Label of the gender (Link) field in DocType 'CRM Deal'"", ""Label of the gender (Link) field in DocType 'CRM Lead'""]",,,,,,,existente correcta,revisado inicial CRM,sí,sí,no,,crossapp aprobado.,,,
crm:7bb179831f9c9e5b,crm,crm,src,src,,Domain_Enrichment,General,General,,,General,,General,,Label of the general_tab (Tab Break) field in DocType 'CRM Enrichment Settings',etiqueta de campo/elemento,,frontend/src/components/Settings/Settings.vue:122,frontend/src/components/Settings/Settings.vue:122,frontend/src/components/Settings/Settings.vue:122,client-js,,[],,,,,,,existente correcta,revisado inicial CRM,sí,sí,no,,Cross-app aprobado: General->General. Corrige el estado upstream 'igual al inglés requiere revisión'.,,,
crm:6761bba56f68ff80,crm,crm,src,src,,Src,General Settings,General Settings,,,Configuración General,,Configuración General,,,,,frontend/src/components/Settings/GeneralSettings.vue:5,frontend/src/components/Settings/GeneralSettings.vue:5,frontend/src/components/Settings/GeneralSettings.vue:5,client-js,,[],,,,,,,existente correcta,revisado inicial CRM,sí,sí,no,,Crossapp aprobado: reuso exacto.,General Settings,Configuración General,
crm:4cb43a9e2585f524,crm,crm,api,api,,Api,Geographic distribution of deals and revenue,Geographic distribution of deals and revenue,,,,,Distribución geográfica de Deals e ingresos,,,,,crm/api/dashboard.py:1068,crm/api/dashboard.py:1068,crm/api/dashboard.py:1068,python,,[],,,,,,,traducción propuesta,revisado inicial CRM,sí,sí,no,,reversión Deals,,,
crm:8a13c3e7ae52b6fb,crm,crm,src,src,,Src,GitHub Repository,GitHub Repository,,,,,Repositorio de GitHub,,,,,frontend/src/components/Modals/AboutModal.vue:55,frontend/src/components/Modals/AboutModal.vue:55,frontend/src/components/Modals/AboutModal.vue:55,client-js,,[],,,,,,,traducción propuesta,revisado inicial CRM,sí,sí,no,,,,,
crm:3b67cd1f80d73fc9,crm,crm,src,src,,Src,Go Back,Go Back,,,Regresa,,Regresar,,,,,frontend/src/components/Settings/AssignmentRules/AssignmentRuleView.vue:577,frontend/src/components/Settings/AssignmentRules/AssignmentRuleView.vue:577,frontend/src/components/Settings/AssignmentRules/AssignmentRuleView.vue:582,client-js,,[],,,,,,,existente mejorable,revisado inicial CRM,sí,sí,no,,Cross-app 'Go Back'=Regresar; 'Regresa' es imperativo tú incorrecto.,crm:crossapp,Regresar,
crm:4cf2e2836eab298a,crm,crm,src,src,,Src,Go to Invite Page,Go to Invite Page,,,,,Ir a la página de invitación,,,,,frontend/src/components/Settings/AssignmentRules/AssigneeSearch.vue:158,frontend/src/components/Settings/AssignmentRules/AssigneeSearch.vue:158,frontend/src/components/Settings/AssignmentRules/AssigneeSearch.vue:158,client-js,,[],,,,,,,traducción propuesta,revisado inicial CRM,sí,sí,no,,,,,
crm:4506e64123535142,crm,crm,src,src,,Src,Go to Website,Go to Website,,,,,Ir al sitio web,,,,,frontend/src/pages/Deal.vue:104,frontend/src/pages/Deal.vue:104 || frontend/src/pages/Lead.vue:151,frontend/src/pages/Deal.vue:104 || frontend/src/pages/Lead.vue:151,client-js,,[],,,,,,,traducción propuesta,revisado inicial CRM,sí,sí,no,,,,,
crm:31cedf327e788adf,crm,crm,src,src,,Src,Google Ads,Google Ads,,,,,Google Ads,,,,,frontend/src/pages/PersonaForm.vue:75,frontend/src/pages/PersonaForm.vue:75,frontend/src/pages/PersonaForm.vue:75,client-js,,[],,,,,,,igual al inglés válida,revisado inicial CRM,sí,sí,no,,Nombre de producto; cross-app aprobado.,,,
crm:73c9e8efbaafcad7,crm,crm,src,src,,Src,Greater than,Greater than,,,,,Mayor que,,,,,frontend/src/components/Filter.vue:392,frontend/src/components/Filter.vue:392,frontend/src/components/Filter.vue:366,client-js,,[],,,,,,,traducción propuesta,revisado inicial CRM,sí,sí,no,,operador de filtro,,,
crm:ad32ae6fbd9203c3,crm,crm,src,src,,Src,Greater than or equal to,Greater than or equal to,,,,,Mayor o igual que,,,,,frontend/src/components/Filter.vue:394,frontend/src/components/Filter.vue:394,frontend/src/components/Filter.vue:368,client-js,,[],,,,,,,traducción propuesta,revisado inicial CRM,sí,sí,no,,operador de filtro,,,
crm:fd3debaf315d7c87,crm,crm,fcrm,fcrm,,Fcrm,Grid Row,Grid Row,,,,,Fila de cuadrícula,,Option for the 'Type' (Select) field in DocType 'CRM Fields Layout',opción de campo select,,crm/fcrm/doctype/crm_fields_layout/crm_fields_layout.json,crm/fcrm/doctype/crm_fields_layout/crm_fields_layout.json,crm/fcrm/doctype/crm_fields_layout/crm_fields_layout.json,doctype-json,Crm Fields Layout,"[""Option for the 'Type' (Select) field in DocType 'CRM Fields Layout'""]",,,,,,,traducción propuesta,revisado inicial CRM,sí,sí,no,,Grid Row: opción de tipo de layout.,,,
crm:0ab7ae01015c239f,crm,crm,src,fcrm;src,sí,Src,Group By,Group By,,,Agrupar por,,Agrupar por,,Label of the group_by_tab (Tab Break) field in DocType 'CRM View Settings',etiqueta de campo/elemento,,crm/fcrm/doctype/crm_view_settings/crm_view_settings.json,crm/fcrm/doctype/crm_view_settings/crm_view_settings.json || frontend/src/components/ViewControls.vue:386 || frontend/src/components/ViewControls.vue:621 || frontend/src/utils/view.js:16,crm/fcrm/doctype/crm_view_settings/crm_view_settings.json || frontend/src/components/ViewControls.vue:387 || frontend/src/components/ViewControls.vue:619 || frontend/src/utils/view.js:16,doctype-json,Crm View Settings,"[""Label of the group_by_tab (Tab Break) field in DocType 'CRM View Settings'""]",,,,,,,existente correcta,revisado inicial CRM,sí,sí,no,,crossapp Group By->Agrupar por,,,
crm:762a0ab8830ee649,crm,crm,fcrm,fcrm,,Fcrm,Group By Field,Group By Field,,,,,Campo de agrupación,,Label of the group_by_field (Data) field in DocType 'CRM View Settings',etiqueta de campo/elemento,,crm/fcrm/doctype/crm_view_settings/crm_view_settings.json,crm/fcrm/doctype/crm_view_settings/crm_view_settings.json,crm/fcrm/doctype/crm_view_settings/crm_view_settings.json,doctype-json,Crm View Settings,"[""Label of the group_by_field (Data) field in DocType 'CRM View Settings'""]",,,,,,,traducción propuesta,revisado inicial CRM,sí,sí,no,,crossapp Group By Field->Campo de agrupación,,,
crm:a1d317609f1d0d97,crm,crm,src,src,,Src,Group By: ,Group By: ,,,Agrupar por: ,,Agrupar por: ,,,,,frontend/src/components/GroupBy.vue:12,frontend/src/components/GroupBy.vue:12,frontend/src/components/GroupBy.vue:8,client-js,,[],,,,,,,existente correcta,revisado inicial CRM,sí,sí,no,,cross-app Group By; preserva espacio final,,,
crm:3aaed8c4284ddf49,crm,crm,src,src,,Src,Hang Up,Hang Up,,,,,Colgar,,,,,frontend/src/components/Telephony/TwilioCallUI.vue:63,frontend/src/components/Telephony/TwilioCallUI.vue:63,frontend/src/components/Telephony/TwilioCallUI.vue:63,client-js,,[],,,,,,,traducción propuesta,revisado inicial CRM,sí,sí,no,,telefonía: Hang Up,,,
crm:dc9adad2a32cdba9,crm,crm,src,src,,Src,Help,Help,,,Ayuda,,Ayuda,,,,,frontend/src/components/Layouts/AppSidebar.vue:130,frontend/src/components/Layouts/AppSidebar.vue:130,frontend/src/components/Layouts/AppSidebar.vue:106,client-js,,[],,,,,,,existente correcta,revisado inicial CRM,sí,sí,no,,Cross-app aprobado.,,,
crm:683efa5a934001dd,crm,crm,src,src,,CRM,"Hi John, 

Can you please provide more details on this...","Hi John, 

Can you please provide more details on this...",,,,,"Hola John, 

¿Podría darme más detalles sobre esto...",,,,,frontend/src/components/CommunicationArea.vue:56,frontend/src/components/CommunicationArea.vue:56,,client-js,,[],,,,,,,traducción propuesta,aprobado (lote crm 1.81.2),sí,,,,lote crm 1.81.2: nueva,,,"POT-only: en el universo fresco, sin traducir"
crm:8484657c1bb42cb7,crm,crm,src,src,,Src,"Hi John, \n\nCan you please provide more details on this...","Hi John, \n\nCan you please provide more details on this...",,,,,"Hola John, \n\n¿Puede darme más detalles sobre esto...",,,,,frontend/src/components/CommunicationArea.vue:56,frontend/src/components/CommunicationArea.vue:56,frontend/src/components/CommunicationArea.vue:56,client-js,,[],,,,,,,traducción propuesta,revisado inicial CRM + pase dirigido,sí,,,,registro: 'Puedes' -> 'Puede'. Placeholders \n\n conservados.,,,
crm:b0684637c2265486,crm,crm,fcrm,fcrm,,Fcrm,Hidden,Hidden,,,Oculto,,Oculto,,Label of the hidden (Check) field in DocType 'CRM Dropdown Item',etiqueta de campo/elemento,,crm/fcrm/doctype/crm_dropdown_item/crm_dropdown_item.json,crm/fcrm/doctype/crm_dropdown_item/crm_dropdown_item.json,crm/fcrm/doctype/crm_dropdown_item/crm_dropdown_item.json,doctype-json,Crm Dropdown Item,"[""Label of the hidden (Check) field in DocType 'CRM Dropdown Item'""]",,,,,,,existente correcta,revisado inicial CRM,sí,sí,no,,Cross-app: Hidden=Oculto.,,,
crm:ab5e46461307cb78,crm,crm,src,src,,Src,Hide,Hide,,,Esconder,,Ocultar,,,,,frontend/src/components/Activities/Activities.vue:246,frontend/src/components/Activities/Activities.vue:246,frontend/src/components/Activities/Activities.vue:249,client-js,,[],,,,,,,existente mejorable,revisado inicial CRM,sí,sí,no,,crossapp 'Hide'->'Ocultar'; 'Esconder' menos natural en UI.,,,
crm:cefdb2b26e804e7d,crm,crm,src,src,,Src,Hide Border,Hide Border,,,Ocultar borde,,Ocultar borde,,,,,frontend/src/components/FieldLayoutEditor.vue:472,frontend/src/components/FieldLayoutEditor.vue:472,frontend/src/components/FieldLayoutEditor.vue:475,client-js,,[],,,,,,,existente correcta,revisado inicial CRM,sí,sí,no,,cross-app Hide Border=Ocultar borde,,,
crm:2de4f60a99cf41e0,crm,crm,src,src,,Src,Hide Label,Hide Label,,,Ocultar etiqueta,,Ocultar etiqueta,,,,,frontend/src/components/FieldLayoutEditor.vue:467,frontend/src/components/FieldLayoutEditor.vue:467,frontend/src/components/FieldLayoutEditor.vue:470,client-js,,[],,,,,,,existente correcta,revisado inicial CRM,sí,sí,no,,cross-app Hide Label=Ocultar etiqueta,,,
crm:54da24c0196afa22,crm,crm,src,src,,Src,Hide Password,Hide Password,,,,,Ocultar contraseña,,,,,frontend/src/components/Controls/Password.vue:19,frontend/src/components/Controls/Password.vue:19,frontend/src/components/Controls/Password.vue:19,client-js,,[],,,,,,,traducción propuesta,revisado inicial CRM,sí,sí,no,,,,,
crm:a85b4b3d7647846f,crm,crm,src,src,,Src,Hide Preview,Hide Preview,,,Ocultar vista previa,,Ocultar vista previa,,,,,frontend/src/components/Controls/GridRowFieldsModal.vue:20,frontend/src/components/Controls/GridRowFieldsModal.vue:20 || frontend/src/components/Modals/DataFieldsModal.vue:20 || frontend/src/components/Modals/QuickEntryModal.vue:20 || frontend/src/components/Modals/SidePanelModal.vue:20,frontend/src/components/Controls/GridRowFieldsModal.vue:20 || frontend/src/components/Modals/DataFieldsModal.vue:20 || frontend/src/components/Modals/QuickEntryModal.vue:20 || frontend/src/components/Modals/SidePanelModal.vue:20,client-js,,[],,,,,,,existente correcta,revisado inicial CRM,sí,sí,no,,cross-app,,,
crm:85298dd5ba064210,crm,crm,src,src,,Src,Hide Recording,Hide Recording,,,,,Ocultar grabación,,,,,frontend/src/components/Activities/CallArea.vue:66,frontend/src/components/Activities/CallArea.vue:66,frontend/src/components/Activities/CallArea.vue:66,client-js,,[],,,,,,,traducción propuesta,revisado inicial CRM,sí,sí,no,,,,,
crm:cc1869a624bfb980,crm,crm,fcrm,fcrm,,Fcrm,High,High,,,Alto,,Alta,,Option for the 'Priority' (Select) field in DocType 'CRM Task',opción de campo select,,crm/fcrm/doctype/crm_task/crm_task.json,crm/fcrm/doctype/crm_task/crm_task.json,crm/fcrm/doctype/crm_task/crm_task.json,doctype-json,Crm Task,"[""Option for the 'Priority' (Select) field in DocType 'CRM Task'""]",,,,,,,existente mejorable,revisado inicial CRM,sí,sí,no,,"cross-app aprobado: High->'Alta' (prioridad, femenino)",,,
crm:61f9ee4d8d7c19d3,crm,crm,fcrm,fcrm,,Fcrm,Holiday List,Holiday List,,,Lista de festividades,,Lista de festividades,,Label of the holiday_list (Link) field in DocType 'CRM Service Level Agreement',etiqueta de campo/elemento,,crm/fcrm/doctype/crm_service_level_agreement/crm_service_level_agreement.json,crm/fcrm/doctype/crm_service_level_agreement/crm_service_level_agreement.json,crm/fcrm/doctype/crm_service_level_agreement/crm_service_level_agreement.json,doctype-json,Crm Service Level Agreement,"[""Label of the holiday_list (Link) field in DocType 'CRM Service Level Agreement'""]",,,,,,,existente correcta,revisado inicial CRM,sí,sí,no,,crossapp Holiday List->Lista de festividades,,,
crm:0ef5475caebb801e,crm,crm,fcrm,fcrm,,Fcrm,Holiday List Name,Holiday List Name,,,Nombre de festividad,,Nombre de la lista de días festivos,,Label of the holiday_list_name (Data) field in DocType 'CRM Holiday List',etiqueta de campo/elemento,,crm/fcrm/doctype/crm_holiday_list/crm_holiday_list.json,crm/fcrm/doctype/crm_holiday_list/crm_holiday_list.json,crm/fcrm/doctype/crm_holiday_list/crm_holiday_list.json,doctype-json,Crm Holiday List,"[""Label of the holiday_list_name (Data) field in DocType 'CRM Holiday List'""]",,,,,,,existente mejorable,revisado inicial CRM,sí,sí,no,,LOCKED human_authored; preservado verbatim segun human_locked,crm:0ef5475caebb801e,Nombre de la lista de días festivos,
crm:60eff0b31cc785f6,crm,crm,fcrm,fcrm,,Fcrm,Holidays,Holidays,,,Vacaciones,,Vacaciones,,Label of the holidays (Table) field in DocType 'CRM Holiday List',etiqueta de campo/elemento,,crm/fcrm/doctype/crm_holiday_list/crm_holiday_list.json,crm/fcrm/doctype/crm_holiday_list/crm_holiday_list.json,crm/fcrm/doctype/crm_holiday_list/crm_holiday_list.json,doctype-json,Crm Holiday List,"[""Label of the holidays (Table) field in DocType 'CRM Holiday List'"", ""Label of the holidays_section (Section Break) field in DocType 'CRM Holiday List'""]",,,,,,,existente correcta,revisado inicial CRM,sí,sí,no,,crossapp Holidays->Vacaciones,,,
crm:a8ca766a66b3ea14,crm,crm,src,src,,Src,Home Actions,Home Actions,,,,,Acciones de inicio,,,,,frontend/src/components/Layouts/AppSidebar.vue:656,frontend/src/components/Layouts/AppSidebar.vue:656 || frontend/src/components/Settings/HomeActions.vue:7 || frontend/src/components/Settings/Settings.vue:204,frontend/src/components/Layouts/AppSidebar.vue:572 || frontend/src/components/Settings/HomeActions.vue:7 || frontend/src/components/Settings/Settings.vue:209,client-js,,[],,,,,,,traducción propuesta,revisado inicial CRM,sí,sí,no,,Encabezado de sección del sidebar.,,,
crm:cbe00168a42894ca,crm,crm,lead_syncing,lead_syncing,,Lead_Syncing,Hourly,Hourly,,,Cada Hora,,Cada hora,,Option for the 'Background Sync Frequency' (Select) field in DocType 'Lead Sync Source',opción de campo select,,crm/lead_syncing/doctype/lead_sync_source/lead_sync_source.json,crm/lead_syncing/doctype/lead_sync_source/lead_sync_source.json,crm/lead_syncing/doctype/lead_sync_source/lead_sync_source.json,doctype-json,Lead Sync Source,"[""Option for the 'Background Sync Frequency' (Select) field in DocType 'Lead Sync Source'""]",,,,,,,existente mejorable,revisado inicial CRM,sí,sí,no,,Glosario 'Hourly'=Cada hora (sin mayúscula intermedia).,,,
crm:533c391e988468a8,crm,crm,src,src,,Src,How are you managing your sales today?,How are you managing your sales today?,,,,,¿Cómo gestiona sus ventas actualmente?,,,,,frontend/src/pages/PersonaForm.vue:56,frontend/src/pages/PersonaForm.vue:56,frontend/src/pages/PersonaForm.vue:56,client-js,,[],,,,,,,traducción propuesta,revisado inicial CRM + pase dirigido,sí,,,,registro: 'gestionas tus' -> 'gestiona sus'.,,,
crm:d701e0786ae0efdb,crm,crm,src,src,,Src,How do new leads usually come to you?,How do new leads usually come to you?,,,,,¿Cómo suelen llegarte los nuevos Leads?,,,,,frontend/src/pages/PersonaForm.vue:70,frontend/src/pages/PersonaForm.vue:70,frontend/src/pages/PersonaForm.vue:70,client-js,,[],,,,,,,traducción propuesta,revisado inicial CRM,sí,sí,no,,Lead protegido en inglés.,,,
crm:16108fb087771509,crm,crm,src,src,,Src,How many people will use Frappe CRM?,How many people will use Frappe CRM?,,,,,¿Cuántas personas usarán Frappe CRM?,,,,,frontend/src/pages/PersonaForm.vue:108,frontend/src/pages/PersonaForm.vue:108,frontend/src/pages/PersonaForm.vue:108,client-js,,[],,,,,,,traducción propuesta,revisado inicial CRM,sí,sí,no,,,,,
crm:c07c50f12c2a43c1,crm,crm,fcrm,fcrm,,Fcrm,How timestamps are shown in the activity timeline for all users,How timestamps are shown in the activity timeline for all users,,,,,Cómo se muestran las marcas de tiempo en la cronología de actividad para todos los usuarios,,Description of the 'Timeline Timestamp Format' (Select) field in DocType 'FCRM Settings',descripción,,crm/fcrm/doctype/fcrm_settings/fcrm_settings.json,crm/fcrm/doctype/fcrm_settings/fcrm_settings.json,crm/fcrm/doctype/fcrm_settings/fcrm_settings.json,doctype-json,Fcrm Settings,"[""Description of the 'Timeline Timestamp Format' (Select) field in DocType 'FCRM Settings'""]",,,,,,,traducción propuesta,revisado inicial CRM,sí,sí,no,,,,,
crm:22683a714bd2a040,crm,crm,src,src,,Src,HubSpot,HubSpot,,,,,HubSpot,,,,,frontend/src/pages/PersonaForm.vue:60,frontend/src/pages/PersonaForm.vue:60,frontend/src/pages/PersonaForm.vue:60,client-js,,[],,,,,,,igual al inglés válida,revisado inicial CRM,sí,sí,no,,Nombre de producto; no se traduce.,,,
crm:9cda3972de8c96f7,crm,crm,src,src,,CRM,"I understand, add conditions","I understand, add conditions",,,,,"Entiendo, añadir condiciones",,,,,frontend/src/components/Settings/AssignmentRules/AssignmentRuleView.vue:199,frontend/src/components/Settings/AssignmentRules/AssignmentRuleView.vue:199 || frontend/src/components/Settings/AssignmentRules/AssignmentRuleView.vue:283 || frontend/src/components/Settings/Sla/SlaPolicyView.vue:151,,client-js,,[],,,,,,,traducción propuesta,aprobado (lote crm 1.81.2),sí,,,,"lote crm 1.81.2: reusar de I understand, Add Conditions | alineado a traducción existente (conflicto Gettext)",,,"POT-only: en el universo fresco, sin traducir"
crm:ce9cf913b6e96876,crm,crm,lead_syncing,fcrm;lead_syncing;src,sí,Lead_Syncing,ID,ID,,,Identificador,,ID,,Label of the id (Data) field in DocType 'CRM Call Log',etiqueta de campo/elemento,,crm/fcrm/doctype/crm_call_log/crm_call_log.json,crm/fcrm/doctype/crm_call_log/crm_call_log.json || crm/lead_syncing/doctype/facebook_lead_form/facebook_lead_form.json || crm/lead_syncing/doctype/facebook_lead_form_question/facebook_lead_form_question.json || crm/lead_syncing/doctype/facebook_page/facebook_page.json || frontend/src/components/Settings/ERPNextSettings.vue:408 || frontend/src/components/Settings/LeadSyncing/FailureLogs.vue:112,crm/fcrm/doctype/crm_call_log/crm_call_log.json || crm/lead_syncing/doctype/facebook_lead_form/facebook_lead_form.json || crm/lead_syncing/doctype/facebook_lead_form_question/facebook_lead_form_question.json || crm/lead_syncing/doctype/facebook_page/facebook_page.json || frontend/src/components/Settings/LeadSyncing/FailureLogs.vue:112,doctype-json,Crm Call Log,"[""Label of the id (Data) field in DocType 'CRM Call Log'"", ""Label of the id (Data) field in DocType 'Facebook Lead Form Question'"", ""Label of the id (Data) field in DocType 'Facebook Lead Form'"", ""Label of the id (Data) field in DocType 'Facebook Page'""]",,,,,,,igual al inglés válida,revisado inicial CRM,sí,sí,no,,cross-app aprobado: ID->ID (corrige 'Identificador'),,,
crm:3e42553799a873ab,crm,crm,fcrm,fcrm;src,sí,Fcrm,Icon,Icon,,,Icono,,Icono,,Label of the icon (Code) field in DocType 'CRM Dropdown Item',etiqueta de campo/elemento,,crm/fcrm/doctype/crm_dropdown_item/crm_dropdown_item.json,crm/fcrm/doctype/crm_dropdown_item/crm_dropdown_item.json || crm/fcrm/doctype/crm_view_settings/crm_view_settings.json || frontend/src/components/Modals/ViewModal.vue:27,crm/fcrm/doctype/crm_dropdown_item/crm_dropdown_item.json || crm/fcrm/doctype/crm_view_settings/crm_view_settings.json,doctype-json,Crm Dropdown Item,"[""Label of the icon (Code) field in DocType 'CRM Dropdown Item'"", ""Label of the icon (Data) field in DocType 'CRM View Settings'""]",,,,,,,existente correcta,revisado inicial CRM,sí,sí,no,,Cross-app: Icon=Icono.,,,
crm:7db71f97e0780849,crm,crm,src,src,,Src,"If enabled, a lead will be automatically created when an incoming email is received from an unknown contact.","If enabled, a lead will be automatically created when an incoming email is received from an unknown contact.",,,,,"Si se habilita, se creará automáticamente un Lead cuando se reciba un correo entrante de un contacto desconocido.",,,,,frontend/src/components/Settings/emailConfig.js:61,frontend/src/components/Settings/emailConfig.js:61,frontend/src/components/Settings/emailConfig.js:61,client-js,,[],,,,,,,traducción propuesta,revisado inicial CRM,sí,no,no,,Lead protegido en inglés,,,
crm:9151e27f64a2a744,crm,crm,src,src,,Src,"If enabled, all outgoing emails will be sent from this account. Note: Only one account can be default outgoing.","If enabled, all outgoing emails will be sent from this account. Note: Only one account can be default outgoing.",,,,,"Si se habilita, todos los correos salientes se enviarán desde esta cuenta. Nota: solo una cuenta puede ser la saliente predeterminada.",,,,,frontend/src/components/Settings/emailConfig.js:53,frontend/src/components/Settings/emailConfig.js:53,frontend/src/components/Settings/emailConfig.js:53,client-js,,[],,,,,,,traducción propuesta,revisado inicial CRM,sí,sí,no,,crossapp exacto,,,
crm:121265e9b5b243ed,crm,crm,src,src,,Src,"If enabled, all replies to your company (eg: replies@yourcompany.com) will come to this account. Note: Only one account can be default incoming.","If enabled, all replies to your company (eg: replies@yourcompany.com) will come to this account. Note: Only one account can be default incoming.",,,,,"Si se habilita, todas las respuestas a tu empresa (ej.: replies@tuempresa.com) llegarán a esta cuenta. Nota: solo una cuenta puede ser la entrante predeterminada.",,,,,frontend/src/components/Settings/emailConfig.js:45,frontend/src/components/Settings/emailConfig.js:45,frontend/src/components/Settings/emailConfig.js:45,client-js,,[],,,,,,,traducción propuesta,revisado inicial CRM,sí,sí,no,,crossapp exacto,,,
crm:daa5b75e48010520,crm,crm,src,src,,Src,"If enabled, emails will be pulled from this account.","If enabled, emails will be pulled from this account.",,,,,"Si se habilita, los correos se descargarán desde esta cuenta.",,,,,frontend/src/components/Settings/emailConfig.js:31,frontend/src/components/Settings/emailConfig.js:31,frontend/src/components/Settings/emailConfig.js:31,client-js,,[],,,,,,,traducción propuesta,revisado inicial CRM,sí,sí,no,,,,,
crm:f068051a556dd1c8,crm,crm,src,src,,Src,"If enabled, outgoing emails can be sent from this account.","If enabled, outgoing emails can be sent from this account.",,,,,"Si se habilita, se podrán enviar correos salientes desde esta cuenta.",,,,,frontend/src/components/Settings/emailConfig.js:37,frontend/src/components/Settings/emailConfig.js:37,frontend/src/components/Settings/emailConfig.js:37,client-js,,[],,,,,,,traducción propuesta,revisado inicial CRM,sí,sí,no,,crossapp exacto,,,
crm:b005f7364947962b,crm,crm,fcrm,fcrm,,Fcrm,Image,Image,,,Imagen,,Imagen,,Label of the image (Attach Image) field in DocType 'CRM Lead',etiqueta de campo/elemento,,crm/fcrm/doctype/crm_lead/crm_lead.json,crm/fcrm/doctype/crm_lead/crm_lead.json || crm/fcrm/doctype/crm_product/crm_product.json,crm/fcrm/doctype/crm_lead/crm_lead.json || crm/fcrm/doctype/crm_product/crm_product.json,doctype-json,Crm Lead,"[""Label of the image (Attach Image) field in DocType 'CRM Lead'"", ""Label of the image (Attach Image) field in DocType 'CRM Product'""]",,,,,,,existente correcta,revisado inicial CRM,sí,sí,no,,Cross-app aprobado: Image->Imagen.,,,
crm:701c33331b4fdb9c,crm,crm,src,src,,Src,Import,Import,,,Importar,,Importar,,,,,frontend/src/components/ViewControls.vue:203,frontend/src/components/ViewControls.vue:203,frontend/src/components/ViewControls.vue:203,client-js,,[],,,,,,,existente correcta,revisado inicial CRM,sí,sí,no,,Cross-app aprobado.,,,
crm:e04e922848441108,crm,crm,src,src,,Src,Import my existing data,Import my existing data,,,,,Importar mis datos existentes,,,,,frontend/src/pages/PersonaForm.vue:121,frontend/src/pages/PersonaForm.vue:121,frontend/src/pages/PersonaForm.vue:121,client-js,,[],,,,,,,traducción propuesta,revisado inicial CRM,sí,sí,no,,,,,
crm:fc629bbd9bba5987,crm,crm,src,src,,Src,In,In,,,En,,En,,,,,frontend/src/components/Filter.vue:303,frontend/src/components/Filter.vue:303 || frontend/src/components/Filter.vue:324 || frontend/src/components/Filter.vue:339 || frontend/src/components/Filter.vue:352 || frontend/src/components/Filter.vue:366,frontend/src/components/Filter.vue:277 || frontend/src/components/Filter.vue:298 || frontend/src/components/Filter.vue:313 || frontend/src/components/Filter.vue:326 || frontend/src/components/Filter.vue:340,client-js,,[],,,,,,,existente correcta,revisado inicial CRM,sí,sí,no,,cross-app In=En,,,
crm:c8f32653a234211b,crm,crm,fcrm,fcrm;src,sí,Fcrm,In Progress,In Progress,,,En Progreso,,En curso,,Option for the 'Status' (Select) field in DocType 'CRM Call Log',opción de campo select,,crm/fcrm/doctype/crm_call_log/crm_call_log.json,crm/fcrm/doctype/crm_call_log/crm_call_log.json || crm/fcrm/doctype/crm_task/crm_task.json || frontend/src/utils/callLog.js:70,crm/fcrm/doctype/crm_call_log/crm_call_log.json || crm/fcrm/doctype/crm_task/crm_task.json || frontend/src/utils/callLog.js:70,doctype-json,Crm Call Log,"[""Option for the 'Status' (Select) field in DocType 'CRM Call Log'"", ""Option for the 'Status' (Select) field in DocType 'CRM Task'""]",,,,,,,existente mejorable,revisado inicial CRM,sí,sí,no,,cross-app aprobado: In Progress->'En curso' (corrige 'En Progreso'),,,
crm:13b35061f7640961,crm,crm,src,src,,Src,In less than a minute,In less than a minute,,,,,En menos de un minuto,,,,,frontend/src/components/SLASection.vue:73,frontend/src/components/SLASection.vue:73,frontend/src/components/SLASection.vue:73,client-js,,[],,,,,,,traducción propuesta,revisado inicial CRM,sí,sí,no,,SLA.,,,
crm:aabacb42fd2fe5f5,crm,crm,src,src,,Src,Inbound Call,Inbound Call,,,,,Llamada entrante,,,,,frontend/src/components/Activities/CallArea.vue:31,frontend/src/components/Activities/CallArea.vue:31,frontend/src/components/Activities/CallArea.vue:31,client-js,,[],,,,,,,traducción propuesta,revisado inicial CRM,sí,sí,no,,crossapp aprobado.,,,
crm:4bc1755a9665c1ca,crm,crm,src,src,,Src,Inbox,Inbox,,,Bandeja de entrada,,Bandeja de entrada,,,,,frontend/src/components/Settings/EmailAccountCard.vue:42,frontend/src/components/Settings/EmailAccountCard.vue:42,frontend/src/components/Settings/EmailAccountCard.vue:42,client-js,,[],,,,,,,existente correcta,revisado inicial CRM,sí,sí,no,,Cross-app 'Inbox'.,crm:crossapp,Bandeja de entrada,
crm:33607d510e2226d7,crm,crm,fcrm,fcrm,,Fcrm,Incoming,Incoming,,,Entrante,,Entrante,,Option for the 'Type' (Select) field in DocType 'CRM Call Log',opción de campo select,,crm/fcrm/doctype/crm_call_log/crm_call_log.json,crm/fcrm/doctype/crm_call_log/crm_call_log.json,crm/fcrm/doctype/crm_call_log/crm_call_log.json,doctype-json,Crm Call Log,"[""Option for the 'Type' (Select) field in DocType 'CRM Call Log'""]",,,,,,,existente correcta,revisado inicial CRM,sí,sí,no,,cross-app aprobado: Incoming,,,
crm:41890013e48182ab,crm,crm,src,src,,Src,Incoming call...,Incoming call...,,,,,Llamada entrante...,,,,,frontend/src/components/Telephony/TwilioCallUI.vue:41,frontend/src/components/Telephony/TwilioCallUI.vue:41,frontend/src/components/Telephony/TwilioCallUI.vue:41,client-js,,[],,,,,,,traducción propuesta,revisado inicial CRM,sí,sí,no,,puntos suspensivos preservados,,,
crm:eeec19712cd0f84f,crm,crm,api,api,,Api,Incorrect current password. Please try again.,Incorrect current password. Please try again.,,,,,Contraseña actual incorrecta. Inténtelo de nuevo.,,,,,crm/api/user.py:32,crm/api/user.py:32,crm/api/user.py:32,python,,[],,,,,,,traducción propuesta,revisado inicial CRM,sí,sí,no,,Error de contraseña.,,,
crm:cb1aac9fd964a589,crm,crm,fcrm,fcrm,,Fcrm,Industries,Industries,,,,,Industrias,,Label of a shortcut in the Frappe CRM Workspace,etiqueta de campo/elemento,,crm/fcrm/workspace/frappe_crm/frappe_crm.json,crm/fcrm/workspace/frappe_crm/frappe_crm.json,crm/fcrm/workspace/frappe_crm/frappe_crm.json,workspace,Frappe CRM (Workspace),"[""Label of a shortcut in the Frappe CRM Workspace""]",,,,,,,traducción propuesta,revisado inicial CRM,sí,sí,no,,Industry->Industria.,,,
crm:838d700d5276536f,crm,crm,fcrm,fcrm,,Fcrm,Industry,Industry,,,Industria,,Industria,,Label of the industry (Data) field in DocType 'CRM Enrichment Run',etiqueta de campo/elemento,,crm/fcrm/doctype/crm_deal/crm_deal.json,crm/fcrm/doctype/crm_deal/crm_deal.json || crm/fcrm/doctype/crm_industry/crm_industry.json || crm/fcrm/doctype/crm_lead/crm_lead.json || crm/fcrm/doctype/crm_organization/crm_organization.json,crm/fcrm/doctype/crm_deal/crm_deal.json || crm/fcrm/doctype/crm_industry/crm_industry.json || crm/fcrm/doctype/crm_lead/crm_lead.json || crm/fcrm/doctype/crm_organization/crm_organization.json,doctype-json,Crm Deal,"[""Label of the industry (Data) field in DocType 'CRM Industry'"", ""Label of the industry (Link) field in DocType 'CRM Deal'"", ""Label of the industry (Link) field in DocType 'CRM Lead'"", ""Label of the industry (Link) field in DocType 'CRM Organization'""]",,,,,,,existente correcta,revisado inicial CRM,sí,sí,no,,Cross-app aprobado: Industry->Industria.,,,
crm:20909f85273bf14d,crm,crm,fcrm,fcrm;src,sí,Fcrm,Initiated,Initiated,,,Iniciado,,Iniciado,,Option for the 'Status' (Select) field in DocType 'CRM Call Log',opción de campo select,,crm/fcrm/doctype/crm_call_log/crm_call_log.json,crm/fcrm/doctype/crm_call_log/crm_call_log.json || frontend/src/utils/callLog.js:63,crm/fcrm/doctype/crm_call_log/crm_call_log.json || frontend/src/utils/callLog.js:63,doctype-json,Crm Call Log,"[""Option for the 'Status' (Select) field in DocType 'CRM Call Log'""]",,,,,,,existente correcta,revisado inicial CRM,sí,sí,no,,cross-app aprobado: Initiated,,,
crm:3e351f509ffb9745,crm,crm,src,src,,Src,Initiating call...,Initiating call...,,,,,Iniciando llamada...,,,,,frontend/src/components/Telephony/TwilioCallUI.vue:36,frontend/src/components/Telephony/TwilioCallUI.vue:36,frontend/src/components/Telephony/TwilioCallUI.vue:36,client-js,,[],,,,,,,traducción propuesta,revisado inicial CRM,sí,sí,no,,puntos suspensivos preservados,,,
crm:0fce3571b596cbfc,crm,crm,src,src,,Src,Insert Email Template,Insert Email Template,,,,,Insertar plantilla de correo,,,,,frontend/src/components/EmailEditor.vue:127,frontend/src/components/EmailEditor.vue:127,frontend/src/components/EmailEditor.vue:171,client-js,,[],,,,,,,traducción propuesta,revisado inicial CRM,sí,sí,no,,Email Template->Plantilla de correo electrónico (cross-app); abreviado a correo.,,,
crm:33c22dbe0526cf41,crm,crm,src,src,,Src,Insert Emoji,Insert Emoji,,,,,Insertar emoji,,,,,frontend/src/components/CommentBox.vue:63,frontend/src/components/CommentBox.vue:63 || frontend/src/components/EmailEditor.vue:156,frontend/src/components/CommentBox.vue:49 || frontend/src/components/EmailEditor.vue:147,client-js,,[],,,,,,,traducción propuesta,revisado inicial CRM,sí,sí,no,,acción UI,,,
crm:8213b65998179b34,crm,crm,src,src,,Src,Integration,Integration,,,,,Integración,,,,,frontend/src/components/Layouts/AppSidebar.vue:712,frontend/src/components/Layouts/AppSidebar.vue:712,frontend/src/components/Layouts/AppSidebar.vue:628,client-js,,[],,,,,,,traducción propuesta,revisado inicial CRM,sí,sí,no,,,,,
crm:1cc0c11c5b4dc333,crm,crm,integrations,integrations,,Integrations,Integration Not Enabled,Integration Not Enabled,,,,,Integración no habilitada,,,,,crm/integrations/exotel/handler.py:72,crm/integrations/exotel/handler.py:72,crm/integrations/exotel/handler.py:72,python,,[],,,,,,,traducción propuesta,revisado inicial CRM,sí,sí,no,,Mensaje de integración.,,,
crm:261a18eb6e0fca95,crm,crm,src,src,,Src,Integrations,Integrations,,,Integraciones,,Integraciones,,,,,frontend/src/components/Settings/Telephony/TelephonySettings.vue:144,frontend/src/components/Settings/Telephony/TelephonySettings.vue:144,frontend/src/components/Settings/Telephony/TelephonySettings.vue:144,client-js,,[],,,,,,,existente correcta,revisado inicial CRM,sí,sí,no,,crossapp Integrations->Integraciones,,,
crm:673942d3d0436975,crm,crm,src,src,,Src,Introduction,Introduction,,,Introducción,,Introducción,,,,,frontend/src/components/Layouts/AppSidebar.vue:643,frontend/src/components/Layouts/AppSidebar.vue:643 || frontend/src/components/Layouts/AppSidebar.vue:646,frontend/src/components/Layouts/AppSidebar.vue:559 || frontend/src/components/Layouts/AppSidebar.vue:562,client-js,,[],,,,,,,existente correcta,revisado inicial CRM,sí,sí,no,,Cross-app aprobado.,,,
crm:401d1e095d87edeb,crm,crm,fcrm,fcrm,,Fcrm,Invalid Account SID or Auth Token.,Invalid Account SID or Auth Token.,,,,,SID de cuenta o token de autenticación no válido.,,,,,crm/fcrm/doctype/crm_twilio_settings/crm_twilio_settings.py:57,crm/fcrm/doctype/crm_twilio_settings/crm_twilio_settings.py:57,crm/fcrm/doctype/crm_twilio_settings/crm_twilio_settings.py:57,doctype-controller,Crm Twilio Settings,[],,,,,,,traducción propuesta,revisado inicial CRM,sí,sí,no,,Account SID / Auth Token técnicos de Twilio.,,,
crm:b81f585ce641111d,crm,crm,src,src,,Src,Invalid Email Address,Invalid Email Address,,,,,Correo electrónico no válido,,,,,frontend/src/components/Modals/ContactModal.vue:110,frontend/src/components/Modals/ContactModal.vue:110,frontend/src/components/Modals/ContactModal.vue:110,client-js,,[],,,,,,,traducción propuesta,revisado inicial CRM,sí,sí,no,,crossapp: 'Invalid email address'.,,,
crm:8131ab810499ab64,crm,crm,src,src,,Src,Invalid Email or Password,Invalid Email or Password,,,,,Correo o contraseña no válidos,,,,,frontend/src/stores/session.js:22,frontend/src/stores/session.js:22,frontend/src/stores/session.js:22,client-js,,[],,,,,,,traducción propuesta,revisado inicial CRM,sí,sí,no,,Email->Correo (cross-app).,,,
crm:9f64ed077f571cee,crm,crm,integrations,integrations,,Integrations,Invalid Exotel Number,Invalid Exotel Number,,,,,Número de Exotel no válido,,,,,crm/integrations/exotel/handler.py:88,crm/integrations/exotel/handler.py:88,crm/integrations/exotel/handler.py:88,python,,[],,,,,,,traducción propuesta,revisado inicial CRM,sí,sí,no,,Exotel=nombre propio.,,,
crm:b8e59c0a21fe9daa,crm,crm,src,src,,Src,Invalid GeoJSON,Invalid GeoJSON,,,,,GeoJSON no válido,,,,,frontend/src/components/Controls/GeolocationControl.vue:122,frontend/src/components/Controls/GeolocationControl.vue:122,frontend/src/components/Controls/GeolocationControl.vue:122,client-js,,[],,,,,,,traducción propuesta,revisado inicial CRM,sí,sí,no,,GeoJSON es formato técnico,,,
crm:9aec96b604540bdc,crm,crm,integrations,integrations,,Integrations,Invalid Twilio account,Invalid Twilio account,,,,,Cuenta de Twilio no válida,,,,,crm/integrations/twilio/api.py:19,crm/integrations/twilio/api.py:19,crm/integrations/twilio/api.py:19,python,,[],,,,,,,traducción propuesta,revisado inicial CRM,sí,sí,no,,Twilio=nombre propio.,,,
crm:bd018e4f3f35f397,crm,crm,integrations,integrations,,Integrations,Invalid Twilio application,Invalid Twilio application,,,,,Aplicación de Twilio no válida,,,,,crm/integrations/twilio/api.py:24,crm/integrations/twilio/api.py:24,crm/integrations/twilio/api.py:24,python,,[],,,,,,,traducción propuesta,revisado inicial CRM,sí,sí,no,,Twilio=nombre propio.,,,
crm:81fbfddbb83d2f94,crm,crm,src,src,,Src,Invalid Website URL,Invalid Website URL,,,,,URL de sitio web no válida,,,,,frontend/src/utils/index.js:304,frontend/src/utils/index.js:304,frontend/src/utils/index.js:304,client-js,,[],,,,,,,traducción propuesta,revisado inicial CRM,sí,sí,no,,URL preservada.,,,
crm:a70bd2876bb68def,crm,crm,lead_syncing,lead_syncing,,Lead_Syncing,Invalid access token provided for Facebook.,Invalid access token provided for Facebook.,,,,,El token de acceso proporcionado para Facebook no es válido.,,,,,crm/lead_syncing/doctype/lead_sync_source/facebook.py:149,crm/lead_syncing/doctype/lead_sync_source/facebook.py:149,crm/lead_syncing/doctype/lead_sync_source/facebook.py:149,doctype-controller,Lead Sync Source,[],,,,,,,traducción propuesta,revisado inicial CRM,sí,no,no,,Facebook se conserva.,,,
crm:7c2ecf7ac46de1c0,crm,crm,api,api,,Api,Invalid chart name,Invalid chart name,,,,,Nombre de gráfico no válido,,,,,crm/api/dashboard.py:88,crm/api/dashboard.py:88,crm/api/dashboard.py:88,python,,[],,,,,,,traducción propuesta,revisado inicial CRM,sí,sí,no,,mensaje de error de dashboard,,,
crm:a252e92769c6563b,crm,crm,fcrm,fcrm,,Fcrm,Invalid credentials,Invalid credentials,,,,,Credenciales no válidas,,,,,crm/fcrm/doctype/crm_exotel_settings/crm_exotel_settings.py:42,crm/fcrm/doctype/crm_exotel_settings/crm_exotel_settings.py:42,crm/fcrm/doctype/crm_exotel_settings/crm_exotel_settings.py:42,doctype-controller,Crm Exotel Settings,[],,,,,,,traducción propuesta,revisado inicial CRM,sí,sí,no,,Mensaje de error.,,,
crm:d249d1874cf25c14,crm,crm,src,src,,Src,Invalid email ID,Invalid email ID,,,,,Correo electrónico no válido,,,,,frontend/src/components/Settings/emailConfig.js:185,frontend/src/components/Settings/emailConfig.js:185,frontend/src/components/Settings/emailConfig.js:185,client-js,,[],,,,,,,traducción propuesta,revisado inicial CRM,sí,sí,no,,crossapp Invalid email ID->Correo electrónico no válido,,,
crm:d7b543565c342a2a,crm,crm,src,src,,Src,Invalid email address,Invalid email address,,,,,Correo electrónico no válido,,,,,frontend/src/components/Modals/DealModal.vue:205,frontend/src/components/Modals/DealModal.vue:205 || frontend/src/components/Modals/LeadModal.vue:148,frontend/src/components/Modals/DealModal.vue:205 || frontend/src/components/Modals/LeadModal.vue:148,client-js,,[],,,,,,,traducción propuesta,revisado inicial CRM,sí,sí,no,,Cross-app aprobado exacto.,Invalid email address,Correo electrónico no válido,
crm:ea1892634034fe4c,crm,crm,api,api,,Api,Invalid field,Invalid field,,,,,Campo no válido,,,,,crm/api/contact.py:109,crm/api/contact.py:109 || crm/api/contact.py:81,crm/api/contact.py:81 || crm/api/contact.py:109,python,,[],,,,,,,traducción propuesta,revisado inicial CRM,sí,sí,no,,,,,
crm:0898d4c3a411594d,crm,crm,src,src,,Src,"Invalid fields, check if all are filled in and values are correct.","Invalid fields, check if all are filled in and values are correct.",,,,,Campos no válidos; verifique que todos estén completos y que los valores sean correctos.,,,,,frontend/src/components/Settings/Sla/SlaPolicyView.vue:403,frontend/src/components/Settings/Sla/SlaPolicyView.vue:403,frontend/src/components/Settings/Sla/SlaPolicyView.vue:390,client-js,,[],,,,,,,traducción propuesta,revisado inicial CRM,sí,sí,no,,Crossapp aprobado: reuso exacto.,"Invalid fields, check if all are filled in and values are correct.",Campos no válidos; verifique que todos estén completos y que los valores sean correctos.,
crm:67a3ad71e2cc0a32,crm,crm,src,src,,Src,Invalid fields: {0},Invalid fields: {0},,,,,Campos no válidos: {0},,,,,frontend/src/components/Settings/AssignmentRules/AssignmentRuleView.vue:626,frontend/src/components/Settings/AssignmentRules/AssignmentRuleView.vue:626,frontend/src/components/Settings/AssignmentRules/AssignmentRuleView.vue:631,client-js,,[],{0},,{0},ok,,,traducción propuesta,revisado inicial CRM,sí,sí,no,,{0} preservado.,,,
crm:dd36956316157669,crm,crm,src,src,,Src,"Invalid format. Try: 1 hour 30 minutes, 2 hours, 45 seconds, 1:30:45, 90s","Invalid format. Try: 1 hour 30 minutes, 2 hours, 45 seconds, 1:30:45, 90s",,,,,"Formato no válido. Pruebe: 1 hour 30 minutes, 2 hours, 45 seconds, 1:30:45, 90s",,,,,frontend/src/components/Controls/DurationInput.vue:94,frontend/src/components/Controls/DurationInput.vue:94,frontend/src/components/Controls/DurationInput.vue:94,client-js,,[],,,,,,,traducción propuesta,revisado inicial CRM,sí,sí,no,,ejemplos de sintaxis literal se preservan,,,
crm:29346a6cac518aa7,crm,crm,src,src,,Src,"Invalid format. Try: 1h 30m 45s, 1:30:45, 90s","Invalid format. Try: 1h 30m 45s, 1:30:45, 90s",,,,,"Formato no válido. Pruebe: 1h 30m 45s, 1:30:45, 90s",,,,,frontend/src/components/Controls/DurationInput.vue:97,frontend/src/components/Controls/DurationInput.vue:97,frontend/src/components/Controls/DurationInput.vue:97,client-js,,[],,,,,,,traducción propuesta,revisado inicial CRM,sí,sí,no,,sintaxis literal preservada,,,
crm:61f8738f2c571127,crm,crm,fcrm,fcrm,,Fcrm,Invalid lead details supplied.,Invalid lead details supplied.,,,,,Los datos del Lead proporcionados no son válidos.,,,,,crm/fcrm/doctype/crm_call_log/crm_call_log.py:269,crm/fcrm/doctype/crm_call_log/crm_call_log.py:269,crm/fcrm/doctype/crm_call_log/crm_call_log.py:269,doctype-controller,Crm Call Log,[],,,,,,,traducción propuesta,revisado inicial CRM,sí,sí,no,,reversión Lead: lead->Lead,,,
crm:3a879be493ba69aa,crm,crm,api,api;fcrm,sí,Api,Invalid or expired key,Invalid or expired key,,,,,Clave no válida o vencida,,,,,crm/api/__init__.py:85,crm/api/__init__.py:85 || crm/api/__init__.py:89 || crm/fcrm/doctype/crm_invitation/crm_invitation.py:63,crm/api/__init__.py:81 || crm/api/__init__.py:85 || crm/fcrm/doctype/crm_invitation/crm_invitation.py:61,python,,[],,,,,,,traducción propuesta,revisado inicial CRM,sí,sí,no,,Cross-app: Invalid or expired key=Clave no válida o vencida.,,,
crm:975f8cbfed8d9939,crm,crm,src,src,,Src,Invalid page or not permitted to access,Invalid page or not permitted to access,,,,,Página no válida o sin permiso de acceso,,,,,frontend/src/pages/InvalidPage.vue:6,frontend/src/pages/InvalidPage.vue:6,frontend/src/pages/InvalidPage.vue:6,client-js,,[],,,,,,,traducción propuesta,revisado inicial CRM,sí,sí,no,,Mensaje de página inválida.,,,
crm:2f4cade16abb56ac,crm,crm,integrations,integrations,,CRM,Invalid recording URL,Invalid recording URL,,,,,URL de grabación no válida,,,,,crm/integrations/api.py:176,crm/integrations/api.py:176 || crm/integrations/api.py:180 || crm/integrations/api.py:218,,python,,[],,,,,,,traducción propuesta,aprobado (lote crm 1.81.2),sí,,,,lote crm 1.81.2: nueva,,,"POT-only: en el universo fresco, sin traducir"
crm:c53b7d1743e516c9,crm,crm,src,src,,CRM,Invalid site URL,Invalid site URL,,,,,URL del sitio no válida,,,,,frontend/src/components/Settings/ERPNextSettings.vue:769,frontend/src/components/Settings/ERPNextSettings.vue:769,,client-js,,[],,,,,,,traducción propuesta,aprobado (lote crm 1.81.2),sí,,,,lote crm 1.81.2: reusar de Invalid Site URL,,,"POT-only: en el universo fresco, sin traducir"
crm:6d0b6b4fcad89477,crm,crm,src,src,,Src,Invitations sent successfully,Invitations sent successfully,,,,,Invitaciones enviadas correctamente,,,,,frontend/src/components/Settings/InviteUserPage.vue:187,frontend/src/components/Settings/InviteUserPage.vue:187,frontend/src/components/Settings/InviteUserPage.vue:187,client-js,,[],,,,,,,traducción propuesta,revisado inicial CRM,sí,sí,no,,Sin traducción upstream.,,,
crm:afd40e6bd34295a7,crm,crm,src,src,,Src,Invite Agent,Invite Agent,,,,,Invitar agente,,,,,frontend/src/components/Settings/AssignmentRules/AssigneeSearch.vue:151,frontend/src/components/Settings/AssignmentRules/AssigneeSearch.vue:151 || frontend/src/components/Settings/AssignmentRules/AssigneeSearch.vue:80,frontend/src/components/Settings/AssignmentRules/AssigneeSearch.vue:80 || frontend/src/components/Settings/AssignmentRules/AssigneeSearch.vue:151,client-js,,[],,,,,,,traducción propuesta,revisado inicial CRM,sí,sí,no,,,,,
crm:d1ec9e66bec069b1,crm,crm,src,src,,Src,Invite As,Invite As,,,,,Invitar como,,,,,frontend/src/components/Settings/InviteUserPage.vue:53,frontend/src/components/Settings/InviteUserPage.vue:53,frontend/src/components/Settings/InviteUserPage.vue:53,client-js,,[],,,,,,,traducción propuesta,revisado inicial CRM,sí,sí,no,,Sin traducción upstream.,,,
crm:2ce8d7acecd062be,crm,crm,src,src,,Src,Invite By Email,Invite By Email,,,,,Invitar por correo,,,,,frontend/src/components/Settings/InviteUserPage.vue:32,frontend/src/components/Settings/InviteUserPage.vue:32,frontend/src/components/Settings/InviteUserPage.vue:32,client-js,,[],,,,,,,traducción propuesta,revisado inicial CRM,sí,sí,no,,Sin traducción upstream.,,,
crm:3c48a857f4e97914,crm,crm,src,src,,Src,Invite New User,Invite New User,,,,,Invitar nuevo usuario,,,,,frontend/src/components/Settings/Users.vue:25,frontend/src/components/Settings/Users.vue:25,frontend/src/components/Settings/Users.vue:25,client-js,,[],,,,,,,traducción propuesta,revisado inicial CRM,sí,sí,no,,,,,
crm:7fc9ad7931ebf9a5,crm,crm,src,src,,Src,Invite User,Invite User,,,,,Invitar usuario,,,,,frontend/src/components/Settings/Settings.vue:154,frontend/src/components/Settings/Settings.vue:154,frontend/src/components/Settings/Settings.vue:159,client-js,,[],,,,,,,traducción propuesta,revisado inicial CRM,sí,sí,no,,Sin traducción upstream.,,,
crm:23821006a154b535,crm,crm,src,src,,Src,Invite Users,Invite Users,,,,,Invitar usuarios,,,,,frontend/src/components/Layouts/AppSidebar.vue:657,frontend/src/components/Layouts/AppSidebar.vue:657,frontend/src/components/Layouts/AppSidebar.vue:573,client-js,,[],,,,,,,traducción propuesta,revisado inicial CRM,sí,sí,no,,Cross-app aprobado.,,,
crm:48ce692158aa6745,crm,crm,src,src,,Src,Invite my team,Invite my team,,,,,Invitar a mi equipo,,,,,frontend/src/pages/PersonaForm.vue:125,frontend/src/pages/PersonaForm.vue:125,frontend/src/pages/PersonaForm.vue:125,client-js,,[],,,,,,,traducción propuesta,revisado inicial CRM,sí,sí,no,,,,,
crm:d3bcc45322b879c2,crm,crm,src,src,,Src,Invite users to access CRM. Specify their roles to control access and permissions,Invite users to access CRM. Specify their roles to control access and permissions,,,,,Invite usuarios para acceder al CRM. Especifique sus roles para controlar el acceso y los permisos,,,,,frontend/src/components/Settings/InviteUserPage.vue:10,frontend/src/components/Settings/InviteUserPage.vue:10,frontend/src/components/Settings/InviteUserPage.vue:10,client-js,,[],,,,,,,traducción propuesta,revisado inicial CRM,sí,sí,no,,Sin traducción upstream.,,,
crm:9e73b2c3d51a26ae,crm,crm,src,src,,Src,Invite your team,Invite your team,,,,,Invite a su equipo,,,,,frontend/src/components/Layouts/AppSidebar.vue:465,frontend/src/components/Layouts/AppSidebar.vue:465,frontend/src/components/Layouts/AppSidebar.vue:383,client-js,,[],,,,,,,traducción propuesta,revisado inicial CRM + pase dirigido,sí,,,,registro: 'Invita a tu' -> 'Invite a su'.,,,
crm:3b9b8a56e4273512,crm,crm,fcrm,fcrm,,Fcrm,Invited By,Invited By,,,,,Invitado por,,Label of the invited_by (Link) field in DocType 'CRM Invitation',etiqueta de campo/elemento,,crm/fcrm/doctype/crm_invitation/crm_invitation.json,crm/fcrm/doctype/crm_invitation/crm_invitation.json,crm/fcrm/doctype/crm_invitation/crm_invitation.json,doctype-json,Crm Invitation,"[""Label of the invited_by (Link) field in DocType 'CRM Invitation'""]",,,,,,,traducción propuesta,revisado inicial CRM,sí,sí,no,,Cross-app: Invited By=Invitado por.,,,
crm:ae6a8812ecf383a9,crm,crm,src,src,,Src,Is,Is,,,Es,,Es,,,,,frontend/src/components/Filter.vue:305,frontend/src/components/Filter.vue:305 || frontend/src/components/Filter.vue:314 || frontend/src/components/Filter.vue:326 || frontend/src/components/Filter.vue:341 || frontend/src/components/Filter.vue:354 || frontend/src/components/Filter.vue:368 || frontend/src/components/Filter.vue:377 || frontend/src/components/Filter.vue:396,frontend/src/components/Filter.vue:279 || frontend/src/components/Filter.vue:288 || frontend/src/components/Filter.vue:300 || frontend/src/components/Filter.vue:315 || frontend/src/components/Filter.vue:328 || frontend/src/components/Filter.vue:342 || frontend/src/components/Filter.vue:351 || frontend/src/components/Filter.vue:370,client-js,,[],,,,,,,existente correcta,revisado inicial CRM,sí,sí,no,,cross-app Is=Es,,,
crm:7f6e2be6d6604692,crm,crm,fcrm,fcrm,,Fcrm,Is Default,Is Default,,,Es por defecto,,Es predeterminado,,Label of the is_default (Check) field in DocType 'CRM View Settings',etiqueta de campo/elemento,,crm/fcrm/doctype/crm_view_settings/crm_view_settings.json,crm/fcrm/doctype/crm_view_settings/crm_view_settings.json,crm/fcrm/doctype/crm_view_settings/crm_view_settings.json,doctype-json,Crm View Settings,"[""Label of the is_default (Check) field in DocType 'CRM View Settings'""]",,,,,,,existente mejorable,revisado inicial CRM,sí,sí,no,,crossapp Is Default->Es predeterminado; corrige 'Es por defecto',,,
crm:a2d02d8a3555a35a,crm,crm,fcrm,fcrm,,Fcrm,Is ERPNext installed on a different site?,Is ERPNext installed on a different site?,,,,,¿ERPNext está instalado en un sitio diferente?,,Label of the is_erpnext_in_different_site (Check) field in DocType 'ERPNext CRM Settings',etiqueta de campo/elemento,,crm/fcrm/doctype/erpnext_crm_settings/erpnext_crm_settings.json,crm/fcrm/doctype/erpnext_crm_settings/erpnext_crm_settings.json,crm/fcrm/doctype/erpnext_crm_settings/erpnext_crm_settings.json,doctype-json,Erpnext Crm Settings,"[""Label of the is_erpnext_in_different_site (Check) field in DocType 'ERPNext CRM Settings'""]",,,,,,,traducción propuesta,revisado inicial CRM,sí,sí,no,,,,,
crm:01036ff20e1914eb,crm,crm,fcrm,fcrm,,Fcrm,Is Group,Is Group,,,Es un grupo,,Es grupo,,Label of the is_group (Check) field in DocType 'CRM Sales Hierarchy',etiqueta de campo/elemento,,crm/fcrm/doctype/crm_sales_hierarchy/crm_sales_hierarchy.json,crm/fcrm/doctype/crm_sales_hierarchy/crm_sales_hierarchy.json || crm/fcrm/doctype/crm_territory/crm_territory.json,crm/fcrm/doctype/crm_sales_hierarchy/crm_sales_hierarchy.json || crm/fcrm/doctype/crm_territory/crm_territory.json,doctype-json,Crm Sales Hierarchy,"[""Label of the is_group (Check) field in DocType 'CRM Sales Hierarchy'"", ""Label of the is_group (Check) field in DocType 'CRM Territory'""]",,,,,,,existente mejorable,revisado inicial CRM,sí,sí,no,,Cross-app: Is Group=Es grupo. Corrijo 'Es un grupo' por consistencia.,,,
crm:916a7e395755505c,crm,crm,fcrm,fcrm,,Fcrm,Is Primary,Is Primary,,,Es primario,,Es primaria,,Label of the is_primary (Check) field in DocType 'CRM Contacts',etiqueta de campo/elemento,,crm/fcrm/doctype/crm_contacts/crm_contacts.json,crm/fcrm/doctype/crm_contacts/crm_contacts.json || crm/fcrm/doctype/crm_telephony_phone/crm_telephony_phone.json,crm/fcrm/doctype/crm_contacts/crm_contacts.json || crm/fcrm/doctype/crm_telephony_phone/crm_telephony_phone.json,doctype-json,Crm Contacts,"[""Label of the is_primary (Check) field in DocType 'CRM Contacts'"", ""Label of the is_primary (Check) field in DocType 'CRM Telephony Phone'""]",,,,,,,existente mejorable,revisado inicial CRM,sí,sí,no,,crossapp 'Is Primary'->'Es primaria'.,,,
crm:4250d09085769778,crm,crm,fcrm,fcrm,,Fcrm,Is Standard,Is Standard,,,Es estándar,,Es estándar,,Label of the is_standard (Check) field in DocType 'CRM Dropdown Item',etiqueta de campo/elemento,,crm/fcrm/doctype/crm_dropdown_item/crm_dropdown_item.json,crm/fcrm/doctype/crm_dropdown_item/crm_dropdown_item.json || crm/fcrm/doctype/crm_form_script/crm_form_script.json || crm/fcrm/doctype/crm_view_settings/crm_view_settings.json,crm/fcrm/doctype/crm_dropdown_item/crm_dropdown_item.json || crm/fcrm/doctype/crm_form_script/crm_form_script.json || crm/fcrm/doctype/crm_view_settings/crm_view_settings.json,doctype-json,Crm Dropdown Item,"[""Label of the is_standard (Check) field in DocType 'CRM Dropdown Item'"", ""Label of the is_standard (Check) field in DocType 'CRM Form Script'"", ""Label of the is_standard (Check) field in DocType 'CRM View Settings'""]",,,,,,,existente correcta,revisado inicial CRM,sí,sí,no,,Cross-app: Is Standard=Es estándar.,,,
crm:62abf0bf3504ab57,crm,crm,src,src,,Src,It appears that there are currently no {0} available. You can create more {0} by using the Create button.,It appears that there are currently no {0} available. You can create more {0} by using the Create button.,,,,,Al parecer no hay {0} disponibles por ahora. Puede crear más {0} con el botón Crear.,,,,,frontend/src/components/ListViews/EmptyState.vue:43,frontend/src/components/ListViews/EmptyState.vue:43 || frontend/src/components/ListViews/EmptyState.vue:45,frontend/src/components/ListViews/EmptyState.vue:43,client-js,,[],{0};{0},,{0};{0},ok,,,traducción propuesta,revisado inicial CRM + pase dirigido,sí,,,,registro: 'Puedes crear' -> 'Puede crear'. Placeholders {0};{0} conservados.,,,
crm:59f949e111941603,crm,crm,fcrm,fcrm,,Fcrm,"It will make deal's ""Expected Closure Date"" & ""Expected Deal Value"" mandatory to get accurate forecasting insights","It will make deal's ""Expected Closure Date"" & ""Expected Deal Value"" mandatory to get accurate forecasting insights",,,,,"Hará que la ""Fecha de cierre esperada"" y el ""Valor esperado del Deal"" sean obligatorios para obtener pronósticos precisos",,Description of the 'Enable Forecasting' (Check) field in DocType 'FCRM Settings',descripción,,crm/fcrm/doctype/fcrm_settings/fcrm_settings.json,crm/fcrm/doctype/fcrm_settings/fcrm_settings.json,crm/fcrm/doctype/fcrm_settings/fcrm_settings.json,doctype-json,Fcrm Settings,"[""Description of the 'Enable Forecasting' (Check) field in DocType 'FCRM Settings'""]",,,,,,,traducción propuesta,revisado inicial CRM,sí,no,no,,Deal protegido; comillas rectas del msgid preservadas,,,
crm:8a4a107660392a74,crm,crm,src,src,,CRM,Item Group,Item Group,,,,,Grupo de Artículos,,,,,frontend/src/components/Settings/ERPNextSettings.vue:405,frontend/src/components/Settings/ERPNextSettings.vue:405,,client-js,,[],,,,,,,traducción propuesta,aprobado (lote crm 1.81.2),sí,,,,lote crm 1.81.2: nueva | alineado a traducción existente (conflicto Gettext),,,"POT-only: en el universo fresco, sin traducir"
crm:627f5a92ea99d848,crm,crm,api,api,,Api,Items are required,Items are required,,,,,Los elementos son obligatorios,,,,,crm/api/doc.py:803,crm/api/doc.py:803,crm/api/doc.py:806,python,,[],,,,,,,traducción propuesta,revisado inicial CRM,sí,sí,no,,Validación.,,,
crm:4b30a668c0f2f924,crm,crm,api,api,,Api,Items must be a list,Items must be a list,,,,,Los elementos deben ser una lista,,,,,crm/api/doc.py:807,crm/api/doc.py:807,crm/api/doc.py:810,python,,[],,,,,,,traducción propuesta,revisado inicial CRM,sí,sí,no,,Validación.,,,
crm:4364370cde584fbe,crm,crm,fcrm,fcrm,,Fcrm,JSON,JSON,,,JSON,,JSON,,Label of the json (JSON) field in DocType 'CRM Global Settings',etiqueta de campo/elemento,,crm/fcrm/doctype/crm_global_settings/crm_global_settings.json,crm/fcrm/doctype/crm_global_settings/crm_global_settings.json,crm/fcrm/doctype/crm_global_settings/crm_global_settings.json,doctype-json,Crm Global Settings,"[""Label of the json (JSON) field in DocType 'CRM Global Settings'""]",,,,,,,igual al inglés válida,revisado inicial CRM,sí,sí,no,,Cross-app: JSON=JSON (sigla).,,,
crm:206f8c553615b72d,crm,crm,fcrm,fcrm,,Fcrm,Job Title,Job Title,,,Título del trabajo,,Título del trabajo,,Label of the job_title (Data) field in DocType 'CRM Deal',etiqueta de campo/elemento,,crm/fcrm/doctype/crm_deal/crm_deal.json,crm/fcrm/doctype/crm_deal/crm_deal.json || crm/fcrm/doctype/crm_lead/crm_lead.json,crm/fcrm/doctype/crm_deal/crm_deal.json || crm/fcrm/doctype/crm_lead/crm_lead.json,doctype-json,Crm Deal,"[""Label of the job_title (Data) field in DocType 'CRM Deal'"", ""Label of the job_title (Data) field in DocType 'CRM Lead'""]",,,,,,,existente correcta,revisado inicial CRM,sí,sí,no,,Cross-app aprobado exacto.,Job Title,Título del trabajo,
crm:7d70320bc132d117,crm,crm,src,src,,Src,John Doe,John Doe,,,,,John Doe,,,,,frontend/src/components/AssignToBody.vue:10,frontend/src/components/AssignToBody.vue:10 || frontend/src/components/Filter.vue:633 || frontend/src/components/Modals/AssignmentModal.vue:13 || frontend/src/components/Telephony/TaskPanel.vue:46,frontend/src/components/AssignToBody.vue:10 || frontend/src/components/Filter.vue:607 || frontend/src/components/Modals/AssignmentModal.vue:13 || frontend/src/components/Telephony/TaskPanel.vue:46 || frontend/src/pages/Calendar.vue:113,client-js,,[],,,,,,,igual al inglés válida,revisado inicial CRM,sí,sí,no,,Nombre placeholder; se conserva (cross-app).,John Doe,John Doe,
crm:d56c3bfb42de7511,crm,crm,src,src,,Src,"John, Jane, Doe","John, Jane, Doe",,,,,"John, Jane, Doe",,,,,frontend/src/components/Filter.vue:612,frontend/src/components/Filter.vue:612,frontend/src/components/Filter.vue:586,client-js,,[],,,,,,,igual al inglés válida,revisado inicial CRM,sí,sí,no,,cross-app nombres ejemplo,,,
crm:3cd4776cdd70e5b2,crm,crm,src,src,,Src,Just exploring,Just exploring,,,,,Solo explorando,,,,,frontend/src/pages/PersonaForm.vue:127,frontend/src/pages/PersonaForm.vue:127,frontend/src/pages/PersonaForm.vue:127,client-js,,[],,,,,,,traducción propuesta,revisado inicial CRM,sí,sí,no,,,,,
crm:b942c95eb9148d1d,crm,crm,src,src,,Src,Just me,Just me,,,,,Solo yo,,,,,frontend/src/pages/PersonaForm.vue:110,frontend/src/pages/PersonaForm.vue:110,frontend/src/pages/PersonaForm.vue:110,client-js,,[],,,,,,,traducción propuesta,revisado inicial CRM,sí,sí,no,,,,,
crm:d02512701108e5b2,crm,crm,src,fcrm;src,sí,Src,Kanban,Kanban,,,Kanban,,Kanban,,Label of the kanban_tab (Tab Break) field in DocType 'CRM View Settings',etiqueta de campo/elemento,,crm/fcrm/doctype/crm_view_settings/crm_view_settings.json,crm/fcrm/doctype/crm_view_settings/crm_view_settings.json || frontend/src/components/ViewControls.vue:391 || frontend/src/components/ViewControls.vue:610 || frontend/src/utils/view.js:20,crm/fcrm/doctype/crm_view_settings/crm_view_settings.json || frontend/src/components/ViewControls.vue:392 || frontend/src/components/ViewControls.vue:608 || frontend/src/utils/view.js:20,doctype-json,Crm View Settings,"[""Label of the kanban_tab (Tab Break) field in DocType 'CRM View Settings'""]",,,,,,,igual al inglés válida,revisado inicial CRM,sí,sí,no,,crossapp Kanban->Kanban; nombre de vista,,,
crm:da47a4766ab0ff8e,crm,crm,fcrm,fcrm,,Fcrm,Kanban Columns,Kanban Columns,,,,,Columnas de Kanban,,Label of the kanban_columns (Code) field in DocType 'CRM View Settings',etiqueta de campo/elemento,,crm/fcrm/doctype/crm_view_settings/crm_view_settings.json,crm/fcrm/doctype/crm_view_settings/crm_view_settings.json,crm/fcrm/doctype/crm_view_settings/crm_view_settings.json,doctype-json,Crm View Settings,"[""Label of the kanban_columns (Code) field in DocType 'CRM View Settings'""]",,,,,,,traducción propuesta,revisado inicial CRM,sí,sí,no,,,,,
crm:09ca0c18e710efce,crm,crm,fcrm,fcrm,,Fcrm,Kanban Fields,Kanban Fields,,,,,Campos de Kanban,,Label of the kanban_fields (Code) field in DocType 'CRM View Settings',etiqueta de campo/elemento,,crm/fcrm/doctype/crm_view_settings/crm_view_settings.json,crm/fcrm/doctype/crm_view_settings/crm_view_settings.json,crm/fcrm/doctype/crm_view_settings/crm_view_settings.json,doctype-json,Crm View Settings,"[""Label of the kanban_fields (Code) field in DocType 'CRM View Settings'""]",,,,,,,traducción propuesta,revisado inicial CRM,sí,sí,no,,,,,
crm:1178e1f322b05568,crm,crm,src,src,,Src,Kanban Settings,Kanban Settings,,,Configuración de Kanban,,Configuración de Kanban,,,,,frontend/src/components/Kanban/KanbanSettings.vue:8,frontend/src/components/Kanban/KanbanSettings.vue:8,frontend/src/components/Kanban/KanbanSettings.vue:8,client-js,,[],,,,,,,existente correcta,revisado inicial CRM,sí,sí,no,,cross-app Kanban Settings,,,
crm:1bd49f1944d3e8b7,crm,crm,src,src,,Src,Kanban settings,Kanban settings,,,,,Configuración de Kanban,,,,,frontend/src/components/Kanban/KanbanSettings.vue:3,frontend/src/components/Kanban/KanbanSettings.vue:3,frontend/src/components/Kanban/KanbanSettings.vue:3,client-js,,[],,,,,,,traducción propuesta,revisado inicial CRM,sí,sí,no,,variante minúscula; se unifica con cross-app,,,
crm:97b81d14fbeb2454,crm,crm,src,src,,Src,Keeping my pipeline organized,Keeping my pipeline organized,,,,,Mantener mi Pipeline organizado,,,,,frontend/src/pages/PersonaForm.vue:93,frontend/src/pages/PersonaForm.vue:93,frontend/src/pages/PersonaForm.vue:93,client-js,,[],,,,,,,traducción propuesta,revisado inicial CRM,sí,sí,no,,Pipeline protegido en inglés.,,,
crm:ba270ae881dbb31c,crm,crm,fcrm,fcrm;lead_syncing,sí,Fcrm,Key,Key,,,Clave,,Clave,,Label of the key (Data) field in DocType 'CRM Invitation',etiqueta de campo/elemento,,crm/fcrm/doctype/crm_invitation/crm_invitation.json,crm/fcrm/doctype/crm_invitation/crm_invitation.json || crm/lead_syncing/doctype/facebook_lead_form_question/facebook_lead_form_question.json,crm/fcrm/doctype/crm_invitation/crm_invitation.json || crm/lead_syncing/doctype/facebook_lead_form_question/facebook_lead_form_question.json,doctype-json,Crm Invitation,"[""Label of the key (Data) field in DocType 'CRM Invitation'"", ""Label of the key (Data) field in DocType 'Facebook Lead Form Question'""]",,,,,,,existente correcta,revisado inicial CRM,sí,sí,no,,Cross-app: Key=Clave.,,,
crm:dfcda73fd58b4ebe,crm,crm,fcrm,fcrm,,Fcrm,Kind,Kind,,,,,Tipo,,Label of the kind (Select) field in DocType 'CRM Product Sync Issue',etiqueta de campo/elemento,,crm/fcrm/doctype/crm_product_sync_issue/crm_product_sync_issue.json,crm/fcrm/doctype/crm_product_sync_issue/crm_product_sync_issue.json,crm/fcrm/doctype/crm_product_sync_issue/crm_product_sync_issue.json,doctype-json,Crm Product Sync Issue,"[""Label of the kind (Select) field in DocType 'CRM Product Sync Issue'""]",,,,,,,traducción propuesta,revisado inicial CRM,sí,sí,no,,'Kind' aquí clasifica el tipo de problema de sync; Tipo es natural en MX.,,,
crm:2b1273bea01207ca,crm,crm,fcrm,fcrm;lead_syncing;src,sí,Fcrm,Label,Label,,,Etiqueta,,Etiqueta,,Label of the label (Data) field in DocType 'CRM Dropdown Item',etiqueta de campo/elemento,,crm/fcrm/doctype/crm_dropdown_item/crm_dropdown_item.json,crm/fcrm/doctype/crm_dropdown_item/crm_dropdown_item.json || crm/fcrm/doctype/crm_view_settings/crm_view_settings.json || crm/lead_syncing/doctype/facebook_lead_form_question/facebook_lead_form_question.json || frontend/src/components/ColumnSettings.vue:101,crm/fcrm/doctype/crm_dropdown_item/crm_dropdown_item.json || crm/fcrm/doctype/crm_view_settings/crm_view_settings.json || crm/lead_syncing/doctype/facebook_lead_form_question/facebook_lead_form_question.json || frontend/src/components/ColumnSettings.vue:101,doctype-json,Crm Dropdown Item,"[""Label of the label (Data) field in DocType 'CRM Dropdown Item'"", ""Label of the label (Data) field in DocType 'CRM View Settings'"", ""Label of the label (Data) field in DocType 'Facebook Lead Form Question'""]",,,,,,,existente correcta,revisado inicial CRM,sí,sí,no,,Cross-app: Label=Etiqueta.,,,
crm:89393d7e7951ef4f,crm,crm,src,src,,Src,Language,Language,,,Idioma,,Idioma,,,,,frontend/src/components/Settings/PreferencesSettings.vue:57,frontend/src/components/Settings/PreferencesSettings.vue:57,frontend/src/components/Settings/PreferencesSettings.vue:57,client-js,,[],,,,,,,existente correcta,revisado inicial CRM,sí,sí,no,,Crossapp aprobado: reuso exacto.,Language,Idioma,
crm:60c2f5596ca361fb,crm,crm,src,src,,Src,Language & Time,Language & Time,,,,,Idioma y hora,,,,,frontend/src/components/Settings/PreferencesSettings.vue:37,frontend/src/components/Settings/PreferencesSettings.vue:37,frontend/src/components/Settings/PreferencesSettings.vue:37,client-js,,[],,,,,,,traducción propuesta,revisado inicial CRM,sí,sí,no,,Crossapp aprobado: reuso exacto.,Language & Time,Idioma y hora,
crm:2a6643cee4068bb2,crm,crm,src,src,,Src,Last,Last,,,Último,,Último,,,,,frontend/src/components/Settings/AssignmentRules/AssigneeRules.vue:108,frontend/src/components/Settings/AssignmentRules/AssigneeRules.vue:108,frontend/src/components/Settings/AssignmentRules/AssigneeRules.vue:108,client-js,,[],,,,,,,existente correcta,revisado inicial CRM,sí,sí,no,,Cross-app 'Last'=Último.,crm:crossapp,Último,
crm:f5598cda0aa25720,crm,crm,src,src,,Src,Last 30 Days,Last 30 Days,,,Últimos 30 días,,Últimos 30 días,,,,,frontend/src/pages/Dashboard.vue:205,frontend/src/pages/Dashboard.vue:205,frontend/src/pages/Dashboard.vue:202,client-js,,[],,,,,,,existente correcta,revisado inicial CRM,sí,sí,no,,Cross-app aprobado.,,,
crm:b51e837dded18086,crm,crm,src,src,,Src,Last 6 Months,Last 6 Months,,,Últimos 6 meses,,Últimos 6 meses,,,,,frontend/src/components/Filter.vue:691,frontend/src/components/Filter.vue:691,frontend/src/components/Filter.vue:665,client-js,,[],,,,,,,existente correcta,revisado inicial CRM,sí,sí,no,,cross-app Last 6 Months,,,
crm:fa98de4903df84c0,crm,crm,src,src,,Src,Last 60 Days,Last 60 Days,,,Últimos 60 días,,Últimos 60 días,,,,,frontend/src/pages/Dashboard.vue:213,frontend/src/pages/Dashboard.vue:213,frontend/src/pages/Dashboard.vue:210,client-js,,[],,,,,,,existente correcta,revisado inicial CRM,sí,sí,no,,Cross-app aprobado.,,,
crm:9ad40964fe6587ef,crm,crm,src,src,,Src,Last 7 Days,Last 7 Days,,,Últimos 7 días,,Últimos 7 días,,,,,frontend/src/pages/Dashboard.vue:197,frontend/src/pages/Dashboard.vue:197,frontend/src/pages/Dashboard.vue:194,client-js,,[],,,,,,,existente correcta,revisado inicial CRM,sí,sí,no,,Cross-app aprobado.,,,
crm:783334eebf7221ce,crm,crm,src,src,,Src,Last 90 Days,Last 90 Days,,,Últimos 90 días,,Últimos 90 días,,,,,frontend/src/pages/Dashboard.vue:221,frontend/src/pages/Dashboard.vue:221,frontend/src/pages/Dashboard.vue:218,client-js,,[],,,,,,,existente correcta,revisado inicial CRM,sí,sí,no,,Cross-app aprobado.,,,
crm:1bcb439ec365266a,crm,crm,src,src,,Src,Last Modified,Last Modified,,,Última Modificación,,Última Modificación,,,,,frontend/src/pages/Contact.vue:415,frontend/src/pages/Contact.vue:415 || frontend/src/pages/MobileContact.vue:407 || frontend/src/pages/MobileOrganization.vue:489 || frontend/src/pages/MobileOrganization.vue:517 || frontend/src/pages/Organization.vue:519 || frontend/src/pages/Organization.vue:547,frontend/src/pages/Contact.vue:546 || frontend/src/pages/MobileContact.vue:544 || frontend/src/pages/MobileOrganization.vue:488 || frontend/src/pages/MobileOrganization.vue:516 || frontend/src/pages/Organization.vue:518 || frontend/src/pages/Organization.vue:546,client-js,,[],,,,,,,existente correcta,revisado inicial CRM,sí,sí,no,,,,,
crm:8656164b60149d87,crm,crm,src,src,,Src,Last Month,Last Month,,,Último Mes,,El mes pasado,,,,,frontend/src/components/Filter.vue:683,frontend/src/components/Filter.vue:683,frontend/src/components/Filter.vue:657,client-js,,[],,,,,,,existente mejorable,revisado inicial CRM,sí,sí,no,,cross-app Last Month=El mes pasado,,,
crm:9d6fcb4effada89c,crm,crm,fcrm,fcrm,,Fcrm,Last Name,Last Name,,,Apellido,,Apellido,,Label of the last_name (Data) field in DocType 'CRM Lead',etiqueta de campo/elemento,,crm/fcrm/doctype/crm_lead/crm_lead.json,crm/fcrm/doctype/crm_lead/crm_lead.json,crm/fcrm/doctype/crm_lead/crm_lead.json,doctype-json,Crm Lead,"[""Label of the last_name (Data) field in DocType 'CRM Lead'""]",,,,,,,existente correcta,revisado inicial CRM,sí,sí,no,,Cross-app aprobado: Last Name->Apellido.,,,
crm:3fd8ce5a38248c46,crm,crm,src,src,,Src,Last Quarter,Last Quarter,,,Último trimestre,,Último trimestre,,,,,frontend/src/components/Filter.vue:687,frontend/src/components/Filter.vue:687,frontend/src/components/Filter.vue:661,client-js,,[],,,,,,,existente correcta,revisado inicial CRM,sí,sí,no,,cross-app Last Quarter=Último trimestre,,,
crm:a9a03fbfab0f44f0,crm,crm,fcrm,fcrm,,Fcrm,Last Responded On,Last Responded On,,,,,Última respuesta el,,Label of the last_responded_on (Datetime) field in DocType 'CRM Deal',etiqueta de campo/elemento,,crm/fcrm/doctype/crm_deal/crm_deal.json,crm/fcrm/doctype/crm_deal/crm_deal.json || crm/fcrm/doctype/crm_lead/crm_lead.json,crm/fcrm/doctype/crm_deal/crm_deal.json || crm/fcrm/doctype/crm_lead/crm_lead.json,doctype-json,Crm Deal,"[""Label of the last_responded_on (Datetime) field in DocType 'CRM Deal'"", ""Label of the last_responded_on (Datetime) field in DocType 'CRM Lead'""]",,,,,,,traducción propuesta,revisado inicial CRM,sí,sí,no,,Análogo a 'First Responded On'.,First Responded On,Primera respuesta el,
crm:f9e9e907aca5e113,crm,crm,fcrm,fcrm,,Fcrm,Last Response Time,Last Response Time,,,,,Tiempo de última respuesta,,Label of the last_response_time (Duration) field in DocType 'CRM Deal',etiqueta de campo/elemento,,crm/fcrm/doctype/crm_deal/crm_deal.json,crm/fcrm/doctype/crm_deal/crm_deal.json || crm/fcrm/doctype/crm_lead/crm_lead.json,crm/fcrm/doctype/crm_deal/crm_deal.json || crm/fcrm/doctype/crm_lead/crm_lead.json,doctype-json,Crm Deal,"[""Label of the last_response_time (Duration) field in DocType 'CRM Deal'"", ""Label of the last_response_time (Duration) field in DocType 'CRM Lead'""]",,,,,,,traducción propuesta,revisado inicial CRM,sí,sí,no,,Análogo a 'First Response Time'.,First Response Time,Tiempo de primera respuesta,
crm:b9fde76f4d33bce2,crm,crm,fcrm,fcrm,,Fcrm,Last Status Change Log,Last Status Change Log,,,,,Último registro de cambio de estado,,Label of the last_status_change_log (Link) field in DocType 'CRM Status Change Log',etiqueta de campo/elemento,,crm/fcrm/doctype/crm_status_change_log/crm_status_change_log.json,crm/fcrm/doctype/crm_status_change_log/crm_status_change_log.json,crm/fcrm/doctype/crm_status_change_log/crm_status_change_log.json,doctype-json,Crm Status Change Log,"[""Label of the last_status_change_log (Link) field in DocType 'CRM Status Change Log'""]",,,,,,,traducción propuesta,revisado inicial CRM,sí,sí,no,,Last Status Change Log (campo Link).,,,
crm:fb8cefe738390ba4,crm,crm,lead_syncing,lead_syncing;src,sí,Lead_Syncing,Last Synced At,Last Synced At,,,Última sincronización a las,,Última sincronización a las,,Label of the last_synced_at (Datetime) field in DocType 'Lead Sync Source',etiqueta de campo/elemento,,crm/lead_syncing/doctype/lead_sync_source/lead_sync_source.json,crm/lead_syncing/doctype/lead_sync_source/lead_sync_source.json || frontend/src/components/Settings/LeadSyncing/LeadSyncSourceForm.vue:108,crm/lead_syncing/doctype/lead_sync_source/lead_sync_source.json || frontend/src/components/Settings/LeadSyncing/LeadSyncSourceForm.vue:108,doctype-json,Lead Sync Source,"[""Label of the last_synced_at (Datetime) field in DocType 'Lead Sync Source'""]",,,,,,,existente correcta,revisado inicial CRM,sí,sí,no,,Natural para etiqueta de fecha/hora.,,,
crm:e9a1c1ea6b7dbe3f,crm,crm,src,src,,Src,Last Week,Last Week,,,Última semana,,La semana pasada,,,,,frontend/src/components/Filter.vue:621,frontend/src/components/Filter.vue:621 || frontend/src/components/Filter.vue:679,frontend/src/components/Filter.vue:595 || frontend/src/components/Filter.vue:653,client-js,,[],,,,,,,existente mejorable,revisado inicial CRM,sí,sí,no,,cross-app Last Week=La semana pasada,,,
crm:572ef6ba834f37d5,crm,crm,src,src,,Src,Last Year,Last Year,,,Último año,,El año pasado,,,,,frontend/src/components/Filter.vue:695,frontend/src/components/Filter.vue:695,frontend/src/components/Filter.vue:669,client-js,,[],,,,,,,existente mejorable,revisado inicial CRM,sí,sí,no,,cross-app Last Year=El año pasado,,,
crm:c6609561daa3321e,crm,crm,fcrm,fcrm,,Fcrm,Last name,Last name,,,,,Apellido,,Label of the last_name (Data) field in DocType 'CRM Deal',etiqueta de campo/elemento,,crm/fcrm/doctype/crm_deal/crm_deal.json,crm/fcrm/doctype/crm_deal/crm_deal.json,crm/fcrm/doctype/crm_deal/crm_deal.json,doctype-json,Crm Deal,"[""Label of the last_name (Data) field in DocType 'CRM Deal'""]",,,,,,,traducción propuesta,revisado inicial CRM,sí,sí,no,,Last name -> Apellido (cross-app).,Last Name,Apellido,
crm:7fcb5274a2bb18e5,crm,crm,src,src,,Src,Last user assigned by this rule,Last user assigned by this rule,,,Último usuario asignado por esta regla,,Último usuario asignado por esta regla,,,,,frontend/src/components/Settings/AssignmentRules/AssigneeRules.vue:101,frontend/src/components/Settings/AssignmentRules/AssigneeRules.vue:101,frontend/src/components/Settings/AssignmentRules/AssigneeRules.vue:101,client-js,,[],,,,,,,existente correcta,revisado inicial CRM,sí,sí,no,,Coincide con cross-app.,crm:crossapp,Último usuario asignado por esta regla,
crm:cb69290a8dc4fa71,crm,crm,fcrm,fcrm,,Fcrm,Layout,Layout,,,Diseño,,Diseño,,Label of the layout (Code) field in DocType 'CRM Dashboard',etiqueta de campo/elemento,,crm/fcrm/doctype/crm_dashboard/crm_dashboard.json,crm/fcrm/doctype/crm_dashboard/crm_dashboard.json || crm/fcrm/doctype/crm_fields_layout/crm_fields_layout.json,crm/fcrm/doctype/crm_dashboard/crm_dashboard.json || crm/fcrm/doctype/crm_fields_layout/crm_fields_layout.json,doctype-json,Crm Dashboard,"[""Label of the layout (Code) field in DocType 'CRM Dashboard'"", ""Label of the layout (Code) field in DocType 'CRM Fields Layout'""]",,,,,,,existente correcta,revisado inicial CRM,sí,sí,no,,Cross-app aprobado (Layout).,,,
crm:1513c804ddfdd19c,crm,crm,src,fcrm;src,sí,CRM,Lead,Lead,,,Iniciativa,,Lead,,MX: 'Prospecto' más común que 'Cliente potencial' o 'Iniciativa'.,DocType/título,comercial,crm/fcrm/doctype/crm_deal/crm_deal.json,crm/fcrm/doctype/crm_deal/crm_deal.json || frontend/src/components/Layouts/AppSidebar.vue:664 || frontend/src/components/Settings/AssignmentRules/AssigneeRules.vue:19 || frontend/src/components/Settings/EmailTemplate/EditEmailTemplate.vue:54 || frontend/src/components/Settings/EmailTemplate/EmailTemplates.vue:76 || frontend/src/components/Settings/EmailTemplate/NewEmailTemplate.vue:55 || frontend/src/components/Telephony/ExotelCallUI.vue:200 || frontend/src/pages/Tasks.vue:133,crm/fcrm/doctype/crm_deal/crm_deal.json || frontend/src/components/Calendar/CalendarEventPanel.vue:421 || frontend/src/components/Layouts/AppSidebar.vue:580 || frontend/src/components/Settings/AssignmentRules/AssigneeRules.vue:19 || frontend/src/components/Settings/EmailTemplate/EditEmailTemplate.vue:55 || frontend/src/components/Settings/EmailTemplate/EmailTemplates.vue:76 || frontend/src/components/Settings/EmailTemplate/NewEmailTemplate.vue:55 || frontend/src/components/Telephony/ExotelCallUI.vue:200 || frontend/src/pages/Tasks.vue:133,doctype-json,Crm Deal,"[""Label of the lead (Link) field in DocType 'CRM Deal'""]",,,,,,,existente mejorable,revisado inicial CRM,sí,no,sí,,LOCKED excepción: revierte 'Iniciativa'->'Lead' (protegido).,Lead,Lead,
crm:b194102e872e8a1b,crm,crm,lead_syncing,lead_syncing;src,sí,Lead_Syncing,Lead Data,Lead Data,,,,,Datos del Lead,,Label of the lead_data (Code) field in DocType 'Failed Lead Sync Log',etiqueta de campo/elemento,,crm/lead_syncing/doctype/failed_lead_sync_log/failed_lead_sync_log.json,crm/lead_syncing/doctype/failed_lead_sync_log/failed_lead_sync_log.json || frontend/src/components/Settings/LeadSyncing/FailureLogs.vue:40,crm/lead_syncing/doctype/failed_lead_sync_log/failed_lead_sync_log.json || frontend/src/components/Settings/LeadSyncing/FailureLogs.vue:40,doctype-json,Failed Lead Sync Log,"[""Label of the lead_data (Code) field in DocType 'Failed Lead Sync Log'""]",,,,,,,traducción propuesta,revisado inicial CRM,sí,no,no,,Lead Data; Lead protegido en inglés.,,,
crm:f7a4595d37f68942,crm,crm,fcrm,fcrm,,Fcrm,Lead Details,Lead Details,,,Detalle de Iniciativas,,Detalles del Lead,,Label of the lead_details_tab (Tab Break) field in DocType 'CRM Deal',etiqueta de campo/elemento,,crm/fcrm/doctype/crm_deal/crm_deal.json,crm/fcrm/doctype/crm_deal/crm_deal.json,crm/fcrm/doctype/crm_deal/crm_deal.json,doctype-json,Crm Deal,"[""Label of the lead_details_tab (Tab Break) field in DocType 'CRM Deal'""]",,,,,,,existente mejorable,revisado inicial CRM,sí,no,sí,,Revierte 'Detalle de Iniciativas'->'Detalles del Lead' (cross-app).,Lead Details,Detalles del Lead,
crm:3ed4b2750de3e4e3,crm,crm,fcrm,fcrm,,Fcrm,Lead Name,Lead Name,,,Nombre de la iniciativa,,Nombre del Lead,,Label of the lead_name (Data) field in DocType 'CRM Deal',etiqueta de campo/elemento,,crm/fcrm/doctype/crm_deal/crm_deal.json,crm/fcrm/doctype/crm_deal/crm_deal.json,crm/fcrm/doctype/crm_deal/crm_deal.json,doctype-json,Crm Deal,"[""Label of the lead_name (Data) field in DocType 'CRM Deal'""]",,,,,,,existente mejorable,revisado inicial CRM,sí,no,sí,,Revierte 'iniciativa'->'Lead' (cross-app aprobado).,Lead Name,Nombre del Lead,
crm:9e61b67334f461e2,crm,crm,fcrm,fcrm,,Fcrm,Lead Owner,Lead Owner,,,Propietario de la iniciativa,,Responsable del Lead,,Label of the lead_owner (Link) field in DocType 'CRM Lead',etiqueta de campo/elemento,,crm/fcrm/doctype/crm_lead/crm_lead.json,crm/fcrm/doctype/crm_lead/crm_lead.json,crm/fcrm/doctype/crm_lead/crm_lead.json,doctype-json,Crm Lead,"[""Label of the lead_owner (Link) field in DocType 'CRM Lead'""]",,,,,,,existente mejorable,revisado inicial CRM + pase dirigido,sí,,,,"TERM: Owner->Responsable, Lead protegido en ingles.",,Propietario de la iniciativa,
crm:a3bba99ed02cafa7,crm,crm,fcrm,fcrm,,Fcrm,Lead Owner cannot be same as the Lead Email Address,Lead Owner cannot be same as the Lead Email Address,,,El propietario del cliente potencial no puede ser el mismo que la dirección de correo electrónico del cliente potencial,,El responsable del Lead no puede ser el mismo que la dirección de correo del Lea,,,,,crm/fcrm/doctype/crm_lead/crm_lead.py:144,crm/fcrm/doctype/crm_lead/crm_lead.py:144,crm/fcrm/doctype/crm_lead/crm_lead.py:142,doctype-controller,Crm Lead,[],,,,,,,existente mejorable,revisado inicial CRM + pase dirigido,sí,,,,TERM: Owner->Responsable; Lead protegido en ingles. | convergencia global Gettext v0.3.0,,El propietario del cliente potencial no puede ser el mismo que la dirección de correo electrónico del cliente potencial,
crm:9fca6ea4eb1e8d35,crm,crm,fcrm,fcrm;src,sí,Fcrm,Lead Sources,Lead Sources,,,,,Orígenes de Lead,,Label of a shortcut in the Frappe CRM Workspace,etiqueta de campo/elemento,,crm/fcrm/workspace/frappe_crm/frappe_crm.json,crm/fcrm/workspace/frappe_crm/frappe_crm.json || frontend/src/components/Settings/LeadSyncing/LeadSyncSources.vue:7,crm/fcrm/workspace/frappe_crm/frappe_crm.json || frontend/src/components/Settings/LeadSyncing/LeadSyncSources.vue:7,workspace,Frappe CRM (Workspace),"[""Label of a shortcut in the Frappe CRM Workspace""]",,,,,,,traducción propuesta,revisado inicial CRM,sí,no,sí,,Lead protegido; Source->Origen (cross-app).,,,
crm:bc08447ee5781857,crm,crm,fcrm,fcrm,,Fcrm,Lead Statuses,Lead Statuses,,,,,Estados de Lead,,Label of a shortcut in the Frappe CRM Workspace,etiqueta de campo/elemento,,crm/fcrm/workspace/frappe_crm/frappe_crm.json,crm/fcrm/workspace/frappe_crm/frappe_crm.json,crm/fcrm/workspace/frappe_crm/frappe_crm.json,workspace,Frappe CRM (Workspace),"[""Label of a shortcut in the Frappe CRM Workspace""]",,,,,,,traducción propuesta,revisado inicial CRM,sí,no,sí,,Lead protegido; Statuses->Estados.,,,
crm:5cb2da097dc38618,crm,crm,lead_syncing,lead_syncing,,Lead_Syncing,Lead Sync Source,Lead Sync Source,,,,,Lead Sync Source,,Name of a DocType,nombre de DocType,,crm/lead_syncing/doctype/lead_sync_source/lead_sync_source.json,crm/lead_syncing/doctype/lead_sync_source/lead_sync_source.json,crm/lead_syncing/doctype/lead_sync_source/lead_sync_source.json,doctype-json,Lead Sync Source,"[""Name of a DocType""]",,,,,,,igual al inglés válida,revisado inicial CRM,sí,no,no,,Nombre de DocType con protegido Lead; se mantiene en inglés.,,,
crm:ac7286eae0fe5bbf,crm,crm,src,src,,Src,Lead Syncing,Lead Syncing,,,,,Sincronización de Leads,,,,,frontend/src/components/Settings/Settings.vue:232,frontend/src/components/Settings/Settings.vue:232,frontend/src/components/Settings/Settings.vue:237,client-js,,[],,,,,,,traducción propuesta,revisado inicial CRM,sí,sí,no,,Lead preservado en inglés; compuesto.,,,
crm:14901118a6d80b45,crm,crm,src,src,,Src,Lead and deal visibility will no longer be restricted by the reporting tree. Are you sure?,Lead and deal visibility will no longer be restricted by the reporting tree. Are you sure?,,,,,La visibilidad de leads y deals ya no estará restringida por el árbol de reporte. ¿Está seguro?,,,,,frontend/src/components/Settings/Hierarchy/Hierarchy.vue:311,frontend/src/components/Settings/Hierarchy/Hierarchy.vue:311,frontend/src/components/Settings/Hierarchy/Hierarchy.vue:311,client-js,,[],,,,,,,traducción propuesta,revisado inicial CRM,sí,sí,no,,Lead/Deal preservados en inglés (plural).,,,
crm:6dae64cb162a79c2,crm,crm,fcrm,fcrm,,Fcrm,Lead from call {0},Lead from call {0},,,,,Lead de la llamada {0},,,,,crm/fcrm/doctype/crm_call_log/crm_call_log.py:287,crm/fcrm/doctype/crm_call_log/crm_call_log.py:287,crm/fcrm/doctype/crm_call_log/crm_call_log.py:287,doctype-controller,Crm Call Log,[],{0},,{0},ok,,,traducción propuesta,revisado inicial CRM,sí,sí,no,,reversión Lead; placeholder {0} preservado,,,
crm:33752124e33af276,crm,crm,api,api,,Api,Lead generation channel analysis,Lead generation channel analysis,,,,,Análisis de canales de generación de Leads,,,,,crm/api/dashboard.py:985,crm/api/dashboard.py:985,crm/api/dashboard.py:985,python,,[],,,,,,,traducción propuesta,revisado inicial CRM,sí,sí,no,,reversión Leads,,,
crm:be61baf79d463759,crm,crm,lead_syncing,lead_syncing,,Lead_Syncing,Lead sync initiated.,Lead sync initiated.,,,,,Sincronización de Leads iniciada.,,,,,crm/lead_syncing/doctype/lead_sync_source/lead_sync_source.js:8,crm/lead_syncing/doctype/lead_sync_source/lead_sync_source.js:8,crm/lead_syncing/doctype/lead_sync_source/lead_sync_source.js:8,doctype-controller,Lead Sync Source,[],,,,,,,traducción propuesta,revisado inicial CRM,sí,no,no,,Lead sync = sincronización de Leads; Leads protegido en inglés.,,,
crm:066ed90272db3956,crm,crm,src,src,,CRM,Lead sync source created successfully,Lead sync source created successfully,,,,,Lead Sync Source creado correctamente,,,,,frontend/src/components/Settings/LeadSyncing/LeadSyncSourceForm.vue:289,frontend/src/components/Settings/LeadSyncing/LeadSyncSourceForm.vue:289,,client-js,,[],,,,,,,traducción propuesta,aprobado (lote crm 1.81.2),sí,,,,lote crm 1.81.2: reusar de Lead Sync Source created successfully,,,"POT-only: en el universo fresco, sin traducir"
crm:7602f99eae00c04f,crm,crm,src,src,,Src,Lead sync source deleted successfully,Lead sync source deleted successfully,,,,,Lead sync source eliminado correctamente,,,,,frontend/src/components/Settings/LeadSyncing/LeadSyncSources.vue:175,frontend/src/components/Settings/LeadSyncing/LeadSyncSources.vue:175,frontend/src/components/Settings/LeadSyncing/LeadSyncSources.vue:175,client-js,,[],,,,,,,traducción propuesta,revisado inicial CRM,sí,no,sí,,Nombre de DocType conservado como en msgid.,Lead,Lead,
crm:772bfeac4d70eeb3,crm,crm,api,api,,Api,Lead to deal conversion pipeline,Lead to deal conversion pipeline,,,,,Pipeline de conversión de Lead a Deal,,,,,crm/api/dashboard.py:788,crm/api/dashboard.py:788,crm/api/dashboard.py:788,python,,[],,,,,,,traducción propuesta,revisado inicial CRM,sí,sí,no,,"reversión Pipeline, Lead y Deal",,,
crm:699548af9a8150ca,crm,crm,src,fcrm;src,sí,Src,Leads,Leads,,,Clientes potenciales,,Leads,,Label of a shortcut in the Frappe CRM Workspace,etiqueta de campo/elemento,,crm/fcrm/workspace/frappe_crm/frappe_crm.json,crm/fcrm/workspace/frappe_crm/frappe_crm.json || frontend/src/pages/InvalidPage.vue:9 || frontend/src/pages/Lead.vue:371 || frontend/src/pages/MobileLead.vue:239,crm/fcrm/workspace/frappe_crm/frappe_crm.json || frontend/src/pages/InvalidPage.vue:9 || frontend/src/pages/Lead.vue:369 || frontend/src/pages/MobileLead.vue:239,workspace,Frappe CRM (Workspace),"[""Label of a shortcut in the Frappe CRM Workspace""]",,,,,,,igual al inglés válida,revisado inicial CRM,sí,no,sí,,REVERSIÓN: 'Clientes potenciales'->Leads (protegido en inglés).,,,
crm:2d159a6cf4797aeb,crm,crm,src,src,,Src,Leads by Source,Leads by Source,,,,,Leads por origen,,,,,frontend/src/components/Dashboard/AddChartModal.vue:102,frontend/src/components/Dashboard/AddChartModal.vue:102,frontend/src/components/Dashboard/AddChartModal.vue:102,client-js,,[],,,,,,,traducción propuesta,revisado inicial CRM,sí,no,no,,Leads protegido; Source=origen,,,
crm:e00007236b25b67e,crm,crm,api,api,,Api,Leads by source,Leads by source,,,,,Leads por origen,,,,,crm/api/dashboard.py:984,crm/api/dashboard.py:984,crm/api/dashboard.py:984,python,,[],,,,,,,traducción propuesta,revisado inicial CRM,sí,sí,no,,reversión Leads; source->origen,,,
crm:3d21b9928b382df8,crm,crm,src,src,,Src,Learn about conditions,Learn about conditions,,,Aprende acerca de las condiciones,,Más información sobre las condiciones,,,,,frontend/src/components/Settings/AssignmentRules/AssignmentRuleView.vue:158,frontend/src/components/Settings/AssignmentRules/AssignmentRuleView.vue:158 || frontend/src/components/Settings/AssignmentRules/AssignmentRuleView.vue:238,frontend/src/components/Settings/AssignmentRules/AssignmentRuleView.vue:158 || frontend/src/components/Settings/AssignmentRules/AssignmentRuleView.vue:238,client-js,,[],,,,,,,existente mejorable,revisado inicial CRM,sí,sí,no,,Cross-app 'Learn about conditions'.,crm:crossapp,Más información sobre las condiciones,
crm:6cbe1ae061a14fe1,crm,crm,fcrm,fcrm,,Fcrm,Left,Left,,,Inactivo/Fuera,,Izquierda,,Label of the lft (Int) field in DocType 'CRM Sales Hierarchy',etiqueta de campo/elemento,,crm/fcrm/doctype/crm_sales_hierarchy/crm_sales_hierarchy.json,crm/fcrm/doctype/crm_sales_hierarchy/crm_sales_hierarchy.json || crm/fcrm/doctype/crm_territory/crm_territory.json,crm/fcrm/doctype/crm_sales_hierarchy/crm_sales_hierarchy.json || crm/fcrm/doctype/crm_territory/crm_territory.json,doctype-json,Crm Sales Hierarchy,"[""Label of the lft (Int) field in DocType 'CRM Sales Hierarchy'"", ""Label of the lft (Int) field in DocType 'CRM Territory'""]",,,,,,,existente mejorable,revisado inicial CRM,sí,sí,no,,Campo lft (nested-set). 'Inactivo/Fuera' es un error; Left=Izquierda.,,,
crm:99eea34852c8b3e6,crm,crm,src,src,,Src,Less than,Less than,,,,,Menor que,,,,,frontend/src/components/Filter.vue:393,frontend/src/components/Filter.vue:393,frontend/src/components/Filter.vue:367,client-js,,[],,,,,,,traducción propuesta,revisado inicial CRM,sí,sí,no,,operador de filtro,,,
crm:2a4b71e0501a756c,crm,crm,src,src,,Src,Less than or equal to,Less than or equal to,,,,,Menor o igual que,,,,,frontend/src/components/Filter.vue:395,frontend/src/components/Filter.vue:395,frontend/src/components/Filter.vue:369,client-js,,[],,,,,,,traducción propuesta,revisado inicial CRM,sí,sí,no,,operador de filtro,,,
crm:75a31103f22416bb,crm,crm,src,src,,Src,Library,Library,,,Biblioteca,,Biblioteca,,,,,frontend/src/components/FilesUploader/FilesUploaderArea.vue:47,frontend/src/components/FilesUploader/FilesUploaderArea.vue:47,frontend/src/components/FilesUploader/FilesUploaderArea.vue:47,client-js,,[],,,,,,,existente correcta,revisado inicial CRM,sí,sí,no,,Cross-app aprobado exacto.,Library,Biblioteca,
crm:0c226553fde572f8,crm,crm,src,src,,Src,Light,Light,,,Claro,,Claro,,,,,frontend/src/components/Settings/ThemeSwitcher.vue:41,frontend/src/components/Settings/ThemeSwitcher.vue:41,frontend/src/components/Settings/ThemeSwitcher.vue:41,client-js,,[],,,,,,,existente correcta,revisado inicial CRM,sí,sí,no,,crossapp Light->Claro,,,
crm:1ca315cfe0e6c36d,crm,crm,src,src,,Src,Like,Like,,,Como,,Me gusta,,,,,frontend/src/components/Filter.vue:301,frontend/src/components/Filter.vue:301 || frontend/src/components/Filter.vue:312 || frontend/src/components/Filter.vue:322 || frontend/src/components/Filter.vue:350 || frontend/src/components/Filter.vue:364,frontend/src/components/Filter.vue:275 || frontend/src/components/Filter.vue:286 || frontend/src/components/Filter.vue:296 || frontend/src/components/Filter.vue:324 || frontend/src/components/Filter.vue:338,client-js,,[],,,,,,,existente mejorable,revisado inicial CRM + pase dirigido,sí,,,,TERM: Like -> Me gusta.,,Como,
crm:c5d2492de28baf3a,crm,crm,src,src,,Src,Link,Link,,,Enlace,,Enlace,,,,,frontend/src/components/FilesUploader/FilesUploaderArea.vue:51,frontend/src/components/FilesUploader/FilesUploaderArea.vue:51,frontend/src/components/FilesUploader/FilesUploaderArea.vue:51,client-js,,[],,,,,,,existente correcta,revisado inicial CRM,sí,sí,no,,Cross-app aprobado exacto.,Link,Enlace,
crm:3a6db237081a1511,crm,crm,fcrm,fcrm,,Fcrm,Linked Item {0} no longer exists,Linked Item {0} no longer exists,,,,,El artículo vinculado {0} ya no existe,,,,,crm/fcrm/doctype/crm_product/reconcile_job.py:79,crm/fcrm/doctype/crm_product/reconcile_job.py:79,crm/fcrm/doctype/crm_product/reconcile_job.py:100,doctype-controller,Crm Product,[],{0},,{0},ok,,,traducción propuesta,revisado inicial CRM,sí,sí,no,,Placeholder {0} preservado. Item(ERPNext)=artículo.,,,
crm:3a086105d0428d3a,crm,crm,fcrm,fcrm,,Fcrm,Links,Links,,,Enlaces,,Enlaces,,Label of the links (Table) field in DocType 'CRM Call Log',etiqueta de campo/elemento,,crm/fcrm/doctype/crm_call_log/crm_call_log.json,crm/fcrm/doctype/crm_call_log/crm_call_log.json,crm/fcrm/doctype/crm_call_log/crm_call_log.json,doctype-json,Crm Call Log,"[""Label of the links (Table) field in DocType 'CRM Call Log'""]",,,,,,,existente correcta,revisado inicial CRM,sí,sí,no,,cross-app aprobado: Links,,,
crm:a8053400f7e3d171,crm,crm,src,fcrm;src,sí,Src,List,List,,,Lista,,Lista,,Label of the list_tab (Tab Break) field in DocType 'CRM View Settings',etiqueta de campo/elemento,,crm/fcrm/doctype/crm_form_script/crm_form_script.json,crm/fcrm/doctype/crm_form_script/crm_form_script.json || crm/fcrm/doctype/crm_view_settings/crm_view_settings.json || frontend/src/components/ViewControls.vue:381 || frontend/src/components/ViewControls.vue:599 || frontend/src/utils/view.js:12,crm/fcrm/doctype/crm_form_script/crm_form_script.json || crm/fcrm/doctype/crm_view_settings/crm_view_settings.json || frontend/src/components/ViewControls.vue:382 || frontend/src/components/ViewControls.vue:597 || frontend/src/utils/view.js:12,doctype-json,Crm Form Script,"[""Label of the list_tab (Tab Break) field in DocType 'CRM View Settings'"", ""Option for the 'Apply To' (Select) field in DocType 'CRM Form Script'""]",,,,,,,existente correcta,revisado inicial CRM,sí,sí,no,,Cross-app: List=Lista.,,,
crm:b4b40236104d80f7,crm,crm,src,src,,Src,Listen,Listen,,,,,Escuchar,,,,,frontend/src/components/Activities/CallArea.vue:66,frontend/src/components/Activities/CallArea.vue:66,frontend/src/components/Activities/CallArea.vue:66,client-js,,[],,,,,,,traducción propuesta,revisado inicial CRM,sí,sí,no,,crossapp aprobado.,,,
crm:b0d43d6f670d5cd4,crm,crm,fcrm,fcrm,,Fcrm,Load Default Columns,Load Default Columns,,,,,Cargar columnas predeterminadas,,Label of the load_default_columns (Check) field in DocType 'CRM View Settings',etiqueta de campo/elemento,,crm/fcrm/doctype/crm_view_settings/crm_view_settings.json,crm/fcrm/doctype/crm_view_settings/crm_view_settings.json,crm/fcrm/doctype/crm_view_settings/crm_view_settings.json,doctype-json,Crm View Settings,"[""Label of the load_default_columns (Check) field in DocType 'CRM View Settings'""]",,,,,,,traducción propuesta,revisado inicial CRM,sí,sí,no,,crossapp Load Default Columns->Cargar columnas predeterminadas,,,
crm:fc088c6e01b94376,crm,crm,src,src,,Src,Load More,Load More,,,Carga más,,Cargar más,,,,,frontend/src/components/Kanban/KanbanView.vue:144,frontend/src/components/Kanban/KanbanView.vue:144 || frontend/src/components/Settings/EmailTemplate/EmailTemplates.vue:142 || frontend/src/components/Settings/LeadSyncing/LeadSyncSources.vue:114 || frontend/src/components/Settings/Users.vue:153,frontend/src/components/Kanban/KanbanView.vue:144 || frontend/src/components/Settings/EmailTemplate/EmailTemplates.vue:142 || frontend/src/components/Settings/LeadSyncing/LeadSyncSources.vue:114 || frontend/src/components/Settings/Users.vue:153,client-js,,[],,,,,,,existente mejorable,revisado inicial CRM,sí,sí,no,,cross-app Load More=Cargar más; 'Carga más' incorrecto,,,
crm:191e3eaecea0df51,crm,crm,src,src,,Src,Loading...,Loading...,,,Cargando...,,Cargando...,,,,,frontend/src/components/Activities/Activities.vue:19,frontend/src/components/Activities/Activities.vue:19 || frontend/src/components/Activities/DataFields.vue:35 || frontend/src/components/Modals/FieldLayoutDialog.vue:30 || frontend/src/pages/Deal.vue:186 || frontend/src/pages/MobileDeal.vue:121,frontend/src/components/Activities/Activities.vue:19 || frontend/src/components/Activities/DataFields.vue:35 || frontend/src/components/Modals/FieldLayoutDialog.vue:30 || frontend/src/pages/Deal.vue:186 || frontend/src/pages/MobileDeal.vue:121,client-js,,[],,,,,,,existente correcta,revisado inicial CRM,sí,sí,no,,crossapp aprobado.,,,
crm:e8f2bdf766afc87b,crm,crm,fcrm,fcrm,,Fcrm,Log,Log,,,Registro,,Registro,,Label of the log_tab (Tab Break) field in DocType 'CRM Deal',etiqueta de campo/elemento,,crm/fcrm/doctype/crm_deal/crm_deal.json,crm/fcrm/doctype/crm_deal/crm_deal.json || crm/fcrm/doctype/crm_lead/crm_lead.json,crm/fcrm/doctype/crm_deal/crm_deal.json || crm/fcrm/doctype/crm_lead/crm_lead.json,doctype-json,Crm Deal,"[""Label of the log_tab (Tab Break) field in DocType 'CRM Deal'"", ""Label of the log_tab (Tab Break) field in DocType 'CRM Lead'""]",,,,,,,existente correcta,revisado inicial CRM,sí,sí,no,,Cross-app aprobado exacto.,Log,Registro,
crm:7ae328ec4779211b,crm,crm,src,src,,Src,Log ID,Log ID,,,,,ID de registro,,,,,frontend/src/components/Settings/LeadSyncing/FailureLogs.vue:23,frontend/src/components/Settings/LeadSyncing/FailureLogs.vue:23,frontend/src/components/Settings/LeadSyncing/FailureLogs.vue:23,client-js,,[],,,,,,,traducción propuesta,revisado inicial CRM,sí,sí,no,,Log ID = ID del registro de fallo.,ID,ID,
crm:93e75e09da7c3509,crm,crm,src,src,,Src,Log a Call,Log a Call,,,,,Registrar una llamada,,,,,frontend/src/components/Activities/ActivityHeader.vue:120,frontend/src/components/Activities/ActivityHeader.vue:120 || frontend/src/components/Activities/ActivityHeader.vue:163,frontend/src/components/Activities/ActivityHeader.vue:136 || frontend/src/components/Activities/ActivityHeader.vue:179,client-js,,[],,,,,,,traducción propuesta,revisado inicial CRM,sí,sí,no,,crossapp aprobado.,,,
crm:eaae7739b0eb46a1,crm,crm,src,src,,Src,Login to Frappe Cloud?,Login to Frappe Cloud?,,,¿Iniciar sesión en Frappe Cloud?,,¿Iniciar sesión en Frappe Cloud?,,,,,frontend/src/composables/frappecloud.js:23,frontend/src/composables/frappecloud.js:23,frontend/src/composables/frappecloud.js:23,client-js,,[],,,,,,,existente correcta,revisado inicial CRM,sí,sí,no,,Frappe Cloud marca preservada.,,,
crm:099bd40c02af3c5f,crm,crm,src,src,,Src,Login with Different Account,Login with Different Account,,,,,Iniciar sesión con otra cuenta,,,,,frontend/src/pages/NotPermitted.vue:21,frontend/src/pages/NotPermitted.vue:21,frontend/src/pages/NotPermitted.vue:21,client-js,,[],,,,,,,traducción propuesta,revisado inicial CRM,sí,sí,no,,Acción de login.,,,
crm:bce05bb62c8f16f9,crm,crm,fcrm,fcrm,,Domain_Enrichment,Logo,Logo,,,Logo,,Logo,,Label of the brand_logo (Attach) field in DocType 'FCRM Settings',etiqueta de campo/elemento,,crm/fcrm/doctype/fcrm_settings/fcrm_settings.json,crm/fcrm/doctype/fcrm_settings/fcrm_settings.json,crm/fcrm/doctype/fcrm_settings/fcrm_settings.json,doctype-json,Fcrm Settings,"[""Label of the brand_logo (Attach) field in DocType 'FCRM Settings'""]",,,,,,,existente correcta,revisado inicial CRM,sí,sí,no,,Cross-app aprobado: Logo->Logo. Corrige estado upstream 'igual al inglés requiere revisión'.,,,
crm:90742ac47eb4718a,crm,crm,fcrm,fcrm,,CRM,Lost,Lost,,,Perdido,,Perdido,,CRM,estado,comercial,crm/fcrm/doctype/crm_deal_status/crm_deal_status.json,crm/fcrm/doctype/crm_deal_status/crm_deal_status.json || crm/fcrm/doctype/crm_lead_status/crm_lead_status.json,crm/fcrm/doctype/crm_deal_status/crm_deal_status.json || crm/fcrm/doctype/crm_lead_status/crm_lead_status.json,doctype-json,Crm Deal Status,"[""Option for the 'Type' (Select) field in DocType 'CRM Deal Status'"", ""Option for the 'Type' (Select) field in DocType 'CRM Lead Status'""]",,,,,,,existente correcta,revisado inicial CRM,sí,no,sí,,"LOCKED excepción: 'Perdida'->'Perdido' (masculino, estado de Deal).",Lost,Perdido,
crm:5b55bb8d9affd508,crm,crm,src,src,,Src,Lost Deal Reasons,Lost Deal Reasons,,,,,Razones de Deals perdidos,,,,,frontend/src/components/Dashboard/AddChartModal.vue:94,frontend/src/components/Dashboard/AddChartModal.vue:94,frontend/src/components/Dashboard/AddChartModal.vue:94,client-js,,[],,,,,,,traducción propuesta,revisado inicial CRM,sí,no,no,,Deal protegido; Lost=perdido,,,
crm:1b45f9f6cae5471b,crm,crm,fcrm,fcrm,,Fcrm,Lost Details,Lost Details,,,,,Detalles de la pérdida,,Label of the lost_details_tab (Tab Break) field in DocType 'CRM Deal',etiqueta de campo/elemento,,crm/fcrm/doctype/crm_deal/crm_deal.json,crm/fcrm/doctype/crm_deal/crm_deal.json || crm/fcrm/doctype/crm_lead/crm_lead.json,crm/fcrm/doctype/crm_deal/crm_deal.json || crm/fcrm/doctype/crm_lead/crm_lead.json,doctype-json,Crm Deal,"[""Label of the lost_details_tab (Tab Break) field in DocType 'CRM Deal'"", ""Label of the lost_details_tab (Tab Break) field in DocType 'CRM Lead'""]",,,,,,,traducción propuesta,revisado inicial CRM,sí,no,sí,,Lost Details = detalles del Deal perdido.,Lost,Perdido,
crm:23a8a2ab9035bbbe,crm,crm,fcrm,fcrm;src,sí,Fcrm,Lost Notes,Lost Notes,,,,,Notas de la pérdida,,Label of the lost_notes (Text) field in DocType 'CRM Deal',etiqueta de campo/elemento,,crm/fcrm/doctype/crm_deal/crm_deal.json,crm/fcrm/doctype/crm_deal/crm_deal.json || crm/fcrm/doctype/crm_lead/crm_lead.json || frontend/src/components/Modals/LostReasonModal.vue:28,crm/fcrm/doctype/crm_deal/crm_deal.json || crm/fcrm/doctype/crm_lead/crm_lead.json || frontend/src/components/Modals/LostReasonModal.vue:28,doctype-json,Crm Deal,"[""Label of the lost_notes (Text) field in DocType 'CRM Deal'"", ""Label of the lost_notes (Text) field in DocType 'CRM Lead'""]",,,,,,,traducción propuesta,revisado inicial CRM,sí,no,sí,,,Note,Nota,
crm:261d1cd3c18aa74f,crm,crm,src,src,,Src,"Lost Notes are required when Lost Reason is ""Other""","Lost Notes are required when Lost Reason is ""Other""",,,,,"Las notas de pérdida son obligatorias cuando la razón de la pérdida es ""Other""",,,,,frontend/src/components/Modals/LostReasonModal.vue:84,frontend/src/components/Modals/LostReasonModal.vue:84,frontend/src/components/Modals/LostReasonModal.vue:84,client-js,,[],,,,,,,traducción propuesta,revisado inicial CRM,sí,sí,no,,"""Other"" es valor literal de opción; se conserva.",,,
crm:71074d9c86fad392,crm,crm,fcrm,fcrm;src,sí,Fcrm,Lost Reason,Lost Reason,,,Razón de la pérdida,,Razón de la pérdida,,Label of the lost_reason (Data) field in DocType 'CRM Lost Reason',etiqueta de campo/elemento,,crm/fcrm/doctype/crm_deal/crm_deal.json,crm/fcrm/doctype/crm_deal/crm_deal.json || crm/fcrm/doctype/crm_lead/crm_lead.json || crm/fcrm/doctype/crm_lost_reason/crm_lost_reason.json || frontend/src/components/Modals/LostReasonModal.vue:14 || frontend/src/components/Modals/LostReasonModal.vue:2,crm/fcrm/doctype/crm_deal/crm_deal.json || crm/fcrm/doctype/crm_lead/crm_lead.json || crm/fcrm/doctype/crm_lost_reason/crm_lost_reason.json || frontend/src/components/Modals/LostReasonModal.vue:2 || frontend/src/components/Modals/LostReasonModal.vue:14,doctype-json,Crm Deal,"[""Label of the lost_reason (Data) field in DocType 'CRM Lost Reason'"", ""Label of the lost_reason (Link) field in DocType 'CRM Deal'"", ""Label of the lost_reason (Link) field in DocType 'CRM Lead'""]",,,,,,,existente correcta,revisado inicial CRM,sí,sí,no,,Cross-app aprobado exacto.,Lost Reason,Razón de la pérdida,
crm:f106f53576d96830,crm,crm,src,src,,Src,Lost Reason is required,Lost Reason is required,,,,,La razón de la pérdida es obligatoria,,,,,frontend/src/components/Modals/LostReasonModal.vue:80,frontend/src/components/Modals/LostReasonModal.vue:80,frontend/src/components/Modals/LostReasonModal.vue:80,client-js,,[],,,,,,,traducción propuesta,revisado inicial CRM,sí,sí,no,,Lost Reason=Razón de la pérdida (cross-app).,,,
crm:6e0525229bc4bc7d,crm,crm,api,api,,Api,Lost deal reasons,Lost deal reasons,,,,,Razones de Deals perdidos,,,,,crm/api/dashboard.py:937,crm/api/dashboard.py:937,crm/api/dashboard.py:937,python,,[],,,,,,,traducción propuesta,revisado inicial CRM,sí,sí,no,,reversión Deal; lost->perdido,,,
crm:4830ddf89ce1dd55,crm,crm,fcrm,fcrm,,Fcrm,Low,Low,,,Bajo,,Baja,,Option for the 'Priority' (Select) field in DocType 'CRM Task',opción de campo select,,crm/fcrm/doctype/crm_task/crm_task.json,crm/fcrm/doctype/crm_task/crm_task.json,crm/fcrm/doctype/crm_task/crm_task.json,doctype-json,Crm Task,"[""Option for the 'Priority' (Select) field in DocType 'CRM Task'""]",,,,,,,existente mejorable,revisado inicial CRM,sí,sí,no,,"cross-app aprobado: Low->'Baja' (prioridad, femenino)",,,
crm:53d0d196535de9e2,crm,crm,src,src,,Src,Make Call,Make Call,,,,,Hacer llamada,,,,,frontend/src/components/Telephony/CallUI.vue:6,frontend/src/components/Telephony/CallUI.vue:6 || frontend/src/pages/Contact.vue:92,frontend/src/components/Telephony/CallUI.vue:6 || frontend/src/pages/Contact.vue:92,client-js,,[],,,,,,,traducción propuesta,revisado inicial CRM,sí,sí,no,,acción telefonía,,,
crm:26ac60f67e97ec0a,crm,crm,src,src,,Src,Make Private,Make Private,,,,,Hacer privada,,,,,frontend/src/components/Activities/AttachmentArea.vue:39,frontend/src/components/Activities/AttachmentArea.vue:39 || frontend/src/components/ViewControls.vue:1128,frontend/src/components/Activities/AttachmentArea.vue:39 || frontend/src/components/ViewControls.vue:1105,client-js,,[],,,,,,,traducción propuesta,revisado inicial CRM,sí,sí,no,,crossapp aprobado.,,,
crm:987fcd6126a6a741,crm,crm,src,src,,Src,Make Public,Make Public,,,,,Hacer pública,,,,,frontend/src/components/Activities/AttachmentArea.vue:39,frontend/src/components/Activities/AttachmentArea.vue:39 || frontend/src/components/ViewControls.vue:1128,frontend/src/components/Activities/AttachmentArea.vue:39 || frontend/src/components/ViewControls.vue:1105,client-js,,[],,,,,,,traducción propuesta,revisado inicial CRM,sí,sí,no,,crossapp aprobado.,,,
crm:97c913ec72ad205e,crm,crm,src,src,,Src,Make a Call,Make a Call,,,,,Hacer una llamada,,,,,frontend/src/components/Activities/ActivityHeader.vue:125,frontend/src/components/Activities/ActivityHeader.vue:125 || frontend/src/components/Activities/ActivityHeader.vue:168 || frontend/src/pages/Deal.vue:86 || frontend/src/pages/Deals.vue:503 || frontend/src/pages/Lead.vue:127 || frontend/src/pages/Leads.vue:537 || frontend/src/pages/MobileContact.vue:73,frontend/src/components/Activities/ActivityHeader.vue:141 || frontend/src/components/Activities/ActivityHeader.vue:184 || frontend/src/pages/Deal.vue:86 || frontend/src/pages/Deals.vue:503 || frontend/src/pages/Lead.vue:127 || frontend/src/pages/Leads.vue:537 || frontend/src/pages/MobileContact.vue:73,client-js,,[],,,,,,,traducción propuesta,revisado inicial CRM,sí,sí,no,,crossapp aprobado.,,,
crm:bbcf5da127b1450b,crm,crm,src,src,,Src,Make attachment {0},Make attachment {0},,,,,Hacer adjunto {0},,,,,frontend/src/components/Activities/AttachmentArea.vue:98,frontend/src/components/Activities/AttachmentArea.vue:98,frontend/src/components/Activities/AttachmentArea.vue:98,client-js,,[],{0},,{0},ok,,,traducción propuesta,revisado inicial CRM,sí,sí,no,,Placeholder {0} preservado.,,,
crm:aebdc15cfe8f1714,crm,crm,src,src,,Src,Make {0},Make {0},,,Hacer {0},,Hacer {0},,,,,frontend/src/components/Activities/AttachmentArea.vue:107,frontend/src/components/Activities/AttachmentArea.vue:107,frontend/src/components/Activities/AttachmentArea.vue:107,client-js,,[],{0},{0},{0},ok,,,existente correcta,revisado inicial CRM,sí,sí,no,,crossapp aprobado; placeholder preservado.,,,
crm:959145fbb8237b2e,crm,crm,src,src,,Src,Make {0} as default calling medium,Make {0} as default calling medium,,,,,Establecer {0} como medio de llamada predeterminado,,,,,frontend/src/components/Telephony/CallUI.vue:32,frontend/src/components/Telephony/CallUI.vue:32,frontend/src/components/Telephony/CallUI.vue:32,client-js,,[],{0},,{0},ok,,,traducción propuesta,revisado inicial CRM,sí,sí,no,,placeholder {0} preservado,,,
crm:95cbe77788b01cfa,crm,crm,src,src,,Src,"Makes ""Expected Closure Date"" and ""Expected Deal Value"" mandatory for deal value forecasting","Makes ""Expected Closure Date"" and ""Expected Deal Value"" mandatory for deal value forecasting",,,,,"Hace obligatorios ""Fecha de cierre esperada"" y ""Valor esperado del Deal"" para el pronóstico del valor del Deal",,,,,frontend/src/components/Settings/DashboardSettings.vue:35,frontend/src/components/Settings/DashboardSettings.vue:35,frontend/src/components/Settings/DashboardSettings.vue:35,client-js,,[],,,,,,,traducción propuesta,revisado inicial CRM,sí,no,no,,deal value -> valor del Deal (protegido); comillas preservadas.,,,
crm:5455dd7128be07c3,crm,crm,src,src,,Src,"Manage CRM users by adding or inviting them, and assign roles to control their access and permissions","Manage CRM users by adding or inviting them, and assign roles to control their access and permissions",,,,,"Gestione los usuarios del CRM agregándolos o invitándolos, y asigne roles para controlar su acceso y permisos",,,,,frontend/src/components/Settings/Users.vue:11,frontend/src/components/Settings/Users.vue:11,frontend/src/components/Settings/Users.vue:11,client-js,,[],,,,,,,traducción propuesta,revisado inicial CRM,sí,sí,no,,,,,
crm:437ba99ada4be2d4,crm,crm,src,src,,Src,Manage ERPNext integration settings,Manage ERPNext integration settings,,,,,Gestionar la configuración de la integración con ERPNext,,,,,frontend/src/components/Settings/ERPNextSettings.vue:4,frontend/src/components/Settings/ERPNextSettings.vue:4,frontend/src/components/Settings/ERPNextSettings.vue:4,client-js,,[],,,,,,,traducción propuesta,revisado inicial CRM,sí,sí,no,,,,,
crm:e9c4f543593190f7,crm,crm,src,src,,Src,Manage your account emails and email signature for communication.,Manage your account emails and email signature for communication.,,,,,Gestione los correos de su cuenta y la firma de correo para la comunicación.,,,,,frontend/src/components/Settings/Profile/ProfileSettings.vue:100,frontend/src/components/Settings/Profile/ProfileSettings.vue:100,frontend/src/components/Settings/Profile/ProfileSettings.vue:100,client-js,,[],,,,,,,traducción propuesta,revisado inicial CRM,sí,sí,no,,Crossapp aprobado: reuso exacto.,Manage your account emails and email signature for communication.,Gestione los correos de su cuenta y la firma de correo para la comunicación.,
crm:67e7bb1d52341d5d,crm,crm,src,src,,Src,Manage your email accounts to send and receive emails directly from CRM. You can add multiple accounts and set one as default for incoming and outgoing emails.,Manage your email accounts to send and receive emails directly from CRM. You can add multiple accounts and set one as default for incoming and outgoing emails.,,,,,Gestione sus cuentas de correo para enviar y recibir correos directamente desde el CRM. Puede agregar varias cuentas y establecer una como predeterminada para los correos entrantes y salientes.,,,,,frontend/src/components/Settings/EmailAccountList.vue:11,frontend/src/components/Settings/EmailAccountList.vue:11,frontend/src/components/Settings/EmailAccountList.vue:11,client-js,,[],,,,,,,traducción propuesta,revisado inicial CRM,sí,sí,no,,,,,
crm:d13b25eafc485684,crm,crm,src,src,,Src,Manage your email signature,Manage your email signature,,,,,Gestione su firma de correo,,,,,frontend/src/components/Settings/Profile/UserEmailSettings.vue:36,frontend/src/components/Settings/Profile/UserEmailSettings.vue:36,frontend/src/components/Settings/Profile/UserEmailSettings.vue:36,client-js,,[],,,,,,,traducción propuesta,revisado inicial CRM,sí,sí,no,,Sin traducción upstream.,,,
crm:13c09fb5d7f5c75a,crm,crm,src,src,,Src,Manage your profile & login information.,Manage your profile & login information.,,,,,Gestione su perfil e información de acceso.,,,,,frontend/src/components/Settings/Profile/ProfileSettings.vue:5,frontend/src/components/Settings/Profile/ProfileSettings.vue:5,frontend/src/components/Settings/Profile/ProfileSettings.vue:5,client-js,,[],,,,,,,traducción propuesta,revisado inicial CRM,sí,sí,no,,Sin traducción upstream.,,,
crm:59f8eeaf03c46814,crm,crm,src,src,,Src,Manage your service level agreement policies,Manage your service level agreement policies,,,,,Gestione sus políticas de acuerdo de nivel de servicio,,,,,frontend/src/components/Settings/Sla/SlaPolicyList.vue:4,frontend/src/components/Settings/Sla/SlaPolicyList.vue:4,frontend/src/components/Settings/Sla/SlaPolicyList.vue:4,client-js,,[],,,,,,,traducción propuesta,revisado inicial CRM,sí,sí,no,,Service Level Agreement->Acuerdo de nivel de servicio (crossapp).,,,
crm:bcff571e306e9a07,crm,crm,src,src,,Src,Manager,Manager,,,Administrador,,Administrador,,,,,frontend/src/components/Modals/AddExistingUserModal.vue:91,frontend/src/components/Modals/AddExistingUserModal.vue:91 || frontend/src/components/Settings/InviteUserPage.vue:163 || frontend/src/components/Settings/InviteUserPage.vue:170 || frontend/src/components/Settings/Users.vue:194 || frontend/src/components/Settings/Users.vue:240 || frontend/src/components/Settings/Users.vue:243 || frontend/src/components/Settings/Users.vue:86,frontend/src/components/Modals/AddExistingUserModal.vue:93 || frontend/src/components/Settings/InviteUserPage.vue:163 || frontend/src/components/Settings/InviteUserPage.vue:170 || frontend/src/components/Settings/Users.vue:86 || frontend/src/components/Settings/Users.vue:186 || frontend/src/components/Settings/Users.vue:232 || frontend/src/components/Settings/Users.vue:235,client-js,,[],,,,,,,existente correcta,revisado inicial CRM,sí,sí,no,,Cross-app aprobado (Manager).,,,
crm:411996d8e00cc097,crm,crm,src,src,,Src,Managing contacts and companies,Managing contacts and companies,,,,,Gestionar contactos y empresas,,,,,frontend/src/pages/PersonaForm.vue:97,frontend/src/pages/PersonaForm.vue:97,frontend/src/pages/PersonaForm.vue:97,client-js,,[],,,,,,,traducción propuesta,revisado inicial CRM,sí,sí,no,,,,,
crm:437de809f1f16c10,crm,crm,src,src,,Src,Mandatory field error: {0},Mandatory field error: {0},,,,,Error de campo obligatorio: {0},,,,,frontend/src/components/Modals/DoctypeModal.vue:122,frontend/src/components/Modals/DoctypeModal.vue:122 || frontend/src/data/document.js:68,frontend/src/components/Modals/DoctypeModal.vue:122 || frontend/src/data/document.js:68,client-js,,[],{0},,{0},ok,,,traducción propuesta,revisado inicial CRM,sí,sí,no,,Placeholder {0} preservado.,,,
crm:067f73bde000e263,crm,crm,lead_syncing,lead_syncing,,Lead_Syncing,Mandatory field(s) {0} must be mapped,Mandatory field(s) {0} must be mapped,,,,,Se deben asignar los campos obligatorios {0},,,,,crm/lead_syncing/doctype/facebook_lead_form/facebook_lead_form.py:48,crm/lead_syncing/doctype/facebook_lead_form/facebook_lead_form.py:48,crm/lead_syncing/doctype/facebook_lead_form/facebook_lead_form.py:48,doctype-controller,Facebook Lead Form,[],{0},,{0},ok,,,traducción propuesta,revisado inicial CRM,sí,sí,no,,Placeholder {0} preservado; 'mapped'->'asignados' (mapeo de campos).,,,
crm:a676b4c872d1b50d,crm,crm,src,src,,Src,Mandatory fields required: {0},Mandatory fields required: {0},,,,,Campos obligatorios requeridos: {0},,,,,frontend/src/components/Modals/FieldLayoutDialog.vue:207,frontend/src/components/Modals/FieldLayoutDialog.vue:207 || frontend/src/data/document.js:226 || frontend/src/data/document.js:228,frontend/src/components/Modals/FieldLayoutDialog.vue:207 || frontend/src/data/document.js:226 || frontend/src/data/document.js:228,client-js,,[],{0},,{0},ok,,,traducción propuesta,revisado inicial CRM,sí,sí,no,,Placeholder {0} preservado.,,,
crm:320f8d76dfe3bdb6,crm,crm,fcrm,fcrm,,Fcrm,Manual,Manual,,,Manual,,Manual,,Option for the 'Telephony Medium' (Select) field in DocType 'CRM Call Log',opción de campo select,,crm/fcrm/doctype/crm_call_log/crm_call_log.json,crm/fcrm/doctype/crm_call_log/crm_call_log.json,crm/fcrm/doctype/crm_call_log/crm_call_log.json,doctype-json,Crm Call Log,"[""Option for the 'Telephony Medium' (Select) field in DocType 'CRM Call Log'""]",,,,,,,existente correcta,revisado inicial CRM,sí,sí,no,,cross-app aprobado: Manual->Manual; se elimina estado 'requiere revisión',,,
crm:d29be362cabc59c4,crm,crm,src,src,,CRM,Manual Sync,Manual Sync,,,,,Sincronización manual,,,,,frontend/src/components/Settings/ERPNextSettings.vue:243,frontend/src/components/Settings/ERPNextSettings.vue:243,,client-js,,[],,,,,,,traducción propuesta,aprobado (lote crm 1.81.2),sí,,,,lote crm 1.81.2: nueva,,,"POT-only: en el universo fresco, sin traducir"
crm:6facbf2d4d7340da,crm,crm,lead_syncing,lead_syncing,,Lead_Syncing,Mapped to CRM Field,Mapped to CRM Field,,,,,Asignado al campo del CRM,,Label of the mapped_to_crm_field (Autocomplete) field in DocType 'Facebook Lead Form Question',etiqueta de campo/elemento,,crm/lead_syncing/doctype/facebook_lead_form_question/facebook_lead_form_question.json,crm/lead_syncing/doctype/facebook_lead_form_question/facebook_lead_form_question.json,crm/lead_syncing/doctype/facebook_lead_form_question/facebook_lead_form_question.json,doctype-json,Facebook Lead Form Question,"[""Label of the mapped_to_crm_field (Autocomplete) field in DocType 'Facebook Lead Form Question'""]",,,,,,,traducción propuesta,revisado inicial CRM,sí,no,no,,Mapped to CRM Field: campo del CRM al que se mapea la pregunta. CRM se conserva.,,,
crm:757e0ced9e741f0b,crm,crm,src,src,,Src,Mark all as read,Mark all as read,,,Marcar todo como leídas,,Marcar todo como leído,,,,,frontend/src/components/Notifications.vue:21,frontend/src/components/Notifications.vue:21 || frontend/src/pages/MobileNotification.vue:13 || frontend/src/pages/MobileNotification.vue:14,frontend/src/components/Notifications.vue:22 || frontend/src/pages/MobileNotification.vue:13 || frontend/src/pages/MobileNotification.vue:14,client-js,,[],,,,,,,existente mejorable,revisado inicial CRM,sí,sí,no,,cross-app aprobado corrige 'leídas'->'leído',,,
crm:7f637b67500d2b6c,crm,crm,fcrm,fcrm;src,sí,Fcrm,Mark lead/deal as replied on response,Mark lead/deal as replied on response,,,,,Marcar Lead/Deal como respondido al recibir respuesta,,Label of the auto_mark_replied_on_response (Check) field in DocType 'FCRM Settings',etiqueta de campo/elemento,,crm/fcrm/doctype/fcrm_settings/fcrm_settings.json,crm/fcrm/doctype/fcrm_settings/fcrm_settings.json || frontend/src/components/Settings/GeneralSettings.vue:38,crm/fcrm/doctype/fcrm_settings/fcrm_settings.json || frontend/src/components/Settings/GeneralSettings.vue:38,doctype-json,Fcrm Settings,"[""Label of the auto_mark_replied_on_response (Check) field in DocType 'FCRM Settings'""]",,,,,,,traducción propuesta,revisado inicial CRM,sí,no,no,,Lead/Deal protegidos,,,
crm:96e8de8b4d22a2a7,crm,crm,src,src,,Src,Masters,Masters,,,Maestros,,Maestros,,,,,frontend/src/components/Layouts/AppSidebar.vue:661,frontend/src/components/Layouts/AppSidebar.vue:661,frontend/src/components/Layouts/AppSidebar.vue:577,client-js,,[],,,,,,,existente correcta,revisado inicial CRM,sí,sí,no,,Cross-app aprobado.,,,
crm:aef327d604187bed,crm,crm,fcrm,fcrm,,Fcrm,Medium,Medium,,,Medio,,Media,,Label of the medium (Data) field in DocType 'CRM Call Log',etiqueta de campo/elemento,,crm/fcrm/doctype/crm_call_log/crm_call_log.json,crm/fcrm/doctype/crm_call_log/crm_call_log.json || crm/fcrm/doctype/crm_task/crm_task.json,crm/fcrm/doctype/crm_call_log/crm_call_log.json || crm/fcrm/doctype/crm_task/crm_task.json,doctype-json,Crm Call Log,"[""Label of the medium (Data) field in DocType 'CRM Call Log'"", ""Option for the 'Priority' (Select) field in DocType 'CRM Task'""]",,,,,,,existente mejorable,revisado inicial CRM + pase dirigido,sí,,,,"TERM: Medium -> Medio (campo medium de CRM Call Log, medio/canal de llamada). | compromiso global conocido (clave sin contexto)",,Medio,
crm:4500cabb4dd46c30,crm,crm,fcrm,fcrm,,Fcrm,Mention,Mention,,,Mencionar,,Mención,,Option for the 'Type' (Select) field in DocType 'CRM Notification',opción de campo select,,crm/fcrm/doctype/crm_notification/crm_notification.json,crm/fcrm/doctype/crm_notification/crm_notification.json,crm/fcrm/doctype/crm_notification/crm_notification.json,doctype-json,Crm Notification,"[""Option for the 'Type' (Select) field in DocType 'CRM Notification'""]",,,,,,,existente mejorable,revisado inicial CRM,sí,sí,no,,"LOCKED: corrige 'Mencionar'->'Mención' (sustantivo, human_locked)",crm:4500cabb4dd46c30,Mención,
crm:b09fcdf80796cf16,crm,crm,fcrm,fcrm,,Fcrm,Message,Message,,,Mensaje,,Mensaje,,Label of the message (HTML Editor) field in DocType 'CRM Notification',etiqueta de campo/elemento,,crm/fcrm/doctype/crm_notification/crm_notification.json,crm/fcrm/doctype/crm_notification/crm_notification.json,crm/fcrm/doctype/crm_notification/crm_notification.json,doctype-json,Crm Notification,"[""Label of the message (HTML Editor) field in DocType 'CRM Notification'""]",,,,,,,existente correcta,revisado inicial CRM,sí,sí,no,,cross-app aprobado: Message,,,
crm:3f7374b6cf954d00,crm,crm,fcrm,fcrm,,Fcrm,Middle Name,Middle Name,,,Segundo Nombre,,Segundo nombre,,Label of the middle_name (Data) field in DocType 'CRM Lead',etiqueta de campo/elemento,,crm/fcrm/doctype/crm_lead/crm_lead.json,crm/fcrm/doctype/crm_lead/crm_lead.json,crm/fcrm/doctype/crm_lead/crm_lead.json,doctype-json,Crm Lead,"[""Label of the middle_name (Data) field in DocType 'CRM Lead'""]",,,,,,,existente mejorable,revisado inicial CRM,sí,sí,no,,Cross-app aprobado: Middle Name->Segundo nombre (minúscula en 'nombre').,,,
crm:408a3e7d4956b41a,crm,crm,src,src,,Src,Minimize,Minimize,,,,,Minimizar,,,,,frontend/src/components/Telephony/ExotelCallUI.vue:126,frontend/src/components/Telephony/ExotelCallUI.vue:126,frontend/src/components/Telephony/ExotelCallUI.vue:126,client-js,,[],,,,,,,traducción propuesta,revisado inicial CRM,sí,sí,no,,acción UI,,,
crm:a3009508db5e98ef,crm,crm,src,src,,Src,Missed Call,Missed Call,,,,,Llamada perdida,,,,,frontend/src/utils/callLog.js:69,frontend/src/utils/callLog.js:69,frontend/src/utils/callLog.js:69,client-js,,[],,,,,,,traducción propuesta,revisado inicial CRM,sí,sí,no,,estado de llamada telefónica,,,
crm:860568b48635f2d9,crm,crm,src,src,,Src,Missing mandatory fields: {0},Missing mandatory fields: {0},,,,,Faltan campos obligatorios: {0},,,,,frontend/src/components/Settings/AssignmentRules/AssignmentRuleView.vue:623,frontend/src/components/Settings/AssignmentRules/AssignmentRuleView.vue:623,frontend/src/components/Settings/AssignmentRules/AssignmentRuleView.vue:628,client-js,,[],{0},,{0},ok,,,traducción propuesta,revisado inicial CRM,sí,sí,no,,{0} preservado.,,,
crm:d2224ae1b94f99de,crm,crm,src,src,,Src,Mobile App Installation,Mobile App Installation,,,,,Instalación de la app móvil,,,,,frontend/src/components/Layouts/AppSidebar.vue:725,frontend/src/components/Layouts/AppSidebar.vue:725,frontend/src/components/Layouts/AppSidebar.vue:641,client-js,,[],,,,,,,traducción propuesta,revisado inicial CRM,sí,sí,no,,,,,
crm:76756272a7aa5b98,crm,crm,fcrm,fcrm,,Src,Mobile No.,Mobile No.,,,Nº Móvil.,,N.º de móvil,,Label of the mobile_no (Data) field in DocType 'CRM Contacts',etiqueta de campo/elemento,,crm/fcrm/doctype/crm_contacts/crm_contacts.json,crm/fcrm/doctype/crm_contacts/crm_contacts.json || crm/fcrm/doctype/crm_lead/crm_lead.json || crm/fcrm/doctype/crm_telephony_agent/crm_telephony_agent.json,crm/fcrm/doctype/crm_contacts/crm_contacts.json || crm/fcrm/doctype/crm_lead/crm_lead.json || crm/fcrm/doctype/crm_telephony_agent/crm_telephony_agent.json || frontend/src/pages/Contact.vue:536 || frontend/src/pages/MobileContact.vue:534 || frontend/src/pages/MobileOrganization.vue:478 || frontend/src/pages/Organization.vue:508,doctype-json,Crm Contacts,"[""Label of the mobile_no (Data) field in DocType 'CRM Contacts'"", ""Label of the mobile_no (Data) field in DocType 'CRM Lead'"", ""Label of the mobile_no (Data) field in DocType 'CRM Telephony Agent'""]",,,,,,,existente mejorable,revisado inicial CRM,sí,sí,no,,'Nº Móvil.' con puntuación incorrecta.,,,
crm:3d7889d6d7e515d0,crm,crm,src,src,,Src,Mobile Number,Mobile Number,,,Número de teléfono móvil,,Número de teléfono móvil,,,,,frontend/src/components/Telephony/CallUI.vue:20,frontend/src/components/Telephony/CallUI.vue:20 || frontend/src/pages/Contact.vue:347 || frontend/src/pages/Contact.vue:405 || frontend/src/pages/MobileContact.vue:397 || frontend/src/pages/MobileOrganization.vue:479 || frontend/src/pages/Organization.vue:509,frontend/src/components/Telephony/CallUI.vue:20 || frontend/src/pages/Contact.vue:431,client-js,,[],,,,,,,existente correcta,revisado inicial CRM,sí,sí,no,,cross-app aprobado: Mobile Number,,,
crm:81fbf37278fa70c7,crm,crm,integrations,integrations,,Integrations,Mobile Number Missing,Mobile Number Missing,,,,,Falta el número de teléfono móvil,,,,,crm/integrations/exotel/handler.py:92,crm/integrations/exotel/handler.py:92,crm/integrations/exotel/handler.py:92,python,,[],,,,,,,traducción propuesta,revisado inicial CRM,sí,sí,no,,Mobile Number=Número de teléfono móvil (cross-app).,,,
crm:2e537d590d540f7b,crm,crm,src,src,,CRM,Mobile number added,Mobile number added,,,,,Número de móvil agregado,,,,,frontend/src/composables/useContactFields.ts:68,frontend/src/composables/useContactFields.ts:68,,client-js,,[],,,,,,,traducción propuesta,aprobado (lote crm 1.81.2),sí,,,,lote crm 1.81.2: nueva,,,"POT-only: en el universo fresco, sin traducir"
crm:186ac8eacfcde51b,crm,crm,src,src,,CRM,Mobile number removed,Mobile number removed,,,,,Número de móvil eliminado,,,,,frontend/src/composables/useContactFields.ts:99,frontend/src/composables/useContactFields.ts:99,,client-js,,[],,,,,,,traducción propuesta,aprobado (lote crm 1.81.2),sí,,,,lote crm 1.81.2: nueva,,,"POT-only: en el universo fresco, sin traducir"
crm:98bc534b7327ec06,crm,crm,src,src,,CRM,Mobile number should be a number,Mobile number should be a number,,,,,El número de móvil debe ser un número,,,,,frontend/src/components/Modals/ContactModal.vue:117,frontend/src/components/Modals/ContactModal.vue:117 || frontend/src/components/Modals/DealModal.vue:201 || frontend/src/components/Modals/LeadModal.vue:144,,client-js,,[],,,,,,,traducción propuesta,aprobado (lote crm 1.81.2),sí,,,,lote crm 1.81.2: reusar de Mobile No. should be a number,,,"POT-only: en el universo fresco, sin traducir"
crm:618f36835aa16910,crm,crm,src,src,,CRM,Mobile number updated,Mobile number updated,,,,,Número de móvil actualizado,,,,,frontend/src/composables/useContactFields.ts:89,frontend/src/composables/useContactFields.ts:89,,client-js,,[],,,,,,,traducción propuesta,aprobado (lote crm 1.81.2),sí,,,,lote crm 1.81.2: nueva,,,"POT-only: en el universo fresco, sin traducir"
crm:83de339404bd625d,crm,crm,fcrm,fcrm,,Fcrm,Monday,Monday,,,Lunes,,Lunes,,Option for the 'Weekly Off' (Select) field in DocType 'CRM Holiday List',opción de campo select,,crm/fcrm/doctype/crm_holiday_list/crm_holiday_list.json,crm/fcrm/doctype/crm_holiday_list/crm_holiday_list.json || crm/fcrm/doctype/crm_service_day/crm_service_day.json,crm/fcrm/doctype/crm_holiday_list/crm_holiday_list.json || crm/fcrm/doctype/crm_service_day/crm_service_day.json,doctype-json,Crm Holiday List,"[""Option for the 'Weekly Off' (Select) field in DocType 'CRM Holiday List'"", ""Option for the 'Workday' (Select) field in DocType 'CRM Service Day'""]",,,,,,,existente correcta,revisado inicial CRM,sí,sí,no,,crossapp Monday->Lunes,,,
crm:fc1b3b9aa922e7d7,crm,crm,api,api,,Api,Month,Month,,,Mes,,Mes,,,,,crm/api/dashboard.py:721,crm/api/dashboard.py:721,crm/api/dashboard.py:721 || frontend/src/pages/Calendar.vue:103,python,,[],,,,,,,existente correcta,revisado inicial CRM,sí,sí,no,,cross-app aprobado: Month,,,
crm:4425ed2df5fc1b0b,crm,crm,lead_syncing,lead_syncing,,Fcrm,Monthly,Monthly,,,Mensual,,Mensual,,Option for the 'Background Sync Frequency' (Select) field in DocType 'Lead Sync Source',opción de campo select,,crm/lead_syncing/doctype/lead_sync_source/lead_sync_source.json,crm/lead_syncing/doctype/lead_sync_source/lead_sync_source.json,crm/fcrm/doctype/fcrm_settings/fcrm_settings.json || crm/lead_syncing/doctype/lead_sync_source/lead_sync_source.json || frontend/src/components/Settings/CalendarSettings.vue:52,doctype-json,Lead Sync Source,"[""Option for the 'Background Sync Frequency' (Select) field in DocType 'Lead Sync Source'""]",,,,,,,existente correcta,revisado inicial CRM,sí,sí,no,,crossapp Monthly->Mensual,,,
crm:6316b60e4950d685,crm,crm,src,src,,Src,More Options,More Options,,,,,Más opciones,,,,,frontend/src/components/ViewControls.vue:234,frontend/src/components/ViewControls.vue:234,frontend/src/components/Calendar/CalendarEventPanel.vue:466 || frontend/src/components/ViewControls.vue:234,client-js,,[],,,,,,,traducción propuesta,revisado inicial CRM,sí,sí,no,,crossapp aprobado.,,,
crm:0cad02999bca0c11,crm,crm,src,src,,Src,More than 20,More than 20,,,,,Más de 20,,,,,frontend/src/pages/PersonaForm.vue:113,frontend/src/pages/PersonaForm.vue:113,frontend/src/pages/PersonaForm.vue:113,client-js,,[],,,,,,,traducción propuesta,revisado inicial CRM,sí,sí,no,,,,,
crm:bb56638d39bb52dd,crm,crm,src,src,,Src,Move Last Column to Next Section,Move Last Column to Next Section,,,,,Mover la última columna a la siguiente sección,,,,,frontend/src/components/FieldLayoutEditor.vue:614,frontend/src/components/FieldLayoutEditor.vue:614,frontend/src/components/FieldLayoutEditor.vue:617,client-js,,[],,,,,,,traducción propuesta,revisado inicial CRM,sí,sí,no,,,,,
crm:6982abc4fcda00b4,crm,crm,src,src,,Src,Move Last Column to Next Tab,Move Last Column to Next Tab,,,,,Mover la última columna a la siguiente pestaña,,,,,frontend/src/components/FieldLayoutEditor.vue:654,frontend/src/components/FieldLayoutEditor.vue:654,frontend/src/components/FieldLayoutEditor.vue:657,client-js,,[],,,,,,,traducción propuesta,revisado inicial CRM,sí,sí,no,,,,,
crm:d1b59a07e052344c,crm,crm,src,src,,Src,Move Last Column to Previous Section,Move Last Column to Previous Section,,,,,Mover la última columna a la sección anterior,,,,,frontend/src/components/FieldLayoutEditor.vue:624,frontend/src/components/FieldLayoutEditor.vue:624,frontend/src/components/FieldLayoutEditor.vue:627,client-js,,[],,,,,,,traducción propuesta,revisado inicial CRM,sí,sí,no,,,,,
crm:9b6e7672441dd86d,crm,crm,src,src,,Src,Move Last Column to Previous Tab,Move Last Column to Previous Tab,,,,,Mover la última columna a la pestaña anterior,,,,,frontend/src/components/FieldLayoutEditor.vue:634,frontend/src/components/FieldLayoutEditor.vue:634,frontend/src/components/FieldLayoutEditor.vue:637,client-js,,[],,,,,,,traducción propuesta,revisado inicial CRM,sí,sí,no,,,,,
crm:9228a1b97b6478fe,crm,crm,src,src,,Src,Move to Next Tab,Move to Next Tab,,,,,Mover a la siguiente pestaña,,,,,frontend/src/components/FieldLayoutEditor.vue:543,frontend/src/components/FieldLayoutEditor.vue:543,frontend/src/components/FieldLayoutEditor.vue:546,client-js,,[],,,,,,,traducción propuesta,revisado inicial CRM,sí,sí,no,,,,,
crm:4db0cc74d86c4ecf,crm,crm,src,src,,Src,Move to Previous Tab,Move to Previous Tab,,,,,Mover a la pestaña anterior,,,,,frontend/src/components/FieldLayoutEditor.vue:529,frontend/src/components/FieldLayoutEditor.vue:529,frontend/src/components/FieldLayoutEditor.vue:532,client-js,,[],,,,,,,traducción propuesta,revisado inicial CRM,sí,sí,no,,,,,
crm:b03f006371b1cf0f,crm,crm,src,src,,Src,Move to top level,Move to top level,,,,,Mover al nivel superior,,,,,frontend/src/components/Settings/Hierarchy/HierarchyRow.vue:160,frontend/src/components/Settings/Hierarchy/HierarchyRow.vue:160,frontend/src/components/Settings/Hierarchy/HierarchyRow.vue:160,client-js,,[],,,,,,,traducción propuesta,revisado inicial CRM,sí,sí,no,,Sin traducción upstream.,,,
crm:cb783666b315cc30,crm,crm,src,src,,Src,Move under {0},Move under {0},,,,,Mover debajo de {0},,,,,frontend/src/components/Settings/Hierarchy/useDragDrop.js:100,frontend/src/components/Settings/Hierarchy/useDragDrop.js:100,frontend/src/components/Settings/Hierarchy/useDragDrop.js:100,client-js,,[],{0},,{0},ok,,,traducción propuesta,revisado inicial CRM,sí,sí,no,,Placeholder {0} preservado.,,,
crm:f60da9cb9a25bf74,crm,crm,src,src,,Src,My Open Deals,My Open Deals,,,,,Mis Deals abiertos,,,,,frontend/src/components/Modals/ViewModal.vue:22,frontend/src/components/Modals/ViewModal.vue:22,frontend/src/components/Modals/ViewModal.vue:30,client-js,,[],,,,,,,traducción propuesta,revisado inicial CRM,sí,sí,no,,Deal protegido; nombre de vista de ejemplo.,,,
crm:d91a952b11904ddc,crm,crm,src,fcrm;src,sí,Src,Name,Name,,,Nombre,,Nombre,,Label of the brand_name (Data) field in DocType 'FCRM Settings',etiqueta de campo/elemento,,crm/fcrm/doctype/crm_dashboard/crm_dashboard.json,crm/fcrm/doctype/crm_dashboard/crm_dashboard.json || crm/fcrm/doctype/crm_dropdown_item/crm_dropdown_item.json || crm/fcrm/doctype/fcrm_settings/fcrm_settings.json || frontend/src/components/Modals/CreateDocumentModal.vue:121 || frontend/src/components/Settings/AssignmentRules/AssignmentRuleView.vue:52 || frontend/src/components/Settings/AssignmentRules/AssignmentRuleView.vue:53 || frontend/src/components/Settings/AssignmentRules/AssignmentRuleView.vue:598 || frontend/src/components/Settings/EmailTemplate/EditEmailTemplate.vue:38 || frontend/src/components/Settings/EmailTemplate/NewEmailTemplate.vue:39 || frontend/src/components/Settings/LeadSyncing/LeadSyncSources.vue:55 || frontend/src/components/Settings/LeadSyncing/leadSyncSourceConfig.js:23 || frontend/src/components/Settings/Sla/SlaPolicyView.vue:62 || frontend/src/components/Settings/Sla/SlaPolicyView.vue:63 || frontend/src/components/ViewControls.vue:788 || frontend/src/pages/MobileOrganization.vue:497 || frontend/src/pages/Organization.vue:527,crm/fcrm/doctype/crm_dashboard/crm_dashboard.json || crm/fcrm/doctype/crm_dropdown_item/crm_dropdown_item.json || crm/fcrm/doctype/fcrm_settings/fcrm_settings.json || frontend/src/components/Modals/CreateDocumentModal.vue:121 || frontend/src/components/Settings/AssignmentRules/AssignmentRuleView.vue:52 || frontend/src/components/Settings/AssignmentRules/AssignmentRuleView.vue:53 || frontend/src/components/Settings/AssignmentRules/AssignmentRuleView.vue:603 || frontend/src/components/Settings/EmailTemplate/EditEmailTemplate.vue:39 || frontend/src/components/Settings/EmailTemplate/NewEmailTemplate.vue:39 || frontend/src/components/Settings/LeadSyncing/LeadSyncSources.vue:55 || frontend/src/components/Settings/LeadSyncing/leadSyncSourceConfig.js:23 || frontend/src/components/Settings/Sla/SlaPolicyView.vue:62 || frontend/src/components/Settings/Sla/SlaPolicyView.vue:63 || frontend/src/components/ViewControls.vue:777 || frontend/src/pages/MobileOrganization.vue:496 || frontend/src/pages/Organization.vue:526,doctype-json,Crm Dashboard,"[""Label of the brand_name (Data) field in DocType 'FCRM Settings'"", ""Label of the name1 (Data) field in DocType 'CRM Dropdown Item'"", ""Label of the title (Data) field in DocType 'CRM Dashboard'""]",,,,,,,existente correcta,revisado inicial CRM,sí,sí,no,,Cross-app aprobado (Name).,,,
crm:b57352f01a8af410,crm,crm,src,src,,Src,Name is required,Name is required,,,,,El nombre es obligatorio,,,,,frontend/src/components/Settings/AssignmentRules/AssignmentRuleView.vue:412,frontend/src/components/Settings/AssignmentRules/AssignmentRuleView.vue:412 || frontend/src/components/Settings/EmailTemplate/EditEmailTemplate.vue:147 || frontend/src/components/Settings/EmailTemplate/NewEmailTemplate.vue:154,frontend/src/components/Settings/AssignmentRules/AssignmentRuleView.vue:417 || frontend/src/components/Settings/EmailTemplate/EditEmailTemplate.vue:148 || frontend/src/components/Settings/EmailTemplate/NewEmailTemplate.vue:154,client-js,,[],,,,,,,traducción propuesta,revisado inicial CRM,sí,sí,no,,Cross-app 'Name is required'.,crm:crossapp,El nombre es obligatorio,
crm:0dee9f90cd92e272,crm,crm,fcrm,fcrm,,Fcrm,Naming Series,Naming Series,,,Serie de nombramiento,,Serie de nomenclatura,,Label of the naming_series (Select) field in DocType 'CRM Deal',etiqueta de campo/elemento,,crm/fcrm/doctype/crm_deal/crm_deal.json,crm/fcrm/doctype/crm_deal/crm_deal.json || crm/fcrm/doctype/crm_product/crm_product.json,crm/fcrm/doctype/crm_deal/crm_deal.json || crm/fcrm/doctype/crm_product/crm_product.json,doctype-json,Crm Deal,"[""Label of the naming_series (Select) field in DocType 'CRM Deal'"", ""Label of the naming_series (Select) field in DocType 'CRM Product'""]",,,,,,,existente mejorable,revisado inicial CRM,sí,sí,no,,'Serie de nombramiento'->cross-app aprobado 'Serie de nomenclatura'.,Naming Series,Serie de nomenclatura,
crm:e281fd7a09b076c7,crm,crm,src,src,,Src,Nested Conditions,Nested Conditions,,,,,Condiciones anidadas,,,,,frontend/src/components/ConditionsFilter/CFCondition.vue:99,frontend/src/components/ConditionsFilter/CFCondition.vue:99,frontend/src/components/ConditionsFilter/CFCondition.vue:98,client-js,,[],,,,,,,traducción propuesta,revisado inicial CRM,sí,sí,no,,filtro de condiciones,,,
crm:23eb7bb902d7f326,crm,crm,fcrm,fcrm,,Fcrm,Net Amount,Net Amount,,,Importe Neto,,Importe Neto,,Label of the net_amount (Currency) field in DocType 'CRM Products',etiqueta de campo/elemento,,crm/fcrm/doctype/crm_products/crm_products.json,crm/fcrm/doctype/crm_products/crm_products.json,crm/fcrm/doctype/crm_products/crm_products.json,doctype-json,Crm Products,"[""Label of the net_amount (Currency) field in DocType 'CRM Products'""]",,,,,,,existente correcta,revisado inicial CRM,sí,sí,no,,Cross-app: Net Amount=Importe Neto.,,,
crm:cfed9b856af5c335,crm,crm,fcrm,fcrm,,Fcrm,Net Total,Net Total,,,Total neto,,Total neto,,Label of the net_total (Currency) field in DocType 'CRM Deal',etiqueta de campo/elemento,,crm/fcrm/doctype/crm_deal/crm_deal.json,crm/fcrm/doctype/crm_deal/crm_deal.json || crm/fcrm/doctype/crm_lead/crm_lead.json,crm/fcrm/doctype/crm_deal/crm_deal.json || crm/fcrm/doctype/crm_lead/crm_lead.json,doctype-json,Crm Deal,"[""Label of the net_total (Currency) field in DocType 'CRM Deal'"", ""Label of the net_total (Currency) field in DocType 'CRM Lead'""]",,,,,,,existente correcta,revisado inicial CRM,sí,sí,no,,Cross-app aprobado exacto.,Net Total,Total neto,
crm:0e2f57c7bd919ff6,crm,crm,src,src,,Src,New,New,,,Nuevo,,Nuevo,,,,,frontend/src/components/Activities/ActivityHeader.vue:66,frontend/src/components/Activities/ActivityHeader.vue:66 || frontend/src/components/Settings/AssignmentRules/AssignmentRules.vue:19 || frontend/src/components/Settings/EmailTemplate/EmailTemplates.vue:19 || frontend/src/components/Settings/LeadSyncing/LeadSyncSources.vue:20 || frontend/src/components/Settings/Sla/SlaPolicyList.vue:8 || frontend/src/components/Settings/Users.vue:30,frontend/src/components/Activities/ActivityHeader.vue:76 || frontend/src/components/Settings/AssignmentRules/AssignmentRules.vue:19 || frontend/src/components/Settings/EmailTemplate/EmailTemplates.vue:19 || frontend/src/components/Settings/LeadSyncing/LeadSyncSources.vue:20 || frontend/src/components/Settings/Sla/SlaPolicyList.vue:8 || frontend/src/components/Settings/Users.vue:30,client-js,,[],,,,,,,existente correcta,revisado inicial CRM,sí,sí,no,,crossapp aprobado.,,,
crm:bfaea09d2e251c8e,crm,crm,src,src,,Src,New Assignment Rule,New Assignment Rule,,,,,Nueva regla de asignación,,,,,frontend/src/components/Settings/AssignmentRules/AssignmentRuleView.vue:12,frontend/src/components/Settings/AssignmentRules/AssignmentRuleView.vue:12,frontend/src/components/Settings/AssignmentRules/AssignmentRuleView.vue:12,client-js,,[],,,,,,,traducción propuesta,revisado inicial CRM,sí,sí,no,,Cross-app 'New Assignment Rule'.,crm:crossapp,Nueva regla de asignación,
crm:e8519227002260f9,crm,crm,src,src,,Src,New Assignment Rule Name,New Assignment Rule Name,,,Nuevo nombre de regla de asignación,,Nuevo nombre de regla de asignación,,,,,frontend/src/components/Settings/AssignmentRules/AssignmentRuleListItem.vue:53,frontend/src/components/Settings/AssignmentRules/AssignmentRuleListItem.vue:53,frontend/src/components/Settings/AssignmentRules/AssignmentRuleListItem.vue:53,client-js,,[],,,,,,,existente correcta,revisado inicial CRM,sí,sí,no,,Cross-app.,crm:crossapp,Nuevo nombre de regla de asignación,
crm:6da1d705c01f816b,crm,crm,src,src,,Src,New Comment,New Comment,,,,,Nuevo comentario,,,,,frontend/src/components/Activities/ActivityHeader.vue:19,frontend/src/components/Activities/ActivityHeader.vue:19,frontend/src/components/Activities/ActivityHeader.vue:19,client-js,,[],,,,,,,traducción propuesta,revisado inicial CRM,sí,sí,no,,,,,
crm:4b95d47990e6c312,crm,crm,src,src,,Src,New Contact,New Contact,,,Nuevo Contacto,,Nuevo Contacto,,,,,frontend/src/components/Modals/ContactModal.vue:8,frontend/src/components/Modals/ContactModal.vue:8,frontend/src/components/Modals/ContactModal.vue:8,client-js,,[],,,,,,,existente correcta,revisado inicial CRM,sí,sí,no,,crossapp aprobado.,,,
crm:d574c71ede5369ef,crm,crm,src,src,,Src,New Email,New Email,,,Nuevo email,,Nuevo correo electrónico,,,,,frontend/src/components/Activities/ActivityHeader.vue:12,frontend/src/components/Activities/ActivityHeader.vue:12,frontend/src/components/Activities/ActivityHeader.vue:12,client-js,,[],,,,,,,existente mejorable,revisado inicial CRM,sí,sí,no,,crossapp 'New Email'; 'Nuevo email' se normaliza.,,,
crm:a067de4b2a2fc7fe,crm,crm,src,src,,Src,New Lead Sync Source,New Lead Sync Source,,,,,Nuevo Lead Sync Source,,,,,frontend/src/components/Settings/LeadSyncing/LeadSyncSourceForm.vue:9,frontend/src/components/Settings/LeadSyncing/LeadSyncSourceForm.vue:9,frontend/src/components/Settings/LeadSyncing/LeadSyncSourceForm.vue:9,client-js,,[],,,,,,,traducción propuesta,revisado inicial CRM,sí,no,sí,,Lead protegido; nombre de DocType conservado.,Lead,Lead,
crm:2113d588e89102ec,crm,crm,src,src,,Src,New Message,New Message,,,,,Nuevo mensaje,,,,,frontend/src/components/Activities/ActivityHeader.vue:56,frontend/src/components/Activities/ActivityHeader.vue:56,frontend/src/components/Activities/ActivityHeader.vue:66,client-js,,[],,,,,,,traducción propuesta,revisado inicial CRM,sí,sí,no,,,,,
crm:0aa20ed89f528e23,crm,crm,src,src,,Src,New Note,New Note,,,Nueva Nota,,Nueva Nota,,,,,frontend/src/components/Activities/ActivityHeader.vue:31,frontend/src/components/Activities/ActivityHeader.vue:31 || frontend/src/pages/Deals.vue:509 || frontend/src/pages/Leads.vue:543,frontend/src/components/Activities/ActivityHeader.vue:41 || frontend/src/pages/Deals.vue:509 || frontend/src/pages/Leads.vue:543,client-js,,[],,,,,,,existente correcta,revisado inicial CRM,sí,sí,no,,crossapp aprobado.,,,
crm:dcceca0936a15623,crm,crm,src,src,,Src,New Organization,New Organization,,,,,Nueva Organización,,,,,frontend/src/components/Modals/OrganizationModal.vue:8,frontend/src/components/Modals/OrganizationModal.vue:8,frontend/src/components/Modals/OrganizationModal.vue:8,client-js,,[],,,,,,,traducción propuesta,revisado inicial CRM,sí,sí,no,,Organization->Organización.,,,
crm:0c338c95dc168b57,crm,crm,src,src,,Src,New Password,New Password,,,Nueva Contraseña,,Nueva contraseña,,,,,frontend/src/components/Modals/ChangePasswordModal.vue:19,frontend/src/components/Modals/ChangePasswordModal.vue:19,frontend/src/components/Modals/ChangePasswordModal.vue:19,client-js,,[],,,,,,,existente mejorable,revisado inicial CRM,sí,sí,no,,Cross-app: minúscula.,,,
crm:7cc1bd7382d865d9,crm,crm,src,src,,Src,New SLA Policy,New SLA Policy,,,Nueva política de ANS,,Nueva política de SLA,,,,,frontend/src/components/Settings/Sla/SlaPolicyView.vue:8,frontend/src/components/Settings/Sla/SlaPolicyView.vue:8,frontend/src/components/Settings/Sla/SlaPolicyView.vue:8,client-js,,[],,,,,,,existente mejorable,revisado inicial CRM,sí,sí,no,,Actual usa 'ANS'; corregido a SLA (crossapp aprobado).,New SLA Policy,Nueva política de SLA,
crm:807751a3264c0fbe,crm,crm,src,src,,Src,New SLA Policy Name,New SLA Policy Name,,,Nuevo nombre de política de ANS,,Nombre de la nueva política de SLA,,,,,frontend/src/components/Settings/Sla/SlaPolicyList.vue:118,frontend/src/components/Settings/Sla/SlaPolicyList.vue:118,frontend/src/components/Settings/Sla/SlaPolicyList.vue:118,client-js,,[],,,,,,,existente mejorable,revisado inicial CRM,sí,sí,no,,Actual usa 'ANS'; corregido a SLA (crossapp aprobado).,New SLA Policy Name,Nombre de la nueva política de SLA,
crm:90345b8f69929dd8,crm,crm,src,src,,Src,New Section,New Section,,,,,Nueva sección,,,,,frontend/src/components/SidePanelLayoutEditor.vue:131,frontend/src/components/SidePanelLayoutEditor.vue:131,frontend/src/components/SidePanelLayoutEditor.vue:131,client-js,,[],,,,,,,traducción propuesta,revisado inicial CRM,sí,sí,no,,,,,
crm:206bc8de535a592e,crm,crm,src,src,,Src,New Tab,New Tab,,,,,Nueva pestaña,,,,,frontend/src/components/FieldLayoutEditor.vue:356,frontend/src/components/FieldLayoutEditor.vue:356 || frontend/src/components/FieldLayoutEditor.vue:369,frontend/src/components/FieldLayoutEditor.vue:359 || frontend/src/components/FieldLayoutEditor.vue:372,client-js,,[],,,,,,,traducción propuesta,revisado inicial CRM,sí,sí,no,,,,,
crm:6b1b41ecb7b8d103,crm,crm,src,src,,Src,New Task,New Task,,,Nueva Tarea,,Nueva Tarea,,,,,frontend/src/components/Activities/ActivityHeader.vue:38,frontend/src/components/Activities/ActivityHeader.vue:38 || frontend/src/pages/Deals.vue:514 || frontend/src/pages/Leads.vue:548,frontend/src/components/Activities/ActivityHeader.vue:48 || frontend/src/pages/Deals.vue:514 || frontend/src/pages/Leads.vue:548,client-js,,[],,,,,,,existente correcta,revisado inicial CRM,sí,sí,no,,crossapp aprobado.,,,
crm:cef81d24db19f81d,crm,crm,src,src,,Src,New Template,New Template,,,,,Nueva plantilla,,,,,frontend/src/components/Settings/EmailTemplate/NewEmailTemplate.vue:10,frontend/src/components/Settings/EmailTemplate/NewEmailTemplate.vue:10,frontend/src/components/Settings/EmailTemplate/NewEmailTemplate.vue:10,client-js,,[],,,,,,,traducción propuesta,revisado inicial CRM,sí,sí,no,,Sin traducción upstream.,,,
crm:d8c748d21bdfc90c,crm,crm,src,src,,Src,New contact will be created based on the person's details,New contact will be created based on the person's details,,,,,Se creará un contacto nuevo con base en los datos de la persona,,,,,frontend/src/components/Modals/ConvertToDealModal.vue:67,frontend/src/components/Modals/ConvertToDealModal.vue:67,frontend/src/components/Modals/ConvertToDealModal.vue:67,client-js,,[],,,,,,,traducción propuesta,revisado inicial CRM,sí,sí,no,,,,,
crm:a7a8673a1f65cb3e,crm,crm,src,src,,Src,New organization will be created based on the data in details section,New organization will be created based on the data in details section,,,,,Se creará una organización nueva con base en los datos de la sección de detalles,,,,,frontend/src/components/Modals/ConvertToDealModal.vue:42,frontend/src/components/Modals/ConvertToDealModal.vue:42,frontend/src/components/Modals/ConvertToDealModal.vue:42,client-js,,[],,,,,,,traducción propuesta,revisado inicial CRM,sí,sí,no,,,,,
crm:c3ac082237bb463b,crm,crm,src,src,,Src,New password cannot be the same as current password,New password cannot be the same as current password,,,,,La nueva contraseña no puede ser igual a la contraseña actual,,,,,frontend/src/components/Modals/ChangePasswordModal.vue:123,frontend/src/components/Modals/ChangePasswordModal.vue:123,frontend/src/components/Modals/ChangePasswordModal.vue:123,client-js,,[],,,,,,,traducción propuesta,revisado inicial CRM,sí,sí,no,,,,,
crm:1a74b77b4c0fb302,crm,crm,api,api,,Api,New password cannot be the same as current password. Please choose a different password.,New password cannot be the same as current password. Please choose a different password.,,,,,La nueva contraseña no puede ser igual a la actual. Elija una contraseña diferente.,,,,,crm/api/user.py:25,crm/api/user.py:25,crm/api/user.py:25,python,,[],,,,,,,traducción propuesta,revisado inicial CRM,sí,sí,no,,Validación de contraseña.,,,
crm:1c0da418a4b355f8,crm,crm,src,src,,Src,New {0},New {0},,,Nuevo/a: {0},,Nuevo {0},,,,,frontend/src/components/Modals/CreateDocumentModal.vue:84,frontend/src/components/Modals/CreateDocumentModal.vue:84,frontend/src/components/Modals/CreateDocumentModal.vue:84,client-js,,[],{0},{0},{0},ok,,,existente mejorable,revisado inicial CRM,sí,sí,no,,Cross-app: 'Nuevo {0}'; placeholder preservado.,,,
crm:30ffe5e091a29408,crm,crm,fcrm,fcrm;src,sí,Fcrm,Newest First,Newest First,,,,,Más recientes primero,,Option for the 'Timeline Sort Order' (Select) field in DocType 'FCRM Settings',opción de campo select,,crm/fcrm/doctype/fcrm_settings/fcrm_settings.json,crm/fcrm/doctype/fcrm_settings/fcrm_settings.json || frontend/src/components/Settings/GeneralSettings.vue:144,crm/fcrm/doctype/fcrm_settings/fcrm_settings.json || frontend/src/components/Settings/GeneralSettings.vue:144,doctype-json,Fcrm Settings,"[""Option for the 'Timeline Sort Order' (Select) field in DocType 'FCRM Settings'""]",,,,,,,traducción propuesta,revisado inicial CRM,sí,sí,no,,,,,
crm:7be63c7b60af4f67,crm,crm,src,src,,Src,Next 6 Months,Next 6 Months,,,Próximos 6 meses,,Próximos 6 meses,,,,,frontend/src/components/Filter.vue:739,frontend/src/components/Filter.vue:739,frontend/src/components/Filter.vue:713,client-js,,[],,,,,,,existente correcta,revisado inicial CRM,sí,sí,no,,cross-app Next 6 Months,,,
crm:66a71d3e741f3cda,crm,crm,src,src,,Src,Next Month,Next Month,,,Próximo mes,,El próximo mes,,,,,frontend/src/components/Filter.vue:731,frontend/src/components/Filter.vue:731,frontend/src/components/Filter.vue:705,client-js,,[],,,,,,,existente mejorable,revisado inicial CRM,sí,sí,no,,cross-app Next Month=El próximo mes,,,
crm:c3f4faded11387a8,crm,crm,src,src,,Src,Next Quarter,Next Quarter,,,Próximo trimestre,,Próximo trimestre,,,,,frontend/src/components/Filter.vue:735,frontend/src/components/Filter.vue:735,frontend/src/components/Filter.vue:709,client-js,,[],,,,,,,existente correcta,revisado inicial CRM,sí,sí,no,,cross-app Next Quarter=Próximo trimestre,,,
crm:1cb734775b9cf02c,crm,crm,fcrm,fcrm,,Fcrm,Next Step,Next Step,,,,,Siguiente paso,,Label of the next_step (Data) field in DocType 'CRM Deal',etiqueta de campo/elemento,,crm/fcrm/doctype/crm_deal/crm_deal.json,crm/fcrm/doctype/crm_deal/crm_deal.json,crm/fcrm/doctype/crm_deal/crm_deal.json,doctype-json,Crm Deal,"[""Label of the next_step (Data) field in DocType 'CRM Deal'""]",,,,,,,traducción propuesta,revisado inicial CRM,sí,sí,no,,,,,
crm:47166fb43b3e1273,crm,crm,src,src,,Src,Next Week,Next Week,,,Próxima semana,,La próxima semana,,,,,frontend/src/components/Filter.vue:727,frontend/src/components/Filter.vue:727,frontend/src/components/Filter.vue:701,client-js,,[],,,,,,,existente mejorable,revisado inicial CRM,sí,sí,no,,cross-app Next Week=La próxima semana,,,
crm:a2c2441bb207902d,crm,crm,src,src,,Src,Next Year,Next Year,,,,,El próximo año,,,,,frontend/src/components/Filter.vue:743,frontend/src/components/Filter.vue:743,frontend/src/components/Filter.vue:717,client-js,,[],,,,,,,traducción propuesta,revisado inicial CRM,sí,sí,no,,cross-app Next Year=El próximo año,,,
crm:bad31448a3a9c050,crm,crm,src,src,,Src,Next question,Next question,,,,,Siguiente pregunta,,,,,frontend/src/components/Questionnaire.vue:95,frontend/src/components/Questionnaire.vue:95,frontend/src/components/Questionnaire.vue:95,client-js,,[],,,,,,,traducción propuesta,revisado inicial CRM,sí,sí,no,,,,,
crm:248ac758e7df4808,crm,crm,src,src,,Src,No,No,,,No,,No,,,,,frontend/src/components/Calendar/CalendarEventPanel.vue:535,frontend/src/components/Calendar/CalendarEventPanel.vue:535,frontend/src/components/Calendar/CalendarEventPanel.vue:535,client-js,,[],,,,,,,igual al inglés válida,revisado inicial CRM,sí,sí,no,,crossapp 'No'->'No'; idéntico en es.,,,"PO-only: en es.po, ausente del POT fresco -> huérfana/obsoleta; NO usar sin validación"
crm:5aca4ff4c58b5e9e,crm,crm,fcrm,fcrm,,Fcrm,No Answer,No Answer,,,Sin respuesta,,Sin respuesta,,Option for the 'Status' (Select) field in DocType 'CRM Call Log',opción de campo select,,crm/fcrm/doctype/crm_call_log/crm_call_log.json,crm/fcrm/doctype/crm_call_log/crm_call_log.json,crm/fcrm/doctype/crm_call_log/crm_call_log.json,doctype-json,Crm Call Log,"[""Option for the 'Status' (Select) field in DocType 'CRM Call Log'""]",,,,,,,existente correcta,revisado inicial CRM,sí,sí,no,,cross-app aprobado: No Answer,,,
crm:3522157c98a1a61f,crm,crm,src,src,,Src,No Contacts Added,No Contacts Added,,,,,No se agregaron contactos,,,,,frontend/src/components/Modals/SidePanelModal.vue:51,frontend/src/components/Modals/SidePanelModal.vue:51 || frontend/src/pages/Deal.vue:281 || frontend/src/pages/MobileDeal.vue:209,frontend/src/components/Modals/SidePanelModal.vue:51 || frontend/src/pages/Deal.vue:281 || frontend/src/pages/MobileDeal.vue:209,client-js,,[],,,,,,,traducción propuesta,revisado inicial CRM,sí,sí,no,,,,,
crm:3d39ad2118267fd0,crm,crm,src,src,,Src,No Data,No Data,,,No hay datos,,Sin datos,,,,,frontend/src/components/Controls/Grid.vue:440,frontend/src/components/Controls/Grid.vue:440,frontend/src/components/Controls/Grid.vue:440,client-js,,[],,,,,,,existente mejorable,revisado inicial CRM,sí,sí,no,,cross-app No Data=Sin datos,,,
crm:8c595d0b17f8ed2c,crm,crm,src,src,,Src,No Details Added,No Details Added,,,,,No se agregaron detalles,,,,,frontend/src/pages/Deal.vue:267,frontend/src/pages/Deal.vue:267,frontend/src/pages/Deal.vue:267,client-js,,[],,,,,,,traducción propuesta,revisado inicial CRM,sí,sí,no,,,,,
crm:c583975a7878146e,crm,crm,src,src,,Src,No Events Scheduled,No Events Scheduled,,,,,No hay eventos programados,,,,,frontend/src/components/Activities/EventArea.vue:73,frontend/src/components/Activities/EventArea.vue:73,frontend/src/components/Activities/EventArea.vue:73,client-js,,[],,,,,,,traducción propuesta,revisado inicial CRM,sí,sí,no,,,,,
crm:383b6658478708a0,crm,crm,src,src,,Src,No Failure Logs Found,No Failure Logs Found,,,,,No se encontraron registros de fallos,,,,,frontend/src/components/Settings/LeadSyncing/FailureLogs.vue:68,frontend/src/components/Settings/LeadSyncing/FailureLogs.vue:68,frontend/src/components/Settings/LeadSyncing/FailureLogs.vue:68,client-js,,[],,,,,,,traducción propuesta,revisado inicial CRM,sí,sí,no,,,,,
crm:9d8ab3d22a7a9d20,crm,crm,src,src,,Src,No Label,No Label,,,Sin Etiqueta,,Sin etiqueta,,,,,frontend/src/components/FieldLayoutEditor.vue:123,frontend/src/components/FieldLayoutEditor.vue:123,frontend/src/components/FieldLayoutEditor.vue:123,client-js,,[],,,,,,,existente mejorable,revisado inicial CRM,sí,sí,no,,cross-app No Label=Sin etiqueta (minúscula),,,
crm:5fe97e86aa803db7,crm,crm,src,src,,Src,No Mobile Number Set,No Mobile Number Set,,,,,No se ha establecido un número de móvil,,,,,frontend/src/pages/Deal.vue:733,frontend/src/pages/Deal.vue:733,frontend/src/pages/Deal.vue:732,client-js,,[],,,,,,,traducción propuesta,revisado inicial CRM,sí,sí,no,,,,,
crm:10bfcf03deab3071,crm,crm,src,src,,Src,No New Notifications,No New Notifications,,,,,No hay notificaciones nuevas,,,,,frontend/src/pages/MobileNotification.vue:65,frontend/src/pages/MobileNotification.vue:65,frontend/src/pages/MobileNotification.vue:65,client-js,,[],,,,,,,traducción propuesta,revisado inicial CRM,sí,sí,no,,estado vacío de notificaciones,,,
crm:8f2d940945b10bbe,crm,crm,src,src,,Src,No Primary Contact Set,No Primary Contact Set,,,,,No se ha establecido un contacto principal,,,,,frontend/src/pages/Deal.vue:728,frontend/src/pages/Deal.vue:728,frontend/src/pages/Deal.vue:727,client-js,,[],,,,,,,traducción propuesta,revisado inicial CRM,sí,sí,no,,Primary->Principal (glosario).,Primary,Principal,
crm:d88344fdf18dff99,crm,crm,src,src,,Src,No Priorities in the list,No Priorities in the list,,,,,No hay prioridades en la lista,,,,,frontend/src/components/Settings/Sla/SlaPriorityList.vue:86,frontend/src/components/Settings/Sla/SlaPriorityList.vue:86,frontend/src/components/Settings/Sla/SlaPriorityList.vue:86,client-js,,[],,,,,,,traducción propuesta,revisado inicial CRM,sí,sí,no,,Sin traducción upstream.,,,
crm:973a406235f23a9f,crm,crm,src,src,,Src,No Results Found,No Results Found,,,,,No se encontraron resultados,,,,,frontend/src/components/Settings/AssignmentRules/AssigneeSearch.vue:72,frontend/src/components/Settings/AssignmentRules/AssigneeSearch.vue:72,frontend/src/components/Settings/AssignmentRules/AssigneeSearch.vue:72,client-js,,[],,,,,,,traducción propuesta,revisado inicial CRM,sí,sí,no,,Alineado con 'No results found'.,crm:crossapp,No se encontraron resultados,
crm:19a4cf815e08ba41,crm,crm,src,src,,Src,No Templates Found,No Templates Found,,,,,No se encontraron plantillas,,,,,frontend/src/components/Modals/EmailTemplateSelectorModal.vue:56,frontend/src/components/Modals/EmailTemplateSelectorModal.vue:56 || frontend/src/components/Modals/WhatsappTemplateSelectorModal.vue:57,frontend/src/components/Modals/EmailTemplateSelectorModal.vue:56 || frontend/src/components/Modals/WhatsappTemplateSelectorModal.vue:57,client-js,,[],,,,,,,traducción propuesta,revisado inicial CRM,sí,sí,no,,,,,
crm:26824a23fba3674d,crm,crm,src,src,,Src,No Title,No Title,,,,,Sin título,,,,,frontend/src/components/Kanban/KanbanView.vue:103,frontend/src/components/Kanban/KanbanView.vue:103 || frontend/src/pages/Deals.vue:105 || frontend/src/pages/Leads.vue:121 || frontend/src/pages/Tasks.vue:71,frontend/src/components/Kanban/KanbanView.vue:103 || frontend/src/pages/Deals.vue:105 || frontend/src/pages/Leads.vue:121 || frontend/src/pages/Tasks.vue:71,client-js,,[],,,,,,,traducción propuesta,revisado inicial CRM,sí,sí,no,,cross-app Untitled=Sin título,,,
crm:37489e2aff57f0ed,crm,crm,src,src,,Src,No Website Found,No Website Found,,,,,No se encontró sitio web,,,,,frontend/src/pages/MobileOrganization.vue:297,frontend/src/pages/MobileOrganization.vue:297 || frontend/src/pages/Organization.vue:334,frontend/src/pages/MobileOrganization.vue:296 || frontend/src/pages/Organization.vue:333,client-js,,[],,,,,,,traducción propuesta,revisado inicial CRM,sí,sí,no,,,,,
crm:623b3b1da6b28df0,crm,crm,src,src,,Src,No Workdays in the List,No Workdays in the List,,,,,No hay jornadas laborales en la lista,,,,,frontend/src/components/Settings/Sla/SlaHolidays.vue:156,frontend/src/components/Settings/Sla/SlaHolidays.vue:156,frontend/src/components/Settings/Sla/SlaHolidays.vue:156,client-js,,[],,,,,,,traducción propuesta,revisado inicial CRM,sí,sí,no,,Workday->Jornada laboral (glosario crossapp).,,,
crm:af4b14ecab38840a,crm,crm,src,src,,Src,No changes made,No changes made,,,No se ha realizado ningún cambio,,No se ha realizado ningún cambio,,,,,frontend/src/components/Settings/EmailEdit.vue:153,frontend/src/components/Settings/EmailEdit.vue:153 || frontend/src/components/Settings/Hierarchy/useDragDrop.js:63,frontend/src/components/Settings/EmailEdit.vue:153 || frontend/src/components/Settings/Hierarchy/useDragDrop.js:63,client-js,,[],,,,,,,existente correcta,revisado inicial CRM,sí,sí,no,,Cross-app 'No changes made'.,crm:crossapp,No se ha realizado ningún cambio,
crm:c88671270f00b534,crm,crm,src,src,,Src,No companies found in the given site,No companies found in the given site,,,,,No se encontraron empresas en el sitio indicado,,,,,frontend/src/components/Settings/ERPNextSettings.vue:490,frontend/src/components/Settings/ERPNextSettings.vue:490,frontend/src/components/Settings/ERPNextSettings.vue:323,client-js,,[],,,,,,,traducción propuesta,revisado inicial CRM,sí,sí,no,,,,,
crm:09c5fa5dfd397f4a,crm,crm,src,src,,Src,No events coming up. Create a new one to keep things on track.,No events coming up. Create a new one to keep things on track.,,,,,No hay eventos próximos. Crea uno nuevo para no perder el hilo.,,,,,frontend/src/components/Activities/EventArea.vue:75,frontend/src/components/Activities/EventArea.vue:75,frontend/src/components/Activities/EventArea.vue:75,client-js,,[],,,,,,,traducción propuesta,revisado inicial CRM,sí,sí,no,,,,,
crm:264b5835c75fe891,crm,crm,src,src,,Src,No holiday list found,No holiday list found,,,,,No se encontró ninguna lista de días festivos,,,,,frontend/src/components/Settings/Sla/SlaHolidays.vue:57,frontend/src/components/Settings/Sla/SlaHolidays.vue:57,frontend/src/components/Settings/Sla/SlaHolidays.vue:57,client-js,,[],,,,,,,traducción propuesta,revisado inicial CRM,sí,sí,no,,Sin traducción upstream.,,,
crm:95bf7c1c24785bf8,crm,crm,src,src,,Src,No matching users,No matching users,,,,,No hay usuarios coincidentes,,,,,frontend/src/components/Settings/Hierarchy/Hierarchy.vue:107,frontend/src/components/Settings/Hierarchy/Hierarchy.vue:107,frontend/src/components/Settings/Hierarchy/Hierarchy.vue:107,client-js,,[],,,,,,,traducción propuesta,revisado inicial CRM,sí,sí,no,,Sin traducción upstream.,,,
crm:3989f324870da5ea,crm,crm,src,src,,Src,No results found,No results found,,,,,No se encontraron resultados,,,,,frontend/src/components/Controls/MultiSelectEmailInput.vue:72,frontend/src/components/Controls/MultiSelectEmailInput.vue:72 || frontend/src/components/Controls/MultiSelectUserInput.vue:72 || frontend/src/components/frappe-ui/Autocomplete.vue:119,frontend/src/components/Calendar/Attendee.vue:215 || frontend/src/components/Controls/EmailMultiSelect.vue:133 || frontend/src/components/frappe-ui/Autocomplete.vue:119,client-js,,[],,,,,,,traducción propuesta,revisado inicial CRM,sí,sí,no,,crossapp aprobado.,,,
crm:85123647aeff9181,crm,crm,src,src,,Src,No users found,No users found,,,No se han encontrado usuarios,,No se han encontrado usuarios,,,,,frontend/src/components/Settings/Hierarchy/UserMultiSelect.vue:64,frontend/src/components/Settings/Hierarchy/UserMultiSelect.vue:64,frontend/src/components/Settings/Hierarchy/UserMultiSelect.vue:64,client-js,,[],,,,,,,existente correcta,revisado inicial CRM,sí,sí,no,,Actual correcta.,,,
crm:8480edd300502051,crm,crm,src,src,,Src,No users in hierarchy,No users in hierarchy,,,,,No hay usuarios en la jerarquía,,,,,frontend/src/components/Settings/Hierarchy/Hierarchy.vue:108,frontend/src/components/Settings/Hierarchy/Hierarchy.vue:108,frontend/src/components/Settings/Hierarchy/Hierarchy.vue:108,client-js,,[],,,,,,,traducción propuesta,revisado inicial CRM,sí,sí,no,,Sin traducción upstream.,,,
crm:491a1c00b94d5b77,crm,crm,src,src,,Src,No users match the current filter.,No users match the current filter.,,,,,Ningún usuario coincide con el filtro actual.,,,,,frontend/src/components/Settings/Hierarchy/Hierarchy.vue:112,frontend/src/components/Settings/Hierarchy/Hierarchy.vue:112,frontend/src/components/Settings/Hierarchy/Hierarchy.vue:112,client-js,,[],,,,,,,traducción propuesta,revisado inicial CRM,sí,sí,no,,Sin traducción upstream.,,,
crm:bfae6a639e093636,crm,crm,src,src,,Src,No {0} Found,No {0} Found,,,Ningún {0} encontrado,,No se encontró ningún {0},,,,,frontend/src/components/ListViews/EmptyState.vue:37,frontend/src/components/ListViews/EmptyState.vue:37 || frontend/src/pages/MobileOrganization.vue:145,frontend/src/components/ListViews/EmptyState.vue:37 || frontend/src/pages/MobileOrganization.vue:145,client-js,,[],{0},{0},{0},ok,,,existente mejorable,revisado inicial CRM,sí,sí,no,,Cross-app aprobado exacto; upstream 'Ningún {0} encontrado' mejorado; {0} preservado.,No {0} found,No se encontró ningún {0},
crm:25994d0bd149f030,crm,crm,src,src,,Src,No {0} available,No {0} available,,,,,No hay {0} disponibles,,,,,frontend/src/components/PrimaryDropdown.vue:41,frontend/src/components/PrimaryDropdown.vue:41,frontend/src/components/PrimaryDropdown.vue:33,client-js,,[],{0},,{0},ok,,,traducción propuesta,revisado inicial CRM,sí,sí,no,,Placeholder {0} preservado.,,,
crm:56dbcec4f7286f64,crm,crm,src,src,,Src,No {0} found,No {0} found,,,Ningún {0} encontrado,,No se encontró ningún {0},,,,,frontend/src/pages/MobileContact.vue:153,frontend/src/pages/MobileContact.vue:153,frontend/src/pages/MobileContact.vue:153,client-js,,[],{0},{0},{0},ok,,,existente mejorable,revisado inicial CRM,sí,sí,no,,crossapp 'No {0} found'; placeholder preservado.,,,
crm:685582734bfb2dc2,crm,crm,src,src,,Src,No.,No.,,,,,N.º,,,,,frontend/src/components/Controls/Grid.vue:27,frontend/src/components/Controls/Grid.vue:27,frontend/src/components/Controls/Grid.vue:27,client-js,,[],,,,,,,igual al inglés válida,revisado inicial CRM,sí,sí,no,,cross-app No.=N.º,,,"PO-only: en es.po, ausente del POT fresco -> huérfana/obsoleta; NO usar sin validación"
crm:410f9f6396eeb9a4,crm,crm,fcrm,fcrm,,Fcrm,No. of Employees,No. of Employees,,,Núm. de Empleados,,Núm. de Empleados,,Label of the no_of_employees (Select) field in DocType 'CRM Deal',etiqueta de campo/elemento,,crm/fcrm/doctype/crm_deal/crm_deal.json,crm/fcrm/doctype/crm_deal/crm_deal.json || crm/fcrm/doctype/crm_lead/crm_lead.json || crm/fcrm/doctype/crm_organization/crm_organization.json,crm/fcrm/doctype/crm_deal/crm_deal.json || crm/fcrm/doctype/crm_lead/crm_lead.json || crm/fcrm/doctype/crm_organization/crm_organization.json,doctype-json,Crm Deal,"[""Label of the no_of_employees (Select) field in DocType 'CRM Deal'"", ""Label of the no_of_employees (Select) field in DocType 'CRM Lead'"", ""Label of the no_of_employees (Select) field in DocType 'CRM Organization'""]",,,,,,,existente correcta,revisado inicial CRM,sí,sí,no,,Cross-app aprobado exacto.,No. of Employees,Núm. de Empleados,
crm:f708153b416de5a6,crm,crm,src,src,,Src,Normal,Normal,,,,,Normal,,,,,frontend/src/components/Activities/AudioPlayer.vue:148,frontend/src/components/Activities/AudioPlayer.vue:148,frontend/src/components/Activities/AudioPlayer.vue:148,client-js,,[],,,,,,,traducción propuesta,revisado inicial CRM,sí,sí,no,,Velocidad de reproducción normal; igual en es.,,,
crm:382bb22e89c76a49,crm,crm,utils,utils,,Utils,Not Allowed,Not Allowed,,,No permitido,,No permitido,,,,,crm/utils/__init__.py:135,crm/utils/__init__.py:135,crm/utils/__init__.py:134,python,,[],,,,,,,existente correcta,revisado inicial CRM,sí,sí,no,,Cross-app: Not Allowed=No permitido.,,,
crm:0cc5e2a66a279f55,crm,crm,src,src,,Src,Not Saved,Not Saved,,,No guardado,,No guardado,,,,,frontend/src/components/Activities/DataFields.vue:10,frontend/src/components/Activities/DataFields.vue:10 || frontend/src/components/Controls/GridFieldsEditorModal.vue:10 || frontend/src/components/Controls/GridRowFieldsModal.vue:10 || frontend/src/components/Modals/DataFieldsModal.vue:10 || frontend/src/components/Modals/QuickEntryModal.vue:10 || frontend/src/components/Modals/SidePanelModal.vue:10 || frontend/src/components/Settings/AssignmentRules/AssignmentRuleView.vue:23 || frontend/src/components/Settings/PreferencesSettings.vue:44 || frontend/src/components/Settings/Profile/UserEmailSettings.vue:15 || frontend/src/components/Settings/SettingsPage.vue:23 || frontend/src/components/Settings/Sla/SlaPolicyView.vue:18 || frontend/src/components/Settings/Telephony/ExotelSettings.vue:15 || frontend/src/components/Settings/Telephony/TelephonySettings.vue:12 || frontend/src/components/Settings/Telephony/TwilioSettings.vue:15,frontend/src/components/Activities/DataFields.vue:10 || frontend/src/components/Controls/GridFieldsEditorModal.vue:10 || frontend/src/components/Controls/GridRowFieldsModal.vue:10 || frontend/src/components/Modals/DataFieldsModal.vue:10 || frontend/src/components/Modals/QuickEntryModal.vue:10 || frontend/src/components/Modals/SidePanelModal.vue:10 || frontend/src/components/Settings/AssignmentRules/AssignmentRuleView.vue:23 || frontend/src/components/Settings/PreferencesSettings.vue:44 || frontend/src/components/Settings/Profile/UserEmailSettings.vue:15 || frontend/src/components/Settings/SettingsPage.vue:23 || frontend/src/components/Settings/Sla/SlaPolicyView.vue:18 || frontend/src/components/Settings/Telephony/ExotelSettings.vue:15 || frontend/src/components/Settings/Telephony/TelephonySettings.vue:12 || frontend/src/components/Settings/Telephony/TwilioSettings.vue:15,client-js,,[],,,,,,,existente correcta,revisado inicial CRM,sí,sí,no,,crossapp aprobado.,,,
crm:3084a7c56d5a170d,crm,crm,src,src,,Src,Not Synced,Not Synced,,,,,No sincronizado,,,,,frontend/src/components/Settings/LeadSyncing/LeadSyncSourceForm.vue:148,frontend/src/components/Settings/LeadSyncing/LeadSyncSourceForm.vue:148,frontend/src/components/Settings/LeadSyncing/LeadSyncSourceForm.vue:148,client-js,,[],,,,,,,traducción propuesta,revisado inicial CRM,sí,sí,no,,,,,
crm:a35bb306d0268bc0,crm,crm,fcrm,fcrm,,Fcrm,Not allowed to add contact to Deal,Not allowed to add contact to Deal,,,,,No se permite agregar un contacto al Deal,,,,,crm/fcrm/doctype/crm_deal/crm_deal.py:355,crm/fcrm/doctype/crm_deal/crm_deal.py:355,crm/fcrm/doctype/crm_deal/crm_deal.py:355,doctype-controller,Crm Deal,[],,,,,,,traducción propuesta,revisado inicial CRM,sí,no,sí,,Deal protegido; Contact=contacto.,Deal,Deal,
crm:65d1f61ea515e7f9,crm,crm,fcrm,fcrm,,Fcrm,Not allowed to convert Lead to Deal,Not allowed to convert Lead to Deal,,,,,No se permite convertir el Lead en Deal,,,,,crm/fcrm/doctype/crm_lead/crm_lead.py:499,crm/fcrm/doctype/crm_lead/crm_lead.py:499,crm/fcrm/doctype/crm_lead/crm_lead.py:497,doctype-controller,Crm Lead,[],,,,,,,traducción propuesta,revisado inicial CRM,sí,no,no,,REVERSIÓN implícita: Lead y Deal protegidos en inglés.,,,
crm:8713a9b3d94c6d78,crm,crm,fcrm,fcrm,,Fcrm,Not allowed to remove contact from Deal,Not allowed to remove contact from Deal,,,,,No se permite quitar un contacto del Deal,,,,,crm/fcrm/doctype/crm_deal/crm_deal.py:366,crm/fcrm/doctype/crm_deal/crm_deal.py:366,crm/fcrm/doctype/crm_deal/crm_deal.py:366,doctype-controller,Crm Deal,[],,,,,,,traducción propuesta,revisado inicial CRM,sí,no,sí,,Deal protegido.,Deal,Deal,
crm:76d6081355f40d7a,crm,crm,fcrm,fcrm,,Fcrm,Not allowed to set primary contact for Deal,Not allowed to set primary contact for Deal,,,,,No se permite establecer el contacto principal del Deal,,,,,crm/fcrm/doctype/crm_deal/crm_deal.py:377,crm/fcrm/doctype/crm_deal/crm_deal.py:377,crm/fcrm/doctype/crm_deal/crm_deal.py:377,doctype-controller,Crm Deal,[],,,,,,,traducción propuesta,revisado inicial CRM,sí,no,sí,,Deal protegido; Primary=principal.,Deal,Deal,
crm:d8917919528d15d9,crm,crm,src,src,,Src,Not equals,Not equals,,,,,No es igual a,,,,,frontend/src/components/Filter.vue:300,frontend/src/components/Filter.vue:300 || frontend/src/components/Filter.vue:321 || frontend/src/components/Filter.vue:338 || frontend/src/components/Filter.vue:349 || frontend/src/components/Filter.vue:376 || frontend/src/components/Filter.vue:391,frontend/src/components/Filter.vue:274 || frontend/src/components/Filter.vue:295 || frontend/src/components/Filter.vue:312 || frontend/src/components/Filter.vue:323 || frontend/src/components/Filter.vue:350 || frontend/src/components/Filter.vue:365,client-js,,[],,,,,,,traducción propuesta,revisado inicial CRM,sí,sí,no,,"operador de filtro, coherente con Equals=Igual a",,,
crm:e99ae418163ccd4a,crm,crm,lead_syncing,lead_syncing,,Lead_Syncing,Not implemented yet!,Not implemented yet!,,,,,¡Aún no implementado!,,,,,crm/lead_syncing/doctype/failed_lead_sync_log/failed_lead_sync_log.py:32,crm/lead_syncing/doctype/failed_lead_sync_log/failed_lead_sync_log.py:32,crm/lead_syncing/doctype/failed_lead_sync_log/failed_lead_sync_log.py:32,doctype-controller,Failed Lead Sync Log,[],,,,,,,traducción propuesta,revisado inicial CRM,sí,sí,no,,Not implemented yet!,,,
crm:81d76c656214b751,crm,crm,src,src,,Src,Not in,Not in,,,,,No en,,,,,frontend/src/components/Filter.vue:304,frontend/src/components/Filter.vue:304 || frontend/src/components/Filter.vue:325 || frontend/src/components/Filter.vue:340 || frontend/src/components/Filter.vue:353 || frontend/src/components/Filter.vue:367,frontend/src/components/Filter.vue:278 || frontend/src/components/Filter.vue:299 || frontend/src/components/Filter.vue:314 || frontend/src/components/Filter.vue:327 || frontend/src/components/Filter.vue:341,client-js,,[],,,,,,,traducción propuesta,revisado inicial CRM,sí,sí,no,,"operador de filtro, opuesto de In=En",,,
crm:7cb91f7597cf99e5,crm,crm,src,src,,Src,Not like,Not like,,,,,No como,,,,,frontend/src/components/Filter.vue:302,frontend/src/components/Filter.vue:302 || frontend/src/components/Filter.vue:313 || frontend/src/components/Filter.vue:323 || frontend/src/components/Filter.vue:351 || frontend/src/components/Filter.vue:365,frontend/src/components/Filter.vue:276 || frontend/src/components/Filter.vue:287 || frontend/src/components/Filter.vue:297 || frontend/src/components/Filter.vue:325 || frontend/src/components/Filter.vue:339,client-js,,[],,,,,,,traducción propuesta,revisado inicial CRM,sí,sí,no,,"operador de filtro, opuesto de Like=Como",,,
crm:1059bc0e1fcc85bf,crm,crm,api,api;fcrm;integrations,sí,Api,Not permitted,Not permitted,,,No permitido,,No permitido,,,,,crm/api/activities.py:179,crm/api/activities.py:179 || crm/api/activities.py:25 || crm/api/contact.py:34 || crm/api/contact.py:70 || crm/api/contact.py:91 || crm/fcrm/doctype/crm_view_settings/crm_view_settings.py:133 || crm/fcrm/doctype/crm_view_settings/crm_view_settings.py:162 || crm/integrations/api.py:104 || crm/integrations/api.py:79,crm/api/activities.py:25 || crm/api/activities.py:179 || crm/api/contact.py:34 || crm/api/contact.py:70 || crm/api/contact.py:91 || crm/fcrm/doctype/crm_view_settings/crm_view_settings.py:133 || crm/fcrm/doctype/crm_view_settings/crm_view_settings.py:162 || crm/integrations/api.py:65 || crm/integrations/api.py:90,python,,[],,,,,,,existente correcta,revisado inicial CRM,sí,sí,no,,crossapp aprobado.,,,
crm:09a6bd5c5e7f627e,crm,crm,api,api,,Api,Not permitted to access reference document {0} {1}.,Not permitted to access reference document {0} {1}.,,,,,No tiene permiso para acceder al documento de referencia {0} {1}.,,,,,crm/api/whatsapp.py:27,crm/api/whatsapp.py:27,crm/api/whatsapp.py:27,python,,[],{0};{1},,{0};{1},ok,,,traducción propuesta,revisado inicial CRM,sí,sí,no,,Placeholders {0};{1} preservados.,,,
crm:e7c5295f138816e3,crm,crm,api,api,,Api,Not permitted to access the referenced WhatsApp message.,Not permitted to access the referenced WhatsApp message.,,,,,No tiene permiso para acceder al mensaje de WhatsApp referenciado.,,,,,crm/api/whatsapp.py:274,crm/api/whatsapp.py:274 || crm/api/whatsapp.py:326,crm/api/whatsapp.py:274 || crm/api/whatsapp.py:326,python,,[],,,,,,,traducción propuesta,revisado inicial CRM,sí,sí,no,,WhatsApp=nombre propio.,,,
crm:c1c7ecb01d6f1d1b,crm,crm,fcrm,fcrm,,Fcrm,Not permitted to modify fields layout,Not permitted to modify fields layout,,,,,No tiene permiso para modificar el diseño de campos,,,,,crm/fcrm/doctype/crm_fields_layout/crm_fields_layout.py:197,crm/fcrm/doctype/crm_fields_layout/crm_fields_layout.py:197,crm/fcrm/doctype/crm_fields_layout/crm_fields_layout.py:197,doctype-controller,Crm Fields Layout,[],,,,,,,traducción propuesta,revisado inicial CRM,sí,sí,no,,Mensaje de error de permisos.,,,
crm:7981526ab57aefe9,crm,crm,src,fcrm;src,sí,CRM,Note,Note,,,Nota,,Nota,,CRM,DocType,comercial,crm/fcrm/doctype/crm_call_log/crm_call_log.json,crm/fcrm/doctype/crm_call_log/crm_call_log.json || frontend/src/components/Activities/ActivityHeader.vue:131 || frontend/src/components/Layouts/AppSidebar.vue:668,crm/fcrm/doctype/crm_call_log/crm_call_log.json || frontend/src/components/Activities/ActivityHeader.vue:147 || frontend/src/components/Layouts/AppSidebar.vue:584,doctype-json,Crm Call Log,"[""Label of the note (Link) field in DocType 'CRM Call Log'""]",,,,,,,existente correcta,revisado inicial CRM,sí,sí,no,,LOCKED preservado verbatim (human_locked),crm:7981526ab57aefe9,Nota,
crm:89025213b2092e5f,crm,crm,src,src,,Src,Note deleted,Note deleted,,,,,Nota eliminada,,,,,frontend/src/components/Activities/NoteArea.vue:74,frontend/src/components/Activities/NoteArea.vue:74,frontend/src/components/Activities/NoteArea.vue:74,client-js,,[],,,,,,,traducción propuesta,revisado inicial CRM,sí,sí,no,,,,,
crm:6b91bc11ade6b314,crm,crm,src,src,,Src,Notes,Notes,,,Notas,,Notas,,Label of the notes (Small Text) field in DocType 'CRM Enrichment Run',etiqueta de campo/elemento,,frontend/src/pages/Deal.vue:597,frontend/src/pages/Deal.vue:597 || frontend/src/pages/Lead.vue:449 || frontend/src/pages/MobileDeal.vue:472 || frontend/src/pages/MobileLead.vue:319,frontend/src/pages/Deal.vue:596 || frontend/src/pages/Lead.vue:448 || frontend/src/pages/MobileDeal.vue:468 || frontend/src/pages/MobileLead.vue:315,client-js,,[],,,,,,,existente correcta,revisado inicial CRM,sí,sí,no,,Cross-app aprobado: Notes->Notas.,,,
crm:339ab38307fe6f03,crm,crm,src,src,,Src,Notes View,Notes View,,,,,Vista de notas,,,,,frontend/src/pages/Notes.vue:23,frontend/src/pages/Notes.vue:23,frontend/src/pages/Notes.vue:23,client-js,,[],,,,,,,traducción propuesta,revisado inicial CRM,sí,sí,no,,Note->Nota; nombre de vista,,,
crm:0760886c6b54d75a,crm,crm,src,src,,Src,Notification,Notification,,,Notificación,,Notificación,,,,,frontend/src/components/Activities/EmailArea.vue:15,frontend/src/components/Activities/EmailArea.vue:15 || frontend/src/components/Layouts/AppSidebar.vue:697,frontend/src/components/Activities/EmailArea.vue:15 || frontend/src/components/Calendar/EventNotifications.vue:22 || frontend/src/components/Calendar/EventNotifications.vue:90 || frontend/src/components/Layouts/AppSidebar.vue:613 || frontend/src/components/Settings/CalendarSettings.vue:85 || frontend/src/components/Settings/CalendarSettings.vue:93 || frontend/src/components/Settings/CalendarSettings.vue:184 || frontend/src/components/Settings/CalendarSettings.vue:192,client-js,,[],,,,,,,existente correcta,revisado inicial CRM,sí,sí,no,,crossapp aprobado.,,,
crm:a8a122ffa0047f40,crm,crm,fcrm,fcrm,,Fcrm,Notification Text,Notification Text,,,,,Texto de la notificación,,Label of the notification_text (Text) field in DocType 'CRM Notification',etiqueta de campo/elemento,,crm/fcrm/doctype/crm_notification/crm_notification.json,crm/fcrm/doctype/crm_notification/crm_notification.json,crm/fcrm/doctype/crm_notification/crm_notification.json,doctype-json,Crm Notification,"[""Label of the notification_text (Text) field in DocType 'CRM Notification'""]",,,,,,,traducción propuesta,revisado inicial CRM,sí,sí,no,,campo notification_text,,,
crm:43b3e046260c5fa0,crm,crm,fcrm,fcrm,,Fcrm,Notification Type Doc,Notification Type Doc,,,,,Documento de tipo de notificación,,Label of the notification_type_doc (Dynamic Link) field in DocType 'CRM Notification',etiqueta de campo/elemento,,crm/fcrm/doctype/crm_notification/crm_notification.json,crm/fcrm/doctype/crm_notification/crm_notification.json,crm/fcrm/doctype/crm_notification/crm_notification.json,doctype-json,Crm Notification,"[""Label of the notification_type_doc (Dynamic Link) field in DocType 'CRM Notification'""]",,,,,,,traducción propuesta,revisado inicial CRM,sí,sí,no,,campo notification_type_doc (Dynamic Link),,,
crm:6e34ef915807a098,crm,crm,fcrm,fcrm,,Fcrm,Notification Type Doctype,Notification Type Doctype,,,,,Tipo de documento de notificación,,Label of the notification_type_doctype (Link) field in DocType 'CRM Notification',etiqueta de campo/elemento,,crm/fcrm/doctype/crm_notification/crm_notification.json,crm/fcrm/doctype/crm_notification/crm_notification.json,crm/fcrm/doctype/crm_notification/crm_notification.json,doctype-json,Crm Notification,"[""Label of the notification_type_doctype (Link) field in DocType 'CRM Notification'""]",,,,,,,traducción propuesta,revisado inicial CRM,sí,sí,no,,campo notification_type_doctype (Link),,,
crm:3636ebfd894374c0,crm,crm,src,src,,Src,Notifications,Notifications,,,Notificaciones,,Notificaciones,,,,,frontend/src/components/Layouts/AppSidebar.vue:27,frontend/src/components/Layouts/AppSidebar.vue:27 || frontend/src/components/Notifications.vue:17 || frontend/src/pages/MobileNotification.vue:7,frontend/src/components/Layouts/AppSidebar.vue:13 || frontend/src/components/Mobile/MobileSidebar.vue:23 || frontend/src/components/Modals/EventModal.vue:187 || frontend/src/components/Notifications.vue:17 || frontend/src/pages/MobileNotification.vue:7,client-js,,[],,,,,,,existente correcta,revisado inicial CRM,sí,sí,no,,Cross-app aprobado.,,,
crm:391e8d2b5622b8b3,crm,crm,fcrm,fcrm;src,sí,Fcrm,Number,Number,,,Número,,Número,,Label of the number (Data) field in DocType 'CRM Telephony Phone',etiqueta de campo/elemento,,crm/fcrm/doctype/crm_telephony_phone/crm_telephony_phone.json,crm/fcrm/doctype/crm_telephony_phone/crm_telephony_phone.json || frontend/src/components/Controls/Grid.vue:27,crm/fcrm/doctype/crm_telephony_phone/crm_telephony_phone.json,doctype-json,Crm Telephony Phone,"[""Label of the number (Data) field in DocType 'CRM Telephony Phone'""]",,,,,,,existente correcta,revisado inicial CRM,sí,sí,no,,cross-app aprobado: Number,,,
crm:5e8e9bc1f49464bc,crm,crm,src,src,,Src,Number Chart,Number Chart,,,,,Gráfico numérico,,,,,frontend/src/components/Dashboard/AddChartModal.vue:15,frontend/src/components/Dashboard/AddChartModal.vue:15 || frontend/src/components/Dashboard/AddChartModal.vue:65,frontend/src/components/Dashboard/AddChartModal.vue:15 || frontend/src/components/Dashboard/AddChartModal.vue:65,client-js,,[],,,,,,,traducción propuesta,revisado inicial CRM,sí,sí,no,,,,,
crm:926883b89fb3d6cc,crm,crm,src,src,,Src,Number Format,Number Format,,,Formato de Número,,Formato de número,,,,,frontend/src/components/Settings/DefaultsSettings.vue:71,frontend/src/components/Settings/DefaultsSettings.vue:71,frontend/src/components/Settings/DefaultsSettings.vue:71,client-js,,[],,,,,,,existente mejorable,revisado inicial CRM,sí,sí,no,,Cross-app 'Number Format'.,crm:crossapp,Formato de número,
crm:9ce17cde69a38ce0,crm,crm,api,api,,Api,Number of deals,Number of deals,,,,,Número de Deals,,,,,crm/api/dashboard.py:1075,crm/api/dashboard.py:1075 || crm/api/dashboard.py:1138,crm/api/dashboard.py:1075 || crm/api/dashboard.py:1138,python,,[],,,,,,,traducción propuesta,revisado inicial CRM,sí,sí,no,,reversión Deals,,,
crm:26595872cc18cc00,crm,crm,api,api,,Api,Number of deals and total value per salesperson,Number of deals and total value per salesperson,,,,,Número de Deals y valor total por vendedor,,,,,crm/api/dashboard.py:1131,crm/api/dashboard.py:1131,crm/api/dashboard.py:1131,python,,[],,,,,,,traducción propuesta,revisado inicial CRM,sí,sí,no,,reversión Deals; salesperson->vendedor,,,
crm:c85e32526ea2fd81,crm,crm,src,src,,Src,Number of decimal places for non-currency numeric fields,Number of decimal places for non-currency numeric fields,,,,,Número de decimales para campos numéricos que no son de moneda,,,,,frontend/src/components/Settings/DefaultsSettings.vue:95,frontend/src/components/Settings/DefaultsSettings.vue:95,frontend/src/components/Settings/DefaultsSettings.vue:95,client-js,,[],,,,,,,traducción propuesta,revisado inicial CRM,sí,sí,no,,,,,
crm:9049c31447d49fd0,crm,crm,src,src,,Src,Number of decimal places used for all currency values,Number of decimal places used for all currency values,,,,,Número de decimales usados para todos los valores de moneda,,,,,frontend/src/components/Settings/DefaultsSettings.vue:55,frontend/src/components/Settings/DefaultsSettings.vue:55,frontend/src/components/Settings/DefaultsSettings.vue:55,client-js,,[],,,,,,,traducción propuesta,revisado inicial CRM,sí,sí,no,,,,,
crm:ddf6461ae660fc01,crm,crm,src,src,,Src,Old Condition,Old Condition,,,Condición antigua,,Condición antigua,,,,,frontend/src/components/Settings/AssignmentRules/AssignmentRuleView.vue:167,frontend/src/components/Settings/AssignmentRules/AssignmentRuleView.vue:167 || frontend/src/components/Settings/AssignmentRules/AssignmentRuleView.vue:251,frontend/src/components/Settings/AssignmentRules/AssignmentRuleView.vue:167 || frontend/src/components/Settings/AssignmentRules/AssignmentRuleView.vue:251,client-js,,[],,,,,,,existente correcta,revisado inicial CRM,sí,sí,no,,Cross-app 'Old Condition'.,crm:crossapp,Condición antigua,
crm:7b991c412d0e2747,crm,crm,src,src,,Src,Old Conditions,Old Conditions,,,Condiciones antiguas,,Condiciones antiguas,,,,,frontend/src/components/Settings/Sla/SlaPolicyView.vue:124,frontend/src/components/Settings/Sla/SlaPolicyView.vue:124,frontend/src/components/Settings/Sla/SlaPolicyView.vue:124,client-js,,[],,,,,,,existente correcta,revisado inicial CRM,sí,sí,no,,Crossapp aprobado: reuso exacto.,Old Conditions,Condiciones antiguas,
crm:bfbff303f9ae1d15,crm,crm,fcrm,fcrm,,Fcrm,Old Parent,Old Parent,,,Antiguo Padre,,Antiguo Padre,,Label of the old_parent (Link) field in DocType 'CRM Sales Hierarchy',etiqueta de campo/elemento,,crm/fcrm/doctype/crm_sales_hierarchy/crm_sales_hierarchy.json,crm/fcrm/doctype/crm_sales_hierarchy/crm_sales_hierarchy.json || crm/fcrm/doctype/crm_territory/crm_territory.json,crm/fcrm/doctype/crm_sales_hierarchy/crm_sales_hierarchy.json || crm/fcrm/doctype/crm_territory/crm_territory.json,doctype-json,Crm Sales Hierarchy,"[""Label of the old_parent (Link) field in DocType 'CRM Sales Hierarchy'"", ""Label of the old_parent (Link) field in DocType 'CRM Territory'""]",,,,,,,existente correcta,revisado inicial CRM,sí,sí,no,,Cross-app: Old Parent=Antiguo Padre.,,,
crm:c007811d0bd3c909,crm,crm,src,fcrm;src,sí,Src,Oldest First,Oldest First,,,,,Más antiguos primero,,Option for the 'Timeline Sort Order' (Select) field in DocType 'FCRM Settings',opción de campo select,,crm/fcrm/doctype/fcrm_settings/fcrm_settings.json,crm/fcrm/doctype/fcrm_settings/fcrm_settings.json || frontend/src/components/Settings/GeneralSettings.vue:123 || frontend/src/components/Settings/GeneralSettings.vue:143,crm/fcrm/doctype/fcrm_settings/fcrm_settings.json || frontend/src/components/Settings/GeneralSettings.vue:123 || frontend/src/components/Settings/GeneralSettings.vue:143,doctype-json,Fcrm Settings,"[""Option for the 'Timeline Sort Order' (Select) field in DocType 'FCRM Settings'""]",,,,,,,traducción propuesta,revisado inicial CRM,sí,sí,no,,,,,
crm:e1ca5f5964c01223,crm,crm,fcrm,fcrm,,Fcrm,On Hold,On Hold,,,En Espera,,En espera,,Option for the 'Type' (Select) field in DocType 'CRM Deal Status',opción de campo select,,crm/fcrm/doctype/crm_deal_status/crm_deal_status.json,crm/fcrm/doctype/crm_deal_status/crm_deal_status.json || crm/fcrm/doctype/crm_lead_status/crm_lead_status.json,crm/fcrm/doctype/crm_deal_status/crm_deal_status.json || crm/fcrm/doctype/crm_lead_status/crm_lead_status.json,doctype-json,Crm Deal Status,"[""Option for the 'Type' (Select) field in DocType 'CRM Deal Status'"", ""Option for the 'Type' (Select) field in DocType 'CRM Lead Status'""]",,,,,,,existente mejorable,revisado inicial CRM,sí,sí,no,,'En Espera'->'En espera' (cross-app aprobado).,On Hold,En espera,
crm:fe8032e49a46758b,crm,crm,fcrm,fcrm,,Fcrm,Ongoing,Ongoing,,,,,En curso,,Option for the 'Type' (Select) field in DocType 'CRM Deal Status',opción de campo select,,crm/fcrm/doctype/crm_deal_status/crm_deal_status.json,crm/fcrm/doctype/crm_deal_status/crm_deal_status.json || crm/fcrm/doctype/crm_lead_status/crm_lead_status.json,crm/fcrm/doctype/crm_deal_status/crm_deal_status.json || crm/fcrm/doctype/crm_lead_status/crm_lead_status.json,doctype-json,Crm Deal Status,"[""Option for the 'Type' (Select) field in DocType 'CRM Deal Status'"", ""Option for the 'Type' (Select) field in DocType 'CRM Lead Status'""]",,,,,,,traducción propuesta,revisado inicial CRM,sí,sí,no,,Cross-app aprobado exacto.,Ongoing,En curso,
crm:f97ee10cb68271b3,crm,crm,src,src,,Src,Ongoing Deals,Ongoing Deals,,,,,Deals en curso,,,,,frontend/src/components/Dashboard/AddChartModal.vue:73,frontend/src/components/Dashboard/AddChartModal.vue:73,frontend/src/components/Dashboard/AddChartModal.vue:73,client-js,,[],,,,,,,traducción propuesta,revisado inicial CRM,sí,no,no,,Deals protegido; Ongoing=en curso,,,
crm:2f3cb58e17e7b32b,crm,crm,api,api,,Api,Ongoing deals,Ongoing deals,,,,,Deals en curso,,,,,crm/api/dashboard.py:189,crm/api/dashboard.py:189,crm/api/dashboard.py:189,python,,[],,,,,,,traducción propuesta,revisado inicial CRM,sí,sí,no,,reversión Deals,,,
crm:04aab27fbcdee54a,crm,crm,api,api,,Api,Only System Managers can assign the Sales Manager role,Only System Managers can assign the Sales Manager role,,,,,Solo los Administradores del Sistema pueden asignar el rol de Gerente de Ventas,,,,,crm/api/user.py:62,crm/api/user.py:62 || crm/api/user.py:95,crm/api/user.py:62 || crm/api/user.py:95,python,,[],,,,,,,traducción propuesta,revisado inicial CRM,sí,sí,no,,System Manager/Sales Manager cross-app.,,,
crm:e000605081e39c61,crm,crm,api,api,,Api,Only System Managers can assign the System Manager role,Only System Managers can assign the System Manager role,,,,,Solo los Administradores del Sistema pueden asignar el rol de Administrador del Sistema,,,,,crm/api/user.py:59,crm/api/user.py:59 || crm/api/user.py:89,crm/api/user.py:59 || crm/api/user.py:89,python,,[],,,,,,,traducción propuesta,revisado inicial CRM,sí,sí,no,,System Manager cross-app.,,,
crm:0f5e3c250fff543f,crm,crm,api,api,,Api,Only System Managers can modify other System Managers,Only System Managers can modify other System Managers,,,,,Solo los Administradores del Sistema pueden modificar a otros Administradores del Sistema,,,,,crm/api/user.py:137,crm/api/user.py:137 || crm/api/user.py:92,crm/api/user.py:92 || crm/api/user.py:137,python,,[],,,,,,,traducción propuesta,revisado inicial CRM,sí,sí,no,,System Manager cross-app.,,,
crm:2d77fa6f883cfec5,crm,crm,src,src,,Src,Only image files are allowed,Only image files are allowed,,,,,Solo se permiten archivos de imagen,,,,,frontend/src/utils/index.js:505,frontend/src/utils/index.js:505,frontend/src/utils/index.js:484,client-js,,[],,,,,,,traducción propuesta,revisado inicial CRM,sí,sí,no,,,,,
crm:ce5ab7d3e333bc41,crm,crm,fcrm,fcrm,,Fcrm,Only one {0} can be set as primary.,Only one {0} can be set as primary.,,,Solo uno {0} se puede establecer como primario.,,Solo un {0} puede establecerse como principal.,,,,,crm/fcrm/doctype/crm_deal/crm_deal.py:135,crm/fcrm/doctype/crm_deal/crm_deal.py:135 || crm/fcrm/doctype/crm_telephony_agent/crm_telephony_agent.py:68,crm/fcrm/doctype/crm_deal/crm_deal.py:135 || crm/fcrm/doctype/crm_telephony_agent/crm_telephony_agent.py:68,doctype-controller,Crm Deal,[],{0},{0},{0},ok,,,existente mejorable,revisado inicial CRM,sí,sí,no,,Corrige 'Solo uno {0}...primario' -> cross-app aprobado. Placeholder {0} preservado.,Only one {0} can be set as primary.,Solo un {0} puede establecerse como principal.,
crm:de0f8e0024b6d922,crm,crm,api,api,,Api,Only sales users can access WhatsApp features.,Only sales users can access WhatsApp features.,,,,,Solo los usuarios de ventas pueden acceder a las funciones de WhatsApp.,,,,,crm/api/whatsapp.py:16,crm/api/whatsapp.py:16,crm/api/whatsapp.py:16,python,,[],,,,,,,traducción propuesta,revisado inicial CRM,sí,sí,no,,WhatsApp=nombre propio.,,,
crm:bbc1f49020f3b582,crm,crm,fcrm,fcrm,,Fcrm,Open,Open,,,Abrir,,Abierto,,Option for the 'Type' (Select) field in DocType 'CRM Deal Status',opción de campo select,,crm/fcrm/doctype/crm_deal_status/crm_deal_status.json,crm/fcrm/doctype/crm_deal_status/crm_deal_status.json || crm/fcrm/doctype/crm_lead_status/crm_lead_status.json,crm/fcrm/doctype/crm_deal_status/crm_deal_status.json || crm/fcrm/doctype/crm_lead_status/crm_lead_status.json,doctype-json,Crm Deal Status,"[""Option for the 'Type' (Select) field in DocType 'CRM Deal Status'"", ""Option for the 'Type' (Select) field in DocType 'CRM Lead Status'""]",,,,,,,existente mejorable,revisado inicial CRM,sí,sí,no,,"Corrige 'Abrir' (verbo) -> 'Abierto' (estado, cross-app aprobado).",Open,Abierto,
crm:f57893f85fb31ddb,crm,crm,src,src,,Src,Open Nested Conditions,Open Nested Conditions,,,,,Abrir condiciones anidadas,,,,,frontend/src/components/ConditionsFilter/CFCondition.vue:89,frontend/src/components/ConditionsFilter/CFCondition.vue:89,frontend/src/components/ConditionsFilter/CFCondition.vue:88,client-js,,[],,,,,,,traducción propuesta,revisado inicial CRM,sí,sí,no,,acción de filtro,,,
crm:d4514a99fbe4395b,crm,crm,src,src,,Src,Open Website,Open Website,,,,,Abrir sitio web,,,,,frontend/src/pages/Organization.vue:97,frontend/src/pages/Organization.vue:97,frontend/src/pages/Organization.vue:97,client-js,,[],,,,,,,traducción propuesta,revisado inicial CRM,sí,sí,no,,,,,
crm:49df2e56a3ba0e36,crm,crm,fcrm,fcrm,,Fcrm,Open in Portal,Open in Portal,,,,,Abrir en el portal,,,,,crm/fcrm/doctype/crm_deal/crm_deal.js:6,crm/fcrm/doctype/crm_deal/crm_deal.js:6 || crm/fcrm/doctype/crm_lead/crm_lead.js:6,crm/fcrm/doctype/crm_deal/crm_deal.js:6 || crm/fcrm/doctype/crm_lead/crm_lead.js:6,doctype-controller,Crm Deal,[],,,,,,,traducción propuesta,revisado inicial CRM,sí,sí,no,,,,,
crm:37ec07a2b0cf5b9d,crm,crm,fcrm,fcrm,,Fcrm,Open in new window,Open in new window,,,,,Abrir en una nueva ventana,,Label of the open_in_new_window (Check) field in DocType 'CRM Dropdown Item',etiqueta de campo/elemento,,crm/fcrm/doctype/crm_dropdown_item/crm_dropdown_item.json,crm/fcrm/doctype/crm_dropdown_item/crm_dropdown_item.json,crm/fcrm/doctype/crm_dropdown_item/crm_dropdown_item.json,doctype-json,Crm Dropdown Item,"[""Label of the open_in_new_window (Check) field in DocType 'CRM Dropdown Item'""]",,,,,,,traducción propuesta,revisado inicial CRM,sí,sí,no,,Etiqueta de campo check.,,,
crm:a45617baef846a85,crm,crm,src,src,,Src,Open {0},Open {0},,,Abrir {0},,Abrir {0},,,,,frontend/src/doctypes/crm_task/form.js:9,frontend/src/doctypes/crm_task/form.js:9 || frontend/src/doctypes/fcrm_note/form.js:9,frontend/src/doctypes/crm_task/form.js:9 || frontend/src/doctypes/fcrm_note/form.js:9,client-js,,[],{0},{0},{0},ok,,,existente correcta,revisado inicial CRM,sí,sí,no,,Cross-app aprobado exacto; {0} preservado.,Open {0},Abrir {0},
crm:1a996719fb694f75,crm,crm,src,src,,Src,Operator,Operator,,,Operador,,Operador,,,,,frontend/src/components/ConditionsFilter/CFCondition.vue:48,frontend/src/components/ConditionsFilter/CFCondition.vue:48,frontend/src/components/ConditionsFilter/CFCondition.vue:47 || frontend/src/pages/Calendar.vue:105,client-js,,[],,,,,,,existente correcta,revisado inicial CRM,sí,sí,no,,cross-app aprobado: Operator,,,
crm:ae42c09134642130,crm,crm,src,src,,Src,Options,Options,,,Opciones,,Opciones,,,,,frontend/src/components/Kanban/KanbanView.vue:231,frontend/src/components/Kanban/KanbanView.vue:231 || frontend/src/components/Modals/CallLogDetailModal.vue:16 || frontend/src/components/ViewControls.vue:199,frontend/src/components/Kanban/KanbanView.vue:232 || frontend/src/components/Modals/CallLogDetailModal.vue:16 || frontend/src/components/ViewControls.vue:199,client-js,,[],,,,,,,existente correcta,revisado inicial CRM,sí,sí,no,,cross-app Options=Opciones,,,
crm:2f57d1893228ef62,crm,crm,src,src,,Src,Or create leads manually,Or create leads manually,,,,,O crea leads manualmente,,,,,frontend/src/pages/Welcome.vue:40,frontend/src/pages/Welcome.vue:40,frontend/src/pages/Welcome.vue:40,client-js,,[],,,,,,,traducción propuesta,revisado inicial CRM,sí,sí,no,,Protegido: leads en inglés.,,,
crm:c14aa5dc4f525d7a,crm,crm,fcrm,fcrm,,Fcrm,Order By,Order By,,,Ordenar por,,Ordenar por,,Label of the order_by (Code) field in DocType 'CRM View Settings',etiqueta de campo/elemento,,crm/fcrm/doctype/crm_view_settings/crm_view_settings.json,crm/fcrm/doctype/crm_view_settings/crm_view_settings.json,crm/fcrm/doctype/crm_view_settings/crm_view_settings.json,doctype-json,Crm View Settings,"[""Label of the order_by (Code) field in DocType 'CRM View Settings'"", ""Label of the order_by_tab (Tab Break) field in DocType 'CRM View Settings'""]",,,,,,,existente correcta,revisado inicial CRM,sí,sí,no,,crossapp Order By->Ordenar por,,,
crm:1465a7d8fae68111,crm,crm,src,src,,Src,"Order of activities, emails, comments and calls in the timeline","Order of activities, emails, comments and calls in the timeline",,,,,"Orden de actividades, correos, comentarios y llamadas en la línea de tiempo",,,,,frontend/src/components/Settings/GeneralSettings.vue:111,frontend/src/components/Settings/GeneralSettings.vue:111,frontend/src/components/Settings/GeneralSettings.vue:111,client-js,,[],,,,,,,traducción propuesta,revisado inicial CRM,sí,sí,no,,Sin traducción upstream.,,,
crm:c62049fd6b96ed3b,crm,crm,fcrm,fcrm,,Fcrm,"Order of activities, emails, comments and calls in the timeline for all users","Order of activities, emails, comments and calls in the timeline for all users",,,,,"Orden de actividades, correos, comentarios y llamadas en la cronología para todos los usuarios",,Description of the 'Timeline Sort Order' (Select) field in DocType 'FCRM Settings',descripción,,crm/fcrm/doctype/fcrm_settings/fcrm_settings.json,crm/fcrm/doctype/fcrm_settings/fcrm_settings.json,crm/fcrm/doctype/fcrm_settings/fcrm_settings.json,doctype-json,Fcrm Settings,"[""Description of the 'Timeline Sort Order' (Select) field in DocType 'FCRM Settings'""]",,,,,,,traducción propuesta,revisado inicial CRM,sí,sí,no,,,,,
crm:fe22dc777694159f,crm,crm,src,fcrm;src,sí,CRM,Organization,Organization,,,Organización,,Organización,,CRM,campo,comercial,crm/fcrm/doctype/crm_deal/crm_deal.json,crm/fcrm/doctype/crm_deal/crm_deal.json || crm/fcrm/doctype/crm_lead/crm_lead.json || frontend/src/components/Layouts/AppSidebar.vue:667 || frontend/src/components/Modals/ConvertToDealModal.vue:25 || frontend/src/pages/Contact.vue:348 || frontend/src/pages/Contact.vue:384 || frontend/src/pages/MobileContact.vue:376 || frontend/src/pages/MobileOrganization.vue:458 || frontend/src/pages/MobileOrganization.vue:512 || frontend/src/pages/Organization.vue:488 || frontend/src/pages/Organization.vue:542,crm/fcrm/doctype/crm_deal/crm_deal.json || crm/fcrm/doctype/crm_lead/crm_lead.json || frontend/src/components/Layouts/AppSidebar.vue:583 || frontend/src/components/Modals/ConvertToDealModal.vue:25 || frontend/src/pages/Contact.vue:432 || frontend/src/pages/Contact.vue:515 || frontend/src/pages/MobileContact.vue:513 || frontend/src/pages/MobileOrganization.vue:457 || frontend/src/pages/MobileOrganization.vue:511 || frontend/src/pages/Organization.vue:487 || frontend/src/pages/Organization.vue:541,doctype-json,Crm Deal,"[""Label of the organization (Data) field in DocType 'CRM Lead'"", ""Label of the organization (Link) field in DocType 'CRM Deal'"", ""Label of the organization_tab (Tab Break) field in DocType 'CRM Deal'""]",,,,,,,existente correcta,revisado inicial CRM,sí,sí,no,,LOCKED preservado verbatim.,Organization,Organización,
crm:a714f7a30a5b50d8,crm,crm,fcrm,fcrm,,Fcrm,Organization Details,Organization Details,,,,,Detalles de la organización,,Label of the organization_details_section (Section Break) field in DocType 'CRM Deal',etiqueta de campo/elemento,,crm/fcrm/doctype/crm_deal/crm_deal.json,crm/fcrm/doctype/crm_deal/crm_deal.json,crm/fcrm/doctype/crm_deal/crm_deal.json,doctype-json,Crm Deal,"[""Label of the organization_details_section (Section Break) field in DocType 'CRM Deal'""]",,,,,,,traducción propuesta,revisado inicial CRM,sí,sí,no,,,Organization,Organización,
crm:ae46c261e8398106,crm,crm,fcrm,fcrm;src,sí,Fcrm,Organization Logo,Organization Logo,,,,,Logotipo de la organización,,Label of the organization_logo (Attach Image) field in DocType 'CRM Deal',etiqueta de campo/elemento,,crm/fcrm/doctype/crm_organization/crm_organization.json,crm/fcrm/doctype/crm_organization/crm_organization.json || frontend/src/pages/Deal.vue:67,crm/fcrm/doctype/crm_organization/crm_organization.json || frontend/src/pages/Deal.vue:67,doctype-json,Crm Organization,"[""Label of the organization_logo (Attach Image) field in DocType 'CRM Organization'""]",,,,,,,traducción propuesta,revisado inicial CRM,sí,sí,no,,,Organization,Organización,
crm:3d94c39b2a74deae,crm,crm,fcrm,fcrm,,Fcrm,Organization Name,Organization Name,,,Nombre de la Organización,,Nombre de la Organización,,Label of the organization_name (Data) field in DocType 'CRM Deal',etiqueta de campo/elemento,,crm/fcrm/doctype/crm_deal/crm_deal.json,crm/fcrm/doctype/crm_deal/crm_deal.json || crm/fcrm/doctype/crm_organization/crm_organization.json,crm/fcrm/doctype/crm_deal/crm_deal.json || crm/fcrm/doctype/crm_organization/crm_organization.json,doctype-json,Crm Deal,"[""Label of the organization_name (Data) field in DocType 'CRM Deal'"", ""Label of the organization_name (Data) field in DocType 'CRM Organization'""]",,,,,,,existente correcta,revisado inicial CRM,sí,sí,no,,Cross-app aprobado exacto.,Organization Name,Nombre de la Organización,
crm:10f71796e6de544f,crm,crm,fcrm,fcrm,,Fcrm,Organization or a primary Contact is required to create a customer,Organization or a primary Contact is required to create a customer,,,,,Se requiere una Organización o un Contacto principal para crear un cliente,,,,,crm/fcrm/doctype/erpnext_crm_settings/erpnext_crm_settings.py:580,crm/fcrm/doctype/erpnext_crm_settings/erpnext_crm_settings.py:580,crm/fcrm/doctype/erpnext_crm_settings/erpnext_crm_settings.py:503,doctype-controller,Erpnext Crm Settings,[],,,,,,,traducción propuesta,revisado inicial CRM,sí,sí,no,,Organization->Organización; Contact->Contacto; Primary->principal,,,
crm:5ada032787acc271,crm,crm,src,fcrm;src,sí,Src,Organizations,Organizations,,,,,Organizaciones,,Label of a shortcut in the Frappe CRM Workspace,etiqueta de campo/elemento,,crm/fcrm/workspace/frappe_crm/frappe_crm.json,crm/fcrm/workspace/frappe_crm/frappe_crm.json || frontend/src/pages/MobileOrganization.vue:219 || frontend/src/pages/Organization.vue:257,crm/fcrm/workspace/frappe_crm/frappe_crm.json || frontend/src/pages/MobileOrganization.vue:219 || frontend/src/pages/Organization.vue:257,workspace,Frappe CRM (Workspace),"[""Label of a shortcut in the Frappe CRM Workspace""]",,,,,,,traducción propuesta,revisado inicial CRM,sí,sí,no,,Organization->Organización.,,,
crm:faeabe8fc3da1b69,crm,crm,src,src,,Src,Organize my contacts,Organize my contacts,,,,,Organizar mis contactos,,,,,frontend/src/pages/PersonaForm.vue:124,frontend/src/pages/PersonaForm.vue:124,frontend/src/pages/PersonaForm.vue:124,client-js,,[],,,,,,,traducción propuesta,revisado inicial CRM,sí,sí,no,,,,,
crm:37a117060a722da6,crm,crm,src,src,,Src,Other,Other,,,Otro,,Otro,,,,,frontend/src/pages/PersonaForm.vue:103,frontend/src/pages/PersonaForm.vue:103 || frontend/src/pages/PersonaForm.vue:65 || frontend/src/pages/PersonaForm.vue:82,frontend/src/pages/PersonaForm.vue:65 || frontend/src/pages/PersonaForm.vue:82 || frontend/src/pages/PersonaForm.vue:103,client-js,,[],,,,,,,existente correcta,revisado inicial CRM,sí,sí,no,,Cross-app aprobado.,,,
crm:e62aebcf26a4a43e,crm,crm,src,src,,Src,Other Features,Other Features,,,,,Otras funciones,,,,,frontend/src/components/Layouts/AppSidebar.vue:689,frontend/src/components/Layouts/AppSidebar.vue:689,frontend/src/components/Layouts/AppSidebar.vue:605,client-js,,[],,,,,,,traducción propuesta,revisado inicial CRM,sí,sí,no,,,,,
crm:6519aa8e1084e717,crm,crm,fcrm,fcrm,,Fcrm,Others,Others,,,Otros,,Otros,,Label of the organization_tab (Tab Break) field in DocType 'CRM Lead',etiqueta de campo/elemento,,crm/fcrm/doctype/crm_lead/crm_lead.json,crm/fcrm/doctype/crm_lead/crm_lead.json,crm/fcrm/doctype/crm_lead/crm_lead.json,doctype-json,Crm Lead,"[""Label of the organization_tab (Tab Break) field in DocType 'CRM Lead'""]",,,,,,,existente correcta,revisado inicial CRM,sí,sí,no,,Cross-app aprobado: Others->Otros.,,,
crm:2dc271a3079adbb0,crm,crm,src,src,,Src,Outbound Call,Outbound Call,,,,,Llamada saliente,,,,,frontend/src/components/Activities/CallArea.vue:31,frontend/src/components/Activities/CallArea.vue:31,frontend/src/components/Activities/CallArea.vue:31,client-js,,[],,,,,,,traducción propuesta,revisado inicial CRM,sí,sí,no,,crossapp aprobado.,,,
crm:5a4f8d27477de8cd,crm,crm,fcrm,fcrm,,Fcrm,Outgoing,Outgoing,,,Saliente,,Saliente,,Option for the 'Type' (Select) field in DocType 'CRM Call Log',opción de campo select,,crm/fcrm/doctype/crm_call_log/crm_call_log.json,crm/fcrm/doctype/crm_call_log/crm_call_log.json,crm/fcrm/doctype/crm_call_log/crm_call_log.json,doctype-json,Crm Call Log,"[""Option for the 'Type' (Select) field in DocType 'CRM Call Log'""]",,,,,,,existente correcta,revisado inicial CRM,sí,sí,no,,cross-app aprobado: Outgoing,,,
crm:7d86a156f9ca2203,crm,crm,fcrm,fcrm,,Fcrm,Owner,Owner,,,Propietario,,Propietario,,Label of the log_owner (Link) field in DocType 'CRM Status Change Log',etiqueta de campo/elemento,,crm/fcrm/doctype/crm_status_change_log/crm_status_change_log.json,crm/fcrm/doctype/crm_status_change_log/crm_status_change_log.json,crm/fcrm/doctype/crm_status_change_log/crm_status_change_log.json,doctype-json,Crm Status Change Log,"[""Label of the log_owner (Link) field in DocType 'CRM Status Change Log'""]",,,,,,,existente correcta,revisado inicial CRM,sí,sí,no,,Cross-app: Owner=Propietario.,,,
crm:b96903e6b2ecd5cc,crm,crm,lead_syncing,lead_syncing,,Lead_Syncing,Page,Page,,,Página,,Página,,Label of the page (Link) field in DocType 'Facebook Lead Form',etiqueta de campo/elemento,,crm/lead_syncing/doctype/facebook_lead_form/facebook_lead_form.json,crm/lead_syncing/doctype/facebook_lead_form/facebook_lead_form.json,crm/lead_syncing/doctype/facebook_lead_form/facebook_lead_form.json,doctype-json,Facebook Lead Form,"[""Label of the page (Link) field in DocType 'Facebook Lead Form'""]",,,,,,,existente correcta,revisado inicial CRM,sí,sí,no,,Cross-app aprobado: Page->Página.,,,
crm:afa8bdefb9db8abb,crm,crm,lead_syncing,lead_syncing,,Lead_Syncing,Page Name,Page Name,,,Nombre de la página,,Nombre de la página,,Label of the page_name (Data) field in DocType 'Facebook Page',etiqueta de campo/elemento,,crm/lead_syncing/doctype/facebook_page/facebook_page.json,crm/lead_syncing/doctype/facebook_page/facebook_page.json,crm/lead_syncing/doctype/facebook_page/facebook_page.json,doctype-json,Facebook Page,"[""Label of the page_name (Data) field in DocType 'Facebook Page'""]",,,,,,,existente correcta,revisado inicial CRM,sí,sí,no,,Cross-app aprobado: Page Name->Nombre de la página.,,,
crm:4d17175fa9cab55b,crm,crm,fcrm,fcrm,,Fcrm,Parent CRM Territory,Parent CRM Territory,,,,,Territorio de CRM padre,,Label of the parent_crm_territory (Link) field in DocType 'CRM Territory',etiqueta de campo/elemento,,crm/fcrm/doctype/crm_territory/crm_territory.json,crm/fcrm/doctype/crm_territory/crm_territory.json,crm/fcrm/doctype/crm_territory/crm_territory.json,doctype-json,Crm Territory,"[""Label of the parent_crm_territory (Link) field in DocType 'CRM Territory'""]",,,,,,,traducción propuesta,revisado inicial CRM,sí,sí,no,,,,,
crm:3ddb2be6029c6113,crm,crm,src,src,,Src,Password,Password,,,Contraseña,,Contraseña,,,,,frontend/src/components/Settings/Profile/ProfileSettings.vue:114,frontend/src/components/Settings/Profile/ProfileSettings.vue:114 || frontend/src/components/Settings/emailConfig.js:71,frontend/src/components/Settings/Profile/ProfileSettings.vue:114 || frontend/src/components/Settings/emailConfig.js:71,client-js,,[],,,,,,,existente correcta,revisado inicial CRM,sí,sí,no,,Crossapp aprobado: reuso exacto.,Password,Contraseña,
crm:70b1eb2a81f98317,crm,crm,api,api,,Api,Password Updated Successfully,Password Updated Successfully,,,,,Contraseña actualizada correctamente,,,,,crm/api/user.py:46,crm/api/user.py:46,crm/api/user.py:46,python,,[],,,,,,,traducción propuesta,revisado inicial CRM,sí,sí,no,,Mensaje de éxito.,,,
crm:a21e8ed2857d13e1,crm,crm,api,api,,Api,Password cannot be reset by Demo User {},Password cannot be reset by Demo User {},,,,,El usuario de demostración {} no puede restablecer la contraseña,,,,,crm/api/live_demo.py:24,crm/api/live_demo.py:24 || crm/api/live_demo.py:32,crm/api/live_demo.py:24 || crm/api/live_demo.py:32,python,,[],{},,{},ok,,,traducción propuesta,revisado inicial CRM,sí,sí,no,,Placeholder {} preservado.,,,
crm:8ffa3b60d634d2ab,crm,crm,src,src,,Src,Password is required,Password is required,,,,,La contraseña es obligatoria,,,,,frontend/src/components/Settings/emailConfig.js:188,frontend/src/components/Settings/emailConfig.js:188,frontend/src/components/Settings/emailConfig.js:188,client-js,,[],,,,,,,traducción propuesta,revisado inicial CRM,sí,sí,no,,crossapp Password is required->La contraseña es obligatoria,,,
crm:4d5bc871cb3dcda9,crm,crm,api,api,,Api,Password is too weak. {0},Password is too weak. {0},,,,,La contraseña es demasiado débil. {0},,,,,crm/api/user.py:43,crm/api/user.py:43,crm/api/user.py:43,python,,[],{0},,{0},ok,,,traducción propuesta,revisado inicial CRM,sí,sí,no,,Placeholder {0} preservado.,,,
crm:d3eaf468ab7ff2a3,crm,crm,src,src,,Src,Password must be at least 8 characters,Password must be at least 8 characters,,,La contraseña debe tener al menos 8 caracteres,,La contraseña debe tener al menos 8 caracteres,,,,,frontend/src/components/Modals/ChangePasswordModal.vue:130,frontend/src/components/Modals/ChangePasswordModal.vue:130,frontend/src/components/Modals/ChangePasswordModal.vue:130,client-js,,[],,,,,,,existente correcta,revisado inicial CRM,sí,sí,no,,Cross-app aprobado.,,,
crm:78ee8244d0004e00,crm,crm,src,src,,Src,"Password must contain lowercase, uppercase, number, and symbol","Password must contain lowercase, uppercase, number, and symbol",,,"La contraseña debe contener minúsculas, mayúsculas, números y símbolos",,"La contraseña debe contener minúsculas, mayúsculas, números y símbolos",,,,,frontend/src/components/Modals/ChangePasswordModal.vue:133,frontend/src/components/Modals/ChangePasswordModal.vue:133,frontend/src/components/Modals/ChangePasswordModal.vue:133,client-js,,[],,,,,,,existente correcta,revisado inicial CRM,sí,sí,no,,Cross-app aprobado.,,,
crm:648889302f7cf9dc,crm,crm,src,src,,Src,Password updated successfully,Password updated successfully,,,,,Contraseña actualizada correctamente,,,,,frontend/src/components/Modals/ChangePasswordModal.vue:98,frontend/src/components/Modals/ChangePasswordModal.vue:98,frontend/src/components/Modals/ChangePasswordModal.vue:98,client-js,,[],,,,,,,traducción propuesta,revisado inicial CRM,sí,sí,no,,,,,
crm:89edd2feaa8fe3b5,crm,crm,src,src,,Src,Passwords do not match,Passwords do not match,,,Las contraseñas no coinciden,,Las contraseñas no coinciden,,,,,frontend/src/components/Modals/ChangePasswordModal.vue:143,frontend/src/components/Modals/ChangePasswordModal.vue:143,frontend/src/components/Modals/ChangePasswordModal.vue:143,client-js,,[],,,,,,,existente correcta,revisado inicial CRM,sí,sí,no,,Cross-app aprobado.,,,
crm:4ed34e8e12a5e999,crm,crm,src,src,,Src,Passwords match,Passwords match,,,Las contraseñas coinciden,,Las contraseñas coinciden,,,,,frontend/src/components/Modals/ChangePasswordModal.vue:149,frontend/src/components/Modals/ChangePasswordModal.vue:149 || frontend/src/components/Modals/ChangePasswordModal.vue:47,frontend/src/components/Modals/ChangePasswordModal.vue:47 || frontend/src/components/Modals/ChangePasswordModal.vue:149,client-js,,[],,,,,,,existente correcta,revisado inicial CRM,sí,sí,no,,Cross-app aprobado.,,,
crm:e13542820f27af54,crm,crm,src,src,,Src,Payment Reminder,Payment Reminder,,,,,Recordatorio de pago,,,,,frontend/src/components/Modals/EmailTemplateSelectorModal.vue:10,frontend/src/components/Modals/EmailTemplateSelectorModal.vue:10 || frontend/src/components/Settings/EmailTemplate/EditEmailTemplate.vue:37 || frontend/src/components/Settings/EmailTemplate/NewEmailTemplate.vue:38,frontend/src/components/Modals/EmailTemplateSelectorModal.vue:10 || frontend/src/components/Settings/EmailTemplate/EditEmailTemplate.vue:38 || frontend/src/components/Settings/EmailTemplate/NewEmailTemplate.vue:38,client-js,,[],,,,,,,traducción propuesta,revisado inicial CRM,sí,sí,no,,Nombre de plantilla de ejemplo.,,,
crm:9ce28036c833247b,crm,crm,src,src,,Src,Payment Reminder from Frappé - (#{{ name }}),Payment Reminder from Frappé - (#{{ name }}),,,,,Recordatorio de pago de Frappé - (#{{ name }}),,,,,frontend/src/components/Settings/EmailTemplate/NewEmailTemplate.vue:69,frontend/src/components/Settings/EmailTemplate/NewEmailTemplate.vue:69,frontend/src/components/Settings/EmailTemplate/NewEmailTemplate.vue:69,client-js,,[],{{ name }},,{{ name }},ok,,,traducción propuesta,revisado inicial CRM,sí,sí,no,,Placeholder {{ name }} preservado; texto de ejemplo de plantilla.,,,
crm:324197711705db53,crm,crm,src,src,,Src,Payment reminder from Frappé - (#{{ name }}),Payment reminder from Frappé - (#{{ name }}),,,,,Recordatorio de pago de Frappé - (#{{ name }}),,,,,frontend/src/components/Settings/EmailTemplate/EditEmailTemplate.vue:68,frontend/src/components/Settings/EmailTemplate/EditEmailTemplate.vue:68,frontend/src/components/Settings/EmailTemplate/EditEmailTemplate.vue:69,client-js,,[],{{ name }},,{{ name }},ok,,,traducción propuesta,revisado inicial CRM,sí,sí,no,,Placeholder {{ name }} preservado.,,,
crm:99e3c757ee2f6b63,crm,crm,fcrm,fcrm,,Fcrm,Pending,Pending,,,Pendiente,,Pendiente,,Option for the 'Status' (Select) field in DocType 'CRM Invitation',opción de campo select,,crm/fcrm/doctype/crm_invitation/crm_invitation.json,crm/fcrm/doctype/crm_invitation/crm_invitation.json,crm/fcrm/doctype/crm_invitation/crm_invitation.json,doctype-json,Crm Invitation,"[""Option for the 'Status' (Select) field in DocType 'CRM Invitation'""]",,,,,,,existente correcta,revisado inicial CRM,sí,sí,no,,Cross-app: Pending=Pendiente.,,,
crm:c6083c370d0497cf,crm,crm,src,src,,Src,Pending Invites,Pending Invites,,,,,Invitaciones pendientes,,,,,frontend/src/components/Settings/InviteUserPage.vue:61,frontend/src/components/Settings/InviteUserPage.vue:61,frontend/src/components/Settings/InviteUserPage.vue:61,client-js,,[],,,,,,,traducción propuesta,revisado inicial CRM,sí,sí,no,,Crossapp aprobado: reuso exacto.,Pending Invites,Invitaciones pendientes,
crm:aeab676527f37ddf,crm,crm,src,src,,Src,Period,Period,,,Período,,Periodo,,,,,frontend/src/pages/Dashboard.vue:66,frontend/src/pages/Dashboard.vue:66,frontend/src/pages/Dashboard.vue:66,client-js,,[],,,,,,,existente mejorable,revisado inicial CRM,sí,sí,no,,LOCKED: se corrige 'Período'→'Periodo' según decisión.,crm:aeab676527f37ddf,Periodo,
crm:15d79e74847a45a0,crm,crm,fcrm,fcrm,,Fcrm,Person,Person,,,,,Persona,,Label of the person_section (Section Break) field in DocType 'CRM Deal',etiqueta de campo/elemento,,crm/fcrm/doctype/crm_deal/crm_deal.json,crm/fcrm/doctype/crm_deal/crm_deal.json || crm/fcrm/doctype/crm_lead/crm_lead.json,crm/fcrm/doctype/crm_deal/crm_deal.json || crm/fcrm/doctype/crm_lead/crm_lead.json,doctype-json,Crm Deal,"[""Label of the person_section (Section Break) field in DocType 'CRM Deal'"", ""Label of the person_tab (Tab Break) field in DocType 'CRM Lead'""]",,,,,,,traducción propuesta,revisado inicial CRM,sí,sí,no,,Etiqueta de sección/pestaña.,,,
crm:ca31500bbf747360,crm,crm,fcrm,fcrm,,Fcrm,Persona Captured,Persona Captured,,,,,Perfil capturado,,Label of the persona_captured (Check) field in DocType 'FCRM Settings',etiqueta de campo/elemento,,crm/fcrm/doctype/fcrm_settings/fcrm_settings.json,crm/fcrm/doctype/fcrm_settings/fcrm_settings.json,crm/fcrm/doctype/fcrm_settings/fcrm_settings.json,doctype-json,Fcrm Settings,"[""Label of the persona_captured (Check) field in DocType 'FCRM Settings'""]",,,,,,,traducción propuesta,revisado inicial CRM,sí,sí,no,,crossapp Persona Captured->Perfil capturado,,,
crm:69f9c1115fa473f8,crm,crm,src,src,,CRM,Personal Mobile Number,Personal Mobile Number,,,,,Número de móvil personal,,,,,frontend/src/components/Settings/Telephony/TelephonySettings.vue:120,frontend/src/components/Settings/Telephony/TelephonySettings.vue:120,,client-js,,[],,,,,,,traducción propuesta,aprobado (lote crm 1.81.2),sí,,,,lote crm 1.81.2: nueva,,,"POT-only: en el universo fresco, sin traducir"
crm:4e4c7282c0413081,crm,crm,fcrm,fcrm;src,sí,Fcrm,Phone,Phone,,,Teléfono,,Teléfono,,Label of the phone (Data) field in DocType 'CRM Contacts',etiqueta de campo/elemento,,crm/fcrm/doctype/crm_contacts/crm_contacts.json,crm/fcrm/doctype/crm_contacts/crm_contacts.json || crm/fcrm/doctype/crm_lead/crm_lead.json || crm/fcrm/doctype/crm_telephony_agent/crm_telephony_agent.json || frontend/src/pages/MobileOrganization.vue:507 || frontend/src/pages/Organization.vue:537,crm/fcrm/doctype/crm_contacts/crm_contacts.json || crm/fcrm/doctype/crm_lead/crm_lead.json || crm/fcrm/doctype/crm_telephony_agent/crm_telephony_agent.json || frontend/src/pages/MobileOrganization.vue:506 || frontend/src/pages/Organization.vue:536,doctype-json,Crm Contacts,"[""Label of the phone (Data) field in DocType 'CRM Contacts'"", ""Label of the phone (Data) field in DocType 'CRM Lead'"", ""Option for the 'Device' (Select) field in DocType 'CRM Telephony Agent'""]",,,,,,,existente correcta,revisado inicial CRM,sí,sí,no,,Cross-app aprobado exacto.,Phone,Teléfono,
crm:a89760693adf3a7f,crm,crm,fcrm,fcrm,,Fcrm,Phone Numbers,Phone Numbers,,,Números telefónicos,,Números de teléfono,,Label of the phone_nos (Table) field in DocType 'CRM Telephony Agent',etiqueta de campo/elemento,,crm/fcrm/doctype/crm_telephony_agent/crm_telephony_agent.json,crm/fcrm/doctype/crm_telephony_agent/crm_telephony_agent.json,crm/fcrm/doctype/crm_telephony_agent/crm_telephony_agent.json,doctype-json,Crm Telephony Agent,"[""Label of the phone_nos (Table) field in DocType 'CRM Telephony Agent'""]",,,,,,,existente mejorable,revisado inicial CRM,sí,sí,no,,cross-app aprobado: Phone Numbers->'Números de teléfono' (corrige 'Números telefónicos'),,,
crm:31d987b73b13852e,crm,crm,src,src,,Src,Phone calls,Phone calls,,,,,Llamadas telefónicas,,,,,frontend/src/pages/PersonaForm.vue:78,frontend/src/pages/PersonaForm.vue:78,frontend/src/pages/PersonaForm.vue:78,client-js,,[],,,,,,,traducción propuesta,revisado inicial CRM,sí,sí,no,,Cross-app aprobado (Phone calls).,,,
crm:7799dcdbcc1dc454,crm,crm,src,src,,Src,Pin View,Pin View,,,,,Fijar vista,,,,,frontend/src/components/ViewControls.vue:1120,frontend/src/components/ViewControls.vue:1120,frontend/src/components/ViewControls.vue:1097,client-js,,[],,,,,,,traducción propuesta,revisado inicial CRM,sí,sí,no,,Cross-app aprobado (Pin View).,,,
crm:50ae53c9b2ad8d0e,crm,crm,fcrm,fcrm,,Fcrm,Pinned,Pinned,,,,,Fijado,,Label of the pinned (Check) field in DocType 'CRM View Settings',etiqueta de campo/elemento,,crm/fcrm/doctype/crm_view_settings/crm_view_settings.json,crm/fcrm/doctype/crm_view_settings/crm_view_settings.json,crm/fcrm/doctype/crm_view_settings/crm_view_settings.json,doctype-json,Crm View Settings,"[""Label of the pinned (Check) field in DocType 'CRM View Settings'""]",,,,,,,traducción propuesta,revisado inicial CRM,sí,sí,no,,crossapp Pinned->Fijado,,,
crm:1937537759175f01,crm,crm,src,src,,Src,Pinned View,Pinned View,,,,,Vista fijada,,,,,frontend/src/components/Layouts/AppSidebar.vue:685,frontend/src/components/Layouts/AppSidebar.vue:685,frontend/src/components/Layouts/AppSidebar.vue:601,client-js,,[],,,,,,,traducción propuesta,revisado inicial CRM,sí,sí,no,,Coherente con 'Fijado' del glosario.,,,
crm:0d3c7d066db23c09,crm,crm,src,src,,Src,Pinned Views,Pinned Views,,,,,Vistas fijadas,,,,,frontend/src/components/ViewControls.vue:697,frontend/src/components/ViewControls.vue:697,frontend/src/components/ViewControls.vue:686,client-js,,[],,,,,,,traducción propuesta,revisado inicial CRM,sí,sí,no,,,,,
crm:ddf74e1d8739351c,crm,crm,src,src,,Src,Pipedrive,Pipedrive,,,,,Pipedrive,,,,,frontend/src/pages/PersonaForm.vue:63,frontend/src/pages/PersonaForm.vue:63,frontend/src/pages/PersonaForm.vue:63,client-js,,[],,,,,,,igual al inglés válida,revisado inicial CRM,sí,sí,no,,Nombre de producto; no se traduce.,,,
crm:25e41a3b2f85df8b,crm,crm,src,src,,Src,Playback Speed,Playback Speed,,,,,Velocidad de reproducción,,,,,frontend/src/components/Activities/AudioPlayer.vue:176,frontend/src/components/Activities/AudioPlayer.vue:176,frontend/src/components/Activities/AudioPlayer.vue:176,client-js,,[],,,,,,,traducción propuesta,revisado inicial CRM,sí,sí,no,,,,,
crm:3b763b2051875301,crm,crm,lead_syncing,lead_syncing,,Lead_Syncing,Please check your access token,Please check your access token,,,,,Verifique su token de acceso,,,,,crm/lead_syncing/doctype/lead_sync_source/facebook.py:169,crm/lead_syncing/doctype/lead_sync_source/facebook.py:169,crm/lead_syncing/doctype/lead_sync_source/facebook.py:169,doctype-controller,Lead Sync Source,[],,,,,,,traducción propuesta,revisado inicial CRM,sí,sí,no,,Please check your access token.,,,
crm:0811696e033bf03a,crm,crm,integrations,integrations,,Integrations,Please enable twilio settings before making a call.,Please enable twilio settings before making a call.,,,,,Habilite la configuración de Twilio antes de hacer una llamada.,,,,,crm/integrations/twilio/twilio_handler.py:119,crm/integrations/twilio/twilio_handler.py:119,crm/integrations/twilio/twilio_handler.py:119,python,,[],,,,,,,traducción propuesta,revisado inicial CRM,sí,sí,no,,Twilio=nombre propio.,,,
crm:0253641df6e17181,crm,crm,src,src,,Src,Please enter a valid URL,Please enter a valid URL,,,Introduce una URL válida,,Ingrese una URL válida,,,,,frontend/src/components/FilesUploader/FilesUploader.vue:155,frontend/src/components/FilesUploader/FilesUploader.vue:155,frontend/src/components/FilesUploader/FilesUploader.vue:155,client-js,,[],,,,,,,existente mejorable,revisado inicial CRM,sí,sí,no,,URL preservada; 'Ingrese' más neutro/MX que 'Introduce' peninsular.,,,
crm:8ef13c9c0503f2b1,crm,crm,src,src,,CRM,Please enter a valid email address,Please enter a valid email address,,,,,Ingrese una dirección de correo electrónico válida,,,,,frontend/src/composables/useContactFields.ts:104,frontend/src/composables/useContactFields.ts:104,,client-js,,[],,,,,,,traducción propuesta,aprobado (lote crm 1.81.2),sí,,,,lote crm 1.81.2: nueva | alineado a traducción existente (conflicto Gettext),,,"POT-only: en el universo fresco, sin traducir"
crm:b90af0680c5844c3,crm,crm,src,src,,CRM,Please enter a valid phone number,Please enter a valid phone number,,,,,Ingrese un número de teléfono válido,,,,,frontend/src/composables/useContactFields.ts:107,frontend/src/composables/useContactFields.ts:107,,client-js,,[],,,,,,,traducción propuesta,aprobado (lote crm 1.81.2),sí,,,,lote crm 1.81.2: nueva,,,"POT-only: en el universo fresco, sin traducir"
crm:f7b48843c690d78d,crm,crm,src,src,,CRM,Please enter the {0} access key.,Please enter the {0} access key.,,,,,Ingrese la clave de acceso de {0}.,,,,,frontend/src/components/Settings/DashboardSettings.vue:217,frontend/src/components/Settings/DashboardSettings.vue:217,,client-js,,[],{0},,{0},ok,,,traducción propuesta,aprobado (lote crm 1.81.2),sí,,,,lote crm 1.81.2: reusar de Please enter the {0} Access Key.,,,"POT-only: en el universo fresco, sin traducir"
crm:f3dedc8b8fb2efc8,crm,crm,src,src,,Src,Please fix the errors in the form,Please fix the errors in the form,,,,,Corrija los errores del formulario,,,,,frontend/src/components/Settings/Sla/WorkDayModal.vue:239,frontend/src/components/Settings/Sla/WorkDayModal.vue:239,frontend/src/components/Settings/Sla/WorkDayModal.vue:239,client-js,,[],,,,,,,traducción propuesta,revisado inicial CRM,sí,sí,no,,Crossapp aprobado: reuso exacto.,Please fix the errors in the form,Corrija los errores del formulario,
crm:734a451bcc17963f,crm,crm,src,src,,Src,Please provide a reason for marking this {0} as lost,Please provide a reason for marking this {0} as lost,,,,,Indique un motivo para marcar este {0} como perdido,,,,,frontend/src/components/Modals/LostReasonModal.vue:7,frontend/src/components/Modals/LostReasonModal.vue:7,,client-js,,[],{0},,{0},ok,,,traducción propuesta,revisado inicial CRM,sí,sí,no,,"Placeholder {0} preservado; lost→perdido (masculino, préstamo Deal/Lead).",,,"POT-only: en el universo fresco, sin traducir"
crm:91402d20f5fc363e,crm,crm,src,src,,Src,Please select a currency before saving.,Please select a currency before saving.,,,,,Seleccione una moneda antes de guardar.,,,,,frontend/src/components/Settings/DashboardSettings.vue:213,frontend/src/components/Settings/DashboardSettings.vue:213,frontend/src/components/Settings/DashboardSettings.vue:213,client-js,,[],,,,,,,traducción propuesta,revisado inicial CRM,sí,sí,no,,,,,
crm:bf161a56d101aef2,crm,crm,lead_syncing,lead_syncing,,Lead_Syncing,Please select a lead gen form before syncing!,Please select a lead gen form before syncing!,,,,,¡Seleccione un formulario de captación de leads antes de sincronizar!,,,,,crm/lead_syncing/doctype/lead_sync_source/lead_sync_source.py:67,crm/lead_syncing/doctype/lead_sync_source/lead_sync_source.py:67,crm/lead_syncing/doctype/lead_sync_source/lead_sync_source.py:67,doctype-controller,Lead Sync Source,[],,,,,,,traducción propuesta,revisado inicial CRM,sí,no,no,,lead gen form -> formulario de captación de leads (protegido).,,,
crm:825219043b51fbdd,crm,crm,src,src,,CRM,Please select a priority,Please select a priority,,,,,Seleccione una prioridad,,,,,frontend/src/components/Settings/Sla/EditResponseResolutionModal.vue:88,frontend/src/components/Settings/Sla/EditResponseResolutionModal.vue:88,,client-js,,[],,,,,,,traducción propuesta,aprobado (lote crm 1.81.2),sí,,,,lote crm 1.81.2: reusar de Please select a Priority,,,"POT-only: en el universo fresco, sin traducir"
crm:6556f46a02d03b25,crm,crm,src,src,,Src,Please select an existing contact,Please select an existing contact,,,,,Seleccione un contacto existente,,,,,frontend/src/components/Modals/ConvertToDealModal.vue:135,frontend/src/components/Modals/ConvertToDealModal.vue:135,frontend/src/components/Modals/ConvertToDealModal.vue:133,client-js,,[],,,,,,,traducción propuesta,revisado inicial CRM,sí,sí,no,,,,,
crm:b8795fa3a658ebf1,crm,crm,src,src,,Src,Please select an existing organization,Please select an existing organization,,,,,Seleccione una organización existente,,,,,frontend/src/components/Modals/ConvertToDealModal.vue:140,frontend/src/components/Modals/ConvertToDealModal.vue:140,frontend/src/components/Modals/ConvertToDealModal.vue:138,client-js,,[],,,,,,,traducción propuesta,revisado inicial CRM,sí,sí,no,,,,,
crm:ded2d9cef8875a57,crm,crm,fcrm,fcrm,,Fcrm,Please select weekly off day,Please select weekly off day,,,Por favor seleccione el día libre de la semana,,Por favor seleccione el día libre de la semana,,,,,crm/fcrm/doctype/crm_holiday_list/crm_holiday_list.py:56,crm/fcrm/doctype/crm_holiday_list/crm_holiday_list.py:56,crm/fcrm/doctype/crm_holiday_list/crm_holiday_list.py:55,doctype-controller,Crm Holiday List,[],,,,,,,existente correcta,revisado inicial CRM,sí,sí,no,,crossapp exacto,,,
crm:2d646e8978cfed81,crm,crm,src,src,,Src,Please set a mobile number to make calls,Please set a mobile number to make calls,,,,,Establezca un número de móvil para hacer llamadas,,,,,frontend/src/pages/Lead.vue:134,frontend/src/pages/Lead.vue:134,frontend/src/pages/Lead.vue:134,client-js,,[],,,,,,,traducción propuesta,revisado inicial CRM,sí,sí,no,,,,,
crm:1db3cc9e3576e0e4,crm,crm,src,src,,Src,Please set a website to visit,Please set a website to visit,,,,,Establezca un sitio web para visitar,,,,,frontend/src/pages/Deal.vue:109,frontend/src/pages/Deal.vue:109 || frontend/src/pages/Lead.vue:156,frontend/src/pages/Deal.vue:109 || frontend/src/pages/Lead.vue:156,client-js,,[],,,,,,,traducción propuesta,revisado inicial CRM,sí,sí,no,,,,,
crm:9ef8b797bc8c7536,crm,crm,src,src,,Src,Please set an email address to send emails,Please set an email address to send emails,,,,,Establezca una dirección de correo para enviar correos,,,,,frontend/src/pages/Deal.vue:98,frontend/src/pages/Deal.vue:98 || frontend/src/pages/Lead.vue:146,frontend/src/pages/Deal.vue:98 || frontend/src/pages/Lead.vue:146,client-js,,[],,,,,,,traducción propuesta,revisado inicial CRM,sí,sí,no,,,,,
crm:1e902c4c75ffc265,crm,crm,integrations,integrations,,Integrations,Please setup Exotel intergration,Please setup Exotel intergration,,,,,Configure la integración de Exotel,,,,,crm/integrations/exotel/handler.py:72,crm/integrations/exotel/handler.py:72,crm/integrations/exotel/handler.py:72,python,,[],,,,,,,traducción propuesta,revisado inicial CRM,sí,sí,no,,Corrijo typo del inglés 'intergration'. Exotel=nombre propio.,,,
crm:2eebd65711b97a7b,crm,crm,fcrm,fcrm,,Fcrm,Please specify a reason for losing the deal.,Please specify a reason for losing the deal.,,,,,Especifique un motivo para dar por perdido el Deal.,,,,,crm/fcrm/doctype/crm_deal/crm_deal.py:261,crm/fcrm/doctype/crm_deal/crm_deal.py:261,crm/fcrm/doctype/crm_deal/crm_deal.py:261,doctype-controller,Crm Deal,[],,,,,,,traducción propuesta,revisado inicial CRM,sí,no,sí,,Deal protegido; Lost->perdido.,Deal,Deal,
crm:8179b1325be893c8,crm,crm,fcrm,fcrm,,Fcrm,Please specify a reason for losing the lead.,Please specify a reason for losing the lead.,,,,,Especifique un motivo para dar por perdido el Lead.,,,,,crm/fcrm/doctype/crm_lead/crm_lead.py:152,crm/fcrm/doctype/crm_lead/crm_lead.py:152,crm/fcrm/doctype/crm_lead/crm_lead.py:150,doctype-controller,Crm Lead,[],,,,,,,traducción propuesta,revisado inicial CRM,sí,no,no,,Lead protegido en inglés; 'losing the lead'->'dar por perdido el Lead'.,,,
crm:fcee9b751a24d4c5,crm,crm,fcrm,fcrm,,Fcrm,Please specify the reason for losing the deal.,Please specify the reason for losing the deal.,,,,,Especifique el motivo para dar por perdido el Deal.,,,,,crm/fcrm/doctype/crm_deal/crm_deal.py:263,crm/fcrm/doctype/crm_deal/crm_deal.py:263,crm/fcrm/doctype/crm_deal/crm_deal.py:263,doctype-controller,Crm Deal,[],,,,,,,traducción propuesta,revisado inicial CRM,sí,no,sí,,Deal protegido; variante con artículo definido.,Deal,Deal,
crm:3e497dc962534bd9,crm,crm,fcrm,fcrm,,Fcrm,Please specify the reason for losing the lead.,Please specify the reason for losing the lead.,,,,,Especifique el motivo para dar por perdido el Lead.,,,,,crm/fcrm/doctype/crm_lead/crm_lead.py:154,crm/fcrm/doctype/crm_lead/crm_lead.py:154,crm/fcrm/doctype/crm_lead/crm_lead.py:152,doctype-controller,Crm Lead,[],,,,,,,traducción propuesta,revisado inicial CRM,sí,no,no,,Variante con artículo definido; Lead protegido.,,,
crm:ed8ce1d92d49aa9d,crm,crm,src,src,,Src,Policy Name,Policy Name,,,Nombre de la política,,Nombre de la política,,,,,frontend/src/components/Settings/Sla/SlaPolicyList.vue:62,frontend/src/components/Settings/Sla/SlaPolicyList.vue:62,frontend/src/components/Settings/Sla/SlaPolicyList.vue:62,client-js,,[],,,,,,,existente correcta,revisado inicial CRM,sí,sí,no,,Actual correcta.,,,
crm:78cb453bc2b308d3,crm,crm,fcrm,fcrm,,Fcrm,Position,Position,,,Posición,,Posición,,Label of the position (Int) field in DocType 'CRM Deal Status',etiqueta de campo/elemento,,crm/fcrm/doctype/crm_deal_status/crm_deal_status.json,crm/fcrm/doctype/crm_deal_status/crm_deal_status.json || crm/fcrm/doctype/crm_lead_status/crm_lead_status.json,crm/fcrm/doctype/crm_deal_status/crm_deal_status.json || crm/fcrm/doctype/crm_lead_status/crm_lead_status.json,doctype-json,Crm Deal Status,"[""Label of the position (Int) field in DocType 'CRM Deal Status'"", ""Label of the position (Int) field in DocType 'CRM Lead Status'""]",,,,,,,existente correcta,revisado inicial CRM,sí,sí,no,,Cross-app aprobado exacto.,Position,Posición,
crm:35e5b7ce7e87ec2c,crm,crm,src,src,,Src,Preferences,Preferences,,,,,Preferencias,,,,,frontend/src/components/Settings/PreferencesSettings.vue:4,frontend/src/components/Settings/PreferencesSettings.vue:4 || frontend/src/components/Settings/Settings.vue:112,frontend/src/components/Settings/PreferencesSettings.vue:4 || frontend/src/components/Settings/Settings.vue:112,client-js,,[],,,,,,,traducción propuesta,revisado inicial CRM,sí,sí,no,,Crossapp aprobado: reuso exacto.,Preferences,Preferencias,
crm:74ca4c7f861cc86b,crm,crm,src,src,,CRM,Preferences updated successfully,Preferences updated successfully,,,,,Preferencias actualizadas correctamente,,,,,frontend/src/components/Settings/PreferencesSettings.vue:115,frontend/src/components/Settings/PreferencesSettings.vue:115,,client-js,,[],,,,,,,traducción propuesta,aprobado (lote crm 1.81.2),sí,,,,lote crm 1.81.2: reusar de Preferences Updated Successfully,,,"POT-only: en el universo fresco, sin traducir"
crm:70aa2a3f6b58b2d4,crm,crm,src,src,,Src,Primary,Primary,,,Primario,,Principal,,,,,frontend/src/components/PrimaryDropdownItem.vue:16,frontend/src/components/PrimaryDropdownItem.vue:16 || frontend/src/pages/Deal.vue:215 || frontend/src/pages/MobileDeal.vue:153,frontend/src/pages/Deal.vue:215 || frontend/src/pages/MobileDeal.vue:153,client-js,,[],,,,,,,existente mejorable,revisado inicial CRM,sí,sí,no,,LOCKED: corrige 'Primario'->'Principal' (glosario).,Primary,Principal,
crm:be9cca49baf65cb8,crm,crm,src,src,,Src,Primary Contact Set,Primary Contact Set,,,,,Contacto principal establecido,,,,,frontend/src/pages/Deal.vue:705,frontend/src/pages/Deal.vue:705 || frontend/src/pages/MobileDeal.vue:577,frontend/src/pages/Deal.vue:704 || frontend/src/pages/MobileDeal.vue:573,client-js,,[],,,,,,,traducción propuesta,revisado inicial CRM,sí,sí,no,,,Primary,Principal,
crm:d42f3a8936ec6ca5,crm,crm,fcrm,fcrm,,Fcrm,Primary email,Primary email,,,,,Correo principal,,Label of the email (Data) field in DocType 'CRM Deal',etiqueta de campo/elemento,,crm/fcrm/doctype/crm_deal/crm_deal.json,crm/fcrm/doctype/crm_deal/crm_deal.json,crm/fcrm/doctype/crm_deal/crm_deal.json,doctype-json,Crm Deal,"[""Label of the email (Data) field in DocType 'CRM Deal'""]",,,,,,,traducción propuesta,revisado inicial CRM,sí,sí,no,,Email=Correo (MX); Primary=Principal.,Primary,Principal,
crm:556d629c5f8683a1,crm,crm,src,src,,CRM,Primary email address updated,Primary email address updated,,,,,Dirección de correo principal actualizada,,,,,frontend/src/composables/useContactFields.ts:52,frontend/src/composables/useContactFields.ts:52,,client-js,,[],,,,,,,traducción propuesta,aprobado (lote crm 1.81.2),sí,,,,lote crm 1.81.2: nueva,,,"POT-only: en el universo fresco, sin traducir"
crm:5ed46238a5102c1e,crm,crm,fcrm,fcrm,,Fcrm,Primary mobile no,Primary mobile no,,,,,Número de móvil principal,,Label of the mobile_no (Data) field in DocType 'CRM Deal',etiqueta de campo/elemento,,crm/fcrm/doctype/crm_deal/crm_deal.json,crm/fcrm/doctype/crm_deal/crm_deal.json,crm/fcrm/doctype/crm_deal/crm_deal.json,doctype-json,Crm Deal,"[""Label of the mobile_no (Data) field in DocType 'CRM Deal'""]",,,,,,,traducción propuesta,revisado inicial CRM,sí,sí,no,,,Primary,Principal,
crm:a12f10bde606bffa,crm,crm,src,src,,CRM,Primary mobile number updated,Primary mobile number updated,,,,,Número de móvil principal actualizado,,,,,frontend/src/composables/useContactFields.ts:53,frontend/src/composables/useContactFields.ts:53,,client-js,,[],,,,,,,traducción propuesta,aprobado (lote crm 1.81.2),sí,,,,lote crm 1.81.2: nueva,,,"POT-only: en el universo fresco, sin traducir"
crm:0de2ae139c2a8ffe,crm,crm,fcrm,fcrm,,Fcrm,Primary phone,Primary phone,,,,,Teléfono principal,,Label of the phone (Data) field in DocType 'CRM Deal',etiqueta de campo/elemento,,crm/fcrm/doctype/crm_deal/crm_deal.json,crm/fcrm/doctype/crm_deal/crm_deal.json,crm/fcrm/doctype/crm_deal/crm_deal.json,doctype-json,Crm Deal,"[""Label of the phone (Data) field in DocType 'CRM Deal'""]",,,,,,,traducción propuesta,revisado inicial CRM,sí,sí,no,,,Primary,Principal,
crm:c3fc78198522c014,crm,crm,fcrm,fcrm,,Fcrm,Priorities,Priorities,,,Prioridades,,Prioridades,,Label of the priorities (Table) field in DocType 'CRM Service Level Agreement',etiqueta de campo/elemento,,crm/fcrm/doctype/crm_service_level_agreement/crm_service_level_agreement.json,crm/fcrm/doctype/crm_service_level_agreement/crm_service_level_agreement.json,crm/fcrm/doctype/crm_service_level_agreement/crm_service_level_agreement.json,doctype-json,Crm Service Level Agreement,"[""Label of the priorities (Table) field in DocType 'CRM Service Level Agreement'""]",,,,,,,existente correcta,revisado inicial CRM,sí,sí,no,,crossapp Priorities->Prioridades,,,
crm:f48b6f8abccfe38a,crm,crm,src,src,,Src,Priorities must be unique,Priorities must be unique,,,,,Las prioridades deben ser únicas,,,,,frontend/src/components/Settings/Sla/utils.js:145,frontend/src/components/Settings/Sla/utils.js:145,frontend/src/components/Settings/Sla/utils.js:145,client-js,,[],,,,,,,traducción propuesta,revisado inicial CRM,sí,sí,no,,Sin traducción upstream.,,,
crm:a9b9c9dc53593fdc,crm,crm,src,fcrm;src,sí,Src,Priority,Priority,,,Prioridad,,Prioridad,,Label of the priority (Link) field in DocType 'CRM Service Level Priority',etiqueta de campo/elemento,,crm/fcrm/doctype/crm_service_level_priority/crm_service_level_priority.json,crm/fcrm/doctype/crm_service_level_priority/crm_service_level_priority.json || crm/fcrm/doctype/crm_task/crm_task.json || frontend/src/components/Settings/AssignmentRules/AssignmentRuleView.vue:64 || frontend/src/components/Settings/AssignmentRules/AssignmentRulesList.vue:17 || frontend/src/components/Settings/Sla/EditResponseResolutionModal.vue:11 || frontend/src/components/Settings/Sla/SlaPriorityList.vue:171,crm/fcrm/doctype/crm_service_level_priority/crm_service_level_priority.json || crm/fcrm/doctype/crm_task/crm_task.json || frontend/src/components/Settings/AssignmentRules/AssignmentRuleView.vue:64 || frontend/src/components/Settings/AssignmentRules/AssignmentRulesList.vue:17 || frontend/src/components/Settings/Sla/EditResponseResolutionModal.vue:11 || frontend/src/components/Settings/Sla/SlaPriorityList.vue:171,doctype-json,Crm Service Level Priority,"[""Label of the priority (Link) field in DocType 'CRM Service Level Priority'"", ""Label of the priority (Select) field in DocType 'CRM Task'""]",,,,,,,existente correcta,revisado inicial CRM,sí,sí,no,,crossapp Priority->Prioridad,,,
crm:f378734db2a375ab,crm,crm,src,src,,CRM,Priority {0}: priority name is required,Priority {0}: priority name is required,,,,,Prioridad {0}: el nombre de la prioridad es obligatorio,,,,,frontend/src/components/Settings/Sla/utils.js:125,frontend/src/components/Settings/Sla/utils.js:125,,client-js,,[],{0},,{0},ok,,,traducción propuesta,aprobado (lote crm 1.81.2),sí,,,,lote crm 1.81.2: reusar de Priority {0}: Priority Name is required,,,"POT-only: en el universo fresco, sin traducir"
crm:7f44ad65bdf1dcb0,crm,crm,src,src,,CRM,Priority {0}: response time is required,Priority {0}: response time is required,,,,,Prioridad {0}: el tiempo de respuesta es obligatorio,,,,,frontend/src/components/Settings/Sla/utils.js:133,frontend/src/components/Settings/Sla/utils.js:133,,client-js,,[],{0},,{0},ok,,,traducción propuesta,aprobado (lote crm 1.81.2),sí,,,,lote crm 1.81.2: reusar de Priority {0}: Response Time is required,,,"POT-only: en el universo fresco, sin traducir"
crm:92367533eb36f92d,crm,crm,fcrm,fcrm;src,sí,Src,Private,Private,,,Privado,,Privado,,Label of the private (Check) field in DocType 'CRM Dashboard',etiqueta de campo/elemento,,crm/fcrm/doctype/crm_dashboard/crm_dashboard.json,crm/fcrm/doctype/crm_dashboard/crm_dashboard.json || frontend/src/components/FilesUploader/FilesUploaderArea.vue:93,crm/fcrm/doctype/crm_dashboard/crm_dashboard.json || frontend/src/components/Calendar/CalendarEventPanel.vue:479 || frontend/src/components/FilesUploader/FilesUploaderArea.vue:93 || frontend/src/components/Modals/EventModal.vue:143,doctype-json,Crm Dashboard,"[""Label of the private (Check) field in DocType 'CRM Dashboard'""]",,,,,,,existente correcta,revisado inicial CRM,sí,sí,no,,Cross-app aprobado (Private).,,,
crm:1fcf86c0ac6d763c,crm,crm,fcrm,fcrm,,Fcrm,Probability,Probability,,,Probabilidad,,Probabilidad,,Label of the probability (Percent) field in DocType 'CRM Deal Status',etiqueta de campo/elemento,,crm/fcrm/doctype/crm_deal/crm_deal.json,crm/fcrm/doctype/crm_deal/crm_deal.json || crm/fcrm/doctype/crm_deal_status/crm_deal_status.json,crm/fcrm/doctype/crm_deal/crm_deal.json || crm/fcrm/doctype/crm_deal_status/crm_deal_status.json,doctype-json,Crm Deal,"[""Label of the probability (Percent) field in DocType 'CRM Deal Status'"", ""Label of the probability (Percent) field in DocType 'CRM Deal'""]",,,,,,,existente correcta,revisado inicial CRM,sí,sí,no,,Cross-app aprobado exacto.,Probability,Probabilidad,
crm:99f6d848a95f112b,crm,crm,fcrm,fcrm,,Fcrm,Product,Product,,,Producto,,Producto,,Label of the product (Link) field in DocType 'CRM Product Sync Issue',etiqueta de campo/elemento,,crm/fcrm/doctype/crm_product_sync_issue/crm_product_sync_issue.json,crm/fcrm/doctype/crm_product_sync_issue/crm_product_sync_issue.json || crm/fcrm/doctype/crm_products/crm_products.json,crm/fcrm/doctype/crm_product_sync_issue/crm_product_sync_issue.json || crm/fcrm/doctype/crm_products/crm_products.json,doctype-json,Crm Product Sync Issue,"[""Label of the product (Link) field in DocType 'CRM Product Sync Issue'"", ""Label of the product_code (Link) field in DocType 'CRM Products'""]",,,,,,,existente correcta,revisado inicial CRM,sí,sí,no,,Cross-app: Product=Producto.,,,
crm:405ce6ca1f49e035,crm,crm,fcrm,fcrm,,Fcrm,Product Code,Product Code,,,,,Código del producto,,Label of the product_code (Data) field in DocType 'CRM Product',etiqueta de campo/elemento,,crm/fcrm/doctype/crm_product/crm_product.json,crm/fcrm/doctype/crm_product/crm_product.json,crm/fcrm/doctype/crm_product/crm_product.json,doctype-json,Crm Product,"[""Label of the product_code (Data) field in DocType 'CRM Product'""]",,,,,,,traducción propuesta,revisado inicial CRM,sí,sí,no,,Product Code.,,,
crm:6d26a90d1c22c51f,crm,crm,fcrm,fcrm,,Fcrm,Product Name,Product Name,,,,,Nombre del producto,,Label of the product_name (Data) field in DocType 'CRM Product',etiqueta de campo/elemento,,crm/fcrm/doctype/crm_product/crm_product.json,crm/fcrm/doctype/crm_product/crm_product.json || crm/fcrm/doctype/crm_products/crm_products.json,crm/fcrm/doctype/crm_product/crm_product.json || crm/fcrm/doctype/crm_products/crm_products.json,doctype-json,Crm Product,"[""Label of the product_name (Data) field in DocType 'CRM Product'"", ""Label of the product_name (Data) field in DocType 'CRM Products'""]",,,,,,,traducción propuesta,revisado inicial CRM,sí,sí,no,,Product Name.,,,
crm:5ef2371323e41ee5,crm,crm,fcrm,fcrm,,Fcrm,Product Sync Issues,Product Sync Issues,,,,,Problemas de sincronización de productos,,Label of the sync_issues (Table) field in DocType 'ERPNext CRM Settings',etiqueta de campo/elemento,,crm/fcrm/doctype/erpnext_crm_settings/erpnext_crm_settings.json,crm/fcrm/doctype/erpnext_crm_settings/erpnext_crm_settings.json,crm/fcrm/doctype/erpnext_crm_settings/erpnext_crm_settings.json,doctype-json,Erpnext Crm Settings,"[""Label of the sync_issues (Table) field in DocType 'ERPNext CRM Settings'""]",,,,,,,traducción propuesta,revisado inicial CRM,sí,sí,no,,,,,
crm:55bb37acc312220c,crm,crm,src,src,,CRM,Product sync started.,Product sync started.,,,,,Sincronización de productos iniciada.,,,,,frontend/src/components/Settings/ERPNextSettings.vue:497,frontend/src/components/Settings/ERPNextSettings.vue:497,,client-js,,[],,,,,,,traducción propuesta,aprobado (lote crm 1.81.2),sí,,,,lote crm 1.81.2: nueva,,,"POT-only: en el universo fresco, sin traducir"
crm:d4ad79c90a9d11f6,crm,crm,fcrm,fcrm,,Fcrm,Products,Products,,,Productos,,Productos,,Label of the products (Table) field in DocType 'CRM Deal',etiqueta de campo/elemento,,crm/fcrm/doctype/crm_deal/crm_deal.json,crm/fcrm/doctype/crm_deal/crm_deal.json || crm/fcrm/doctype/crm_lead/crm_lead.json,crm/fcrm/doctype/crm_deal/crm_deal.json || crm/fcrm/doctype/crm_lead/crm_lead.json,doctype-json,Crm Deal,"[""Label of the products (Table) field in DocType 'CRM Deal'"", ""Label of the products (Table) field in DocType 'CRM Lead'"", ""Label of the products_tab (Tab Break) field in DocType 'CRM Deal'"", ""Label of the products_tab (Tab Break) field in DocType 'CRM Lead'""]",,,,,,,existente correcta,revisado inicial CRM,sí,sí,no,,Cross-app aprobado exacto.,Products,Productos,
crm:34afc13d63c5cd8e,crm,crm,src,src,,Src,Profile,Profile,,,Perfil,,Perfil,,,,,frontend/src/components/Layouts/AppSidebar.vue:654,frontend/src/components/Layouts/AppSidebar.vue:654 || frontend/src/components/Settings/Profile/ProfileSettings.vue:4 || frontend/src/components/Settings/Settings.vue:102,frontend/src/components/Layouts/AppSidebar.vue:570 || frontend/src/components/Settings/Profile/ProfileSettings.vue:4 || frontend/src/components/Settings/Settings.vue:102,client-js,,[],,,,,,,existente correcta,revisado inicial CRM,sí,sí,no,,Cross-app aprobado.,,,
crm:1defd2182b06ee39,crm,crm,src,src,,CRM,Profile updated successfully,Profile updated successfully,,,,,Perfil actualizado correctamente,,,,,frontend/src/components/Settings/Profile/ProfileSettings.vue:194,frontend/src/components/Settings/Profile/ProfileSettings.vue:194,,client-js,,[],,,,,,,traducción propuesta,aprobado (lote crm 1.81.2),sí,,,,lote crm 1.81.2: reusar de Profile Updated Successfully,,,"POT-only: en el universo fresco, sin traducir"
crm:70db5e8526de4798,crm,crm,api,api,,Api,Projected vs actual revenue based on deal probability,Projected vs actual revenue based on deal probability,,,,,Ingresos proyectados frente a reales según la probabilidad del Deal,,,,,crm/api/dashboard.py:719,crm/api/dashboard.py:719,crm/api/dashboard.py:719,python,,[],,,,,,,traducción propuesta,revisado inicial CRM,sí,sí,no,,reversión Deal,,,
crm:fdbdf448c14785ba,crm,crm,fcrm,fcrm,,Src,Public,Public,,,Público,,Público,,Label of the public (Check) field in DocType 'CRM View Settings',etiqueta de campo/elemento,,crm/fcrm/doctype/crm_view_settings/crm_view_settings.json,crm/fcrm/doctype/crm_view_settings/crm_view_settings.json,crm/fcrm/doctype/crm_view_settings/crm_view_settings.json || frontend/src/components/Calendar/CalendarEventPanel.vue:483 || frontend/src/components/Modals/EventModal.vue:147,doctype-json,Crm View Settings,"[""Label of the public (Check) field in DocType 'CRM View Settings'""]",,,,,,,existente correcta,revisado inicial CRM,sí,sí,no,,crossapp Public->Público,,,
crm:6bed138c8c6e47d2,crm,crm,src,src,,Src,Public View,Public View,,,,,Vista pública,,,,,frontend/src/components/Layouts/AppSidebar.vue:684,frontend/src/components/Layouts/AppSidebar.vue:684,frontend/src/components/Layouts/AppSidebar.vue:600,client-js,,[],,,,,,,traducción propuesta,revisado inicial CRM,sí,sí,no,,,,,
crm:46bd55bdeed78fde,crm,crm,src,src,,Src,Public Views,Public Views,,,,,Vistas públicas,,,,,frontend/src/components/ViewControls.vue:691,frontend/src/components/ViewControls.vue:691,frontend/src/components/ViewControls.vue:680,client-js,,[],,,,,,,traducción propuesta,revisado inicial CRM,sí,sí,no,,Cross-app aprobado.,,,
crm:6537cefab52a78fb,crm,crm,fcrm,fcrm,,Fcrm,Quantity,Quantity,,,Cantidad,,Cantidad,,Label of the qty (Float) field in DocType 'CRM Products',etiqueta de campo/elemento,,crm/fcrm/doctype/crm_products/crm_products.json,crm/fcrm/doctype/crm_products/crm_products.json,crm/fcrm/doctype/crm_products/crm_products.json,doctype-json,Crm Products,"[""Label of the qty (Float) field in DocType 'CRM Products'""]",,,,,,,existente correcta,revisado inicial CRM,sí,sí,no,,Cross-app: Quantity=Cantidad.,,,
crm:18a5a0e9213cf070,crm,crm,lead_syncing,lead_syncing,,Lead_Syncing,Questions,Questions,,,Preguntas,,Preguntas,,Label of the questions (Table) field in DocType 'Facebook Lead Form',etiqueta de campo/elemento,,crm/lead_syncing/doctype/facebook_lead_form/facebook_lead_form.json,crm/lead_syncing/doctype/facebook_lead_form/facebook_lead_form.json,crm/lead_syncing/doctype/facebook_lead_form/facebook_lead_form.json,doctype-json,Facebook Lead Form,"[""Label of the questions (Table) field in DocType 'Facebook Lead Form'""]",,,,,,,existente correcta,revisado inicial CRM,sí,sí,no,,Questions.,,,
crm:bc7c260f9068282b,crm,crm,fcrm,fcrm;src,sí,Domain_Enrichment,Queued,Queued,,,En cola,,En cola,,Option for the 'Status' (Select) field in DocType 'CRM Call Log',opción de campo select,,crm/fcrm/doctype/crm_call_log/crm_call_log.json,crm/fcrm/doctype/crm_call_log/crm_call_log.json || frontend/src/utils/callLog.js:66,crm/fcrm/doctype/crm_call_log/crm_call_log.json || frontend/src/utils/callLog.js:66,doctype-json,Crm Call Log,"[""Option for the 'Status' (Select) field in DocType 'CRM Call Log'""]",,,,,,,existente correcta,revisado inicial CRM,sí,sí,no,,Cross-app aprobado: Queued->En cola.,,,
crm:c26d5b54c0a724a0,crm,crm,fcrm,fcrm,,Fcrm,Quick Entry,Quick Entry,,,Entrada Rápida,,Entrada rápida,,Option for the 'Type' (Select) field in DocType 'CRM Fields Layout',opción de campo select,,crm/fcrm/doctype/crm_fields_layout/crm_fields_layout.json,crm/fcrm/doctype/crm_fields_layout/crm_fields_layout.json,crm/fcrm/doctype/crm_fields_layout/crm_fields_layout.json,doctype-json,Crm Fields Layout,"[""Option for the 'Type' (Select) field in DocType 'CRM Fields Layout'""]",,,,,,,existente mejorable,revisado inicial CRM,sí,sí,no,,Cross-app: Quick Entry=Entrada rápida. Corrijo mayúscula upstream 'Entrada Rápida'.,,,
crm:c50c505b85f1629f,crm,crm,src,src,,Src,Quick Entry Layout,Quick Entry Layout,,,,,Diseño de entrada rápida,,,,,frontend/src/components/Layouts/AppSidebar.vue:708,frontend/src/components/Layouts/AppSidebar.vue:708,frontend/src/components/Layouts/AppSidebar.vue:624,client-js,,[],,,,,,,traducción propuesta,revisado inicial CRM,sí,sí,no,,Layout=Diseño; Quick Entry=Entrada rápida (cross-app).,,,
crm:52599b67984ead44,crm,crm,fcrm,fcrm,,Fcrm,Quick Filters,Quick Filters,,,,,Filtros rápidos,,Option for the 'Type' (Select) field in DocType 'CRM Global Settings',opción de campo select,,crm/fcrm/doctype/crm_global_settings/crm_global_settings.json,crm/fcrm/doctype/crm_global_settings/crm_global_settings.json,crm/fcrm/doctype/crm_global_settings/crm_global_settings.json,doctype-json,Crm Global Settings,"[""Option for the 'Type' (Select) field in DocType 'CRM Global Settings'""]",,,,,,,traducción propuesta,revisado inicial CRM,sí,sí,no,,Quick Filters=Filtros Rápidos (cross-app); uso minúscula natural.,,,
crm:16fd7e81e1b7258d,crm,crm,src,src,,Src,Quick filters updated successfully,Quick filters updated successfully,,,,,Filtros rápidos actualizados correctamente,,,,,frontend/src/components/ViewControls.vue:752,frontend/src/components/ViewControls.vue:752,frontend/src/components/ViewControls.vue:741,client-js,,[],,,,,,,traducción propuesta,revisado inicial CRM,sí,sí,no,,,,,
crm:b9a45ddcbed0616b,crm,crm,fcrm,fcrm,,Fcrm,Rate,Rate,,,Precio,,Precio,,Label of the rate (Currency) field in DocType 'CRM Products',etiqueta de campo/elemento,,crm/fcrm/doctype/crm_products/crm_products.json,crm/fcrm/doctype/crm_products/crm_products.json,crm/fcrm/doctype/crm_products/crm_products.json,doctype-json,Crm Products,"[""Label of the rate (Currency) field in DocType 'CRM Products'""]",,,,,,,existente correcta,revisado inicial CRM,sí,sí,no,,Cross-app: Rate=Precio.,,,
crm:cd705415dc1edeb1,crm,crm,fcrm,fcrm,,Fcrm,Read,Read,,,Leído,,Leer,,Label of the read (Check) field in DocType 'CRM Notification',etiqueta de campo/elemento,,crm/fcrm/doctype/crm_notification/crm_notification.json,crm/fcrm/doctype/crm_notification/crm_notification.json,crm/fcrm/doctype/crm_notification/crm_notification.json,doctype-json,Crm Notification,"[""Label of the read (Check) field in DocType 'CRM Notification'""]",,,,,,,existente mejorable,revisado inicial CRM + pase dirigido,sí,,,,TERM: Read -> Leído (campo Check de estado en CRM Notification). | compromiso global conocido (clave sin contexto),,Leído,
crm:4e02f80ba5045560,crm,crm,api,api;src,sí,Api,Reason,Reason,,,Razón,,Motivo,,,,,crm/api/dashboard.py:940,crm/api/dashboard.py:940 || frontend/src/components/Settings/LeadSyncing/FailureLogs.vue:30,crm/api/dashboard.py:940 || frontend/src/components/Settings/LeadSyncing/FailureLogs.vue:30,python,,[],,,,,,,existente mejorable,revisado inicial CRM,sí,sí,no,,cross-app aprobado: Reason->'Motivo' (corrige 'Razón'),,,
crm:0a7f41eb49764a01,crm,crm,src,fcrm;src,sí,Src,Record Calls,Record Calls,,,,,Grabar llamadas,,Label of the record_calls (Check) field in DocType 'CRM Twilio Settings',etiqueta de campo/elemento,,crm/fcrm/doctype/crm_twilio_settings/crm_twilio_settings.json,crm/fcrm/doctype/crm_twilio_settings/crm_twilio_settings.json || frontend/src/components/Settings/Telephony/ExotelSettings.vue:86 || frontend/src/components/Settings/Telephony/TwilioSettings.vue:93,crm/fcrm/doctype/crm_twilio_settings/crm_twilio_settings.json || frontend/src/components/Settings/Telephony/ExotelSettings.vue:86 || frontend/src/components/Settings/Telephony/TwilioSettings.vue:93,doctype-json,Crm Twilio Settings,"[""Label of the record_calls (Check) field in DocType 'CRM Twilio Settings'""]",,,,,,,traducción propuesta,revisado inicial CRM,sí,sí,no,,Cross-app aprobado exacto.,Record Calls,Grabar llamadas,
crm:03b1a9e50aaf0e77,crm,crm,fcrm,fcrm,,Fcrm,Record Outgoing Calls,Record Outgoing Calls,,,,,Grabar llamadas salientes,,Label of the record_call (Check) field in DocType 'CRM Exotel Settings',etiqueta de campo/elemento,,crm/fcrm/doctype/crm_exotel_settings/crm_exotel_settings.json,crm/fcrm/doctype/crm_exotel_settings/crm_exotel_settings.json,crm/fcrm/doctype/crm_exotel_settings/crm_exotel_settings.json,doctype-json,Crm Exotel Settings,"[""Label of the record_call (Check) field in DocType 'CRM Exotel Settings'""]",,,,,,,traducción propuesta,revisado inicial CRM,sí,sí,no,,Record Calls=Grabar llamadas (cross-app); Outgoing=salientes.,,,
crm:a4a2d21d48ad8d0e,crm,crm,fcrm,fcrm,,Fcrm,Recording URL,Recording URL,,,URL de grabación,,URL de grabación,,Label of the recording_url (Small Text) field in DocType 'CRM Call Log',etiqueta de campo/elemento,,crm/fcrm/doctype/crm_call_log/crm_call_log.json,crm/fcrm/doctype/crm_call_log/crm_call_log.json,crm/fcrm/doctype/crm_call_log/crm_call_log.json,doctype-json,Crm Call Log,"[""Label of the recording_url (Small Text) field in DocType 'CRM Call Log'""]",,,,,,,existente correcta,revisado inicial CRM,sí,sí,no,,cross-app aprobado: Recording URL,,,
crm:526531e60303e069,crm,crm,integrations,integrations,,CRM,Recording URL is not allowed,Recording URL is not allowed,,,,,La URL de grabación no está permitida,,,,,crm/integrations/api.py:184,crm/integrations/api.py:184,,python,,[],,,,,,,traducción propuesta,aprobado (lote crm 1.81.2),sí,,,,lote crm 1.81.2: nueva,,,"POT-only: en el universo fresco, sin traducir"
crm:bb2883c3a1a00d67,crm,crm,integrations,integrations,,Integrations,Recording URL not found,Recording URL not found,,,,,URL de grabación no encontrada,,,,,crm/integrations/api.py:265,crm/integrations/api.py:265,crm/integrations/api.py:163,python,,[],,,,,,,traducción propuesta,revisado inicial CRM,sí,sí,no,,Cross-app: Recording URL=URL de grabación.,,,
crm:2c64803cf78fae2d,crm,crm,src,src,,CRM,Recording not available,Recording not available,,,,,Grabación no disponible,,,,,frontend/src/components/Modals/CallLogDetailModal.vue:106,frontend/src/components/Modals/CallLogDetailModal.vue:106,,client-js,,[],,,,,,,traducción propuesta,aprobado (lote crm 1.81.2),sí,,,,lote crm 1.81.2: nueva,,,"POT-only: en el universo fresco, sin traducir"
crm:3764084840a01581,crm,crm,fcrm,fcrm,,Fcrm,Reference Doc,Reference Doc,,,,,Documento de referencia,,Label of the reference_docname (Dynamic Link) field in DocType 'CRM Task',etiqueta de campo/elemento,,crm/fcrm/doctype/crm_notification/crm_notification.json,crm/fcrm/doctype/crm_notification/crm_notification.json || crm/fcrm/doctype/crm_task/crm_task.json || crm/fcrm/doctype/fcrm_note/fcrm_note.json,crm/fcrm/doctype/crm_notification/crm_notification.json || crm/fcrm/doctype/crm_task/crm_task.json || crm/fcrm/doctype/fcrm_note/fcrm_note.json,doctype-json,Crm Notification,"[""Label of the reference_docname (Dynamic Link) field in DocType 'CRM Task'"", ""Label of the reference_docname (Dynamic Link) field in DocType 'FCRM Note'"", ""Label of the reference_name (Dynamic Link) field in DocType 'CRM Notification'""]",,,,,,,traducción propuesta,revisado inicial CRM,sí,sí,no,,cross-app aprobado: Reference Doc,,,
crm:75fcdc077f94b11a,crm,crm,fcrm,fcrm,,Domain_Enrichment,Reference Doctype,Reference Doctype,,,Referencia a 'DocType',,Tipo de documento de referencia,,Label of the reference_doctype (Link) field in DocType 'CRM Enrichment Run',etiqueta de campo/elemento,,crm/fcrm/doctype/crm_notification/crm_notification.json,crm/fcrm/doctype/crm_notification/crm_notification.json,crm/fcrm/doctype/crm_notification/crm_notification.json,doctype-json,Crm Notification,"[""Label of the reference_doctype (Link) field in DocType 'CRM Notification'""]",,,,,,,existente mejorable,revisado inicial CRM,sí,sí,no,,"Cross-app aprobado 'Reference Document Type'->'Tipo de documento de referencia'; upstream ""Referencia a 'DocType'"" es poco natural.",,,
crm:42ce8b0dd190b7f2,crm,crm,fcrm,fcrm,,Fcrm,Reference Document Type,Reference Document Type,,,Tipo de documento de referencia,,Tipo de documento de referencia,,Label of the reference_doctype (Link) field in DocType 'CRM Call Log',etiqueta de campo/elemento,,crm/fcrm/doctype/crm_call_log/crm_call_log.json,crm/fcrm/doctype/crm_call_log/crm_call_log.json || crm/fcrm/doctype/crm_task/crm_task.json || crm/fcrm/doctype/fcrm_note/fcrm_note.json,crm/fcrm/doctype/crm_call_log/crm_call_log.json || crm/fcrm/doctype/crm_task/crm_task.json || crm/fcrm/doctype/fcrm_note/fcrm_note.json,doctype-json,Crm Call Log,"[""Label of the reference_doctype (Link) field in DocType 'CRM Call Log'"", ""Label of the reference_doctype (Link) field in DocType 'CRM Task'"", ""Label of the reference_doctype (Link) field in DocType 'FCRM Note'""]",,,,,,,existente correcta,revisado inicial CRM,sí,sí,no,,cross-app aprobado: Reference Document Type,,,
crm:d72d983eee4e421a,crm,crm,fcrm,fcrm,,Domain_Enrichment,Reference Name,Reference Name,,,Nombre de Referencia,,Nombre de referencia,,Label of the reference_docname (Dynamic Link) field in DocType 'CRM Call Log',etiqueta de campo/elemento,,crm/fcrm/doctype/crm_call_log/crm_call_log.json,crm/fcrm/doctype/crm_call_log/crm_call_log.json,crm/fcrm/doctype/crm_call_log/crm_call_log.json,doctype-json,Crm Call Log,"[""Label of the reference_docname (Dynamic Link) field in DocType 'CRM Call Log'""]",,,,,,,existente mejorable,revisado inicial CRM,sí,sí,no,,"Cross-app aprobado: Reference Name->Nombre de referencia (minúscula), corrige mayúscula de upstream.",,,
crm:b3d93d87e64a36d7,crm,crm,api,api,,Api,Reference document {0} {1} does not exist.,Reference document {0} {1} does not exist.,,,,,El documento de referencia {0} {1} no existe.,,,,,crm/api/whatsapp.py:21,crm/api/whatsapp.py:21,crm/api/whatsapp.py:21,python,,[],{0};{1},,{0};{1},ok,,,traducción propuesta,revisado inicial CRM,sí,sí,no,,Placeholders {0};{1} preservados.,,,
crm:33b2e7eed39ab662,crm,crm,api,api,,Api,Referenced WhatsApp message does not exist.,Referenced WhatsApp message does not exist.,,,,,El mensaje de WhatsApp referenciado no existe.,,,,,crm/api/whatsapp.py:270,crm/api/whatsapp.py:270 || crm/api/whatsapp.py:322,crm/api/whatsapp.py:270 || crm/api/whatsapp.py:322,python,,[],,,,,,,traducción propuesta,revisado inicial CRM,sí,sí,no,,WhatsApp=nombre propio.,,,
crm:b44b83f4ee6da91b,crm,crm,src,src,,Src,Referrals,Referrals,,,,,Recomendaciones,,,,,frontend/src/pages/PersonaForm.vue:79,frontend/src/pages/PersonaForm.vue:79,frontend/src/pages/PersonaForm.vue:79,client-js,,[],,,,,,,traducción propuesta,revisado inicial CRM,sí,sí,no,,Referrals: recomendaciones/referidos comerciales.,,,
crm:30ce31c7361c1f16,crm,crm,src,src,,Src,Refresh,Refresh,,,Actualizar,,Actualizar,,,,,frontend/src/components/ViewControls.vue:159,frontend/src/components/ViewControls.vue:159 || frontend/src/components/ViewControls.vue:26 || frontend/src/pages/Dashboard.vue:10,frontend/src/components/ViewControls.vue:26 || frontend/src/components/ViewControls.vue:159 || frontend/src/pages/Dashboard.vue:10,client-js,,[],,,,,,,existente correcta,revisado inicial CRM,sí,sí,no,,Cross-app aprobado.,,,
crm:172dbd1d928a59d7,crm,crm,src,src,,Src,Refresh Apps,Refresh Apps,,,Refrescar aplicaciones,,Actualizar aplicaciones,,,,,frontend/src/components/Settings/Telephony/TwilioSettings.vue:78,frontend/src/components/Settings/Telephony/TwilioSettings.vue:78,frontend/src/components/Settings/Telephony/TwilioSettings.vue:78,client-js,,[],,,,,,,existente mejorable,revisado inicial CRM,sí,sí,no,,crossapp Refresh Apps->Actualizar aplicaciones; 'Refrescar' menos natural,,,
crm:bbf6f556507669b3,crm,crm,src,src,,Src,Refresh Companies,Refresh Companies,,,,,Actualizar empresas,,,,,frontend/src/components/Settings/ERPNextSettings.vue:181,frontend/src/components/Settings/ERPNextSettings.vue:181,frontend/src/components/Settings/ERPNextSettings.vue:157,client-js,,[],,,,,,,traducción propuesta,revisado inicial CRM,sí,sí,no,,,,,
crm:fb625442ca7af208,crm,crm,src,src,,Src,Reject,Reject,,,,,Rechazar,,,,,frontend/src/components/Telephony/TwilioCallUI.vue:97,frontend/src/components/Telephony/TwilioCallUI.vue:97,frontend/src/components/Telephony/TwilioCallUI.vue:97,client-js,,[],,,,,,,traducción propuesta,revisado inicial CRM,sí,sí,no,,cross-app aprobado: Reject,,,
crm:a03c89ca4dfa8bc8,crm,crm,src,src,,Src,Reject Call,Reject Call,,,,,Rechazar llamada,,,,,frontend/src/components/Telephony/TwilioCallUI.vue:163,frontend/src/components/Telephony/TwilioCallUI.vue:163,frontend/src/components/Telephony/TwilioCallUI.vue:163,client-js,,[],,,,,,,traducción propuesta,revisado inicial CRM,sí,sí,no,,telefonía,,,
crm:55677dba4be368f6,crm,crm,src,fcrm;src,sí,Src,Relative,Relative,,,,,Relativo,,Option for the 'Timeline Timestamp Format' (Select) field in DocType 'FCRM Settings',opción de campo select,,crm/fcrm/doctype/fcrm_settings/fcrm_settings.json,crm/fcrm/doctype/fcrm_settings/fcrm_settings.json || frontend/src/components/Settings/GeneralSettings.vue:139 || frontend/src/components/Settings/GeneralSettings.vue:98,crm/fcrm/doctype/fcrm_settings/fcrm_settings.json || frontend/src/components/Settings/GeneralSettings.vue:98 || frontend/src/components/Settings/GeneralSettings.vue:139,doctype-json,Fcrm Settings,"[""Option for the 'Timeline Timestamp Format' (Select) field in DocType 'FCRM Settings'""]",,,,,,,traducción propuesta,revisado inicial CRM,sí,sí,no,,opción de formato de marca de tiempo,,,
crm:6ac7b3c15726fc11,crm,crm,src,src,,Src,Reload Columns,Reload Columns,,,,,Recargar columnas,,,,,frontend/src/components/Kanban/KanbanView.vue:169,frontend/src/components/Kanban/KanbanView.vue:169,frontend/src/components/Kanban/KanbanView.vue:169,client-js,,[],,,,,,,traducción propuesta,revisado inicial CRM,sí,sí,no,,,,,
crm:e22a9b01a7441182,crm,crm,src,src,,Src,Remove,Remove,,,Eliminar,,Eliminar,,,,,frontend/src/components/ConditionsFilter/CFCondition.vue:176,frontend/src/components/ConditionsFilter/CFCondition.vue:176 || frontend/src/components/Controls/ImageUploader.vue:21 || frontend/src/components/FieldLayoutEditor.vue:434 || frontend/src/components/FieldLayoutEditor.vue:492 || frontend/src/components/FieldLayoutEditor.vue:587 || frontend/src/components/Settings/Profile/UserEmailSettings.vue:84 || frontend/src/components/Settings/Users.vue:221 || frontend/src/pages/Deal.vue:654,frontend/src/components/ConditionsFilter/CFCondition.vue:175 || frontend/src/components/Controls/ImageUploader.vue:21 || frontend/src/components/FieldLayoutEditor.vue:437 || frontend/src/components/FieldLayoutEditor.vue:495 || frontend/src/components/FieldLayoutEditor.vue:590 || frontend/src/components/Settings/Profile/UserEmailSettings.vue:84 || frontend/src/components/Settings/Users.vue:213 || frontend/src/pages/Deal.vue:653,client-js,,[],,,,,,,existente correcta,revisado inicial CRM,sí,sí,no,,cross-app Remove=Eliminar,,,
crm:0b22743767f000fe,crm,crm,src,src,,Src,Remove All,Remove All,,,,,Quitar todo,,,,,frontend/src/components/FilesUploader/FilesUploader.vue:17,frontend/src/components/FilesUploader/FilesUploader.vue:17,frontend/src/components/FilesUploader/FilesUploader.vue:17,client-js,,[],,,,,,,traducción propuesta,revisado inicial CRM,sí,sí,no,,Remove All; 'Quitar todo' natural en contexto de lista de archivos.,Remove,Eliminar,
crm:dfafd735a30ca844,crm,crm,src,src,,Src,Remove Group,Remove Group,,,,,Eliminar grupo,,,,,frontend/src/components/ConditionsFilter/CFCondition.vue:184,frontend/src/components/ConditionsFilter/CFCondition.vue:184,frontend/src/components/ConditionsFilter/CFCondition.vue:183,client-js,,[],,,,,,,traducción propuesta,revisado inicial CRM,sí,sí,no,,grupo de condiciones del filtro,,,
crm:72dc5f97dd094189,crm,crm,src,src,,Src,Remove Image,Remove Image,,,,,Eliminar imagen,,,,,frontend/src/pages/Contact.vue:53,frontend/src/pages/Contact.vue:53 || frontend/src/pages/Lead.vue:98 || frontend/src/pages/MobileContact.vue:43 || frontend/src/pages/MobileOrganization.vue:43 || frontend/src/pages/Organization.vue:53,frontend/src/pages/Contact.vue:53 || frontend/src/pages/Lead.vue:98 || frontend/src/pages/MobileContact.vue:43 || frontend/src/pages/MobileOrganization.vue:43 || frontend/src/pages/Organization.vue:53,client-js,,[],,,,,,,traducción propuesta,revisado inicial CRM,sí,sí,no,,crossapp 'Remove'->'Eliminar'.,,,
crm:c33d46bae35c1f0f,crm,crm,src,src,,Src,Remove Last Column,Remove Last Column,,,,,Eliminar última columna,,,,,frontend/src/components/FieldLayoutEditor.vue:574,frontend/src/components/FieldLayoutEditor.vue:574 || frontend/src/components/FieldLayoutEditor.vue:580,frontend/src/components/FieldLayoutEditor.vue:577 || frontend/src/components/FieldLayoutEditor.vue:583,client-js,,[],,,,,,,traducción propuesta,revisado inicial CRM,sí,sí,no,,,,,
crm:92b6b130ad44b73d,crm,crm,src,src,,Src,Remove Last Column (move fields to previous),Remove Last Column (move fields to previous),,,,,Eliminar última columna (mover campos a la anterior),,,,,frontend/src/components/FieldLayoutEditor.vue:604,frontend/src/components/FieldLayoutEditor.vue:604,frontend/src/components/FieldLayoutEditor.vue:607,client-js,,[],,,,,,,traducción propuesta,revisado inicial CRM,sí,sí,no,,,,,
crm:28a1b3c8435ff939,crm,crm,src,src,,Src,Remove Photo,Remove Photo,,,,,Eliminar foto,,,,,frontend/src/components/Settings/Profile/ProfileSettings.vue:161,frontend/src/components/Settings/Profile/ProfileSettings.vue:161,frontend/src/components/Settings/Profile/ProfileSettings.vue:161,client-js,,[],,,,,,,traducción propuesta,revisado inicial CRM,sí,sí,no,,Crossapp aprobado: reuso exacto.,Remove Photo,Eliminar foto,
crm:0a7ba15325ca8180,crm,crm,src,src,,Src,Remove Section,Remove Section,,,Remover la sección,,Eliminar la sección,,,,,frontend/src/components/FieldLayoutEditor.vue:477,frontend/src/components/FieldLayoutEditor.vue:477 || frontend/src/components/FieldLayoutEditor.vue:485,frontend/src/components/FieldLayoutEditor.vue:480 || frontend/src/components/FieldLayoutEditor.vue:488,client-js,,[],,,,,,,existente mejorable,revisado inicial CRM,sí,sí,no,,cross-app Remove Section=Eliminar la sección; 'Remover' poco natural MX,,,
crm:f8c264c306047784,crm,crm,src,src,,Src,Remove Tab,Remove Tab,,,,,Eliminar pestaña,,,,,frontend/src/components/FieldLayoutEditor.vue:419,frontend/src/components/FieldLayoutEditor.vue:419 || frontend/src/components/FieldLayoutEditor.vue:427,frontend/src/components/FieldLayoutEditor.vue:422 || frontend/src/components/FieldLayoutEditor.vue:430,client-js,,[],,,,,,,traducción propuesta,revisado inicial CRM,sí,sí,no,,,,,
crm:03051101784827dc,crm,crm,src,src,,Src,Remove and move columns to {0} section,Remove and move columns to {0} section,,,,,Eliminar y mover columnas a la sección {0},,,,,frontend/src/components/FieldLayoutEditor.vue:510,frontend/src/components/FieldLayoutEditor.vue:510,,client-js,,[],{0},,{0},ok,,,traducción propuesta,revisado inicial CRM,sí,sí,no,,placeholder {0},,,"POT-only: en el universo fresco, sin traducir"
crm:80c19f4c13f6789d,crm,crm,api,api,,Api,Remove this user from the sales hierarchy before changing their role to Sales User,Remove this user from the sales hierarchy before changing their role to Sales User,,,,,Quite a este usuario de la jerarquía de ventas antes de cambiar su rol a Usuario de ventas,,,,,crm/api/user.py:111,crm/api/user.py:111,crm/api/user.py:111,python,,[],,,,,,,traducción propuesta,revisado inicial CRM,sí,sí,no,,Sales User=Usuario de ventas (cross-app).,,,
crm:1bb193cfc1aefbb5,crm,crm,src,src,,Src,Remove {0} from the hierarchy. What should happen to their direct reports?,Remove {0} from the hierarchy. What should happen to their direct reports?,,,,,Eliminar a {0} de la jerarquía. ¿Qué debe pasar con sus subordinados directos?,,,,,frontend/src/components/Settings/Hierarchy/Hierarchy.vue:195,frontend/src/components/Settings/Hierarchy/Hierarchy.vue:195,frontend/src/components/Settings/Hierarchy/Hierarchy.vue:195,client-js,,[],{0},,{0},ok,,,traducción propuesta,revisado inicial CRM,sí,sí,no,,Placeholder {0} preservado.,,,
crm:c8a8d36744902517,crm,crm,src,src,,Src,Removed from hierarchy.,Removed from hierarchy.,,,,,Eliminado de la jerarquía.,,,,,frontend/src/components/Settings/Hierarchy/useRemoveNode.js:13,frontend/src/components/Settings/Hierarchy/useRemoveNode.js:13,frontend/src/components/Settings/Hierarchy/useRemoveNode.js:13,client-js,,[],,,,,,,traducción propuesta,revisado inicial CRM,sí,sí,no,,Sin traducción upstream.,,,
crm:d912dc9c8d4ccaf1,crm,crm,fcrm,fcrm;src,sí,Fcrm,Reopen lead/deal on new communication,Reopen lead/deal on new communication,,,,,Reabrir Lead/Deal en nueva comunicación,,Label of the auto_reopen_on_new_communication (Check) field in DocType 'FCRM Settings',etiqueta de campo/elemento,,crm/fcrm/doctype/fcrm_settings/fcrm_settings.json,crm/fcrm/doctype/fcrm_settings/fcrm_settings.json || frontend/src/components/Settings/GeneralSettings.vue:60,crm/fcrm/doctype/fcrm_settings/fcrm_settings.json || frontend/src/components/Settings/GeneralSettings.vue:60,doctype-json,Fcrm Settings,"[""Label of the auto_reopen_on_new_communication (Check) field in DocType 'FCRM Settings'""]",,,,,,,traducción propuesta,revisado inicial CRM,sí,no,no,,Lead/Deal protegidos,,,
crm:48ed747c9cab2d3a,crm,crm,src,src,,CRM,Replace with an icon...,Replace with an icon...,,,,,Reemplazar con un icono...,,,,,frontend/src/components/Modals/ViewModal.vue:45,frontend/src/components/Modals/ViewModal.vue:45,,client-js,,[],,,,,,,traducción propuesta,aprobado (lote crm 1.81.2),sí,,,,lote crm 1.81.2: nueva,,,"POT-only: en el universo fresco, sin traducir"
crm:f04884d21a620d6f,crm,crm,src,src,,Src,Replacing my current CRM,Replacing my current CRM,,,,,Reemplazar mi CRM actual,,,,,frontend/src/pages/PersonaForm.vue:102,frontend/src/pages/PersonaForm.vue:102,frontend/src/pages/PersonaForm.vue:102,client-js,,[],,,,,,,traducción propuesta,revisado inicial CRM,sí,sí,no,,,,,
crm:43a86cea8cc23834,crm,crm,src,src,,Src,Reply,Reply,,,Responder,,Responder,,,,,frontend/src/components/Activities/EmailArea.vue:30,frontend/src/components/Activities/EmailArea.vue:30 || frontend/src/components/CommunicationArea.vue:9,frontend/src/components/Activities/EmailArea.vue:30 || frontend/src/components/CommunicationArea.vue:9,client-js,,[],,,,,,,existente correcta,revisado inicial CRM,sí,sí,no,,crossapp aprobado.,,,
crm:25e35d45d6404983,crm,crm,src,src,,Src,Reply All,Reply All,,,Responder a todos,,Responder a todos,,,,,frontend/src/components/Activities/EmailArea.vue:37,frontend/src/components/Activities/EmailArea.vue:37,frontend/src/components/Activities/EmailArea.vue:37,client-js,,[],,,,,,,existente correcta,revisado inicial CRM,sí,sí,no,,crossapp aprobado.,,,
crm:4aad2dd07593eb83,crm,crm,src,src,,Src,Report an Issue,Report an Issue,,,Reportar Incidente,,Reportar Incidente,,,,,frontend/src/components/Modals/AboutModal.vue:65,frontend/src/components/Modals/AboutModal.vue:65,frontend/src/components/Modals/AboutModal.vue:65,client-js,,[],,,,,,,existente correcta,revisado inicial CRM,sí,sí,no,,Cross-app aprobado (Report an Issue).,,,
crm:2f2915defbea5f9f,crm,crm,src,src,,Src,Reporting & forecasting,Reporting & forecasting,,,,,Reportes y pronósticos,,,,,frontend/src/pages/PersonaForm.vue:101,frontend/src/pages/PersonaForm.vue:101,frontend/src/pages/PersonaForm.vue:101,client-js,,[],,,,,,,traducción propuesta,revisado inicial CRM,sí,sí,no,,Report=Reporte (glosario).,,,
crm:c48ed716d0d68bf3,crm,crm,fcrm,fcrm,,Fcrm,Reports To,Reports To,,,,,Reporta a,,Label of the reports_to (Link) field in DocType 'CRM Sales Hierarchy',etiqueta de campo/elemento,,crm/fcrm/doctype/crm_sales_hierarchy/crm_sales_hierarchy.json,crm/fcrm/doctype/crm_sales_hierarchy/crm_sales_hierarchy.json,crm/fcrm/doctype/crm_sales_hierarchy/crm_sales_hierarchy.json,doctype-json,Crm Sales Hierarchy,"[""Label of the reports_to (Link) field in DocType 'CRM Sales Hierarchy'""]",,,,,,,traducción propuesta,revisado inicial CRM,sí,sí,no,,Cross-app: Reports To=Reporta a.,,,
crm:bfb26b2105a67c7b,crm,crm,fcrm,fcrm,,Fcrm,Required Fields,Required Fields,,,,,Campos obligatorios,,Option for the 'Type' (Select) field in DocType 'CRM Fields Layout',opción de campo select,,crm/fcrm/doctype/crm_fields_layout/crm_fields_layout.json,crm/fcrm/doctype/crm_fields_layout/crm_fields_layout.json,crm/fcrm/doctype/crm_fields_layout/crm_fields_layout.json,doctype-json,Crm Fields Layout,"[""Option for the 'Type' (Select) field in DocType 'CRM Fields Layout'""]",,,,,,,traducción propuesta,revisado inicial CRM,sí,sí,no,,Opción de tipo de layout.,,,
crm:b710cd37b1095c89,crm,crm,src,src,,Src,Reset,Reset,,,Reiniciar,,Restablecer,,,,,frontend/src/components/Controls/GridFieldsEditorModal.vue:83,frontend/src/components/Controls/GridFieldsEditorModal.vue:83 || frontend/src/components/Controls/GridRowFieldsModal.vue:30 || frontend/src/components/Modals/DataFieldsModal.vue:30 || frontend/src/components/Modals/QuickEntryModal.vue:30 || frontend/src/components/Modals/SidePanelModal.vue:30,frontend/src/components/Controls/GridFieldsEditorModal.vue:83 || frontend/src/components/Controls/GridRowFieldsModal.vue:30 || frontend/src/components/Modals/DataFieldsModal.vue:30 || frontend/src/components/Modals/QuickEntryModal.vue:30 || frontend/src/components/Modals/SidePanelModal.vue:30,client-js,,[],,,,,,,existente mejorable,revisado inicial CRM,sí,sí,no,,cross-app Reset=Restablecer; 'Reiniciar' incorrecto,,,
crm:e8d98283eaae5257,crm,crm,src,src,,Src,Reset Changes,Reset Changes,,,Restablecer Cambios,,Restablecer cambios,,,,,frontend/src/components/ColumnSettings.vue:78,frontend/src/components/ColumnSettings.vue:78,frontend/src/components/ColumnSettings.vue:78,client-js,,[],,,,,,,existente mejorable,revisado inicial CRM,sí,sí,no,,Cross-app aprobado exacto; corrige mayúscula de 'Cambios'.,Reset Changes,Restablecer cambios,
crm:88ac0ba9f9d6e8c6,crm,crm,fcrm,fcrm,,Fcrm,Reset ERPNext Form Script,Reset ERPNext Form Script,,,,,Restablecer script del formulario de ERPNext,,,,,crm/fcrm/doctype/erpnext_crm_settings/erpnext_crm_settings.js:7,crm/fcrm/doctype/erpnext_crm_settings/erpnext_crm_settings.js:7,crm/fcrm/doctype/erpnext_crm_settings/erpnext_crm_settings.js:7,doctype-controller,Erpnext Crm Settings,[],,,,,,,traducción propuesta,revisado inicial CRM,sí,sí,no,,,,,
crm:edfd43ad8ddfbdc0,crm,crm,src,src,,Src,Reset to Default,Reset to Default,,,,,Restablecer a predeterminado,,,,,frontend/src/components/ColumnSettings.vue:86,frontend/src/components/ColumnSettings.vue:86 || frontend/src/pages/Dashboard.vue:28,frontend/src/components/ColumnSettings.vue:86 || frontend/src/pages/Dashboard.vue:28,client-js,,[],,,,,,,traducción propuesta,revisado inicial CRM,sí,sí,no,,,,,
crm:4fd064428e0cdb1a,crm,crm,fcrm,fcrm,,Fcrm,Responded On,Responded On,,,,,Respondido el,,Label of the responded_on (Datetime) field in DocType 'CRM Rolling Response Time',etiqueta de campo/elemento,,crm/fcrm/doctype/crm_rolling_response_time/crm_rolling_response_time.json,crm/fcrm/doctype/crm_rolling_response_time/crm_rolling_response_time.json,crm/fcrm/doctype/crm_rolling_response_time/crm_rolling_response_time.json,doctype-json,Crm Rolling Response Time,"[""Label of the responded_on (Datetime) field in DocType 'CRM Rolling Response Time'""]",,,,,,,traducción propuesta,revisado inicial CRM,sí,sí,no,,"Responded On (campo Datetime, fecha).",,,
crm:b637fa3c1d97e57e,crm,crm,fcrm,fcrm;src,sí,Fcrm,Response & Follow Up,Response & Follow Up,,,,,Respuesta y seguimiento,,Label of the section_break_ufaf (Section Break) field in DocType 'CRM Service Level Agreement',etiqueta de campo/elemento,,crm/fcrm/doctype/crm_service_level_agreement/crm_service_level_agreement.json,crm/fcrm/doctype/crm_service_level_agreement/crm_service_level_agreement.json || frontend/src/components/Settings/Sla/SlaPolicyView.vue:215,crm/fcrm/doctype/crm_service_level_agreement/crm_service_level_agreement.json || frontend/src/components/Settings/Sla/SlaPolicyView.vue:215,doctype-json,Crm Service Level Agreement,"[""Label of the section_break_ufaf (Section Break) field in DocType 'CRM Service Level Agreement'""]",,,,,,,traducción propuesta,revisado inicial CRM,sí,sí,no,,,,,
crm:7219924d3fb0c415,crm,crm,fcrm,fcrm,,Fcrm,Response By,Response By,,,Respuesta por,,Respuesta por,,Label of the response_by (Datetime) field in DocType 'CRM Deal',etiqueta de campo/elemento,,crm/fcrm/doctype/crm_deal/crm_deal.json,crm/fcrm/doctype/crm_deal/crm_deal.json || crm/fcrm/doctype/crm_lead/crm_lead.json,crm/fcrm/doctype/crm_deal/crm_deal.json || crm/fcrm/doctype/crm_lead/crm_lead.json,doctype-json,Crm Deal,"[""Label of the response_by (Datetime) field in DocType 'CRM Deal'"", ""Label of the response_by (Datetime) field in DocType 'CRM Lead'""]",,,,,,,existente correcta,revisado inicial CRM,sí,sí,no,,Cross-app aprobado exacto.,Response By,Respuesta por,
crm:620a9ad3f7ec7eb5,crm,crm,fcrm,fcrm,,Fcrm,Response Details,Response Details,,,Detalles de respuesta,,Detalles de respuesta,,Label of the response_details_section (Section Break) field in DocType 'CRM Deal',etiqueta de campo/elemento,,crm/fcrm/doctype/crm_deal/crm_deal.json,crm/fcrm/doctype/crm_deal/crm_deal.json || crm/fcrm/doctype/crm_lead/crm_lead.json,crm/fcrm/doctype/crm_deal/crm_deal.json || crm/fcrm/doctype/crm_lead/crm_lead.json,doctype-json,Crm Deal,"[""Label of the response_details_section (Section Break) field in DocType 'CRM Deal'"", ""Label of the response_details_section (Section Break) field in DocType 'CRM Lead'""]",,,,,,,existente correcta,revisado inicial CRM,sí,sí,no,,Cross-app aprobado exacto.,Response Details,Detalles de respuesta,
crm:e8ebc20e70c66581,crm,crm,fcrm,fcrm,,Fcrm,Response Time,Response Time,,,,,Tiempo de respuesta,,Label of the response_time (Duration) field in DocType 'CRM Rolling Response Time',etiqueta de campo/elemento,,crm/fcrm/doctype/crm_rolling_response_time/crm_rolling_response_time.json,crm/fcrm/doctype/crm_rolling_response_time/crm_rolling_response_time.json,crm/fcrm/doctype/crm_rolling_response_time/crm_rolling_response_time.json,doctype-json,Crm Rolling Response Time,"[""Label of the response_time (Duration) field in DocType 'CRM Rolling Response Time'""]",,,,,,,traducción propuesta,revisado inicial CRM,sí,sí,no,,Response Time (campo Duration).,,,
crm:3ec9bae041442d44,crm,crm,src,src,,CRM,Response time is required,Response time is required,,,,,El tiempo de respuesta es obligatorio,,,,,frontend/src/components/Settings/Sla/EditResponseResolutionModal.vue:94,frontend/src/components/Settings/Sla/EditResponseResolutionModal.vue:94,,client-js,,[],,,,,,,traducción propuesta,aprobado (lote crm 1.81.2),sí,,,,lote crm 1.81.2: reusar de Response Time is required,,,"POT-only: en el universo fresco, sin traducir"
crm:2d808a766d0aa216,crm,crm,fcrm,fcrm;src,sí,Fcrm,Restart the SLA each time the customer replies (status changes to Open) and fulfill it when marked as Replied,Restart the SLA each time the customer replies (status changes to Open) and fulfill it when marked as Replied,,,,,Reinicia el SLA cada vez que el cliente responde (el estado cambia a Abierto) y lo cumple cuando se marca como Respondido,,Description of the 'Rolling Responses' (Check) field in DocType 'CRM Service Level Agreement',descripción,,crm/fcrm/doctype/crm_service_level_agreement/crm_service_level_agreement.json,crm/fcrm/doctype/crm_service_level_agreement/crm_service_level_agreement.json || frontend/src/components/Settings/Sla/SlaPolicyView.vue:93,crm/fcrm/doctype/crm_service_level_agreement/crm_service_level_agreement.json || frontend/src/components/Settings/Sla/SlaPolicyView.vue:93,doctype-json,Crm Service Level Agreement,"[""Description of the 'Rolling Responses' (Check) field in DocType 'CRM Service Level Agreement'""]",,,,,,,traducción propuesta,revisado inicial CRM,sí,sí,no,,,,,
crm:9598ba6f87a4affb,crm,crm,fcrm,fcrm,,Fcrm,Restore,Restore,,,Restaurar,,Restaurar,,,,,crm/fcrm/doctype/fcrm_settings/fcrm_settings.js:22,crm/fcrm/doctype/fcrm_settings/fcrm_settings.js:22 || crm/fcrm/doctype/fcrm_settings/fcrm_settings.js:54,crm/fcrm/doctype/fcrm_settings/fcrm_settings.js:22 || crm/fcrm/doctype/fcrm_settings/fcrm_settings.js:54,doctype-controller,Fcrm Settings,[],,,,,,,existente correcta,revisado inicial CRM,sí,sí,no,,crossapp Restore->Restaurar,,,
crm:e17a66a99a60078b,crm,crm,fcrm,fcrm,,Fcrm,Restore Defaults,Restore Defaults,,,,,Restaurar valores predeterminados,,Label of the restore_defaults (Button) field in DocType 'FCRM Settings',etiqueta de campo/elemento,,crm/fcrm/doctype/fcrm_settings/fcrm_settings.js:21,crm/fcrm/doctype/fcrm_settings/fcrm_settings.js:21 || crm/fcrm/doctype/fcrm_settings/fcrm_settings.json,crm/fcrm/doctype/fcrm_settings/fcrm_settings.js:21 || crm/fcrm/doctype/fcrm_settings/fcrm_settings.json,doctype-controller,Fcrm Settings,"[""Label of the restore_defaults (Button) field in DocType 'FCRM Settings'""]",,,,,,,traducción propuesta,revisado inicial CRM,sí,sí,no,,,,,
crm:7742924e26f92920,crm,crm,fcrm,fcrm,,Fcrm,Restore Demo Data,Restore Demo Data,,,,,Restaurar datos de demostración,,Label of the restore_demo_data (Button) field in DocType 'FCRM Settings',etiqueta de campo/elemento,,crm/fcrm/doctype/fcrm_settings/fcrm_settings.js:53,crm/fcrm/doctype/fcrm_settings/fcrm_settings.js:53 || crm/fcrm/doctype/fcrm_settings/fcrm_settings.json,crm/fcrm/doctype/fcrm_settings/fcrm_settings.js:53 || crm/fcrm/doctype/fcrm_settings/fcrm_settings.json,doctype-controller,Fcrm Settings,"[""Label of the restore_demo_data (Button) field in DocType 'FCRM Settings'""]",,,,,,,traducción propuesta,revisado inicial CRM,sí,sí,no,,,,,
crm:2f56d98eb2042a64,crm,crm,fcrm,fcrm,,Fcrm,Restrict Lead and Deal visibility based on the Sales Hierarchy tree. Managers can see all records owned by or assigned to their reports.,Restrict Lead and Deal visibility based on the Sales Hierarchy tree. Managers can see all records owned by or assigned to their reports.,,,,,Restringir la visibilidad de Leads y Deals según el árbol de Jerarquía de Ventas. Los administradores pueden ver todos los registros cuyos propietarios o asignados sean sus subordinados.,,Description of the 'Enable Sales Hierarchy Permissions' (Check) field in DocType 'FCRM Settings',descripción,,crm/fcrm/doctype/fcrm_settings/fcrm_settings.json,crm/fcrm/doctype/fcrm_settings/fcrm_settings.json,crm/fcrm/doctype/fcrm_settings/fcrm_settings.json,doctype-json,Fcrm Settings,"[""Description of the 'Enable Sales Hierarchy Permissions' (Check) field in DocType 'FCRM Settings'""]",,,,,,,traducción propuesta,revisado inicial CRM,sí,no,no,,Lead/Deal protegidos (plural); Managers->Administradores; 'their reports'->subordinados,,,
crm:25f1de0e37ca5867,crm,crm,src,src,,Src,Restrict visibility of Leads and Deals based on a reporting tree.,Restrict visibility of Leads and Deals based on a reporting tree.,,,,,Restringir la visibilidad de Leads y Deals según un árbol de reporte.,,,,,frontend/src/components/Settings/Hierarchy/Hierarchy.vue:20,frontend/src/components/Settings/Hierarchy/Hierarchy.vue:20,frontend/src/components/Settings/Hierarchy/Hierarchy.vue:20,client-js,,[],,,,,,,traducción propuesta,revisado inicial CRM,sí,sí,no,,Leads/Deals preservados en inglés.,,,
crm:7837e4e1da25f838,crm,crm,src,src,,Src,Restrict visibility using a reporting tree,Restrict visibility using a reporting tree,,,,,Restringir la visibilidad mediante un árbol de reporte,,,,,frontend/src/components/Settings/Hierarchy/Hierarchy.vue:65,frontend/src/components/Settings/Hierarchy/Hierarchy.vue:65,frontend/src/components/Settings/Hierarchy/Hierarchy.vue:65,client-js,,[],,,,,,,traducción propuesta,revisado inicial CRM,sí,sí,no,,Sin traducción upstream.,,,
crm:7943f9420ec59f14,crm,crm,src,src,,Src,Retake,Retake,,,,,Volver a tomar,,,,,frontend/src/components/FilesUploader/FilesUploader.vue:45,frontend/src/components/FilesUploader/FilesUploader.vue:45,frontend/src/components/FilesUploader/FilesUploader.vue:45,client-js,,[],,,,,,,traducción propuesta,revisado inicial CRM,sí,sí,no,,Retake (foto/captura de cámara).,,,
crm:807a83e7bc198292,crm,crm,lead_syncing,lead_syncing;src,sí,Lead_Syncing,Retry Sync,Retry Sync,,,,,Reintentar sincronización,,,,,crm/lead_syncing/doctype/failed_lead_sync_log/failed_lead_sync_log.js:6,crm/lead_syncing/doctype/failed_lead_sync_log/failed_lead_sync_log.js:6 || frontend/src/components/Settings/LeadSyncing/FailureLogs.vue:16,crm/lead_syncing/doctype/failed_lead_sync_log/failed_lead_sync_log.js:6 || frontend/src/components/Settings/LeadSyncing/FailureLogs.vue:16,doctype-controller,Failed Lead Sync Log,[],,,,,,,traducción propuesta,revisado inicial CRM,sí,sí,no,,Retry Sync.,,,
crm:030481e0f98f5f6e,crm,crm,api,api,,Api,Revenue,Revenue,,,Ganancia,,Ingresos,,,,,crm/api/dashboard.py:727,crm/api/dashboard.py:727,crm/api/dashboard.py:727,python,,[],,,,,,,existente mejorable,revisado inicial CRM,sí,sí,no,,cross-app aprobado: Revenue->'Ingresos' (corrige 'Ganancia'),,,
crm:b55713766b929c80,crm,crm,src,src,,Src,Rich Text,Rich Text,,,Texto Enriquecido,,Texto Enriquecido,,,,,frontend/src/components/Settings/EmailTemplate/EditEmailTemplate.vue:80,frontend/src/components/Settings/EmailTemplate/EditEmailTemplate.vue:80 || frontend/src/components/Settings/EmailTemplate/NewEmailTemplate.vue:81,frontend/src/components/Settings/EmailTemplate/EditEmailTemplate.vue:81 || frontend/src/components/Settings/EmailTemplate/NewEmailTemplate.vue:81,client-js,,[],,,,,,,existente correcta,revisado inicial CRM,sí,sí,no,,Cross-app 'Rich Text'.,crm:crossapp,Texto Enriquecido,
crm:8d060c1df0177266,crm,crm,fcrm,fcrm,,Fcrm,Right,Right,,,derecho,,Derecha,,Label of the rgt (Int) field in DocType 'CRM Sales Hierarchy',etiqueta de campo/elemento,,crm/fcrm/doctype/crm_sales_hierarchy/crm_sales_hierarchy.json,crm/fcrm/doctype/crm_sales_hierarchy/crm_sales_hierarchy.json || crm/fcrm/doctype/crm_territory/crm_territory.json,crm/fcrm/doctype/crm_sales_hierarchy/crm_sales_hierarchy.json || crm/fcrm/doctype/crm_territory/crm_territory.json,doctype-json,Crm Sales Hierarchy,"[""Label of the rgt (Int) field in DocType 'CRM Sales Hierarchy'"", ""Label of the rgt (Int) field in DocType 'CRM Territory'""]",,,,,,,existente mejorable,revisado inicial CRM,sí,sí,no,,Campo rgt (nested-set). 'derecho' es error; Right=Derecha (cross-app).,,,
crm:a424927a62a097fc,crm,crm,fcrm,fcrm;src,sí,Fcrm,Ringing,Ringing,,,Zumbido,,Sonando,,Option for the 'Status' (Select) field in DocType 'CRM Call Log',opción de campo select,,crm/fcrm/doctype/crm_call_log/crm_call_log.json,crm/fcrm/doctype/crm_call_log/crm_call_log.json || frontend/src/utils/callLog.js:68,crm/fcrm/doctype/crm_call_log/crm_call_log.json || frontend/src/utils/callLog.js:68,doctype-json,Crm Call Log,"[""Option for the 'Status' (Select) field in DocType 'CRM Call Log'""]",,,,,,,existente mejorable,revisado inicial CRM,sí,sí,no,,"LOCKED: corrige 'Zumbido'->'Sonando' (Ringing, human_locked)",crm:a424927a62a097fc,Sonando,
crm:b1527f5a7065acf0,crm,crm,src,src,,Src,Ringing...,Ringing...,,,,,Sonando...,,,,,frontend/src/components/Telephony/TwilioCallUI.vue:140,frontend/src/components/Telephony/TwilioCallUI.vue:140 || frontend/src/components/Telephony/TwilioCallUI.vue:38,frontend/src/components/Telephony/TwilioCallUI.vue:38 || frontend/src/components/Telephony/TwilioCallUI.vue:140,client-js,,[],,,,,,,traducción propuesta,revisado inicial CRM,sí,sí,no,,Ringing->Sonando (glosario); puntos suspensivos preservados,,,
crm:45d999b8eb9079ed,crm,crm,fcrm,fcrm;src,sí,Fcrm,Role,Role,,,Rol,,Rol,,Label of the role (Select) field in DocType 'CRM Invitation',etiqueta de campo/elemento,,crm/fcrm/doctype/crm_invitation/crm_invitation.json,crm/fcrm/doctype/crm_invitation/crm_invitation.json || frontend/src/components/Modals/AddExistingUserModal.vue:44,crm/fcrm/doctype/crm_invitation/crm_invitation.json || frontend/src/components/Modals/AddExistingUserModal.vue:46,doctype-json,Crm Invitation,"[""Label of the role (Select) field in DocType 'CRM Invitation'""]",,,,,,,existente correcta,revisado inicial CRM,sí,sí,no,,Cross-app: Role=Rol.,,,
crm:46262e6cf5efbf51,crm,crm,fcrm,fcrm,,Fcrm,Rolling Response Due,Rolling Response Due,,,,,Respuesta continua pendiente,,Option for the 'SLA Status' (Select) field in DocType 'CRM Deal',opción de campo select,,crm/fcrm/doctype/crm_deal/crm_deal.json,crm/fcrm/doctype/crm_deal/crm_deal.json || crm/fcrm/doctype/crm_lead/crm_lead.json,crm/fcrm/doctype/crm_deal/crm_deal.json || crm/fcrm/doctype/crm_lead/crm_lead.json,doctype-json,Crm Deal,"[""Option for the 'SLA Status' (Select) field in DocType 'CRM Deal'"", ""Option for the 'SLA Status' (Select) field in DocType 'CRM Lead'""]",,,,,,,traducción propuesta,revisado inicial CRM,sí,sí,no,,Rolling = respuesta continua/recurrente del SLA.,,,
crm:e8ba5f0799992737,crm,crm,fcrm,fcrm;src,sí,Fcrm,Rolling Responses,Rolling Responses,,,,,Respuestas continuas,,Label of the rolling_responses (Check) field in DocType 'CRM Service Level Agreement',etiqueta de campo/elemento,,crm/fcrm/doctype/crm_deal/crm_deal.json,crm/fcrm/doctype/crm_deal/crm_deal.json || crm/fcrm/doctype/crm_lead/crm_lead.json || crm/fcrm/doctype/crm_service_level_agreement/crm_service_level_agreement.json || frontend/src/components/Settings/Sla/SlaPolicyView.vue:89,crm/fcrm/doctype/crm_deal/crm_deal.json || crm/fcrm/doctype/crm_lead/crm_lead.json || crm/fcrm/doctype/crm_service_level_agreement/crm_service_level_agreement.json || frontend/src/components/Settings/Sla/SlaPolicyView.vue:89,doctype-json,Crm Deal,"[""Label of the rolling_responses (Check) field in DocType 'CRM Service Level Agreement'"", ""Label of the rolling_responses (Table) field in DocType 'CRM Deal'"", ""Label of the rolling_responses (Table) field in DocType 'CRM Lead'""]",,,,,,,traducción propuesta,revisado inicial CRM,sí,sí,no,,Rolling Responses del SLA.,,,
crm:c258fbaabb09d50d,crm,crm,fcrm,fcrm,,Fcrm,Route,Route,,,Ruta,,Ruta,,Label of the route (Data) field in DocType 'CRM Dropdown Item',etiqueta de campo/elemento,,crm/fcrm/doctype/crm_dropdown_item/crm_dropdown_item.json,crm/fcrm/doctype/crm_dropdown_item/crm_dropdown_item.json,crm/fcrm/doctype/crm_dropdown_item/crm_dropdown_item.json,doctype-json,Crm Dropdown Item,"[""Label of the route (Data) field in DocType 'CRM Dropdown Item'"", ""Option for the 'Type' (Select) field in DocType 'CRM Dropdown Item'""]",,,,,,,existente correcta,revisado inicial CRM,sí,sí,no,,Cross-app: Route=Ruta.,,,
crm:a97a565a746e1e39,crm,crm,fcrm,fcrm,,Fcrm,Route Name,Route Name,,,,,Nombre de la ruta,,Label of the route_name (Data) field in DocType 'CRM View Settings',etiqueta de campo/elemento,,crm/fcrm/doctype/crm_view_settings/crm_view_settings.json,crm/fcrm/doctype/crm_view_settings/crm_view_settings.json,crm/fcrm/doctype/crm_view_settings/crm_view_settings.json,doctype-json,Crm View Settings,"[""Label of the route_name (Data) field in DocType 'CRM View Settings'""]",,,,,,,traducción propuesta,revisado inicial CRM,sí,sí,no,,crossapp Route Name->Nombre de la ruta,,,
crm:9b693635b8431f88,crm,crm,fcrm,fcrm,,Fcrm,Rows,Rows,,,,,Filas,,Label of the rows (Code) field in DocType 'CRM View Settings',etiqueta de campo/elemento,,crm/fcrm/doctype/crm_view_settings/crm_view_settings.json,crm/fcrm/doctype/crm_view_settings/crm_view_settings.json,crm/fcrm/doctype/crm_view_settings/crm_view_settings.json,doctype-json,Crm View Settings,"[""Label of the rows (Code) field in DocType 'CRM View Settings'""]",,,,,,,traducción propuesta,revisado inicial CRM,sí,sí,no,,crossapp Rows->Filas,,,
crm:1d087aeac1006588,crm,crm,src,src,,CRM,Run a manual bi-directional sync between ERPNext Items and CRM Products.,Run a manual bi-directional sync between ERPNext Items and CRM Products.,,,,,Ejecute una sincronización bidireccional manual entre los artículos de ERPNext y los productos del CRM.,,,,,frontend/src/components/Settings/ERPNextSettings.vue:248,frontend/src/components/Settings/ERPNextSettings.vue:248,,client-js,,[],,,,,,,traducción propuesta,aprobado (lote crm 1.81.2),sí,,,,lote crm 1.81.2: nueva,,,"POT-only: en el universo fresco, sin traducir"
crm:ea1af00622dceea7,crm,crm,src,src,,CRM,Run a manual synchronization to pull the latest Items from ERPNext.,Run a manual synchronization to pull the latest Items from ERPNext.,,,,,Ejecute una sincronización manual para traer los artículos más recientes de ERPNext.,,,,,frontend/src/components/Settings/ERPNextSettings.vue:251,frontend/src/components/Settings/ERPNextSettings.vue:251,,client-js,,[],,,,,,,traducción propuesta,aprobado (lote crm 1.81.2),sí,,,,lote crm 1.81.2: nueva,,,"POT-only: en el universo fresco, sin traducir"
crm:c0525813246543cb,crm,crm,fcrm,fcrm,,Fcrm,SLA,SLA,,,,,SLA,,Label of a shortcut in the Frappe CRM Workspace,etiqueta de campo/elemento,,crm/fcrm/doctype/crm_deal/crm_deal.json,crm/fcrm/doctype/crm_deal/crm_deal.json || crm/fcrm/doctype/crm_lead/crm_lead.json || crm/fcrm/workspace/frappe_crm/frappe_crm.json,crm/fcrm/doctype/crm_deal/crm_deal.json || crm/fcrm/doctype/crm_lead/crm_lead.json || crm/fcrm/workspace/frappe_crm/frappe_crm.json,doctype-json,Crm Deal,"[""Label of a shortcut in the Frappe CRM Workspace"", ""Label of the sla (Link) field in DocType 'CRM Deal'"", ""Label of the sla (Link) field in DocType 'CRM Lead'"", ""Label of the sla_tab (Tab Break) field in DocType 'CRM Deal'"", ""Label of the sla_tab (Tab Break) field in DocType 'CRM Lead'""]",,,,,,,igual al inglés válida,revisado inicial CRM,sí,sí,no,,Sigla; cross-app aprobado.,SLA,SLA,
crm:6c4f56379278a6c6,crm,crm,fcrm,fcrm,,Fcrm,SLA Creation,SLA Creation,,,,,Creación de SLA,,Label of the sla_creation (Datetime) field in DocType 'CRM Deal',etiqueta de campo/elemento,,crm/fcrm/doctype/crm_deal/crm_deal.json,crm/fcrm/doctype/crm_deal/crm_deal.json || crm/fcrm/doctype/crm_lead/crm_lead.json,crm/fcrm/doctype/crm_deal/crm_deal.json || crm/fcrm/doctype/crm_lead/crm_lead.json,doctype-json,Crm Deal,"[""Label of the sla_creation (Datetime) field in DocType 'CRM Deal'"", ""Label of the sla_creation (Datetime) field in DocType 'CRM Lead'""]",,,,,,,traducción propuesta,revisado inicial CRM,sí,sí,no,,Cross-app aprobado exacto.,SLA Creation,Creación de SLA,
crm:f5f59ef2804120f1,crm,crm,fcrm,fcrm,,Fcrm,SLA Name,SLA Name,,,,,Nombre del SLA,,Label of the sla_name (Data) field in DocType 'CRM Service Level Agreement',etiqueta de campo/elemento,,crm/fcrm/doctype/crm_service_level_agreement/crm_service_level_agreement.json,crm/fcrm/doctype/crm_service_level_agreement/crm_service_level_agreement.json,crm/fcrm/doctype/crm_service_level_agreement/crm_service_level_agreement.json,doctype-json,Crm Service Level Agreement,"[""Label of the sla_name (Data) field in DocType 'CRM Service Level Agreement'""]",,,,,,,traducción propuesta,revisado inicial CRM,sí,sí,no,,,,,
crm:21f405a901289c9f,crm,crm,src,src,,Src,SLA Policies,SLA Policies,,,,,Políticas de SLA,,,,,frontend/src/components/Settings/Settings.vue:193,frontend/src/components/Settings/Settings.vue:193 || frontend/src/components/Settings/Sla/SlaPolicyList.vue:3,frontend/src/components/Settings/Settings.vue:198 || frontend/src/components/Settings/Sla/SlaPolicyList.vue:3,client-js,,[],,,,,,,traducción propuesta,revisado inicial CRM,sí,sí,no,,Crossapp aprobado; SLA se mantiene sigla.,SLA Policies,Políticas de SLA,
crm:704dd701711feb93,crm,crm,fcrm,fcrm,,Fcrm,SLA Status,SLA Status,,,,,Estado de SLA,,Label of the sla_status (Select) field in DocType 'CRM Deal',etiqueta de campo/elemento,,crm/fcrm/doctype/crm_deal/crm_deal.json,crm/fcrm/doctype/crm_deal/crm_deal.json || crm/fcrm/doctype/crm_lead/crm_lead.json,crm/fcrm/doctype/crm_deal/crm_deal.json || crm/fcrm/doctype/crm_lead/crm_lead.json,doctype-json,Crm Deal,"[""Label of the sla_status (Select) field in DocType 'CRM Deal'"", ""Label of the sla_status (Select) field in DocType 'CRM Lead'""]",,,,,,,traducción propuesta,revisado inicial CRM,sí,sí,no,,Cross-app aprobado exacto.,SLA Status,Estado de SLA,
crm:85b15de5be3affaf,crm,crm,src,src,,CRM,SLA policy created,SLA policy created,,,,,Política de SLA creada,,,,,frontend/src/components/Settings/Sla/SlaPolicyView.vue:441,frontend/src/components/Settings/Sla/SlaPolicyView.vue:441,,client-js,,[],,,,,,,traducción propuesta,aprobado (lote crm 1.81.2),sí,,,,lote crm 1.81.2: reusar de SLA Policy Created,,,"POT-only: en el universo fresco, sin traducir"
crm:d53c69196d360fa0,crm,crm,src,src,,CRM,SLA policy deleted,SLA policy deleted,,,,,Política de SLA eliminada,,,,,frontend/src/components/Settings/Sla/SlaPolicyList.vue:242,frontend/src/components/Settings/Sla/SlaPolicyList.vue:242,,client-js,,[],,,,,,,traducción propuesta,aprobado (lote crm 1.81.2),sí,,,,lote crm 1.81.2: reusar de SLA Policy Deleted,,,"POT-only: en el universo fresco, sin traducir"
crm:810f5c74b4b32748,crm,crm,src,src,,CRM,SLA policy duplicated,SLA policy duplicated,,,,,Política de SLA duplicada,,,,,frontend/src/components/Settings/Sla/SlaPolicyList.vue:218,frontend/src/components/Settings/Sla/SlaPolicyList.vue:218,,client-js,,[],,,,,,,traducción propuesta,aprobado (lote crm 1.81.2),sí,,,,lote crm 1.81.2: reusar de SLA Policy Duplicated,,,"POT-only: en el universo fresco, sin traducir"
crm:4186735cc05b956e,crm,crm,src,src,,CRM,SLA policy name is required,SLA policy name is required,,,,,El nombre de la política de SLA es obligatorio,,,,,frontend/src/components/Settings/Sla/utils.js:106,frontend/src/components/Settings/Sla/utils.js:106,,client-js,,[],,,,,,,traducción propuesta,aprobado (lote crm 1.81.2),sí,,,,lote crm 1.81.2: reusar de SLA Policy Name is required,,,"POT-only: en el universo fresco, sin traducir"
crm:a317455e8b5f1dc5,crm,crm,src,src,,CRM,SLA policy status updated,SLA policy status updated,,,,,Estado de la política de SLA actualizado,,,,,frontend/src/components/Settings/Sla/SlaPolicyList.vue:264,frontend/src/components/Settings/Sla/SlaPolicyList.vue:264,,client-js,,[],,,,,,,traducción propuesta,aprobado (lote crm 1.81.2),sí,,,,lote crm 1.81.2: reusar de SLA Policy Status Updated,,,"POT-only: en el universo fresco, sin traducir"
crm:d48a821130c377f5,crm,crm,src,src,,CRM,SLA policy updated,SLA policy updated,,,,,Política de SLA actualizada,,,,,frontend/src/components/Settings/Sla/SlaPolicyView.vue:511,frontend/src/components/Settings/Sla/SlaPolicyView.vue:511,,client-js,,[],,,,,,,traducción propuesta,aprobado (lote crm 1.81.2),sí,,,,lote crm 1.81.2: reusar de SLA Policy Updated,,,"POT-only: en el universo fresco, sin traducir"
crm:f8be8e0ddf232fe5,crm,crm,src,src,,Src,SUBJECT,SUBJECT,,,,,ASUNTO,,,,,frontend/src/components/EmailEditor.vue:92,frontend/src/components/EmailEditor.vue:92,frontend/src/components/EmailEditor.vue:102,client-js,,[],,,,,,,traducción propuesta,revisado inicial CRM,sí,sí,no,,Encabezado SUBJECT del editor; mayúsculas por UI.,Subject,Asunto,
crm:7dbb04cb6e536a9f,crm,crm,src,src,,Src,Sales Hierarchy,Sales Hierarchy,,,,,Jerarquía de ventas,,,,,frontend/src/components/Settings/Hierarchy/Hierarchy.vue:7,frontend/src/components/Settings/Hierarchy/Hierarchy.vue:7 || frontend/src/components/Settings/Settings.vue:160,frontend/src/components/Settings/Hierarchy/Hierarchy.vue:7 || frontend/src/components/Settings/Settings.vue:165,client-js,,[],,,,,,,traducción propuesta,revisado inicial CRM,sí,sí,no,,Sin traducción upstream.,,,
crm:3544072d98de7395,crm,crm,fcrm,fcrm;lead_syncing;src,sí,Fcrm,Sales Manager,Sales Manager,,,Gerente de Ventas,,Gerente de Ventas,,Name of a role,nombre de rol,,crm/fcrm/doctype/crm_call_log/crm_call_log.json,crm/fcrm/doctype/crm_call_log/crm_call_log.json || crm/fcrm/doctype/crm_communication_status/crm_communication_status.json || crm/fcrm/doctype/crm_dashboard/crm_dashboard.json || crm/fcrm/doctype/crm_deal/crm_deal.json || crm/fcrm/doctype/crm_deal_status/crm_deal_status.json || crm/fcrm/doctype/crm_exotel_settings/crm_exotel_settings.json || crm/fcrm/doctype/crm_fields_layout/crm_fields_layout.json || crm/fcrm/doctype/crm_form_script/crm_form_script.json || crm/fcrm/doctype/crm_global_settings/crm_global_settings.json || crm/fcrm/doctype/crm_holiday_list/crm_holiday_list.json || crm/fcrm/doctype/crm_industry/crm_industry.json || crm/fcrm/doctype/crm_invitation/crm_invitation.json || crm/fcrm/doctype/crm_lead/crm_lead.json || crm/fcrm/doctype/crm_lead_source/crm_lead_source.json || crm/fcrm/doctype/crm_lead_status/crm_lead_status.json || crm/fcrm/doctype/crm_lost_reason/crm_lost_reason.json || crm/fcrm/doctype/crm_notification/crm_notification.json || crm/fcrm/doctype/crm_organization/crm_organization.json || crm/fcrm/doctype/crm_product/crm_product.json || crm/fcrm/doctype/crm_sales_hierarchy/crm_sales_hierarchy.json || crm/fcrm/doctype/crm_service_level_agreement/crm_service_level_agreement.json || crm/fcrm/doctype/crm_task/crm_task.json || crm/fcrm/doctype/crm_telephony_agent/crm_telephony_agent.json || crm/fcrm/doctype/crm_territory/crm_territory.json || crm/fcrm/doctype/crm_twilio_settings/crm_twilio_settings.json || crm/fcrm/doctype/crm_view_settings/crm_view_settings.json || crm/fcrm/doctype/erpnext_crm_settings/erpnext_crm_settings.json || crm/fcrm/doctype/fcrm_note/fcrm_note.json || crm/fcrm/doctype/fcrm_settings/fcrm_settings.json || crm/lead_syncing/doctype/facebook_lead_form/facebook_lead_form.json || crm/lead_syncing/doctype/facebook_page/facebook_page.json || crm/lead_syncing/doctype/failed_lead_sync_log/failed_lead_sync_log.json || crm/lead_syncing/doctype/lead_sync_source/lead_sync_source.json || frontend/src/components/Settings/Hierarchy/Hierarchy.vue:276,crm/fcrm/doctype/crm_call_log/crm_call_log.json || crm/fcrm/doctype/crm_communication_status/crm_communication_status.json || crm/fcrm/doctype/crm_dashboard/crm_dashboard.json || crm/fcrm/doctype/crm_deal/crm_deal.json || crm/fcrm/doctype/crm_deal_status/crm_deal_status.json || crm/fcrm/doctype/crm_exotel_settings/crm_exotel_settings.json || crm/fcrm/doctype/crm_fields_layout/crm_fields_layout.json || crm/fcrm/doctype/crm_form_script/crm_form_script.json || crm/fcrm/doctype/crm_global_settings/crm_global_settings.json || crm/fcrm/doctype/crm_holiday_list/crm_holiday_list.json || crm/fcrm/doctype/crm_industry/crm_industry.json || crm/fcrm/doctype/crm_invitation/crm_invitation.json || crm/fcrm/doctype/crm_lead/crm_lead.json || crm/fcrm/doctype/crm_lead_source/crm_lead_source.json || crm/fcrm/doctype/crm_lead_status/crm_lead_status.json || crm/fcrm/doctype/crm_lost_reason/crm_lost_reason.json || crm/fcrm/doctype/crm_notification/crm_notification.json || crm/fcrm/doctype/crm_organization/crm_organization.json || crm/fcrm/doctype/crm_product/crm_product.json || crm/fcrm/doctype/crm_sales_hierarchy/crm_sales_hierarchy.json || crm/fcrm/doctype/crm_service_level_agreement/crm_service_level_agreement.json || crm/fcrm/doctype/crm_task/crm_task.json || crm/fcrm/doctype/crm_telephony_agent/crm_telephony_agent.json || crm/fcrm/doctype/crm_territory/crm_territory.json || crm/fcrm/doctype/crm_twilio_settings/crm_twilio_settings.json || crm/fcrm/doctype/crm_view_settings/crm_view_settings.json || crm/fcrm/doctype/erpnext_crm_settings/erpnext_crm_settings.json || crm/fcrm/doctype/fcrm_note/fcrm_note.json || crm/fcrm/doctype/fcrm_settings/fcrm_settings.json || crm/lead_syncing/doctype/facebook_lead_form/facebook_lead_form.json || crm/lead_syncing/doctype/facebook_page/facebook_page.json || crm/lead_syncing/doctype/failed_lead_sync_log/failed_lead_sync_log.json || crm/lead_syncing/doctype/lead_sync_source/lead_sync_source.json || frontend/src/components/Settings/Hierarchy/Hierarchy.vue:276,doctype-json,Crm Call Log,"[""Name of a role"", ""Option for the 'Role' (Select) field in DocType 'CRM Invitation'""]",,,,,,,existente correcta,revisado inicial CRM,sí,sí,no,,Cross-app aprobado: Sales Manager->Gerente de Ventas.,,,
crm:92f1926306349182,crm,crm,src,src,,Src,Sales Trend,Sales Trend,,,,,Tendencia de ventas,,,,,frontend/src/components/Dashboard/AddChartModal.vue:90,frontend/src/components/Dashboard/AddChartModal.vue:90,frontend/src/components/Dashboard/AddChartModal.vue:90,client-js,,[],,,,,,,traducción propuesta,revisado inicial CRM,sí,sí,no,,,,,
crm:f677f385ae4733ce,crm,crm,fcrm,fcrm;src,sí,Fcrm,Sales User,Sales User,,,Usuario de Ventas,,Usuario de ventas,,Name of a role,nombre de rol,,crm/fcrm/doctype/crm_call_log/crm_call_log.json,crm/fcrm/doctype/crm_call_log/crm_call_log.json || crm/fcrm/doctype/crm_communication_status/crm_communication_status.json || crm/fcrm/doctype/crm_dashboard/crm_dashboard.json || crm/fcrm/doctype/crm_deal/crm_deal.json || crm/fcrm/doctype/crm_deal_status/crm_deal_status.json || crm/fcrm/doctype/crm_fields_layout/crm_fields_layout.json || crm/fcrm/doctype/crm_form_script/crm_form_script.json || crm/fcrm/doctype/crm_global_settings/crm_global_settings.json || crm/fcrm/doctype/crm_holiday_list/crm_holiday_list.json || crm/fcrm/doctype/crm_industry/crm_industry.json || crm/fcrm/doctype/crm_invitation/crm_invitation.json || crm/fcrm/doctype/crm_lead/crm_lead.json || crm/fcrm/doctype/crm_lead_source/crm_lead_source.json || crm/fcrm/doctype/crm_lead_status/crm_lead_status.json || crm/fcrm/doctype/crm_lost_reason/crm_lost_reason.json || crm/fcrm/doctype/crm_notification/crm_notification.json || crm/fcrm/doctype/crm_organization/crm_organization.json || crm/fcrm/doctype/crm_product/crm_product.json || crm/fcrm/doctype/crm_sales_hierarchy/crm_sales_hierarchy.json || crm/fcrm/doctype/crm_task/crm_task.json || crm/fcrm/doctype/crm_telephony_agent/crm_telephony_agent.json || crm/fcrm/doctype/crm_territory/crm_territory.json || crm/fcrm/doctype/crm_view_settings/crm_view_settings.json || crm/fcrm/doctype/erpnext_crm_settings/erpnext_crm_settings.json || crm/fcrm/doctype/fcrm_note/fcrm_note.json || crm/fcrm/doctype/fcrm_settings/fcrm_settings.json || frontend/src/components/Modals/AddExistingUserModal.vue:90 || frontend/src/components/Settings/Hierarchy/Hierarchy.vue:277 || frontend/src/components/Settings/InviteUserPage.vue:162 || frontend/src/components/Settings/InviteUserPage.vue:169 || frontend/src/components/Settings/Users.vue:195 || frontend/src/components/Settings/Users.vue:251 || frontend/src/components/Settings/Users.vue:254 || frontend/src/components/Settings/Users.vue:87 || frontend/src/pages/Dashboard.vue:95,crm/fcrm/doctype/crm_call_log/crm_call_log.json || crm/fcrm/doctype/crm_communication_status/crm_communication_status.json || crm/fcrm/doctype/crm_dashboard/crm_dashboard.json || crm/fcrm/doctype/crm_deal/crm_deal.json || crm/fcrm/doctype/crm_deal_status/crm_deal_status.json || crm/fcrm/doctype/crm_fields_layout/crm_fields_layout.json || crm/fcrm/doctype/crm_form_script/crm_form_script.json || crm/fcrm/doctype/crm_global_settings/crm_global_settings.json || crm/fcrm/doctype/crm_holiday_list/crm_holiday_list.json || crm/fcrm/doctype/crm_industry/crm_industry.json || crm/fcrm/doctype/crm_invitation/crm_invitation.json || crm/fcrm/doctype/crm_lead/crm_lead.json || crm/fcrm/doctype/crm_lead_source/crm_lead_source.json || crm/fcrm/doctype/crm_lead_status/crm_lead_status.json || crm/fcrm/doctype/crm_lost_reason/crm_lost_reason.json || crm/fcrm/doctype/crm_notification/crm_notification.json || crm/fcrm/doctype/crm_organization/crm_organization.json || crm/fcrm/doctype/crm_product/crm_product.json || crm/fcrm/doctype/crm_sales_hierarchy/crm_sales_hierarchy.json || crm/fcrm/doctype/crm_task/crm_task.json || crm/fcrm/doctype/crm_telephony_agent/crm_telephony_agent.json || crm/fcrm/doctype/crm_territory/crm_territory.json || crm/fcrm/doctype/crm_view_settings/crm_view_settings.json || crm/fcrm/doctype/erpnext_crm_settings/erpnext_crm_settings.json || crm/fcrm/doctype/fcrm_note/fcrm_note.json || crm/fcrm/doctype/fcrm_settings/fcrm_settings.json || frontend/src/components/Modals/AddExistingUserModal.vue:92 || frontend/src/components/Settings/Hierarchy/Hierarchy.vue:277 || frontend/src/components/Settings/InviteUserPage.vue:162 || frontend/src/components/Settings/InviteUserPage.vue:169 || frontend/src/components/Settings/Users.vue:87 || frontend/src/components/Settings/Users.vue:187 || frontend/src/components/Settings/Users.vue:243 || frontend/src/components/Settings/Users.vue:246 || frontend/src/pages/Dashboard.vue:95,doctype-json,Crm Call Log,"[""Name of a role"", ""Option for the 'Role' (Select) field in DocType 'CRM Invitation'""]",,,,,,,existente mejorable,revisado inicial CRM,sí,sí,no,,Cross-app aprobado: Sales User->Usuario de ventas (minúscula en 'ventas').,,,
crm:5e2280a216210967,crm,crm,src,src,,CRM,Sales hierarchy disabled,Sales hierarchy disabled,,,,,Jerarquía de ventas deshabilitada,,,,,frontend/src/components/Settings/Hierarchy/Hierarchy.vue:323,frontend/src/components/Settings/Hierarchy/Hierarchy.vue:323,,client-js,,[],,,,,,,traducción propuesta,aprobado (lote crm 1.81.2),sí,,,,lote crm 1.81.2: reusar de Sales Hierarchy disabled,,,"POT-only: en el universo fresco, sin traducir"
crm:cef641452a39353d,crm,crm,src,src,,CRM,Sales hierarchy enabled,Sales hierarchy enabled,,,,,Jerarquía de ventas habilitada,,,,,frontend/src/components/Settings/Hierarchy/Hierarchy.vue:336,frontend/src/components/Settings/Hierarchy/Hierarchy.vue:336,,client-js,,[],,,,,,,traducción propuesta,aprobado (lote crm 1.81.2),sí,,,,lote crm 1.81.2: reusar de Sales Hierarchy enabled,,,"POT-only: en el universo fresco, sin traducir"
crm:ee4ff08b0420f9c7,crm,crm,api,api,,Api,Sales trend,Sales trend,,,,,Tendencia de ventas,,,,,crm/api/dashboard.py:638,crm/api/dashboard.py:638,crm/api/dashboard.py:638,python,,[],,,,,,,traducción propuesta,revisado inicial CRM,sí,sí,no,,Sales trend,,,
crm:7291e690fa91a50e,crm,crm,src,src,,Src,Salesforce,Salesforce,,,,,Salesforce,,,,,frontend/src/pages/PersonaForm.vue:61,frontend/src/pages/PersonaForm.vue:61,frontend/src/pages/PersonaForm.vue:61,client-js,,[],,,,,,,igual al inglés válida,revisado inicial CRM,sí,sí,no,,Nombre de producto; cross-app aprobado.,,,
crm:05f5cb3536f74649,crm,crm,api,api,,Api,Salesperson,Salesperson,,,,,Vendedor,,,,,crm/api/dashboard.py:1133,crm/api/dashboard.py:1133,crm/api/dashboard.py:1133,python,,[],,,,,,,traducción propuesta,revisado inicial CRM,sí,sí,no,,Salesperson,,,
crm:f8bd88365c4ad1a9,crm,crm,fcrm,fcrm,,Fcrm,Salutation,Salutation,,,Saludo.,,Saludo,,Label of the salutation (Link) field in DocType 'CRM Deal',etiqueta de campo/elemento,,crm/fcrm/doctype/crm_deal/crm_deal.json,crm/fcrm/doctype/crm_deal/crm_deal.json || crm/fcrm/doctype/crm_lead/crm_lead.json,crm/fcrm/doctype/crm_deal/crm_deal.json || crm/fcrm/doctype/crm_lead/crm_lead.json,doctype-json,Crm Deal,"[""Label of the salutation (Link) field in DocType 'CRM Deal'"", ""Label of the salutation (Link) field in DocType 'CRM Lead'""]",,,,,,,existente mejorable,revisado inicial CRM,sí,sí,no,,Corrige 'Saludo.' (punto sobrante) -> 'Saludo' (cross-app).,Salutation,Saludo,
crm:e6be7e40812f9b7b,crm,crm,fcrm,fcrm,,Fcrm,Saturday,Saturday,,,Sábado,,Sábado,,Option for the 'Weekly Off' (Select) field in DocType 'CRM Holiday List',opción de campo select,,crm/fcrm/doctype/crm_holiday_list/crm_holiday_list.json,crm/fcrm/doctype/crm_holiday_list/crm_holiday_list.json || crm/fcrm/doctype/crm_service_day/crm_service_day.json,crm/fcrm/doctype/crm_holiday_list/crm_holiday_list.json || crm/fcrm/doctype/crm_service_day/crm_service_day.json,doctype-json,Crm Holiday List,"[""Option for the 'Weekly Off' (Select) field in DocType 'CRM Holiday List'"", ""Option for the 'Workday' (Select) field in DocType 'CRM Service Day'""]",,,,,,,existente correcta,revisado inicial CRM,sí,sí,no,,crossapp Saturday->Sábado,,,
crm:671458ff90313292,crm,crm,src,src,,Src,Save,Save,,,Guardar,,Guardar,,,,,frontend/src/components/Activities/CommentArea.vue:44,frontend/src/components/Activities/CommentArea.vue:44 || frontend/src/components/Controls/GeolocationControl.vue:66 || frontend/src/components/Controls/GridFieldsEditorModal.vue:88 || frontend/src/components/Controls/GridRowFieldsModal.vue:26 || frontend/src/components/Modals/DataFieldsModal.vue:26 || frontend/src/components/Modals/LostReasonModal.vue:45 || frontend/src/components/Modals/QuickEntryModal.vue:26 || frontend/src/components/Modals/SidePanelModal.vue:26 || frontend/src/components/PrimaryDropdownItem.vue:70 || frontend/src/components/Settings/AssignmentRules/AssignmentRuleView.vue:36 || frontend/src/components/Settings/DashboardSettings.vue:244 || frontend/src/components/Settings/EmailTemplate/EditEmailTemplate.vue:21 || frontend/src/components/Settings/EmailTemplate/NewEmailTemplate.vue:23 || frontend/src/components/Settings/PreferencesSettings.vue:49 || frontend/src/components/Settings/Sla/EditResponseResolutionModal.vue:51 || frontend/src/components/Settings/Sla/SlaPolicyView.vue:34 || frontend/src/components/Settings/Sla/WorkDayModal.vue:78 || frontend/src/components/Telephony/ExotelCallUI.vue:221 || frontend/src/components/ViewControls.vue:125 || frontend/src/pages/Dashboard.vue:36,frontend/src/components/Activities/CommentArea.vue:44 || frontend/src/components/Calendar/CalendarEventPanel.vue:511 || frontend/src/components/Controls/GeolocationControl.vue:66 || frontend/src/components/Controls/GridFieldsEditorModal.vue:88 || frontend/src/components/Controls/GridRowFieldsModal.vue:26 || frontend/src/components/Modals/DataFieldsModal.vue:26 || frontend/src/components/Modals/LostReasonModal.vue:45 || frontend/src/components/Modals/QuickEntryModal.vue:26 || frontend/src/components/Modals/SidePanelModal.vue:26 || frontend/src/components/PrimaryDropdownItem.vue:21 || frontend/src/components/Settings/AssignmentRules/AssignmentRuleView.vue:36 || frontend/src/components/Settings/DashboardSettings.vue:244 || frontend/src/components/Settings/PreferencesSettings.vue:49 || frontend/src/components/Settings/Sla/EditResponseResolutionModal.vue:51 || frontend/src/components/Settings/Sla/SlaPolicyView.vue:34 || frontend/src/components/Settings/Sla/WorkDayModal.vue:78 || frontend/src/components/Telephony/ExotelCallUI.vue:221 || frontend/src/components/ViewControls.vue:125 || frontend/src/pages/Dashboard.vue:36,client-js,,[],,,,,,,existente correcta,revisado inicial CRM,sí,sí,no,,crossapp aprobado.,,,
crm:30b79cc56762b07a,crm,crm,src,src,,Src,Save Changes,Save Changes,,,,,Guardar cambios,,,,,frontend/src/components/Modals/ViewModal.vue:60,frontend/src/components/Modals/ViewModal.vue:60 || frontend/src/components/ViewControls.vue:155 || frontend/src/components/ViewControls.vue:58,frontend/src/components/Modals/ViewModal.vue:40 || frontend/src/components/ViewControls.vue:58 || frontend/src/components/ViewControls.vue:155,client-js,,[],,,,,,,traducción propuesta,revisado inicial CRM,sí,sí,no,,Cross-app aprobado.,,,
crm:3221b6a7e3547d45,crm,crm,src,src,,Src,Saved View,Saved View,,,,,Vista guardada,,,,,frontend/src/components/Layouts/AppSidebar.vue:683,frontend/src/components/Layouts/AppSidebar.vue:683,frontend/src/components/Layouts/AppSidebar.vue:599,client-js,,[],,,,,,,traducción propuesta,revisado inicial CRM,sí,sí,no,,,,,
crm:caab63bd9071ff36,crm,crm,src,src,,Src,Saved Views,Saved Views,,,,,Vistas guardadas,,,,,frontend/src/components/ViewControls.vue:685,frontend/src/components/ViewControls.vue:685,frontend/src/components/ViewControls.vue:674,client-js,,[],,,,,,,traducción propuesta,revisado inicial CRM,sí,sí,no,,Cross-app aprobado.,,,
crm:4a85894234146004,crm,crm,src,src,,Src,Schedule a task...,Schedule a task...,,,,,Programar una tarea...,,,,,frontend/src/components/Telephony/TaskPanel.vue:8,frontend/src/components/Telephony/TaskPanel.vue:8,frontend/src/components/Telephony/TaskPanel.vue:8,client-js,,[],,,,,,,traducción propuesta,revisado inicial CRM,sí,sí,no,,Task->tarea; puntos suspensivos preservados,,,
crm:acbc4d334a114f9d,crm,crm,fcrm,fcrm,,Fcrm,Script,Script,,,Script,,Script,,Label of the script (Code) field in DocType 'CRM Form Script',etiqueta de campo/elemento,,crm/fcrm/doctype/crm_form_script/crm_form_script.json,crm/fcrm/doctype/crm_form_script/crm_form_script.json,crm/fcrm/doctype/crm_form_script/crm_form_script.json,doctype-json,Crm Form Script,"[""Label of the script (Code) field in DocType 'CRM Form Script'""]",,,,,,,igual al inglés válida,revisado inicial CRM,sí,sí,no,,Cross-app: Script=Script (término técnico).,,,
crm:5720a3968d089951,crm,crm,src,src,,Src,Search,Search,,,Buscar,,Buscar,,,,,frontend/src/components/Settings/AssignmentRules/AssigneeSearch.vue:23,frontend/src/components/Settings/AssignmentRules/AssigneeSearch.vue:23 || frontend/src/components/Settings/Sla/SlaPolicyList.vue:21 || frontend/src/components/frappe-ui/Autocomplete.vue:57,frontend/src/components/Settings/AssignmentRules/AssigneeSearch.vue:23 || frontend/src/components/Settings/Sla/SlaPolicyList.vue:21 || frontend/src/components/frappe-ui/Autocomplete.vue:57,client-js,,[],,,,,,,existente correcta,revisado inicial CRM,sí,sí,no,,Cross-app 'Search'=Buscar.,crm:crossapp,Buscar,
crm:a9c398d2dabf253e,crm,crm,src,src,,Src,Search Template,Search Template,,,,,Buscar plantilla,,,,,frontend/src/components/Settings/EmailTemplate/EmailTemplates.vue:60,frontend/src/components/Settings/EmailTemplate/EmailTemplates.vue:60,frontend/src/components/Settings/EmailTemplate/EmailTemplates.vue:60,client-js,,[],,,,,,,traducción propuesta,revisado inicial CRM,sí,sí,no,,Sin traducción upstream; propuesta MX.,,,
crm:c2570f1a77ff82a8,crm,crm,src,src,,Src,Search User,Search User,,,,,Buscar usuario,,,,,frontend/src/components/Settings/Users.vue:69,frontend/src/components/Settings/Users.vue:69,frontend/src/components/Settings/Users.vue:69,client-js,,[],,,,,,,traducción propuesta,revisado inicial CRM,sí,sí,no,,,,,
crm:780768c044ad519d,crm,crm,src,src,,Src,Search users,Search users,,,,,Buscar usuarios,,,,,frontend/src/components/Settings/Hierarchy/Hierarchy.vue:83,frontend/src/components/Settings/Hierarchy/Hierarchy.vue:83 || frontend/src/components/Settings/Hierarchy/UserMultiSelect.vue:6,frontend/src/components/Settings/Hierarchy/Hierarchy.vue:83 || frontend/src/components/Settings/Hierarchy/UserMultiSelect.vue:6,client-js,,[],,,,,,,traducción propuesta,revisado inicial CRM,sí,sí,no,,Sin traducción upstream.,,,
crm:01828107ff1f8f56,crm,crm,src,src,,Src,Section,Section,,,Sección,,Sección,,,,,frontend/src/components/FieldLayoutEditor.vue:454,frontend/src/components/FieldLayoutEditor.vue:454,frontend/src/components/FieldLayoutEditor.vue:457,client-js,,[],,,,,,,existente correcta,revisado inicial CRM,sí,sí,no,,cross-app Section=Sección,,,
crm:75ed59142604a18e,crm,crm,src,src,,Src,Select,Select,,,Seleccionar,,Seleccionar,,,,,frontend/src/components/SidePanelLayout.vue:156,frontend/src/components/SidePanelLayout.vue:156,frontend/src/components/SidePanelLayout.vue:154,client-js,,[],,,,,,,existente correcta,revisado inicial CRM,sí,sí,no,,Cross-app aprobado.,,,
crm:b000b38391d9080b,crm,crm,src,src,,Src,Select Company,Select Company,,,Seleccionar Compañia,,Seleccionar Empresa,,,,,frontend/src/components/Settings/ERPNextSettings.vue:201,frontend/src/components/Settings/ERPNextSettings.vue:201,frontend/src/components/Settings/ERPNextSettings.vue:176,client-js,,[],,,,,,,existente mejorable,revisado inicial CRM,sí,sí,no,,Cross-app 'Select Company'=Seleccionar Empresa; corrige 'Compañia' sin tilde.,crm:crossapp,Seleccionar Empresa,
crm:fb6660d010cf7c58,crm,crm,src,src,,CRM,Select Country to see state options,Select Country to see state options,,,,,Seleccione un país para ver las opciones de estado,,,,,frontend/src/utils/fieldTransforms.js:113,frontend/src/utils/fieldTransforms.js:113,,client-js,,[],,,,,,,traducción propuesta,aprobado (lote crm 1.81.2),sí,,,,lote crm 1.81.2: nueva,,,"POT-only: en el universo fresco, sin traducir"
crm:7e849f6eddd0f0d5,crm,crm,src,src,,Src,Select Currency,Select Currency,,,Seleccionar Moneda,,Seleccionar Moneda,,,,,frontend/src/components/Settings/DashboardSettings.vue:89,frontend/src/components/Settings/DashboardSettings.vue:89,frontend/src/components/Settings/DashboardSettings.vue:89,client-js,,[],,,,,,,existente correcta,revisado inicial CRM,sí,sí,no,,Cross-app 'Select Currency'.,crm:crossapp,Seleccionar Moneda,
crm:c47cc7c6095ba509,crm,crm,src,src,,Src,Select Holiday List,Select Holiday List,,,,,Seleccionar lista de días festivos,,,,,frontend/src/components/Settings/Sla/SlaHolidays.vue:20,frontend/src/components/Settings/Sla/SlaHolidays.vue:20,frontend/src/components/Settings/Sla/SlaHolidays.vue:20,client-js,,[],,,,,,,traducción propuesta,revisado inicial CRM,sí,sí,no,,Sin traducción upstream.,,,
crm:f80b6e5e0c7620a0,crm,crm,src,src,,Src,Select Medium,Select Medium,,,,,Seleccionar medio,,,,,frontend/src/components/Settings/Telephony/TelephonySettings.vue:54,frontend/src/components/Settings/Telephony/TelephonySettings.vue:54,frontend/src/components/Settings/Telephony/TelephonySettings.vue:54,client-js,,[],,,,,,,traducción propuesta,revisado inicial CRM,sí,sí,no,,Medium = medio de llamada,,,
crm:0f861a3e2190d93a,crm,crm,src,src,,Src,Select Priority,Select Priority,,,,,Seleccionar prioridad,,,,,frontend/src/components/Settings/Sla/EditResponseResolutionModal.vue:10,frontend/src/components/Settings/Sla/EditResponseResolutionModal.vue:10,frontend/src/components/Settings/Sla/EditResponseResolutionModal.vue:10,client-js,,[],,,,,,,traducción propuesta,revisado inicial CRM,sí,sí,no,,Priority->Prioridad.,,,
crm:0e1a85dce5595722,crm,crm,src,src,,Src,Select Provider,Select Provider,,,,,Seleccionar proveedor,,,,,frontend/src/components/Settings/DashboardSettings.vue:119,frontend/src/components/Settings/DashboardSettings.vue:119,frontend/src/components/Settings/DashboardSettings.vue:119,client-js,,[],,,,,,,traducción propuesta,revisado inicial CRM,sí,sí,no,,,,,
crm:968472f5a74bd568,crm,crm,src,src,,Src,Select Range,Select Range,,,,,Seleccionar rango,,,,,frontend/src/pages/Dashboard.vue:50,frontend/src/pages/Dashboard.vue:50,frontend/src/pages/Dashboard.vue:50,client-js,,[],,,,,,,traducción propuesta,revisado inicial CRM,sí,sí,no,,Cross-app aprobado (Select Range).,,,
crm:74b920d2bda36ec4,crm,crm,src,src,,Src,Select Source Type,Select Source Type,,,,,Seleccione el tipo de fuente,,,,,frontend/src/components/Settings/LeadSyncing/LeadSyncSourceForm.vue:57,frontend/src/components/Settings/LeadSyncing/LeadSyncSourceForm.vue:57,frontend/src/components/Settings/LeadSyncing/LeadSyncSourceForm.vue:57,client-js,,[],,,,,,,traducción propuesta,revisado inicial CRM,sí,sí,no,,,Source Type,Tipo de Fuente,
crm:554f672bb856004b,crm,crm,src,src,,Src,Select Workday,Select Workday,,,,,Seleccionar jornada laboral,,,,,frontend/src/components/Settings/Sla/WorkDayModal.vue:15,frontend/src/components/Settings/Sla/WorkDayModal.vue:15,frontend/src/components/Settings/Sla/WorkDayModal.vue:15,client-js,,[],,,,,,,traducción propuesta,revisado inicial CRM,sí,sí,no,,Workday->Jornada laboral.,,,
crm:1296713ff14355f0,crm,crm,src,src,,CRM,Select a Twilio app for your CRM,Select a Twilio app for your CRM,,,,,Seleccione una app de Twilio para su CRM,,,,,frontend/src/components/Settings/Telephony/TwilioSettings.vue:71,frontend/src/components/Settings/Telephony/TwilioSettings.vue:71,,client-js,,[],,,,,,,traducción propuesta,aprobado (lote crm 1.81.2),sí,,,,lote crm 1.81.2: reusar de Select a Twilio App for your CRM,,,"POT-only: en el universo fresco, sin traducir"
crm:05e4ec76beb9670f,crm,crm,src,src,,Src,Select a Value,Select a Value,,,,,Seleccione un valor,,,,,frontend/src/components/Filter.vue:629,frontend/src/components/Filter.vue:629,frontend/src/components/Filter.vue:603,client-js,,[],,,,,,,traducción propuesta,revisado inicial CRM,sí,sí,no,,cross-app Select a Value=Seleccione un valor,,,
crm:65fb0e6f37820c36,crm,crm,src,src,,Src,Select all that apply,Select all that apply,,,,,Seleccione todas las que apliquen,,,,,frontend/src/components/Questionnaire.vue:93,frontend/src/components/Questionnaire.vue:93,frontend/src/components/Questionnaire.vue:93,client-js,,[],,,,,,,traducción propuesta,revisado inicial CRM + pase dirigido,sí,,,,registro: 'Selecciona' -> 'Seleccione'.,,,
crm:c8222c034d58f4e1,crm,crm,src,src,,Src,Select an Option,Select an Option,,,,,Seleccione una opción,,,,,frontend/src/components/Filter.vue:631,frontend/src/components/Filter.vue:631,frontend/src/components/Filter.vue:605,client-js,,[],,,,,,,traducción propuesta,revisado inicial CRM,sí,sí,no,,cross-app Select an Option=Seleccione una opción,,,
crm:52556f53bee8463c,crm,crm,src,src,,CRM,Select an icon...,Select an icon...,,,,,Seleccionar un icono...,,,,,frontend/src/components/Modals/ViewModal.vue:46,frontend/src/components/Modals/ViewModal.vue:46,,client-js,,[],,,,,,,traducción propuesta,aprobado (lote crm 1.81.2),sí,,,,lote crm 1.81.2: nueva | alineado a traducción existente (conflicto Gettext),,,"POT-only: en el universo fresco, sin traducir"
crm:7f8e2b3d88a1a3cb,crm,crm,src,src,,Src,Select the assignees for {0}.,Select the assignees for {0}.,,,,,Seleccione los responsables para {0}.,,,,,frontend/src/components/Settings/AssignmentRules/AssigneeRules.vue:84,frontend/src/components/Settings/AssignmentRules/AssigneeRules.vue:84,frontend/src/components/Settings/AssignmentRules/AssigneeRules.vue:84,client-js,,[],{0},,{0},ok,,,traducción propuesta,revisado inicial CRM,sí,sí,no,,{0} preservado; assignees=responsables.,,,
crm:10c3bec7b9e3db02,crm,crm,src,src,,Src,Select the deal status to trigger the auto customer creation in ERPNext,Select the deal status to trigger the auto customer creation in ERPNext,,,,,Seleccione el estado del Deal que activará la creación automática de clientes en ERPNext,,,,,frontend/src/components/Settings/ERPNextSettings.vue:304,frontend/src/components/Settings/ERPNextSettings.vue:304,frontend/src/components/Settings/ERPNextSettings.vue:245,client-js,,[],,,,,,,traducción propuesta,revisado inicial CRM,sí,no,no,,deal status -> estado del Deal (protegido).,,,
crm:eb09ce1dc0f507c2,crm,crm,src,src,,Src,Select whether to display time with or without seconds,Select whether to display time with or without seconds,,,,,Seleccione si mostrar la hora con o sin segundos,,,,,frontend/src/components/Settings/DefaultsSettings.vue:131,frontend/src/components/Settings/DefaultsSettings.vue:131,frontend/src/components/Settings/DefaultsSettings.vue:131,client-js,,[],,,,,,,traducción propuesta,revisado inicial CRM,sí,sí,no,,,,,
crm:28f1622c821eba63,crm,crm,src,src,,Src,Select your ERPNext company to connect with,Select your ERPNext company to connect with,,,,,Seleccione la empresa de ERPNext con la que desea conectarse,,,,,frontend/src/components/Settings/ERPNextSettings.vue:155,frontend/src/components/Settings/ERPNextSettings.vue:155,frontend/src/components/Settings/ERPNextSettings.vue:133,client-js,,[],,,,,,,traducción propuesta,revisado inicial CRM,sí,sí,no,,,,,
crm:9a337ba100df3fa0,crm,crm,src,src,,Src,Select {0},Select {0},,,Seleccionar {0},,Seleccionar {0},,,,,frontend/src/components/FieldLayout/Field.vue:573,frontend/src/components/FieldLayout/Field.vue:573,frontend/src/components/FieldLayout/Field.vue:574,client-js,,[],{0},{0},{0},ok,,,existente correcta,revisado inicial CRM,sí,sí,no,,cross-app; placeholder {0},,,
crm:5f4a1839f4810c4b,crm,crm,src,src,,Src,Send,Send,,,Enviar,,Enviar,,,,,frontend/src/components/EmailEditor.vue:168,frontend/src/components/EmailEditor.vue:168,frontend/src/components/EmailEditor.vue:182,client-js,,[],,,,,,,existente correcta,revisado inicial CRM,sí,sí,no,,Cross-app aprobado exacto.,Send,Enviar,
crm:a584d466868e5deb,crm,crm,src,src,,Src,Send Invites,Send Invites,,,,,Enviar invitaciones,,,,,frontend/src/components/Settings/InviteUserPage.vue:18,frontend/src/components/Settings/InviteUserPage.vue:18,frontend/src/components/Settings/InviteUserPage.vue:18,client-js,,[],,,,,,,traducción propuesta,revisado inicial CRM,sí,sí,no,,Crossapp aprobado: reuso exacto.,Send Invites,Enviar invitaciones,
crm:a084bc9ea699f247,crm,crm,src,src,,Src,Send Invites To,Send Invites To,,,,,Enviar invitaciones a,,,,,frontend/src/components/Settings/InviteUserPage.vue:6,frontend/src/components/Settings/InviteUserPage.vue:6,frontend/src/components/Settings/InviteUserPage.vue:6,client-js,,[],,,,,,,traducción propuesta,revisado inicial CRM,sí,sí,no,,Sin traducción upstream.,,,
crm:ffe3dc9f450b8e0c,crm,crm,src,src,,Src,Send Template,Send Template,,,,,Enviar plantilla,,,,,frontend/src/components/Activities/ActivityHeader.vue:51,frontend/src/components/Activities/ActivityHeader.vue:51,frontend/src/components/Activities/ActivityHeader.vue:61,client-js,,[],,,,,,,traducción propuesta,revisado inicial CRM,sí,sí,no,,,,,
crm:7bd91a7049980aff,crm,crm,src,src,,Src,Send an Email,Send an Email,,,,,Enviar un correo,,,,,frontend/src/pages/Deal.vue:92,frontend/src/pages/Deal.vue:92 || frontend/src/pages/Lead.vue:140,frontend/src/pages/Deal.vue:92 || frontend/src/pages/Lead.vue:140,client-js,,[],,,,,,,traducción propuesta,revisado inicial CRM,sí,sí,no,,,,,
crm:acba7a26a8443eb7,crm,crm,src,src,,Src,Send email,Send email,,,,,Enviar correo,,,,,frontend/src/components/Layouts/AppSidebar.vue:570,frontend/src/components/Layouts/AppSidebar.vue:570,frontend/src/components/Layouts/AppSidebar.vue:488,client-js,,[],,,,,,,traducción propuesta,revisado inicial CRM,sí,sí,no,,,,,
crm:c58361c7a2dc7949,crm,crm,src,src,,Src,Sending comment...,Sending comment...,,,,,Enviando comentario...,,,,,frontend/src/components/CommunicationArea.vue:297,frontend/src/components/CommunicationArea.vue:297,frontend/src/components/CommunicationArea.vue:274,client-js,,[],,,,,,,traducción propuesta,revisado inicial CRM,sí,sí,no,,,,,
crm:9a6b681bf11690a6,crm,crm,src,src,,Src,Sending email...,Sending email...,,,,,Enviando correo...,,,,,frontend/src/components/CommunicationArea.vue:275,frontend/src/components/CommunicationArea.vue:275,frontend/src/components/CommunicationArea.vue:258,client-js,,[],,,,,,,traducción propuesta,revisado inicial CRM,sí,sí,no,,,,,
crm:e19792bf48de6f7f,crm,crm,fcrm,fcrm,,Fcrm,Separator,Separator,,,Separador,,Separador,,Option for the 'Type' (Select) field in DocType 'CRM Dropdown Item',opción de campo select,,crm/fcrm/doctype/crm_dropdown_item/crm_dropdown_item.json,crm/fcrm/doctype/crm_dropdown_item/crm_dropdown_item.json,crm/fcrm/doctype/crm_dropdown_item/crm_dropdown_item.json,doctype-json,Crm Dropdown Item,"[""Option for the 'Type' (Select) field in DocType 'CRM Dropdown Item'""]",,,,,,,existente correcta,revisado inicial CRM,sí,sí,no,,Cross-app: Separator=Separador.,,,
crm:6b15666fe806b575,crm,crm,fcrm,fcrm,,Fcrm,Series,Series,,,Secuencia,,Serie,,Label of the naming_series (Select) field in DocType 'CRM Lead',etiqueta de campo/elemento,,crm/fcrm/doctype/crm_lead/crm_lead.json,crm/fcrm/doctype/crm_lead/crm_lead.json,crm/fcrm/doctype/crm_lead/crm_lead.json,doctype-json,Crm Lead,"[""Label of the naming_series (Select) field in DocType 'CRM Lead'""]",,,,,,,existente mejorable,revisado inicial CRM,sí,sí,no,,Cross-app aprobado: Series->Serie; upstream 'Secuencia' incorrecto.,,,
crm:3c10b5f4473fa4fc,crm,crm,src,src,,Src,Service Level Agreement,Service Level Agreement,,,Acuerdo de nivel de servicio,,Acuerdo de nivel de servicio,,,,,frontend/src/components/Layouts/AppSidebar.vue:695,frontend/src/components/Layouts/AppSidebar.vue:695,frontend/src/components/Layouts/AppSidebar.vue:611,client-js,,[],,,,,,,existente correcta,revisado inicial CRM,sí,sí,no,,Cross-app aprobado.,,,
crm:4f89420eb2baa917,crm,crm,fcrm,fcrm,,Fcrm,Service Provider,Service Provider,,,Proveedor de servicios,,Proveedor de servicios,,Label of the service_provider (Select) field in DocType 'FCRM Settings',etiqueta de campo/elemento,,crm/fcrm/doctype/fcrm_settings/fcrm_settings.json,crm/fcrm/doctype/fcrm_settings/fcrm_settings.json,crm/fcrm/doctype/fcrm_settings/fcrm_settings.json,doctype-json,Fcrm Settings,"[""Label of the service_provider (Select) field in DocType 'FCRM Settings'""]",,,,,,,existente correcta,revisado inicial CRM,sí,sí,no,,crossapp aprobado.,,,
crm:eab98b98fb45e34b,crm,crm,src,src,,Src,Set,Set,,,Establecer,,Establecer,,,,,frontend/src/components/Filter.vue:619,frontend/src/components/Filter.vue:619,frontend/src/components/Filter.vue:593,client-js,,[],,,,,,,existente correcta,revisado inicial CRM,sí,sí,no,,cross-app Set=Establecer,,,
crm:ece486632241a136,crm,crm,src,src,,Src,Set As Default,Set As Default,,,,,Establecer como predeterminada,,,,,frontend/src/components/ViewControls.vue:1105,frontend/src/components/ViewControls.vue:1105,frontend/src/components/ViewControls.vue:1082,client-js,,[],,,,,,,traducción propuesta,revisado inicial CRM,sí,sí,no,,Refiere a una vista (femenino).,,,
crm:2f30ceeab06f2fbf,crm,crm,src,src,,Src,Set Currency,Set Currency,,,,,Establecer moneda,,,,,frontend/src/components/Settings/DashboardSettings.vue:235,frontend/src/components/Settings/DashboardSettings.vue:235,frontend/src/components/Settings/DashboardSettings.vue:235,client-js,,[],,,,,,,traducción propuesta,revisado inicial CRM,sí,sí,no,,,,,
crm:e996637acd7d5af7,crm,crm,src,src,,Src,Set Default Priority,Set Default Priority,,,,,Establecer prioridad predeterminada,,,,,frontend/src/components/Settings/Sla/EditResponseResolutionModal.vue:29,frontend/src/components/Settings/Sla/EditResponseResolutionModal.vue:29,frontend/src/components/Settings/Sla/EditResponseResolutionModal.vue:29,client-js,,[],,,,,,,traducción propuesta,revisado inicial CRM,sí,sí,no,,Sin traducción upstream.,,,
crm:2725a7ebaaca9994,crm,crm,src,src,,Src,Set First Name,Set First Name,,,,,Establecer nombre,,,,,frontend/src/pages/Lead.vue:119,frontend/src/pages/Lead.vue:119,frontend/src/pages/Lead.vue:119,client-js,,[],,,,,,,traducción propuesta,revisado inicial CRM,sí,sí,no,,First Name=Nombre (cross-app).,First Name,Nombre,
crm:6c607c1e829025d5,crm,crm,src,src,,Src,Set Location,Set Location,,,,,Establecer ubicación,,,,,frontend/src/components/Controls/GeolocationControl.vue:50,frontend/src/components/Controls/GeolocationControl.vue:50,frontend/src/components/Controls/GeolocationControl.vue:50,client-js,,[],,,,,,,traducción propuesta,revisado inicial CRM,sí,sí,no,,,,,
crm:e08eace5c03e7af6,crm,crm,src,src,,Src,Set all as private,Set all as private,,,,,Marcar todos como privados,,,,,frontend/src/components/FilesUploader/FilesUploader.vue:60,frontend/src/components/FilesUploader/FilesUploader.vue:60,frontend/src/components/FilesUploader/FilesUploader.vue:60,client-js,,[],,,,,,,traducción propuesta,revisado inicial CRM,sí,sí,no,,Set all as private.,,,
crm:fa02ed71a286beb7,crm,crm,src,src,,Src,Set all as public,Set all as public,,,,,Marcar todos como públicos,,,,,frontend/src/components/FilesUploader/FilesUploader.vue:53,frontend/src/components/FilesUploader/FilesUploader.vue:53,frontend/src/components/FilesUploader/FilesUploader.vue:53,client-js,,[],,,,,,,traducción propuesta,revisado inicial CRM,sí,sí,no,,Set all as public.,,,
crm:eeb334221991c273,crm,crm,src,src,,Src,Set an Organization,Set an Organization,,,,,Establecer una organización,,,,,frontend/src/pages/Deal.vue:78,frontend/src/pages/Deal.vue:78,frontend/src/pages/Deal.vue:78,client-js,,[],,,,,,,traducción propuesta,revisado inicial CRM,sí,sí,no,,,Organization,Organización,
crm:e399f41080c795ab,crm,crm,src,src,,Src,Set as Primary Contact,Set as Primary Contact,,,,,Establecer como contacto principal,,,,,frontend/src/pages/Deal.vue:662,frontend/src/pages/Deal.vue:662 || frontend/src/pages/MobileDeal.vue:534,frontend/src/pages/Deal.vue:661 || frontend/src/pages/MobileDeal.vue:530,client-js,,[],,,,,,,traducción propuesta,revisado inicial CRM,sí,sí,no,,,Primary,Principal,
crm:6a2c316a750e28e1,crm,crm,src,src,,Src,Set as default SLA,Set as default SLA,,,Establecer como ANS predeterminado,,Establecer como SLA predeterminado,,,,,frontend/src/components/Settings/Sla/SlaPolicyView.vue:113,frontend/src/components/Settings/Sla/SlaPolicyView.vue:113,frontend/src/components/Settings/Sla/SlaPolicyView.vue:113,client-js,,[],,,,,,,existente mejorable,revisado inicial CRM,sí,sí,no,,Actual usa 'ANS'; crossapp aprobado usa SLA.,Set as default SLA,Establecer como SLA predeterminado,
crm:16930815d5de59be,crm,crm,src,src,,Src,Set location…,Set location…,,,,,Establecer ubicación…,,,,,frontend/src/components/Controls/GeolocationControl.vue:14,frontend/src/components/Controls/GeolocationControl.vue:14,frontend/src/components/Controls/GeolocationControl.vue:14,client-js,,[],,,,,,,traducción propuesta,revisado inicial CRM,sí,sí,no,,preserva elipsis,,,
crm:f50831ec1bbac915,crm,crm,fcrm,fcrm,,Fcrm,Set once the first admin completes the onboarding persona questionnaire,Set once the first admin completes the onboarding persona questionnaire,,,,,Se establece una vez que el primer administrador completa el cuestionario de perfil de onboarding,,Description of the 'Persona Captured' (Check) field in DocType 'FCRM Settings',descripción,,crm/fcrm/doctype/fcrm_settings/fcrm_settings.json,crm/fcrm/doctype/fcrm_settings/fcrm_settings.json,crm/fcrm/doctype/fcrm_settings/fcrm_settings.json,doctype-json,Fcrm Settings,"[""Description of the 'Persona Captured' (Check) field in DocType 'FCRM Settings'""]",,,,,,,traducción propuesta,revisado inicial CRM,sí,sí,no,,Descripción de campo Check.,,,
crm:46ae9b3fe3d7a4f0,crm,crm,src,src,,Src,Set the Exotel number to be used for outgoing calls.,Set the Exotel number to be used for outgoing calls.,,,,,Establece el número de Exotel que se usará para las llamadas salientes.,,,,,frontend/src/components/Settings/Telephony/TelephonySettings.vue:102,frontend/src/components/Settings/Telephony/TelephonySettings.vue:102,frontend/src/components/Settings/Telephony/TelephonySettings.vue:102,client-js,,[],,,,,,,traducción propuesta,revisado inicial CRM,sí,sí,no,,,,,
crm:e64b2848d0dd9bba,crm,crm,src,src,,Src,Set the Twilio number to be used for outgoing calls.,Set the Twilio number to be used for outgoing calls.,,,,,Establece el número de Twilio que se usará para las llamadas salientes.,,,,,frontend/src/components/Settings/Telephony/TelephonySettings.vue:77,frontend/src/components/Settings/Telephony/TelephonySettings.vue:77,frontend/src/components/Settings/Telephony/TelephonySettings.vue:77,client-js,,[],,,,,,,traducción propuesta,revisado inicial CRM,sí,sí,no,,,,,
crm:b92949974d76c3d7,crm,crm,src,src,,Src,Set the name of your brand. Appears in the left sidebar.,Set the name of your brand. Appears in the left sidebar.,,,,,Establezca el nombre de su marca. Aparece en la barra lateral izquierda.,,,,,frontend/src/components/Settings/BrandSettings.vue:33,frontend/src/components/Settings/BrandSettings.vue:33,frontend/src/components/Settings/BrandSettings.vue:33,client-js,,[],,,,,,,traducción propuesta,revisado inicial CRM,sí,sí,no,,,,,
crm:b72568d2ecf91407,crm,crm,src,src,,Src,Set up my sales pipeline,Set up my sales pipeline,,,,,Configurar mi Pipeline de ventas,,,,,frontend/src/pages/PersonaForm.vue:123,frontend/src/pages/PersonaForm.vue:123,frontend/src/pages/PersonaForm.vue:123,client-js,,[],,,,,,,traducción propuesta,revisado inicial CRM,sí,sí,no,,Pipeline protegido en inglés.,,,
crm:dad582c5c362185a,crm,crm,src,src,,Src,"Set working days, hours, and holidays by selecting a predefined schedule or creating a new one","Set working days, hours, and holidays by selecting a predefined schedule or creating a new one",,,"Establezca los días laborables, las horas y los días festivos seleccionando un horario predefinido o creando uno nuevo",,"Establezca los días laborables, las horas y los días festivos seleccionando un horario predefinido o creando uno nuevo",,,,,frontend/src/components/Settings/Sla/SlaHolidays.vue:9,frontend/src/components/Settings/Sla/SlaHolidays.vue:9,frontend/src/components/Settings/Sla/SlaHolidays.vue:9,client-js,,[],,,,,,,existente correcta,revisado inicial CRM,sí,sí,no,,Actual correcta.,,,
crm:6cd114f288c0f155,crm,crm,src,src,,Src,Setting Up,Setting Up,,,,,Configuración inicial,,,,,frontend/src/components/Layouts/AppSidebar.vue:647,frontend/src/components/Layouts/AppSidebar.vue:647,frontend/src/components/Layouts/AppSidebar.vue:563,client-js,,[],,,,,,,traducción propuesta,revisado inicial CRM,sí,sí,no,,Encabezado de onboarding.,,,
crm:a2f6c82c8e66f7e4,crm,crm,src,src,,Src,Setting disabled successfully,Setting disabled successfully,,,,,Ajuste deshabilitado correctamente,,,,,frontend/src/components/Settings/GeneralSettings.vue:153,frontend/src/components/Settings/GeneralSettings.vue:153,frontend/src/components/Settings/GeneralSettings.vue:153,client-js,,[],,,,,,,traducción propuesta,revisado inicial CRM,sí,sí,no,,Sin traducción upstream.,,,
crm:08ed8cc786b1c00f,crm,crm,src,src,,Src,Setting enabled successfully,Setting enabled successfully,,,,,Ajuste habilitado correctamente,,,,,frontend/src/components/Settings/GeneralSettings.vue:152,frontend/src/components/Settings/GeneralSettings.vue:152,frontend/src/components/Settings/GeneralSettings.vue:152,client-js,,[],,,,,,,traducción propuesta,revisado inicial CRM,sí,sí,no,,Sin traducción upstream.,,,
crm:58acb79363469938,crm,crm,src,src,,CRM,Setting up Frappe Mail requires you to have an API key and API secret for your email account. Read more,Setting up Frappe Mail requires you to have an API key and API secret for your email account. Read more,,,,,Para configurar Frappe Mail necesita tener una clave de API y una Clave Secreta de API de su cuenta de correo. Más información,,,,,frontend/src/components/Settings/emailConfig.js:158,frontend/src/components/Settings/emailConfig.js:158,,client-js,,[],,,,,,,traducción propuesta,aprobado (lote crm 1.81.2),sí,,,,lote crm 1.81.2: reusar de Setting up Frappe Mail requires you to have an API key and API Secret of your email account. Read more,,,"POT-only: en el universo fresco, sin traducir"
crm:d70b0417df5d87ba,crm,crm,src,src,,Src,Setting up GMail requires you to enable two factor authentication and app specific passwords. Read more,Setting up GMail requires you to enable two factor authentication and app specific passwords. Read more,,,,,Para configurar GMail necesita habilitar la autenticación de dos factores y contraseñas específicas de aplicación. Más información,,,,,frontend/src/components/Settings/emailConfig.js:104,frontend/src/components/Settings/emailConfig.js:104,frontend/src/components/Settings/emailConfig.js:104,client-js,,[],,,,,,,traducción propuesta,revisado inicial CRM,sí,sí,no,,GMail nombre propio,,,
crm:d5b55771077b7170,crm,crm,src,src,,Src,Setting up Outlook requires you to enable two factor authentication and app specific passwords. Read more,Setting up Outlook requires you to enable two factor authentication and app specific passwords. Read more,,,,,Para configurar Outlook necesita habilitar la autenticación de dos factores y contraseñas específicas de aplicación. Más información,,,,,frontend/src/components/Settings/emailConfig.js:113,frontend/src/components/Settings/emailConfig.js:113,frontend/src/components/Settings/emailConfig.js:113,client-js,,[],,,,,,,traducción propuesta,revisado inicial CRM,sí,sí,no,,,,,
crm:80d8f7af804904fe,crm,crm,src,src,,Src,Setting up Sendgrid requires you to enable two factor authentication and app specific passwords. Read more,Setting up Sendgrid requires you to enable two factor authentication and app specific passwords. Read more,,,,,Para configurar Sendgrid necesita habilitar la autenticación de dos factores y contraseñas específicas de aplicación. Más información,,,,,frontend/src/components/Settings/emailConfig.js:122,frontend/src/components/Settings/emailConfig.js:122,frontend/src/components/Settings/emailConfig.js:122,client-js,,[],,,,,,,traducción propuesta,revisado inicial CRM,sí,sí,no,,,,,
crm:fe4a0c4e05c0ead9,crm,crm,src,src,,Src,Setting up Sparkpost requires you to enable two factor authentication and app specific passwords. Read more,Setting up Sparkpost requires you to enable two factor authentication and app specific passwords. Read more,,,,,Para configurar Sparkpost necesita habilitar la autenticación de dos factores y contraseñas específicas de aplicación. Más información,,,,,frontend/src/components/Settings/emailConfig.js:131,frontend/src/components/Settings/emailConfig.js:131,frontend/src/components/Settings/emailConfig.js:131,client-js,,[],,,,,,,traducción propuesta,revisado inicial CRM,sí,sí,no,,,,,
crm:12782a30d5e22f2a,crm,crm,src,src,,Src,Setting up Yahoo requires you to enable two factor authentication and app specific passwords. Read more,Setting up Yahoo requires you to enable two factor authentication and app specific passwords. Read more,,,,,Para configurar Yahoo necesita habilitar la autenticación de dos factores y contraseñas específicas de aplicación. Más información,,,,,frontend/src/components/Settings/emailConfig.js:140,frontend/src/components/Settings/emailConfig.js:140,frontend/src/components/Settings/emailConfig.js:140,client-js,,[],,,,,,,traducción propuesta,revisado inicial CRM,sí,sí,no,,,,,
crm:fc3d1bf60ad14b76,crm,crm,src,src,,Src,Setting up Yandex requires you to enable two factor authentication and app specific passwords. Read more,Setting up Yandex requires you to enable two factor authentication and app specific passwords. Read more,,,,,Para configurar Yandex necesita habilitar la autenticación de dos factores y contraseñas específicas de aplicación. Más información,,,,,frontend/src/components/Settings/emailConfig.js:149,frontend/src/components/Settings/emailConfig.js:149,frontend/src/components/Settings/emailConfig.js:149,client-js,,[],,,,,,,traducción propuesta,revisado inicial CRM,sí,sí,no,,,,,
crm:bdd35c0906a75459,crm,crm,src,src,,Src,Setting updated successfully,Setting updated successfully,,,,,Ajuste actualizado correctamente,,,,,frontend/src/components/Settings/GeneralSettings.vue:161,frontend/src/components/Settings/GeneralSettings.vue:161,frontend/src/components/Settings/GeneralSettings.vue:161,client-js,,[],,,,,,,traducción propuesta,revisado inicial CRM,sí,sí,no,,Sin traducción upstream.,,,
crm:14d9e3d877308f96,crm,crm,fcrm,fcrm;src,sí,Fcrm,Settings,Settings,,,Configuración,,Configuración,,Label of the defaults_tab (Tab Break) field in DocType 'FCRM Settings',etiqueta de campo/elemento,,crm/fcrm/doctype/fcrm_settings/fcrm_settings.json,crm/fcrm/doctype/fcrm_settings/fcrm_settings.json || frontend/src/components/Layouts/AppSidebar.vue:651,crm/fcrm/doctype/fcrm_settings/fcrm_settings.json || frontend/src/components/Layouts/AppSidebar.vue:567,doctype-json,Fcrm Settings,"[""Label of the defaults_tab (Tab Break) field in DocType 'FCRM Settings'""]",,,,,,,existente correcta,revisado inicial CRM,sí,sí,no,,Settings->Configuración.,,,
crm:881f66424567bfba,crm,crm,src,src,,Src,Settings saved,Settings saved,,,,,Configuración guardada,,,,,frontend/src/components/Settings/ERPNextSettings.vue:507,frontend/src/components/Settings/ERPNextSettings.vue:507,frontend/src/components/Settings/ERPNextSettings.vue:339,client-js,,[],,,,,,,traducción propuesta,revisado inicial CRM,sí,sí,no,,,,,
crm:1efd29d61a3f034d,crm,crm,src,src,,Src,Settings updated successfully,Settings updated successfully,,,,,Configuración actualizada correctamente,,,,,frontend/src/components/Settings/DefaultsSettings.vue:166,frontend/src/components/Settings/DefaultsSettings.vue:166,frontend/src/components/Settings/DefaultsSettings.vue:166,client-js,,[],,,,,,,traducción propuesta,revisado inicial CRM,sí,sí,no,,,,,
crm:4d887f0049a7e39a,crm,crm,src,src,,Src,Setup Email,Setup Email,,,,,Configurar correo,,,,,frontend/src/components/Settings/EmailAdd.vue:6,frontend/src/components/Settings/EmailAdd.vue:6,frontend/src/components/Settings/EmailAdd.vue:6,client-js,,[],,,,,,,traducción propuesta,revisado inicial CRM,sí,sí,no,,Cross-app 'Setup Email'.,crm:crossapp,Configurar correo,
crm:5b88cde43b77342a,crm,crm,api,api,,Api,"Setup the Exchange Rate Provider other than 'Frankfurter' in settings, as default provider does not support currency conversion for {0} to {1}.","Setup the Exchange Rate Provider other than 'Frankfurter' in settings, as default provider does not support currency conversion for {0} to {1}.",,,,,"Configure un proveedor de tipo de cambio distinto de 'Frankfurter' en la configuración, ya que el proveedor predeterminado no admite la conversión de moneda de {0} a {1}.",,,,,crm/api/exchange_rate.py:149,crm/api/exchange_rate.py:149,crm/api/exchange_rate.py:149,python,,[],{0};{1},,{0};{1},ok,,,traducción propuesta,revisado inicial CRM,sí,sí,no,,Placeholders {0};{1} preservados. 'Frankfurter'=nombre propio.,,,
crm:966cf622af94daad,crm,crm,src,src,,Src,Setup your password,Setup your password,,,,,Configure su contraseña,,,,,frontend/src/components/Layouts/AppSidebar.vue:442,frontend/src/components/Layouts/AppSidebar.vue:442,frontend/src/components/Layouts/AppSidebar.vue:360,client-js,,[],,,,,,,traducción propuesta,revisado inicial CRM + pase dirigido,sí,,,,registro: 'Configura tu' -> 'Configure su'.,,,
crm:b2060428215322de,crm,crm,src,src,,Src,Show,Show,,,Mostrar,,Mostrar,,,,,frontend/src/components/Activities/Activities.vue:246,frontend/src/components/Activities/Activities.vue:246,frontend/src/components/Activities/Activities.vue:249,client-js,,[],,,,,,,existente correcta,revisado inicial CRM,sí,sí,no,,crossapp aprobado.,,,
crm:155540045d552d17,crm,crm,src,src,,Src,Show Border,Show Border,,,,,Mostrar borde,,,,,frontend/src/components/FieldLayoutEditor.vue:472,frontend/src/components/FieldLayoutEditor.vue:472,frontend/src/components/FieldLayoutEditor.vue:475,client-js,,[],,,,,,,traducción propuesta,revisado inicial CRM,sí,sí,no,,,,,
crm:d23a1e1267a3a4e9,crm,crm,src,src,,Src,Show Label,Show Label,,,,,Mostrar etiqueta,,,,,frontend/src/components/FieldLayoutEditor.vue:467,frontend/src/components/FieldLayoutEditor.vue:467,frontend/src/components/FieldLayoutEditor.vue:470,client-js,,[],,,,,,,traducción propuesta,revisado inicial CRM,sí,sí,no,,,,,
crm:ab096a262ac001ce,crm,crm,src,src,,Src,Show Password,Show Password,,,,,Mostrar contraseña,,,,,frontend/src/components/Controls/Password.vue:19,frontend/src/components/Controls/Password.vue:19,frontend/src/components/Controls/Password.vue:19,client-js,,[],,,,,,,traducción propuesta,revisado inicial CRM,sí,sí,no,,,,,
crm:5122125262acf037,crm,crm,src,src,,Src,Show Preview,Show Preview,,,Mostrar Vista Previa,,Mostrar vista previa,,,,,frontend/src/components/Controls/GridRowFieldsModal.vue:20,frontend/src/components/Controls/GridRowFieldsModal.vue:20 || frontend/src/components/Modals/DataFieldsModal.vue:20 || frontend/src/components/Modals/QuickEntryModal.vue:20 || frontend/src/components/Modals/SidePanelModal.vue:20,frontend/src/components/Controls/GridRowFieldsModal.vue:20 || frontend/src/components/Modals/DataFieldsModal.vue:20 || frontend/src/components/Modals/QuickEntryModal.vue:20 || frontend/src/components/Modals/SidePanelModal.vue:20,client-js,,[],,,,,,,existente mejorable,revisado inicial CRM,sí,sí,no,,cross-app Show Preview=Mostrar vista previa,,,
crm:673507b17e124139,crm,crm,src,src,,Src,Show timestamps in the activity timeline as relative time (5 mins ago) or an exact date & time,Show timestamps in the activity timeline as relative time (5 mins ago) or an exact date & time,,,,,Mostrar las marcas de tiempo en la línea de tiempo de actividad como tiempo relativo (hace 5 min) o como fecha y hora exactas,,,,,frontend/src/components/Settings/GeneralSettings.vue:86,frontend/src/components/Settings/GeneralSettings.vue:86,frontend/src/components/Settings/GeneralSettings.vue:86,client-js,,[],,,,,,,traducción propuesta,revisado inicial CRM,sí,sí,no,,Sin traducción upstream.,,,
crm:b300c529ff22ecd2,crm,crm,fcrm,fcrm,,Fcrm,Side Panel,Side Panel,,,,,Panel lateral,,Option for the 'Type' (Select) field in DocType 'CRM Fields Layout',opción de campo select,,crm/fcrm/doctype/crm_fields_layout/crm_fields_layout.json,crm/fcrm/doctype/crm_fields_layout/crm_fields_layout.json,crm/fcrm/doctype/crm_fields_layout/crm_fields_layout.json,doctype-json,Crm Fields Layout,"[""Option for the 'Type' (Select) field in DocType 'CRM Fields Layout'""]",,,,,,,traducción propuesta,revisado inicial CRM,sí,sí,no,,Opción de tipo de layout.,,,
crm:8a7407dd84913b7b,crm,crm,fcrm,fcrm,,Fcrm,Sidebar Items,Sidebar Items,,,Elementos de barra lateral,,Elementos de barra lateral,,Option for the 'Type' (Select) field in DocType 'CRM Global Settings',opción de campo select,,crm/fcrm/doctype/crm_global_settings/crm_global_settings.json,crm/fcrm/doctype/crm_global_settings/crm_global_settings.json,crm/fcrm/doctype/crm_global_settings/crm_global_settings.json,doctype-json,Crm Global Settings,"[""Option for the 'Type' (Select) field in DocType 'CRM Global Settings'""]",,,,,,,existente correcta,revisado inicial CRM,sí,sí,no,,Cross-app: Sidebar Items=Elementos de barra lateral.,,,
crm:14c3d6734eb6694f,crm,crm,src,src,,Src,Signature,Signature,,,Firma,,Firma,,,,,frontend/src/components/Settings/Profile/UserEmailSettings.vue:33,frontend/src/components/Settings/Profile/UserEmailSettings.vue:33,frontend/src/components/Settings/Profile/UserEmailSettings.vue:33,client-js,,[],,,,,,,existente correcta,revisado inicial CRM,sí,sí,no,,Crossapp aprobado: reuso exacto.,Signature,Firma,
crm:e7514888ee090c2e,crm,crm,fcrm,fcrm,,Fcrm,"Simple Python Expression, Example: doc.status == 'Open' and doc.lead_source == 'Ads'","Simple Python Expression, Example: doc.status == 'Open' and doc.lead_source == 'Ads'",,,,,"Expresión de Python simple, ejemplo: doc.status == 'Open' and doc.lead_source == 'Ads'",,Description of the 'Condition' (Code) field in DocType 'CRM Service Level Agreement',descripción,,crm/fcrm/doctype/crm_service_level_agreement/crm_service_level_agreement.json,crm/fcrm/doctype/crm_service_level_agreement/crm_service_level_agreement.json,crm/fcrm/doctype/crm_service_level_agreement/crm_service_level_agreement.json,doctype-json,Crm Service Level Agreement,"[""Description of the 'Condition' (Code) field in DocType 'CRM Service Level Agreement'""]",,,,,,,traducción propuesta,revisado inicial CRM,sí,sí,no,,codigo Python literal preservado,,,
crm:5cf2f93532db4f0f,crm,crm,src,src,,Src,"Since you added a new assignee, the {0} has been set to {1}.","Since you added a new assignee, the {0} has been set to {1}.",,,,,"Como agregaste un nuevo asignado, {0} se estableció en {1}.",,,,,frontend/src/components/AssignTo.vue:92,frontend/src/components/AssignTo.vue:92,,client-js,,[],{0};{1},,{0};{1},ok,,,traducción propuesta,revisado inicial CRM,sí,sí,no,,Placeholders {0} {1} preservados.,,,"POT-only: en el universo fresco, sin traducir"
crm:c21c38f05e4c6af8,crm,crm,src,src,,Src,"Since you removed {0} from the assignee, the {0} has also been removed.","Since you removed {0} from the assignee, the {0} has also been removed.",,,,,"Como quitaste a {0} de los asignados, también se eliminó {0}.",,,,,frontend/src/components/AssignTo.vue:83,frontend/src/components/AssignTo.vue:83,frontend/src/components/AssignTo.vue:83,client-js,,[],{0};{0},,{0};{0},ok,,,traducción propuesta,revisado inicial CRM,sí,sí,no,,Ambos {0} preservados.,,,
crm:7660a05281d89a61,crm,crm,src,src,,Src,"Since you removed {0} from the assignee, the {0} has been changed to the next available assignee {1}.","Since you removed {0} from the assignee, the {0} has been changed to the next available assignee {1}.",,,,,"Como quitaste a {0} de los asignados, {0} se cambió al siguiente asignado disponible {1}.",,,,,frontend/src/components/AssignTo.vue:76,frontend/src/components/AssignTo.vue:76,frontend/src/components/AssignTo.vue:76,client-js,,[],{0};{0};{1},,{0};{0};{1},ok,,,traducción propuesta,revisado inicial CRM,sí,sí,no,,Placeholders {0};{0};{1} preservados.,,,
crm:e371863835c45b34,crm,crm,src,src,,Src,Site URL,Site URL,,,,,URL del sitio,,,,,frontend/src/components/Settings/ERPNextSettings.vue:66,frontend/src/components/Settings/ERPNextSettings.vue:66,frontend/src/components/Settings/ERPNextSettings.vue:66,client-js,,[],,,,,,,traducción propuesta,revisado inicial CRM,sí,sí,no,,,,,
crm:5f9e8cadf17c13f1,crm,crm,src,src,,Src,Site URL is required,Site URL is required,,,,,La URL del sitio es obligatoria,,,,,frontend/src/components/Settings/ERPNextSettings.vue:764,frontend/src/components/Settings/ERPNextSettings.vue:764,frontend/src/components/Settings/ERPNextSettings.vue:490,client-js,,[],,,,,,,traducción propuesta,revisado inicial CRM,sí,sí,no,,,,,
crm:ed8079cd3a243f12,crm,crm,src,src,,Src,Site connection validated,Site connection validated,,,,,Conexión al sitio validada,,,,,frontend/src/components/Settings/ERPNextSettings.vue:747,frontend/src/components/Settings/ERPNextSettings.vue:747,frontend/src/components/Settings/ERPNextSettings.vue:473,client-js,,[],,,,,,,traducción propuesta,revisado inicial CRM,sí,sí,no,,,,,
crm:6918dd54e1f8d01a,crm,crm,src,src,,Src,Skip for now,Skip for now,,,,,Omitir por ahora,,,,,frontend/src/components/Questionnaire.vue:97,frontend/src/components/Questionnaire.vue:97,frontend/src/components/Questionnaire.vue:97,client-js,,[],,,,,,,traducción propuesta,revisado inicial CRM,sí,sí,no,,Cross-app aprobado exacto.,Skip for now,Omitir por ahora,
crm:db359c46c87b3724,crm,crm,src,src,,CRM,Some error occurred while creating SLA policy,Some error occurred while creating SLA policy,,,,,Ocurrió un error al crear la política de SLA,,,,,frontend/src/components/Settings/Sla/SlaPolicyView.vue:451,frontend/src/components/Settings/Sla/SlaPolicyView.vue:451,,client-js,,[],,,,,,,traducción propuesta,aprobado (lote crm 1.81.2),sí,,,,lote crm 1.81.2: reusar de Some error occurred while creating SLA Policy,,,"POT-only: en el universo fresco, sin traducir"
crm:a6f31241bf3e601e,crm,crm,src,src,,Src,Some error occurred while renaming SLA policy,Some error occurred while renaming SLA policy,,,,,Ocurrió un error al cambiar el nombre de la política de SLA,,,,,frontend/src/components/Settings/Sla/SlaPolicyView.vue:497,frontend/src/components/Settings/Sla/SlaPolicyView.vue:497,frontend/src/components/Settings/Sla/SlaPolicyView.vue:484,client-js,,[],,,,,,,traducción propuesta,revisado inicial CRM,sí,sí,no,,SLA se mantiene sigla.,,,
crm:f564f58f22a32b3d,crm,crm,src,src,,Src,Some error occurred while renaming assignment rule,Some error occurred while renaming assignment rule,,,,,Ocurrió un error al cambiar el nombre de la regla de asignación,,,,,frontend/src/components/Settings/AssignmentRules/AssignmentRuleView.vue:764,frontend/src/components/Settings/AssignmentRules/AssignmentRuleView.vue:764,frontend/src/components/Settings/AssignmentRules/AssignmentRuleView.vue:766,client-js,,[],,,,,,,traducción propuesta,revisado inicial CRM,sí,sí,no,,Cross-app 'Some error occurred while renaming assignment rule'.,crm:crossapp,Ocurrió un error al cambiar el nombre de la regla de asignación,
crm:ecd3756062055c34,crm,crm,src,src,,Src,Some error occurred while updating SLA policy,Some error occurred while updating SLA policy,,,,,Ocurrió un error al actualizar la política de SLA,,,,,frontend/src/components/Settings/Sla/SlaPolicyView.vue:488,frontend/src/components/Settings/Sla/SlaPolicyView.vue:488,frontend/src/components/Settings/Sla/SlaPolicyView.vue:475,client-js,,[],,,,,,,traducción propuesta,revisado inicial CRM,sí,sí,no,,SLA se mantiene sigla.,,,
crm:4fbcdf2b18b65095,crm,crm,src,src,,Src,Some error occurred while updating assignment rule,Some error occurred while updating assignment rule,,,,,Ocurrió un error al actualizar la regla de asignación,,,,,frontend/src/components/Settings/AssignmentRules/AssignmentRuleView.vue:749,frontend/src/components/Settings/AssignmentRules/AssignmentRuleView.vue:749,frontend/src/components/Settings/AssignmentRules/AssignmentRuleView.vue:751,client-js,,[],,,,,,,traducción propuesta,revisado inicial CRM,sí,sí,no,,Cross-app 'Some error occurred while updating assignment rule'.,crm:crossapp,Ocurrió un error al actualizar la regla de asignación,
crm:42f57e6b63f9e6a2,crm,crm,src,src,,Src,Some users could not be added,Some users could not be added,,,,,No se pudieron agregar algunos usuarios,,,,,frontend/src/components/Settings/Hierarchy/Hierarchy.vue:512,frontend/src/components/Settings/Hierarchy/Hierarchy.vue:512,frontend/src/components/Settings/Hierarchy/Hierarchy.vue:508,client-js,,[],,,,,,,traducción propuesta,revisado inicial CRM,sí,sí,no,,Sin traducción upstream.,,,
crm:c9ff59244bf7a2d2,crm,crm,src,src,,Src,Something went wrong,Something went wrong,,,Algo salió mal,,Algo salió mal,,,,,frontend/src/components/Settings/Users.vue:282,frontend/src/components/Settings/Users.vue:282 || frontend/src/components/Settings/Users.vue:295,frontend/src/components/Settings/Users.vue:274 || frontend/src/components/Settings/Users.vue:287,client-js,,[],,,,,,,existente correcta,revisado inicial CRM,sí,sí,no,,crossapp Something went wrong->Algo salió mal,,,
crm:09b07099300cb4e9,crm,crm,src,src,,Src,"Something went wrong, try again later","Something went wrong, try again later",,,,,"Algo salió mal, inténtelo de nuevo más tarde",,,,,frontend/src/components/Settings/Sla/SlaPolicyList.vue:246,frontend/src/components/Settings/Sla/SlaPolicyList.vue:246,frontend/src/components/Settings/Sla/SlaPolicyList.vue:246,client-js,,[],,,,,,,traducción propuesta,revisado inicial CRM,sí,sí,no,,Sin traducción upstream.,,,
crm:0c987df75f459fb3,crm,crm,src,src,,Src,Sort,Sort,,,,,Ordenar,,,,,frontend/src/components/SortBy.vue:10,frontend/src/components/SortBy.vue:10 || frontend/src/components/SortBy.vue:222 || frontend/src/components/SortBy.vue:24,frontend/src/components/SortBy.vue:10 || frontend/src/components/SortBy.vue:24 || frontend/src/components/SortBy.vue:226,client-js,,[],,,,,,,traducción propuesta,revisado inicial CRM,sí,sí,no,,Sort (etiqueta de acción de ordenamiento).,Order By,Ordenar por,
crm:584d4b525ff2219c,crm,crm,fcrm,fcrm;lead_syncing;src,sí,Fcrm,Source,Source,,,Fuente,,Origen,,Label of the source (Link) field in DocType 'CRM Deal',etiqueta de campo/elemento,,crm/fcrm/doctype/crm_deal/crm_deal.json,crm/fcrm/doctype/crm_deal/crm_deal.json || crm/fcrm/doctype/crm_lead/crm_lead.json || crm/lead_syncing/doctype/failed_lead_sync_log/failed_lead_sync_log.json || frontend/src/components/Modals/EditValueModal.vue:11 || frontend/src/components/Settings/LeadSyncing/LeadSyncSources.vue:56,crm/fcrm/doctype/crm_deal/crm_deal.json || crm/fcrm/doctype/crm_lead/crm_lead.json || crm/lead_syncing/doctype/failed_lead_sync_log/failed_lead_sync_log.json || frontend/src/components/Modals/EditValueModal.vue:9 || frontend/src/components/Settings/LeadSyncing/LeadSyncSources.vue:56,doctype-json,Crm Deal,"[""Label of the source (Link) field in DocType 'CRM Deal'"", ""Label of the source (Link) field in DocType 'CRM Lead'"", ""Label of the source (Link) field in DocType 'Failed Lead Sync Log'""]",,,,,,,existente mejorable,revisado inicial CRM,sí,sí,no,,'Fuente'->'Origen' (Source cross-app aprobado).,Source,Origen,
crm:336416fbb36426a6,crm,crm,fcrm,fcrm;src,sí,Fcrm,Source Name,Source Name,,,Nombre de la Fuente,,Nombre de origen,,Label of the source_name (Data) field in DocType 'CRM Lead Source',etiqueta de campo/elemento,,crm/fcrm/doctype/crm_lead_source/crm_lead_source.json,crm/fcrm/doctype/crm_lead_source/crm_lead_source.json || frontend/src/components/Settings/LeadSyncing/LeadSyncSourceForm.vue:73,crm/fcrm/doctype/crm_lead_source/crm_lead_source.json || frontend/src/components/Settings/LeadSyncing/LeadSyncSourceForm.vue:73,doctype-json,Crm Lead Source,"[""Label of the source_name (Data) field in DocType 'CRM Lead Source'""]",,,,,,,existente mejorable,revisado inicial CRM,sí,sí,no,,Cross-app aprobado: Source Name->Nombre de origen; upstream 'Nombre de la Fuente' incoherente con Source->Origen.,,,
crm:0076b599291037da,crm,crm,src,src,,Src,Source Type,Source Type,,,Tipo de Fuente,,Tipo de Fuente,,,,,frontend/src/components/Settings/LeadSyncing/LeadSyncSourceForm.vue:56,frontend/src/components/Settings/LeadSyncing/LeadSyncSourceForm.vue:56,frontend/src/components/Settings/LeadSyncing/LeadSyncSourceForm.vue:56,client-js,,[],,,,,,,existente correcta,revisado inicial CRM,sí,sí,no,,Cross-app aprobado exacto.,Source Type,Tipo de Fuente,
crm:eecc05f399a48cd5,crm,crm,src,src,,Src,Source disabled successfully,Source disabled successfully,,,,,Fuente deshabilitada correctamente,,,,,frontend/src/components/Settings/LeadSyncing/LeadSyncSources.vue:159,frontend/src/components/Settings/LeadSyncing/LeadSyncSources.vue:159,frontend/src/components/Settings/LeadSyncing/LeadSyncSources.vue:159,client-js,,[],,,,,,,traducción propuesta,revisado inicial CRM,sí,sí,no,,,,,
crm:f684edd041f42cb5,crm,crm,src,src,,Src,Source enabled successfully,Source enabled successfully,,,,,Fuente habilitada correctamente,,,,,frontend/src/components/Settings/LeadSyncing/LeadSyncSources.vue:158,frontend/src/components/Settings/LeadSyncing/LeadSyncSources.vue:158,frontend/src/components/Settings/LeadSyncing/LeadSyncSources.vue:158,client-js,,[],,,,,,,traducción propuesta,revisado inicial CRM,sí,sí,no,,,,,
crm:98e4b94b2edecfca,crm,crm,src,src,,Src,Spacer,Spacer,,,Espaciador,,Espaciador,,,,,frontend/src/components/Dashboard/AddChartModal.vue:64,frontend/src/components/Dashboard/AddChartModal.vue:64 || frontend/src/components/Dashboard/DashboardItem.vue:21,frontend/src/components/Dashboard/AddChartModal.vue:64 || frontend/src/components/Dashboard/DashboardItem.vue:21,client-js,,[],,,,,,,existente correcta,revisado inicial CRM,sí,sí,no,,cross-app Spacer=Espaciador,,,
crm:e8c50e347ee915a2,crm,crm,src,src,,Src,Spreadsheets,Spreadsheets,,,,,Hojas de cálculo,,,,,frontend/src/pages/PersonaForm.vue:59,frontend/src/pages/PersonaForm.vue:59,frontend/src/pages/PersonaForm.vue:59,client-js,,[],,,,,,,traducción propuesta,revisado inicial CRM,sí,sí,no,,Cross-app aprobado (Spreadsheets).,,,
crm:4d336d6c43ca8655,crm,crm,api,api,,Api,Stage,Stage,,,Fase,,Etapa,,,,,crm/api/dashboard.py:790,crm/api/dashboard.py:790 || crm/api/dashboard.py:848,crm/api/dashboard.py:790 || crm/api/dashboard.py:848,python,,[],,,,,,,existente mejorable,revisado inicial CRM,sí,sí,no,,Stage->Etapa (glosario); corrige 'Fase',,,
crm:eb5d1659eb9e34c0,crm,crm,fcrm,fcrm,,Fcrm,"Standard Form Scripts can not be modified, duplicate the Form Script instead.","Standard Form Scripts can not be modified, duplicate the Form Script instead.",,,,,Los Form Scripts estándar no se pueden modificar; duplique el Form Script en su lugar.,,,,,crm/fcrm/doctype/crm_form_script/crm_form_script.js:15,crm/fcrm/doctype/crm_form_script/crm_form_script.js:15,crm/fcrm/doctype/crm_form_script/crm_form_script.js:15,doctype-controller,Crm Form Script,[],,,,,,,traducción propuesta,revisado inicial CRM,sí,sí,no,,"Form Script=nombre de DocType, se conserva.",,,
crm:a1f32d4ffd2b94de,crm,crm,fcrm,fcrm,,Fcrm,Standard Selling Rate,Standard Selling Rate,,,Precio de venta estándar,,Precio de venta estándar,,Label of the standard_rate (Currency) field in DocType 'CRM Product',etiqueta de campo/elemento,,crm/fcrm/doctype/crm_product/crm_product.json,crm/fcrm/doctype/crm_product/crm_product.json,crm/fcrm/doctype/crm_product/crm_product.json,doctype-json,Crm Product,"[""Label of the standard_rate (Currency) field in DocType 'CRM Product'""]",,,,,,,existente correcta,revisado inicial CRM,sí,sí,no,,Cross-app: Standard Selling Rate=Precio de venta estándar.,,,
crm:8e8ed32936f90bc5,crm,crm,src,src,,Src,Standard Views,Standard Views,,,,,Vistas estándar,,,,,frontend/src/components/ViewControls.vue:649,frontend/src/components/ViewControls.vue:649,frontend/src/components/ViewControls.vue:642,client-js,,[],,,,,,,traducción propuesta,revisado inicial CRM,sí,sí,no,,,,,
crm:e9846e89eb9b9235,crm,crm,fcrm,fcrm;src,sí,Fcrm,Start Date,Start Date,,,Fecha de inicio,,Fecha de inicio,,Label of the start_date (Date) field in DocType 'CRM Service Level Agreement',etiqueta de campo/elemento,,crm/fcrm/doctype/crm_service_level_agreement/crm_service_level_agreement.json,crm/fcrm/doctype/crm_service_level_agreement/crm_service_level_agreement.json || crm/fcrm/doctype/crm_task/crm_task.json || frontend/src/components/Settings/Sla/SlaPolicyView.vue:176,crm/fcrm/doctype/crm_service_level_agreement/crm_service_level_agreement.json || crm/fcrm/doctype/crm_task/crm_task.json || frontend/src/components/Settings/Sla/SlaPolicyView.vue:176,doctype-json,Crm Service Level Agreement,"[""Label of the start_date (Date) field in DocType 'CRM Service Level Agreement'"", ""Label of the start_date (Date) field in DocType 'CRM Task'""]",,,,,,,existente correcta,revisado inicial CRM,sí,sí,no,,crossapp Start Date->Fecha de inicio,,,
crm:afab35af6924327b,crm,crm,src,fcrm;src,sí,Src,Start Time,Start Time,,,Hora de inicio,,Hora de inicio,,Label of the start_time (Datetime) field in DocType 'CRM Call Log',etiqueta de campo/elemento,,crm/fcrm/doctype/crm_call_log/crm_call_log.json,crm/fcrm/doctype/crm_call_log/crm_call_log.json || crm/fcrm/doctype/crm_service_day/crm_service_day.json || frontend/src/components/Settings/Sla/SlaHolidays.vue:219 || frontend/src/components/Settings/Sla/WorkDayModal.vue:31 || frontend/src/components/Settings/Sla/WorkDayModal.vue:32,crm/fcrm/doctype/crm_call_log/crm_call_log.json || crm/fcrm/doctype/crm_service_day/crm_service_day.json || frontend/src/components/Calendar/CalendarEventPanel.vue:338 || frontend/src/components/Modals/EventModal.vue:103 || frontend/src/components/Settings/Sla/SlaHolidays.vue:219 || frontend/src/components/Settings/Sla/WorkDayModal.vue:31 || frontend/src/components/Settings/Sla/WorkDayModal.vue:32,doctype-json,Crm Call Log,"[""Label of the start_time (Datetime) field in DocType 'CRM Call Log'"", ""Label of the start_time (Time) field in DocType 'CRM Service Day'""]",,,,,,,existente correcta,revisado inicial CRM,sí,sí,no,,cross-app aprobado: Start Time,,,
crm:e9bd82fc8a3710c9,crm,crm,src,src,,CRM,Start date cannot be after end date,Start date cannot be after end date,,,,,La fecha de inicio no puede ser posterior a la fecha de fin,,,,,frontend/src/components/Settings/Sla/utils.js:160,frontend/src/components/Settings/Sla/utils.js:160,,client-js,,[],,,,,,,traducción propuesta,aprobado (lote crm 1.81.2),sí,,,,lote crm 1.81.2: reusar de Start Date cannot be after end date,,,"POT-only: en el universo fresco, sin traducir"
crm:0a81e81f46daa010,crm,crm,src,src,,CRM,Start time is required,Start time is required,,,,,La hora de inicio es obligatoria,,,,,frontend/src/components/Settings/Sla/WorkDayModal.vue:186,frontend/src/components/Settings/Sla/WorkDayModal.vue:186,,client-js,,[],,,,,,,traducción propuesta,aprobado (lote crm 1.81.2),sí,,,,lote crm 1.81.2: reusar de Start Time is required,,,"POT-only: en el universo fresco, sin traducir"
crm:513bb7f66b586225,crm,crm,src,src,,Src,Start with sample 10 leads,Start with sample 10 leads,,,,,Comienza con 10 leads de ejemplo,,,,,frontend/src/pages/Welcome.vue:21,frontend/src/pages/Welcome.vue:21,frontend/src/pages/Welcome.vue:21,client-js,,[],,,,,,,traducción propuesta,revisado inicial CRM,sí,sí,no,,Protegido: leads en inglés.,,,
crm:8b44a0048f78f9a9,crm,crm,fcrm,fcrm;src,sí,Fcrm,Status,Status,,,Estado,,Estado,,Label of the deal_status (Data) field in DocType 'CRM Deal Status',etiqueta de campo/elemento,,crm/fcrm/doctype/crm_call_log/crm_call_log.json,crm/fcrm/doctype/crm_call_log/crm_call_log.json || crm/fcrm/doctype/crm_communication_status/crm_communication_status.json || crm/fcrm/doctype/crm_deal/crm_deal.json || crm/fcrm/doctype/crm_deal_status/crm_deal_status.json || crm/fcrm/doctype/crm_invitation/crm_invitation.json || crm/fcrm/doctype/crm_lead/crm_lead.json || crm/fcrm/doctype/crm_lead_status/crm_lead_status.json || crm/fcrm/doctype/crm_rolling_response_time/crm_rolling_response_time.json || crm/fcrm/doctype/crm_task/crm_task.json || frontend/src/pages/Contact.vue:395 || frontend/src/pages/MobileContact.vue:387 || frontend/src/pages/MobileOrganization.vue:469 || frontend/src/pages/Organization.vue:499,crm/fcrm/doctype/crm_call_log/crm_call_log.json || crm/fcrm/doctype/crm_communication_status/crm_communication_status.json || crm/fcrm/doctype/crm_deal/crm_deal.json || crm/fcrm/doctype/crm_deal_status/crm_deal_status.json || crm/fcrm/doctype/crm_invitation/crm_invitation.json || crm/fcrm/doctype/crm_lead/crm_lead.json || crm/fcrm/doctype/crm_lead_status/crm_lead_status.json || crm/fcrm/doctype/crm_rolling_response_time/crm_rolling_response_time.json || crm/fcrm/doctype/crm_task/crm_task.json || frontend/src/pages/Contact.vue:526 || frontend/src/pages/MobileContact.vue:524 || frontend/src/pages/MobileOrganization.vue:468 || frontend/src/pages/Organization.vue:498,doctype-json,Crm Call Log,"[""Label of the deal_status (Data) field in DocType 'CRM Deal Status'"", ""Label of the lead_status (Data) field in DocType 'CRM Lead Status'"", ""Label of the status (Data) field in DocType 'CRM Communication Status'"", ""Label of the status (Link) field in DocType 'CRM Deal'"", ""Label of the status (Link) field in DocType 'CRM Lead'"", ""Label of the status (Select) field in DocType 'CRM Call Log'"", ""Label of the status (Select) field in DocType 'CRM Invitation'"", ""Label of the status (Select) field in DocType 'CRM Rolling Response Time'"", ""Label of the status (Select) field in DocType 'CRM Task'""]",,,,,,,existente correcta,revisado inicial CRM,sí,sí,no,,Cross-app aprobado: Status->Estado.,,,
crm:3a8e32c03aeea086,crm,crm,fcrm,fcrm,,Fcrm,Status Change Log,Status Change Log,,,,,Registro de cambios de estado,,Label of the status_change_log (Table) field in DocType 'CRM Deal',etiqueta de campo/elemento,,crm/fcrm/doctype/crm_deal/crm_deal.json,crm/fcrm/doctype/crm_deal/crm_deal.json || crm/fcrm/doctype/crm_lead/crm_lead.json,crm/fcrm/doctype/crm_deal/crm_deal.json || crm/fcrm/doctype/crm_lead/crm_lead.json,doctype-json,Crm Deal,"[""Label of the status_change_log (Table) field in DocType 'CRM Deal'"", ""Label of the status_change_log (Table) field in DocType 'CRM Lead'""]",,,,,,,traducción propuesta,revisado inicial CRM,sí,sí,no,,,Status,Estado,
crm:3ae41397f60f067f,crm,crm,src,src,,Src,Status is required,Status is required,,,,,El estado es obligatorio,,,,,frontend/src/components/Modals/DealModal.vue:209,frontend/src/components/Modals/DealModal.vue:209 || frontend/src/components/Modals/LeadModal.vue:152,frontend/src/components/Modals/DealModal.vue:209 || frontend/src/components/Modals/LeadModal.vue:152,client-js,,[],,,,,,,traducción propuesta,revisado inicial CRM,sí,sí,no,,Cross-app aprobado exacto.,Status is required,El estado es obligatorio,
crm:a186a9062e209802,crm,crm,src,src,,Src,Step {0} of {1},Step {0} of {1},,,,,Paso {0} de {1},,,,,frontend/src/components/Questionnaire.vue:91,frontend/src/components/Questionnaire.vue:91,frontend/src/components/Questionnaire.vue:91,client-js,,[],{0};{1},,{0};{1},ok,,,traducción propuesta,revisado inicial CRM,sí,sí,no,,Placeholders {0};{1} preservados.,,,
crm:a149217d663b7f76,crm,crm,fcrm,fcrm;src,sí,Fcrm,Subdomain,Subdomain,,,Sub-dominio,,Subdominio,,Label of the subdomain (Data) field in DocType 'CRM Exotel Settings',etiqueta de campo/elemento,,crm/fcrm/doctype/crm_exotel_settings/crm_exotel_settings.json,crm/fcrm/doctype/crm_exotel_settings/crm_exotel_settings.json || frontend/src/components/Settings/Telephony/ExotelSettings.vue:75,crm/fcrm/doctype/crm_exotel_settings/crm_exotel_settings.json || frontend/src/components/Settings/Telephony/ExotelSettings.vue:75,doctype-json,Crm Exotel Settings,"[""Label of the subdomain (Data) field in DocType 'CRM Exotel Settings'""]",,,,,,,existente mejorable,revisado inicial CRM,sí,sí,no,,Cross-app: Subdomain=Subdominio. Corrijo 'Sub-dominio'.,,,
crm:6fd9099f1dd266d1,crm,crm,src,src,,Src,Subject,Subject,,,Asunto,,Asunto,,,,,frontend/src/components/Settings/EmailTemplate/EditEmailTemplate.vue:67,frontend/src/components/Settings/EmailTemplate/EditEmailTemplate.vue:67 || frontend/src/components/Settings/EmailTemplate/NewEmailTemplate.vue:68,frontend/src/components/Settings/EmailTemplate/EditEmailTemplate.vue:68 || frontend/src/components/Settings/EmailTemplate/NewEmailTemplate.vue:68,client-js,,[],,,,,,,existente correcta,revisado inicial CRM,sí,sí,no,,Cross-app 'Subject'.,crm:crossapp,Asunto,
crm:35be6c74090932c1,crm,crm,src,src,,Src,Subject is required,Subject is required,,,El Asunto es obligatorio,,El asunto es obligatorio,,,,,frontend/src/components/Settings/EmailTemplate/EditEmailTemplate.vue:151,frontend/src/components/Settings/EmailTemplate/EditEmailTemplate.vue:151 || frontend/src/components/Settings/EmailTemplate/NewEmailTemplate.vue:158,frontend/src/components/Settings/EmailTemplate/EditEmailTemplate.vue:152 || frontend/src/components/Settings/EmailTemplate/NewEmailTemplate.vue:158,client-js,,[],,,,,,,existente mejorable,revisado inicial CRM,sí,sí,no,,Cross-app minúscula 'asunto'; corrige 'Asunto'.,crm:crossapp,El asunto es obligatorio,
crm:44822686cb5c3aa1,crm,crm,src,src,,Src,Subject: {0},Subject: {0},,,,,Asunto: {0},,,,,frontend/src/components/Modals/EmailTemplateSelectorModal.vue:35,frontend/src/components/Modals/EmailTemplateSelectorModal.vue:35,frontend/src/components/Modals/EmailTemplateSelectorModal.vue:35,client-js,,[],{0},,{0},ok,,,traducción propuesta,revisado inicial CRM,sí,sí,no,,Placeholder {0} preservado; Subject=Asunto (cross-app).,,,
crm:d3e978a08c1f0205,crm,crm,fcrm,fcrm,,Fcrm,Sunday,Sunday,,,Domingo,,Domingo,,Option for the 'Weekly Off' (Select) field in DocType 'CRM Holiday List',opción de campo select,,crm/fcrm/doctype/crm_holiday_list/crm_holiday_list.json,crm/fcrm/doctype/crm_holiday_list/crm_holiday_list.json || crm/fcrm/doctype/crm_service_day/crm_service_day.json,crm/fcrm/doctype/crm_holiday_list/crm_holiday_list.json || crm/fcrm/doctype/crm_service_day/crm_service_day.json,doctype-json,Crm Holiday List,"[""Option for the 'Weekly Off' (Select) field in DocType 'CRM Holiday List'"", ""Option for the 'Workday' (Select) field in DocType 'CRM Service Day'""]",,,,,,,existente correcta,revisado inicial CRM,sí,sí,no,,crossapp Sunday->Domingo,,,
crm:94ce70b8a0984742,crm,crm,src,src,,Src,Support / Sales,Support / Sales,,,,,Soporte / Ventas,,,,,frontend/src/components/Settings/emailConfig.js:16,frontend/src/components/Settings/emailConfig.js:16,frontend/src/components/Settings/emailConfig.js:16,client-js,,[],,,,,,,traducción propuesta,revisado inicial CRM,sí,sí,no,,crossapp Support / Sales->Soporte / Ventas,,,
crm:c868452148ac3c60,crm,crm,src,src,,Src,Switch Camera,Switch Camera,,,Cambiar Cámara,,Cambiar cámara,,,,,frontend/src/components/FilesUploader/FilesUploader.vue:40,frontend/src/components/FilesUploader/FilesUploader.vue:40,frontend/src/components/FilesUploader/FilesUploader.vue:40,client-js,,[],,,,,,,existente mejorable,revisado inicial CRM,sí,sí,no,,Cross-app aprobado exacto; corrige mayúscula 'Cámara'.,Switch Camera,Cambiar cámara,
crm:ee3c00e15b252b41,crm,crm,src,src,,Src,"Switch between light, dark, or system theme","Switch between light, dark, or system theme",,,,,"Alternar entre tema claro, oscuro o del sistema",,,,,frontend/src/components/Settings/PreferencesSettings.vue:26,frontend/src/components/Settings/PreferencesSettings.vue:26,frontend/src/components/Settings/PreferencesSettings.vue:26,client-js,,[],,,,,,,traducción propuesta,revisado inicial CRM,sí,sí,no,,Crossapp aprobado: reuso exacto.,"Switch between light, dark, or system theme","Alternar entre tema claro, oscuro o del sistema",
crm:63a0886f718f7cc2,crm,crm,src,src,,Src,Switch between outgoing email accounts when sending emails,Switch between outgoing email accounts when sending emails,,,,,Alternar entre cuentas de correo salientes al enviar correos,,,,,frontend/src/components/Settings/Profile/UserEmailSettings.vue:55,frontend/src/components/Settings/Profile/UserEmailSettings.vue:55,frontend/src/components/Settings/Profile/UserEmailSettings.vue:55,client-js,,[],,,,,,,traducción propuesta,revisado inicial CRM,sí,sí,no,,Sin traducción upstream.,,,
crm:3682b2e553d0f913,crm,crm,src,lead_syncing;src,sí,Src,Sync Now,Sync Now,,,Sincronizar ahora,,Sincronizar ahora,,,,,crm/lead_syncing/doctype/lead_sync_source/lead_sync_source.js:6,crm/lead_syncing/doctype/lead_sync_source/lead_sync_source.js:6 || frontend/src/components/Settings/ERPNextSettings.vue:263 || frontend/src/components/Settings/LeadSyncing/LeadSyncSourceForm.vue:23,crm/lead_syncing/doctype/lead_sync_source/lead_sync_source.js:6 || frontend/src/components/Settings/ERPNextSettings.vue:206 || frontend/src/components/Settings/LeadSyncing/LeadSyncSourceForm.vue:23,doctype-controller,Lead Sync Source,[],,,,,,,existente correcta,revisado inicial CRM,sí,sí,no,,Cross-app aprobado: Sync Now->Sincronizar ahora.,,,
crm:2eac83499b26f5a0,crm,crm,lead_syncing,lead_syncing,,Lead_Syncing,"Sync Successful, CRM Lead: {0}!","Sync Successful, CRM Lead: {0}!",,,,,"Sincronización exitosa, CRM Lead: {0}!",,,,,crm/lead_syncing/doctype/failed_lead_sync_log/failed_lead_sync_log.js:16,crm/lead_syncing/doctype/failed_lead_sync_log/failed_lead_sync_log.js:16,crm/lead_syncing/doctype/failed_lead_sync_log/failed_lead_sync_log.js:16,doctype-controller,Failed Lead Sync Log,[],{0},,{0},ok,,,traducción propuesta,revisado inicial CRM,sí,no,no,,"Placeholder {0} preservado; CRM Lead nombre de DocType, Lead protegido.",,,
crm:9dcb675fb8abea07,crm,crm,src,src,,CRM,Sync successful!,Sync successful!,,,,,¡Sincronización exitosa!,,,,,frontend/src/components/Settings/LeadSyncing/FailureLogs.vue:132,frontend/src/components/Settings/LeadSyncing/FailureLogs.vue:132,,client-js,,[],,,,,,,traducción propuesta,aprobado (lote crm 1.81.2),sí,,,,lote crm 1.81.2: reusar de Sync Successful!,,,"POT-only: en el universo fresco, sin traducir"
crm:ffc327d26d07a873,crm,crm,src,src,,Src,"Sync your Contacts, Email and Calendars","Sync your Contacts, Email and Calendars",,,,,"Sincronice sus contactos, correo y calendarios",,,,,frontend/src/pages/Welcome.vue:32,frontend/src/pages/Welcome.vue:32,frontend/src/pages/Welcome.vue:32,client-js,,[],,,,,,,traducción propuesta,revisado inicial CRM + pase dirigido,sí,,,,registro: 'Sincroniza tus' -> 'Sincronice sus'.,,,
crm:184d20b14680e80a,crm,crm,lead_syncing,lead_syncing,,Lead_Syncing,Synced,Synced,,,,,Sincronizado,,Option for the 'Type' (Select) field in DocType 'Failed Lead Sync Log',opción de campo select,,crm/lead_syncing/doctype/failed_lead_sync_log/failed_lead_sync_log.json,crm/lead_syncing/doctype/failed_lead_sync_log/failed_lead_sync_log.json,crm/lead_syncing/doctype/failed_lead_sync_log/failed_lead_sync_log.json,doctype-json,Failed Lead Sync Log,"[""Option for the 'Type' (Select) field in DocType 'Failed Lead Sync Log'""]",,,,,,,traducción propuesta,revisado inicial CRM,sí,sí,no,,Synced (opción de tipo).,,,
crm:a5d1df8c9099b3ca,crm,crm,fcrm,fcrm,,Fcrm,Syncing,Syncing,,,Sincronización,,Sincronizando,,Label of the syncing_tab (Tab Break) field in DocType 'CRM Lead',etiqueta de campo/elemento,,crm/fcrm/doctype/crm_lead/crm_lead.json,crm/fcrm/doctype/crm_lead/crm_lead.json,crm/fcrm/doctype/crm_lead/crm_lead.json,doctype-json,Crm Lead,"[""Label of the syncing_tab (Tab Break) field in DocType 'CRM Lead'""]",,,,,,,existente mejorable,revisado inicial CRM,sí,sí,no,,"Cross-app aprobado: Syncing->Sincronizando; upstream 'Sincronización' es sustantivo, aquí es gerundio (estado).",,,
crm:bfcaa63b8a132590,crm,crm,src,src,,Src,Syncing started in background,Syncing started in background,,,,,La sincronización se inició en segundo plano,,,,,frontend/src/components/Settings/LeadSyncing/LeadSyncSourceForm.vue:382,frontend/src/components/Settings/LeadSyncing/LeadSyncSourceForm.vue:382,frontend/src/components/Settings/LeadSyncing/LeadSyncSourceForm.vue:380,client-js,,[],,,,,,,traducción propuesta,revisado inicial CRM,sí,sí,no,,,,,
crm:559f0892fba430eb,crm,crm,src,src,,Src,System,System,,,Sistema,,Sistema,,,,,frontend/src/components/Settings/ThemeSwitcher.vue:162,frontend/src/components/Settings/ThemeSwitcher.vue:162,frontend/src/components/Settings/ThemeSwitcher.vue:162,client-js,,[],,,,,,,existente correcta,revisado inicial CRM,sí,sí,no,,crossapp System->Sistema,,,
crm:a55e70f58d91801e,crm,crm,src,src,,Src,System Configuration,System Configuration,,,,,Configuración del sistema,,,,,frontend/src/components/Settings/Settings.vue:119,frontend/src/components/Settings/Settings.vue:119,frontend/src/components/Settings/Settings.vue:119,client-js,,[],,,,,,,traducción propuesta,revisado inicial CRM,sí,sí,no,,Sin traducción upstream.,,,
crm:e6cf8b7feb7f0df5,crm,crm,src,src,,Src,System Defaults,System Defaults,,,,,Valores predeterminados del sistema,,,,,frontend/src/components/Settings/DefaultsSettings.vue:6,frontend/src/components/Settings/DefaultsSettings.vue:6,frontend/src/components/Settings/DefaultsSettings.vue:6,client-js,,[],,,,,,,traducción propuesta,revisado inicial CRM,sí,sí,no,,,,,
crm:cec31f85792a411a,crm,crm,fcrm,fcrm;lead_syncing,sí,Fcrm,System Manager,System Manager,,,Administrador del sistema,,Administrador del Sistema,,Name of a role,nombre de rol,,crm/fcrm/doctype/crm_call_log/crm_call_log.json,crm/fcrm/doctype/crm_call_log/crm_call_log.json || crm/fcrm/doctype/crm_communication_status/crm_communication_status.json || crm/fcrm/doctype/crm_dashboard/crm_dashboard.json || crm/fcrm/doctype/crm_deal/crm_deal.json || crm/fcrm/doctype/crm_deal_status/crm_deal_status.json || crm/fcrm/doctype/crm_exotel_settings/crm_exotel_settings.json || crm/fcrm/doctype/crm_fields_layout/crm_fields_layout.json || crm/fcrm/doctype/crm_form_script/crm_form_script.json || crm/fcrm/doctype/crm_global_settings/crm_global_settings.json || crm/fcrm/doctype/crm_industry/crm_industry.json || crm/fcrm/doctype/crm_invitation/crm_invitation.json || crm/fcrm/doctype/crm_lead/crm_lead.json || crm/fcrm/doctype/crm_lead_source/crm_lead_source.json || crm/fcrm/doctype/crm_lead_status/crm_lead_status.json || crm/fcrm/doctype/crm_lost_reason/crm_lost_reason.json || crm/fcrm/doctype/crm_notification/crm_notification.json || crm/fcrm/doctype/crm_organization/crm_organization.json || crm/fcrm/doctype/crm_product/crm_product.json || crm/fcrm/doctype/crm_sales_hierarchy/crm_sales_hierarchy.json || crm/fcrm/doctype/crm_service_level_agreement/crm_service_level_agreement.json || crm/fcrm/doctype/crm_task/crm_task.json || crm/fcrm/doctype/crm_telephony_agent/crm_telephony_agent.json || crm/fcrm/doctype/crm_territory/crm_territory.json || crm/fcrm/doctype/crm_twilio_settings/crm_twilio_settings.json || crm/fcrm/doctype/crm_view_settings/crm_view_settings.json || crm/fcrm/doctype/erpnext_crm_settings/erpnext_crm_settings.json || crm/fcrm/doctype/fcrm_note/fcrm_note.json || crm/fcrm/doctype/fcrm_settings/fcrm_settings.json || crm/lead_syncing/doctype/facebook_lead_form/facebook_lead_form.json || crm/lead_syncing/doctype/facebook_page/facebook_page.json || crm/lead_syncing/doctype/failed_lead_sync_log/failed_lead_sync_log.json || crm/lead_syncing/doctype/lead_sync_source/lead_sync_source.json,crm/fcrm/doctype/crm_call_log/crm_call_log.json || crm/fcrm/doctype/crm_communication_status/crm_communication_status.json || crm/fcrm/doctype/crm_dashboard/crm_dashboard.json || crm/fcrm/doctype/crm_deal/crm_deal.json || crm/fcrm/doctype/crm_deal_status/crm_deal_status.json || crm/fcrm/doctype/crm_exotel_settings/crm_exotel_settings.json || crm/fcrm/doctype/crm_fields_layout/crm_fields_layout.json || crm/fcrm/doctype/crm_form_script/crm_form_script.json || crm/fcrm/doctype/crm_global_settings/crm_global_settings.json || crm/fcrm/doctype/crm_holiday_list/crm_holiday_list.json || crm/fcrm/doctype/crm_industry/crm_industry.json || crm/fcrm/doctype/crm_invitation/crm_invitation.json || crm/fcrm/doctype/crm_lead/crm_lead.json || crm/fcrm/doctype/crm_lead_source/crm_lead_source.json || crm/fcrm/doctype/crm_lead_status/crm_lead_status.json || crm/fcrm/doctype/crm_lost_reason/crm_lost_reason.json || crm/fcrm/doctype/crm_notification/crm_notification.json || crm/fcrm/doctype/crm_organization/crm_organization.json || crm/fcrm/doctype/crm_product/crm_product.json || crm/fcrm/doctype/crm_sales_hierarchy/crm_sales_hierarchy.json || crm/fcrm/doctype/crm_service_level_agreement/crm_service_level_agreement.json || crm/fcrm/doctype/crm_task/crm_task.json || crm/fcrm/doctype/crm_telephony_agent/crm_telephony_agent.json || crm/fcrm/doctype/crm_territory/crm_territory.json || crm/fcrm/doctype/crm_twilio_settings/crm_twilio_settings.json || crm/fcrm/doctype/crm_view_settings/crm_view_settings.json || crm/fcrm/doctype/erpnext_crm_settings/erpnext_crm_settings.json || crm/fcrm/doctype/fcrm_note/fcrm_note.json || crm/fcrm/doctype/fcrm_settings/fcrm_settings.json || crm/lead_syncing/doctype/facebook_lead_form/facebook_lead_form.json || crm/lead_syncing/doctype/facebook_page/facebook_page.json || crm/lead_syncing/doctype/failed_lead_sync_log/failed_lead_sync_log.json || crm/lead_syncing/doctype/lead_sync_source/lead_sync_source.json,doctype-json,Crm Call Log,"[""Name of a role"", ""Option for the 'Role' (Select) field in DocType 'CRM Invitation'""]",,,,,,,existente mejorable,revisado inicial CRM,sí,sí,no,,Cross-app aprobado usa mayúscula en 'Sistema': 'Administrador del Sistema'.,,,
crm:c85ac58f005d467e,crm,crm,src,src,,Src,TO,TO,,,,,PARA,,,,,frontend/src/components/EmailEditor.vue:30,frontend/src/components/EmailEditor.vue:30,frontend/src/components/EmailEditor.vue:39,client-js,,[],,,,,,,traducción propuesta,revisado inicial CRM,sí,sí,no,,Encabezado TO del editor de correo; mayúsculas por UI.,To,Para,
crm:aac77892bca0d162,crm,crm,src,src,,Src,Take a note...,Take a note...,,,,,Tomar una nota...,,,,,frontend/src/components/Telephony/ExotelCallUI.vue:148,frontend/src/components/Telephony/ExotelCallUI.vue:148,frontend/src/components/Telephony/ExotelCallUI.vue:148,client-js,,[],,,,,,,traducción propuesta,revisado inicial CRM,sí,sí,no,,placeholder de texto; puntos suspensivos preservados,,,
crm:d2c8af7de7e543e3,crm,crm,src,fcrm;src,sí,CRM,Task,Task,,,Tarea,,Tarea,,CRM,DocType,comercial,crm/fcrm/doctype/crm_notification/crm_notification.json,crm/fcrm/doctype/crm_notification/crm_notification.json || frontend/src/components/Activities/ActivityHeader.vue:136 || frontend/src/components/Layouts/AppSidebar.vue:669,crm/fcrm/doctype/crm_notification/crm_notification.json || frontend/src/components/Activities/ActivityHeader.vue:152 || frontend/src/components/Layouts/AppSidebar.vue:585,doctype-json,Crm Notification,"[""Option for the 'Type' (Select) field in DocType 'CRM Notification'""]",,,,,,,existente correcta,revisado inicial CRM,sí,sí,no,,LOCKED preservado verbatim (human_locked),crm:d2c8af7de7e543e3,Tarea,
crm:99ff22ad8b0cc559,crm,crm,src,src,,Src,Tasks,Tasks,,,Tareas,,Tareas,,,,,frontend/src/pages/Deal.vue:592,frontend/src/pages/Deal.vue:592 || frontend/src/pages/Lead.vue:444 || frontend/src/pages/MobileDeal.vue:467 || frontend/src/pages/MobileLead.vue:314,frontend/src/pages/Deal.vue:591 || frontend/src/pages/Lead.vue:443 || frontend/src/pages/MobileDeal.vue:463 || frontend/src/pages/MobileLead.vue:310,client-js,,[],,,,,,,existente correcta,revisado inicial CRM,sí,sí,no,,Cross-app aprobado exacto (Tasks->Tareas).,Task,Tarea,
crm:e1b40f8c93c76e75,crm,crm,src,src,,Src,Telephony,Telephony,,,,,Telefonía,,,,,frontend/src/components/Settings/Settings.vue:215,frontend/src/components/Settings/Settings.vue:215,frontend/src/components/Settings/Settings.vue:220,client-js,,[],,,,,,,traducción propuesta,revisado inicial CRM,sí,sí,no,,Crossapp aprobado: reuso exacto.,Telephony,Telefonía,
crm:614e47c929f11a09,crm,crm,fcrm,fcrm,,Fcrm,Telephony Medium,Telephony Medium,,,,,Medio de telefonía,,Label of the telephony_medium (Select) field in DocType 'CRM Call Log',etiqueta de campo/elemento,,crm/fcrm/doctype/crm_call_log/crm_call_log.json,crm/fcrm/doctype/crm_call_log/crm_call_log.json,crm/fcrm/doctype/crm_call_log/crm_call_log.json,doctype-json,Crm Call Log,"[""Label of the telephony_medium (Select) field in DocType 'CRM Call Log'""]",,,,,,,traducción propuesta,revisado inicial CRM,sí,sí,no,,campo telephony_medium,,,
crm:2d1c9f7ee69e0bb7,crm,crm,src,src,,Src,Telephony Settings,Telephony Settings,,,,,Configuración de telefonía,,,,,frontend/src/components/Settings/Telephony/TelephonySettings.vue:9,frontend/src/components/Settings/Telephony/TelephonySettings.vue:9,frontend/src/components/Settings/Telephony/TelephonySettings.vue:9,client-js,,[],,,,,,,traducción propuesta,revisado inicial CRM,sí,sí,no,,Settings->Configuración; Telephony->Telefonía,,,
crm:51f46ef7da80af09,crm,crm,src,src,,Src,Template Name,Template Name,,,Nombre de Plantilla,,Nombre de la Plantilla,,,,,frontend/src/components/Settings/EmailTemplate/EmailTemplates.vue:82,frontend/src/components/Settings/EmailTemplate/EmailTemplates.vue:82,frontend/src/components/Settings/EmailTemplate/EmailTemplates.vue:82,client-js,,[],,,,,,,existente mejorable,revisado inicial CRM,sí,sí,no,,Crossapp aprobado: reuso exacto.,Template Name,Nombre de la Plantilla,
crm:adba2f0b0477bfe1,crm,crm,src,src,,Src,Template created successfully,Template created successfully,,,,,Plantilla creada correctamente,,,,,frontend/src/components/Settings/EmailTemplate/NewEmailTemplate.vue:175,frontend/src/components/Settings/EmailTemplate/NewEmailTemplate.vue:175,frontend/src/components/Settings/EmailTemplate/NewEmailTemplate.vue:175,client-js,,[],,,,,,,traducción propuesta,revisado inicial CRM,sí,sí,no,,Sin traducción upstream.,,,
crm:6e902bc66f4a6942,crm,crm,src,src,,CRM,Template deleted successfully,Template deleted successfully,,,,,Plantilla eliminada correctamente,,,,,frontend/src/components/Settings/EmailTemplate/EmailTemplates.vue:214,frontend/src/components/Settings/EmailTemplate/EmailTemplates.vue:214,,client-js,,[],,,,,,,traducción propuesta,aprobado (lote crm 1.81.2),sí,,,,lote crm 1.81.2: reusar de Template Deleted Successfully,,,"POT-only: en el universo fresco, sin traducir"
crm:aa5f4bfedb8faa68,crm,crm,src,src,,Src,Template disabled successfully,Template disabled successfully,,,,,Plantilla deshabilitada correctamente,,,,,frontend/src/components/Settings/EmailTemplate/EmailTemplates.vue:197,frontend/src/components/Settings/EmailTemplate/EmailTemplates.vue:197,frontend/src/components/Settings/EmailTemplate/EmailTemplates.vue:197,client-js,,[],,,,,,,traducción propuesta,revisado inicial CRM,sí,sí,no,,Sin traducción upstream.,,,
crm:e52207f3149815a2,crm,crm,src,src,,Src,Template enabled successfully,Template enabled successfully,,,,,Plantilla habilitada correctamente,,,,,frontend/src/components/Settings/EmailTemplate/EmailTemplates.vue:196,frontend/src/components/Settings/EmailTemplate/EmailTemplates.vue:196,frontend/src/components/Settings/EmailTemplate/EmailTemplates.vue:196,client-js,,[],,,,,,,traducción propuesta,revisado inicial CRM,sí,sí,no,,Sin traducción upstream.,,,
crm:6c77b35da70ecec8,crm,crm,src,src,,Src,Template renamed successfully,Template renamed successfully,,,,,Plantilla renombrada correctamente,,,,,frontend/src/components/Settings/EmailTemplate/EditEmailTemplate.vue:235,frontend/src/components/Settings/EmailTemplate/EditEmailTemplate.vue:235,frontend/src/components/Settings/EmailTemplate/EditEmailTemplate.vue:236,client-js,,[],,,,,,,traducción propuesta,revisado inicial CRM,sí,sí,no,,,,,
crm:4e9c022201388886,crm,crm,src,src,,Src,Template updated successfully,Template updated successfully,,,,,Plantilla actualizada correctamente,,,,,frontend/src/components/Settings/EmailTemplate/EditEmailTemplate.vue:200,frontend/src/components/Settings/EmailTemplate/EditEmailTemplate.vue:200,frontend/src/components/Settings/EmailTemplate/EditEmailTemplate.vue:201,client-js,,[],,,,,,,traducción propuesta,revisado inicial CRM,sí,sí,no,,,,,
crm:1af4f1d345bb36f6,crm,crm,src,src,,Src,Templates,Templates,,,Plantillas,,Plantillas,,,,,frontend/src/components/Settings/Settings.vue:178,frontend/src/components/Settings/Settings.vue:178,frontend/src/components/Settings/Settings.vue:183,client-js,,[],,,,,,,existente correcta,revisado inicial CRM,sí,sí,no,,Crossapp aprobado: reuso exacto.,Templates,Plantillas,
crm:10caedf376cf362f,crm,crm,fcrm,fcrm,,Fcrm,Territories,Territories,,,,,Territorios,,Label of a shortcut in the Frappe CRM Workspace,etiqueta de campo/elemento,,crm/fcrm/workspace/frappe_crm/frappe_crm.json,crm/fcrm/workspace/frappe_crm/frappe_crm.json,crm/fcrm/workspace/frappe_crm/frappe_crm.json,workspace,Frappe CRM (Workspace),"[""Label of a shortcut in the Frappe CRM Workspace""]",,,,,,,traducción propuesta,revisado inicial CRM,sí,sí,no,,Territory->Territorio.,,,
crm:da270f1527c11bd2,crm,crm,fcrm,api;fcrm,sí,CRM,Territory,Territory,,,Territorio,,Territorio,,CRM,campo,comercial,crm/api/dashboard.py:1070,crm/api/dashboard.py:1070 || crm/fcrm/doctype/crm_deal/crm_deal.json || crm/fcrm/doctype/crm_lead/crm_lead.json || crm/fcrm/doctype/crm_organization/crm_organization.json,crm/api/dashboard.py:1070 || crm/fcrm/doctype/crm_deal/crm_deal.json || crm/fcrm/doctype/crm_lead/crm_lead.json || crm/fcrm/doctype/crm_organization/crm_organization.json,python,CRM Deal,"[""Label of the territory (Link) field in DocType 'CRM Deal'"", ""Label of the territory (Link) field in DocType 'CRM Lead'"", ""Label of the territory (Link) field in DocType 'CRM Organization'""]",,,,,,,existente correcta,revisado inicial CRM,sí,sí,no,,LOCKED preservado verbatim.,Territory,Territorio,
crm:9756bcb9c8f2ced6,crm,crm,fcrm,fcrm,,Fcrm,Territory Manager,Territory Manager,,,Gerente de Territorio,,Gerente de Territorio,,Label of the territory_manager (Link) field in DocType 'CRM Territory',etiqueta de campo/elemento,,crm/fcrm/doctype/crm_territory/crm_territory.json,crm/fcrm/doctype/crm_territory/crm_territory.json,crm/fcrm/doctype/crm_territory/crm_territory.json,doctype-json,Crm Territory,"[""Label of the territory_manager (Link) field in DocType 'CRM Territory'""]",,,,,,,existente correcta,revisado inicial CRM,sí,sí,no,,crossapp aprobado.,,,
crm:be9d2eaec03089cd,crm,crm,fcrm,fcrm,,Fcrm,Territory Name,Territory Name,,,Nombre Territorio,,Nombre Territorio,,Label of the territory_name (Data) field in DocType 'CRM Territory',etiqueta de campo/elemento,,crm/fcrm/doctype/crm_territory/crm_territory.json,crm/fcrm/doctype/crm_territory/crm_territory.json,crm/fcrm/doctype/crm_territory/crm_territory.json,doctype-json,Crm Territory,"[""Label of the territory_name (Data) field in DocType 'CRM Territory'""]",,,,,,,existente correcta,revisado inicial CRM,sí,sí,no,,crossapp aprobado.,,,
crm:a56989008cbd80b9,crm,crm,fcrm,fcrm,,Fcrm,The Condition '{0}' is invalid: {1},The Condition '{0}' is invalid: {1},,,,,La condición '{0}' no es válida: {1},,,,,crm/fcrm/doctype/crm_service_level_agreement/crm_service_level_agreement.py:72,crm/fcrm/doctype/crm_service_level_agreement/crm_service_level_agreement.py:72,crm/fcrm/doctype/crm_service_level_agreement/crm_service_level_agreement.py:72,doctype-controller,Crm Service Level Agreement,[],{0};{1},,{0};{1},ok,,,traducción propuesta,revisado inicial CRM,sí,sí,no,,placeholders {0} {1},,,
crm:8bdf37297e08705c,crm,crm,fcrm,fcrm,,Fcrm,The holiday on {0} is not between From Date and To Date,The holiday on {0} is not between From Date and To Date,,,El día de fiesta en {0} no es entre De la fecha y Hasta la fecha,,El día festivo del {0} no está entre la fecha inicial y la fecha final,,,,,crm/fcrm/doctype/crm_holiday_list/crm_holiday_list.py:65,crm/fcrm/doctype/crm_holiday_list/crm_holiday_list.py:65,crm/fcrm/doctype/crm_holiday_list/crm_holiday_list.py:64,doctype-controller,Crm Holiday List,[],{0},{0},{0},ok,,,existente mejorable,revisado inicial CRM + pase dirigido,sí,,,,TERM: 'El día festivo del {0}'. Placeholder {0} conservado.,,El día de fiesta en {0} no es entre De la fecha y Hasta la fecha,
crm:9f7b72bd1de4a812,crm,crm,fcrm,fcrm,,Fcrm,The rate used to convert the deal’s currency to your crm's base currency (set in CRM Settings). It is set once when the currency is first added and doesn't change automatically.,The rate used to convert the deal’s currency to your crm's base currency (set in CRM Settings). It is set once when the currency is first added and doesn't change automatically.,,,,,El tipo de cambio usado para convertir la moneda del Deal a la moneda base de su CRM (definida en Configuración de CRM). Se establece una vez al agregar la moneda por primera vez y no cambia automáticamente.,,Description of the 'Exchange Rate' (Float) field in DocType 'CRM Deal',descripción,,crm/fcrm/doctype/crm_deal/crm_deal.json,crm/fcrm/doctype/crm_deal/crm_deal.json,crm/fcrm/doctype/crm_deal/crm_deal.json,doctype-json,Crm Deal,"[""Description of the 'Exchange Rate' (Float) field in DocType 'CRM Deal'""]",,,,,,,traducción propuesta,revisado inicial CRM,sí,no,sí,,Deal protegido; comilla tipográfica del original resuelta como posesivo.,Deal,Deal,
crm:0204b180270f4015,crm,crm,fcrm,fcrm,,Fcrm,The rate used to convert the organization’s currency to your crm's base currency (set in CRM Settings). It is set once when the currency is first added and doesn't change automatically.,The rate used to convert the organization’s currency to your crm's base currency (set in CRM Settings). It is set once when the currency is first added and doesn't change automatically.,,,,,El tipo de cambio usado para convertir la moneda de la organización a la moneda base de su CRM (definida en Configuración de CRM). Se establece una sola vez al agregar la moneda por primera vez y no cambia automáticamente.,,Description of the 'Exchange Rate' (Float) field in DocType 'CRM Organization',descripción,,crm/fcrm/doctype/crm_organization/crm_organization.json,crm/fcrm/doctype/crm_organization/crm_organization.json,crm/fcrm/doctype/crm_organization/crm_organization.json,doctype-json,Crm Organization,"[""Description of the 'Exchange Rate' (Float) field in DocType 'CRM Organization'""]",,,,,,,traducción propuesta,revisado inicial CRM + pase dirigido,sí,,,,registro: 'tu CRM' -> 'su CRM'.,,,
crm:f3a41ab02e5208ba,crm,crm,src,src,,Src,Theme,Theme,,,Tema,,Tema,,,,,frontend/src/components/Settings/PreferencesSettings.vue:23,frontend/src/components/Settings/PreferencesSettings.vue:23,frontend/src/components/Settings/PreferencesSettings.vue:23,client-js,,[],,,,,,,existente correcta,revisado inicial CRM,sí,sí,no,,Crossapp aprobado: reuso exacto.,Theme,Tema,
crm:5661fae76c4dffb8,crm,crm,fcrm,fcrm,,Fcrm,There can only be one default priority in Priorities table,There can only be one default priority in Priorities table,,,,,Solo puede haber una prioridad predeterminada en la tabla de Prioridades,,,,,crm/fcrm/doctype/crm_service_level_agreement/crm_service_level_agreement.js:29,crm/fcrm/doctype/crm_service_level_agreement/crm_service_level_agreement.js:29,crm/fcrm/doctype/crm_service_level_agreement/crm_service_level_agreement.js:29,doctype-controller,Crm Service Level Agreement,[],,,,,,,traducción propuesta,revisado inicial CRM,sí,sí,no,,,,,
crm:5cae7743410e6bf9,crm,crm,src,src,,Src,This Month,This Month,,,Este mes,,Este mes,,,,,frontend/src/components/Filter.vue:715,frontend/src/components/Filter.vue:715,frontend/src/components/Filter.vue:689,client-js,,[],,,,,,,existente correcta,revisado inicial CRM,sí,sí,no,,cross-app This Month=Este mes,,,
crm:5f5f14bca50f3ae9,crm,crm,src,src,,Src,This Quarter,This Quarter,,,Este trimestre,,Este trimestre,,,,,frontend/src/components/Filter.vue:719,frontend/src/components/Filter.vue:719,frontend/src/components/Filter.vue:693,client-js,,[],,,,,,,existente correcta,revisado inicial CRM,sí,sí,no,,cross-app This Quarter=Este trimestre,,,
crm:847e786b011d3ffa,crm,crm,src,src,,Src,This Week,This Week,,,Esta Semana,,Esta Semana,,,,,frontend/src/components/Filter.vue:711,frontend/src/components/Filter.vue:711,frontend/src/components/Filter.vue:685,client-js,,[],,,,,,,existente correcta,revisado inicial CRM,sí,sí,no,,cross-app This Week=Esta Semana,,,
crm:9c322d50c5474a8a,crm,crm,src,src,,Src,This Year,This Year,,,Este año,,Este año,,,,,frontend/src/components/Filter.vue:723,frontend/src/components/Filter.vue:723,frontend/src/components/Filter.vue:697,client-js,,[],,,,,,,existente correcta,revisado inicial CRM,sí,sí,no,,cross-app This Year=Este año,,,
crm:29d63d78c43f684e,crm,crm,src,src,,Src,This column contains fields. Are you sure you want to remove it?,This column contains fields. Are you sure you want to remove it?,,,,,Esta columna contiene campos. ¿Seguro que desea eliminarla?,,,,,frontend/src/components/FieldLayoutEditor.vue:581,frontend/src/components/FieldLayoutEditor.vue:581,frontend/src/components/FieldLayoutEditor.vue:584,client-js,,[],,,,,,,traducción propuesta,revisado inicial CRM,sí,sí,no,,,,,
crm:595603568f0e14f8,crm,crm,src,src,,Src,This field is required,This field is required,,,,,Este campo es obligatorio,,,,,frontend/src/components/Settings/Sla/WorkDayModal.vue:177,frontend/src/components/Settings/Sla/WorkDayModal.vue:177,frontend/src/components/Settings/Sla/WorkDayModal.vue:177,client-js,,[],,,,,,,traducción propuesta,revisado inicial CRM,sí,sí,no,,Sin traducción upstream.,,,
crm:482a7fbfc39cc0b8,crm,crm,src,src,,Src,This is my first CRM,This is my first CRM,,,,,Este es mi primer CRM,,,,,frontend/src/pages/PersonaForm.vue:58,frontend/src/pages/PersonaForm.vue:58,frontend/src/pages/PersonaForm.vue:58,client-js,,[],,,,,,,traducción propuesta,revisado inicial CRM,sí,sí,no,,,,,
crm:9958bfdf36a0c680,crm,crm,www,www,,Www,This method is only meant for developer mode,This method is only meant for developer mode,,,,,Este método solo está previsto para el modo de desarrollador,,,,,crm/www/crm.py:31,crm/www/crm.py:31,crm/www/crm.py:31,python,,[],,,,,,,traducción propuesta,revisado inicial CRM,sí,sí,no,,Cross-app aprobado exacto.,,,
crm:2edeff17708aa214,crm,crm,src,src,,Src,This section contains fields. Are you sure you want to remove it?,This section contains fields. Are you sure you want to remove it?,,,,,Esta sección contiene campos. ¿Seguro que desea eliminarla?,,,,,frontend/src/components/FieldLayoutEditor.vue:486,frontend/src/components/FieldLayoutEditor.vue:486,frontend/src/components/FieldLayoutEditor.vue:489,client-js,,[],,,,,,,traducción propuesta,revisado inicial CRM,sí,sí,no,,,,,
crm:5b558b0232d29eda,crm,crm,src,src,,Src,This section is not editable,This section is not editable,,,,,Esta sección no es editable,,,,,frontend/src/components/SidePanelLayoutEditor.vue:116,frontend/src/components/SidePanelLayoutEditor.vue:116,frontend/src/components/SidePanelLayoutEditor.vue:116,client-js,,[],,,,,,,traducción propuesta,revisado inicial CRM,sí,sí,no,,,,,
crm:9b90e75e85742493,crm,crm,src,src,,Src,"This will delete selected items and items linked to it, are you sure?","This will delete selected items and items linked to it, are you sure?",,,,,"Esto eliminará los elementos seleccionados y los elementos vinculados a ellos, ¿está seguro?",,,,,frontend/src/components/BulkDeleteLinkedDocModal.vue:60,frontend/src/components/BulkDeleteLinkedDocModal.vue:60,frontend/src/components/BulkDeleteLinkedDocModal.vue:60,client-js,,[],,,,,,,traducción propuesta,revisado inicial CRM,sí,sí,no,,mensaje de confirmación,,,
crm:d539424f93fa7fad,crm,crm,src,src,,Src,"This will delete selected items and unlink linked items to it, are you sure?","This will delete selected items and unlink linked items to it, are you sure?",,,,,"Esto eliminará los elementos seleccionados y desvinculará los elementos vinculados a ellos, ¿está seguro?",,,,,frontend/src/components/BulkDeleteLinkedDocModal.vue:63,frontend/src/components/BulkDeleteLinkedDocModal.vue:63,frontend/src/components/BulkDeleteLinkedDocModal.vue:63,client-js,,[],,,,,,,traducción propuesta,revisado inicial CRM,sí,sí,no,,mensaje de confirmación,,,
crm:aa1de17b660c5974,crm,crm,fcrm,fcrm,,Fcrm,"This will restore (if not exist) all the default statuses, custom fields and layouts. Delete & Restore will delete default layouts and then restore them.","This will restore (if not exist) all the default statuses, custom fields and layouts. Delete & Restore will delete default layouts and then restore them.",,,,,"Esto restaurará (si no existen) todos los estados, campos personalizados y diseños predeterminados. Eliminar y restaurar borrará los diseños predeterminados y luego los restaurará.",,,,,crm/fcrm/doctype/fcrm_settings/fcrm_settings.js:17,crm/fcrm/doctype/fcrm_settings/fcrm_settings.js:17,crm/fcrm/doctype/fcrm_settings/fcrm_settings.js:17,doctype-controller,Fcrm Settings,[],,,,,,,traducción propuesta,revisado inicial CRM,sí,sí,no,,,,,
crm:ecbfdf3daae54d16,crm,crm,fcrm,fcrm,,Fcrm,This will restore the demo data. Are you sure you want to continue?,This will restore the demo data. Are you sure you want to continue?,,,,,Esto restaurará los datos de demostración. ¿Seguro que desea continuar?,,,,,crm/fcrm/doctype/fcrm_settings/fcrm_settings.js:67,crm/fcrm/doctype/fcrm_settings/fcrm_settings.js:67,crm/fcrm/doctype/fcrm_settings/fcrm_settings.js:67,doctype-controller,Fcrm Settings,[],,,,,,,traducción propuesta,revisado inicial CRM,sí,sí,no,,,,,
crm:ae06e5f746c3ea7b,crm,crm,fcrm,fcrm,,Fcrm,Thursday,Thursday,,,Jueves,,Jueves,,Option for the 'Weekly Off' (Select) field in DocType 'CRM Holiday List',opción de campo select,,crm/fcrm/doctype/crm_holiday_list/crm_holiday_list.json,crm/fcrm/doctype/crm_holiday_list/crm_holiday_list.json || crm/fcrm/doctype/crm_service_day/crm_service_day.json,crm/fcrm/doctype/crm_holiday_list/crm_holiday_list.json || crm/fcrm/doctype/crm_service_day/crm_service_day.json,doctype-json,Crm Holiday List,"[""Option for the 'Weekly Off' (Select) field in DocType 'CRM Holiday List'"", ""Option for the 'Workday' (Select) field in DocType 'CRM Service Day'""]",,,,,,,existente correcta,revisado inicial CRM,sí,sí,no,,crossapp Thursday->Jueves,,,
crm:fcd8fbaa7d90ceb3,crm,crm,src,src,,Src,Time Format,Time Format,,,Formato de tiempo,,Formato de hora,,,,,frontend/src/components/Settings/DefaultsSettings.vue:128,frontend/src/components/Settings/DefaultsSettings.vue:128,frontend/src/components/Settings/DefaultsSettings.vue:128,client-js,,[],,,,,,,existente mejorable,revisado inicial CRM,sí,sí,no,,Cross-app 'Time Format'=Formato de hora; 'tiempo' incorrecto.,crm:crossapp,Formato de hora,
crm:8dd525fd5dc4fc9c,crm,crm,fcrm,fcrm,,Fcrm,Timeline Sort Order,Timeline Sort Order,,,,,Orden de la línea de tiempo,,Label of the crm_timeline_sort_order (Select) field in DocType 'FCRM Settings',etiqueta de campo/elemento,,crm/fcrm/doctype/fcrm_settings/fcrm_settings.json,crm/fcrm/doctype/fcrm_settings/fcrm_settings.json,crm/fcrm/doctype/fcrm_settings/fcrm_settings.json,doctype-json,Fcrm Settings,"[""Label of the crm_timeline_sort_order (Select) field in DocType 'FCRM Settings'""]",,,,,,,traducción propuesta,revisado inicial CRM,sí,sí,no,,Timeline Sort Order.,,,
crm:d9beae1a7c172bb2,crm,crm,fcrm,fcrm,,Fcrm,Timeline Timestamp Format,Timeline Timestamp Format,,,,,Formato de fecha y hora de la línea de tiempo,,Label of the crm_timeline_timestamp_format (Select) field in DocType 'FCRM Settings',etiqueta de campo/elemento,,crm/fcrm/doctype/fcrm_settings/fcrm_settings.json,crm/fcrm/doctype/fcrm_settings/fcrm_settings.json,crm/fcrm/doctype/fcrm_settings/fcrm_settings.json,doctype-json,Fcrm Settings,"[""Label of the crm_timeline_timestamp_format (Select) field in DocType 'FCRM Settings'""]",,,,,,,traducción propuesta,revisado inicial CRM,sí,sí,no,,Timeline Timestamp Format.,,,
crm:9374ce2fffa02801,crm,crm,src,src,,Src,Timeline sort order,Timeline sort order,,,,,Orden de la línea de tiempo,,,,,frontend/src/components/Settings/GeneralSettings.vue:107,frontend/src/components/Settings/GeneralSettings.vue:107,frontend/src/components/Settings/GeneralSettings.vue:107,client-js,,[],,,,,,,traducción propuesta,revisado inicial CRM,sí,sí,no,,Sin traducción upstream.,,,
crm:71c128d5c8fc48cc,crm,crm,src,src,,Src,Timeline timestamp format,Timeline timestamp format,,,,,Formato de marca de tiempo de la línea de tiempo,,,,,frontend/src/components/Settings/GeneralSettings.vue:82,frontend/src/components/Settings/GeneralSettings.vue:82,frontend/src/components/Settings/GeneralSettings.vue:82,client-js,,[],,,,,,,traducción propuesta,revisado inicial CRM,sí,sí,no,,Sin traducción upstream.,,,
crm:f0d3914dfe801ccd,crm,crm,src,src,,Src,Timespan,Timespan,,,Espacio de tiempo,,Periodo,,,,,frontend/src/components/Filter.vue:383,frontend/src/components/Filter.vue:383,frontend/src/components/Filter.vue:357,client-js,,[],,,,,,,existente mejorable,revisado inicial CRM,sí,sí,no,,cross-app Timespan=Periodo; 'Espacio de tiempo' poco natural,,,
crm:fcb024f5d4305bff,crm,crm,src,src,,Src,Timezone,Timezone,,,Zona Horaria,,Zona horaria,,,,,frontend/src/components/Settings/PreferencesSettings.vue:68,frontend/src/components/Settings/PreferencesSettings.vue:68,frontend/src/components/Settings/PreferencesSettings.vue:68,client-js,,[],,,,,,,existente mejorable,revisado inicial CRM,sí,sí,no,,Crossapp aprobado: reuso exacto (minúscula 'horaria').,Timezone,Zona horaria,
crm:f0f2ac5ea143b3dc,crm,crm,fcrm,fcrm,,Fcrm,Title,Title,,,Título,,Título,,Label of the title (Data) field in DocType 'CRM Task',etiqueta de campo/elemento,,crm/fcrm/doctype/crm_task/crm_task.json,crm/fcrm/doctype/crm_task/crm_task.json || crm/fcrm/doctype/fcrm_note/fcrm_note.json,crm/fcrm/doctype/crm_task/crm_task.json || crm/fcrm/doctype/fcrm_note/fcrm_note.json || frontend/src/components/Modals/EventModal.vue:43,doctype-json,Crm Task,"[""Label of the title (Data) field in DocType 'CRM Task'"", ""Label of the title (Data) field in DocType 'FCRM Note'""]",,,,,,,existente correcta,revisado inicial CRM,sí,sí,no,,cross-app aprobado: Title,,,
crm:d98602ff674fc22e,crm,crm,fcrm,fcrm;src,sí,Fcrm,Title Field,Title Field,,,Campo de título,,Campo de título,,Label of the title_field (Data) field in DocType 'CRM View Settings',etiqueta de campo/elemento,,crm/fcrm/doctype/crm_view_settings/crm_view_settings.json,crm/fcrm/doctype/crm_view_settings/crm_view_settings.json || frontend/src/components/Kanban/KanbanSettings.vue:29,crm/fcrm/doctype/crm_view_settings/crm_view_settings.json || frontend/src/components/Kanban/KanbanSettings.vue:29,doctype-json,Crm View Settings,"[""Label of the title_field (Data) field in DocType 'CRM View Settings'""]",,,,,,,existente correcta,revisado inicial CRM,sí,sí,no,,crossapp Title Field->Campo de título,,,
crm:e9d3b3cbf45fd033,crm,crm,fcrm,fcrm;src,sí,Fcrm,To,To,,,A,,A,,Label of the to (Data) field in DocType 'CRM Status Change Log',etiqueta de campo/elemento,,crm/fcrm/doctype/crm_status_change_log/crm_status_change_log.json,crm/fcrm/doctype/crm_status_change_log/crm_status_change_log.json || frontend/src/components/Activities/EmailArea.vue:49,crm/fcrm/doctype/crm_status_change_log/crm_status_change_log.json || frontend/src/components/Activities/EmailArea.vue:49,doctype-json,Crm Status Change Log,"[""Label of the to (Data) field in DocType 'CRM Status Change Log'""]",,,,,,,existente correcta,revisado inicial CRM,sí,sí,no,,"Campo 'to' del log de cambio de estado; cross-app 'To'->'Para' aplica a preposición general, pero como etiqueta destino 'A' es adecuada y correcta.",,,
crm:f327da645285c41a,crm,crm,fcrm,fcrm,,Fcrm,To Date,To Date,,,Hasta la fecha,,Hasta la fecha,,Label of the to_date (Date) field in DocType 'CRM Holiday List',etiqueta de campo/elemento,,crm/fcrm/doctype/crm_holiday_list/crm_holiday_list.json,crm/fcrm/doctype/crm_holiday_list/crm_holiday_list.json || crm/fcrm/doctype/crm_status_change_log/crm_status_change_log.json,crm/fcrm/doctype/crm_holiday_list/crm_holiday_list.json || crm/fcrm/doctype/crm_status_change_log/crm_status_change_log.json,doctype-json,Crm Holiday List,"[""Label of the to_date (Date) field in DocType 'CRM Holiday List'"", ""Label of the to_date (Datetime) field in DocType 'CRM Status Change Log'""]",,,,,,,existente correcta,revisado inicial CRM,sí,sí,no,,crossapp To Date->Hasta la fecha,,,
crm:39676b170f8c75ed,crm,crm,fcrm,fcrm,,Fcrm,To Date cannot be before From Date,To Date cannot be before From Date,,,La fecha no puede ser anterior a la fecha actual,,La fecha final no puede ser anterior a la fecha inicial,,,,,crm/fcrm/doctype/crm_holiday_list/crm_holiday_list.py:60,crm/fcrm/doctype/crm_holiday_list/crm_holiday_list.py:60,crm/fcrm/doctype/crm_holiday_list/crm_holiday_list.py:59,doctype-controller,Crm Holiday List,[],,,,,,,existente mejorable,revisado inicial CRM,sí,sí,no,,crossapp To Date cannot be before From Date; actual estaba mal traducida,,,
crm:9c6c459815412327,crm,crm,fcrm,fcrm,,Fcrm,To Number,To Number,,,,,Número de destino,,Label of the to (Data) field in DocType 'CRM Call Log',etiqueta de campo/elemento,,crm/fcrm/doctype/crm_call_log/crm_call_log.json,crm/fcrm/doctype/crm_call_log/crm_call_log.json,crm/fcrm/doctype/crm_call_log/crm_call_log.json,doctype-json,Crm Call Log,"[""Label of the to (Data) field in DocType 'CRM Call Log'""]",,,,,,,traducción propuesta,revisado inicial CRM,sí,sí,no,,campo To (número destino de la llamada),,,
crm:af4f9725feea3f00,crm,crm,fcrm,fcrm,,Fcrm,To Type,To Type,,,,,Tipo de destino,,Label of the to_type (Data) field in DocType 'CRM Status Change Log',etiqueta de campo/elemento,,crm/fcrm/doctype/crm_status_change_log/crm_status_change_log.json,crm/fcrm/doctype/crm_status_change_log/crm_status_change_log.json,crm/fcrm/doctype/crm_status_change_log/crm_status_change_log.json,doctype-json,Crm Status Change Log,"[""Label of the to_type (Data) field in DocType 'CRM Status Change Log'""]",,,,,,,traducción propuesta,revisado inicial CRM,sí,sí,no,,Campo to_type del log de cambio de estado.,,,
crm:5e6a2a56ff7a6044,crm,crm,fcrm,fcrm,,Fcrm,To User,To User,,,Al usuario,,Al usuario,,Label of the to_user (Link) field in DocType 'CRM Notification',etiqueta de campo/elemento,,crm/fcrm/doctype/crm_notification/crm_notification.json,crm/fcrm/doctype/crm_notification/crm_notification.json,crm/fcrm/doctype/crm_notification/crm_notification.json,doctype-json,Crm Notification,"[""Label of the to_user (Link) field in DocType 'CRM Notification'""]",,,,,,,existente correcta,revisado inicial CRM,sí,sí,no,,campo to_user,,,
crm:86825f7d18c1ad91,crm,crm,src,src,,Src,"To know more about setting up email accounts, click","To know more about setting up email accounts, click",,,,,"Para saber más sobre la configuración de cuentas de correo, haz clic",,,,,frontend/src/components/Settings/EmailEdit.vue:121,frontend/src/components/Settings/EmailEdit.vue:121,frontend/src/components/Settings/EmailEdit.vue:121,client-js,,[],,,,,,,traducción propuesta,revisado inicial CRM,sí,sí,no,,Cross-app exacto.,crm:crossapp,"Para saber más sobre la configuración de cuentas de correo, haz clic",
crm:e074fccff99f1109,crm,crm,src,src,,Src,Today,Today,,,Hoy,,Hoy,,,,,frontend/src/components/Filter.vue:703,frontend/src/components/Filter.vue:703,frontend/src/components/Filter.vue:677 || frontend/src/pages/Calendar.vue:85,client-js,,[],,,,,,,existente correcta,revisado inicial CRM,sí,sí,no,,cross-app Today=Hoy,,,
crm:bcf6d6458f252a71,crm,crm,fcrm,fcrm,,Fcrm,Todo,Todo,,,,,Por hacer,,Option for the 'Status' (Select) field in DocType 'CRM Task',opción de campo select,,crm/fcrm/doctype/crm_task/crm_task.json,crm/fcrm/doctype/crm_task/crm_task.json,crm/fcrm/doctype/crm_task/crm_task.json,doctype-json,Crm Task,"[""Option for the 'Status' (Select) field in DocType 'CRM Task'""]",,,,,,,traducción propuesta,revisado inicial CRM,sí,sí,no,,estado de tarea Todo,,,
crm:1340af0d50b4d5f4,crm,crm,src,src,,Src,Toggle on for Preview,Toggle on for Preview,,,,,Active para ver la vista previa,,,,,frontend/src/components/Modals/SidePanelModal.vue:59,frontend/src/components/Modals/SidePanelModal.vue:59,frontend/src/components/Modals/SidePanelModal.vue:59,client-js,,[],,,,,,,traducción propuesta,revisado inicial CRM,sí,sí,no,,,,,
crm:114b03bc4959225d,crm,crm,src,src,,Src,Tomorrow,Tomorrow,,,Mañana,,Mañana,,,,,frontend/src/components/Filter.vue:707,frontend/src/components/Filter.vue:707,frontend/src/components/Filter.vue:681,client-js,,[],,,,,,,existente correcta,revisado inicial CRM,sí,sí,no,,cross-app Tomorrow=Mañana,,,
crm:41980ddc79d20f63,crm,crm,api,api,,Api,Too many failed attempts. Please try again after some time.,Too many failed attempts. Please try again after some time.,,,,,Demasiados intentos fallidos. Inténtelo de nuevo después de un tiempo.,,,,,crm/api/user.py:21,crm/api/user.py:21,crm/api/user.py:21,python,,[],,,,,,,traducción propuesta,revisado inicial CRM,sí,sí,no,,Error de límite de intentos.,,,
crm:1b975cca968c3a7c,crm,crm,integrations,integrations,,CRM,Too many redirects while fetching recording,Too many redirects while fetching recording,,,,,Demasiadas redirecciones al obtener la grabación,,,,,crm/integrations/api.py:247,crm/integrations/api.py:247,,python,,[],,,,,,,traducción propuesta,aprobado (lote crm 1.81.2),sí,,,,lote crm 1.81.2: nueva,,,"POT-only: en el universo fresco, sin traducir"
crm:23e464592e61d857,crm,crm,fcrm,fcrm,,Fcrm,Total,Total,,,Total,,Total,,Label of the total (Currency) field in DocType 'CRM Deal',etiqueta de campo/elemento,,crm/fcrm/doctype/crm_deal/crm_deal.json,crm/fcrm/doctype/crm_deal/crm_deal.json || crm/fcrm/doctype/crm_lead/crm_lead.json,crm/fcrm/doctype/crm_deal/crm_deal.json || crm/fcrm/doctype/crm_lead/crm_lead.json,doctype-json,Crm Deal,"[""Label of the total (Currency) field in DocType 'CRM Deal'"", ""Label of the total (Currency) field in DocType 'CRM Lead'""]",,,,,,,existente correcta,revisado inicial CRM,sí,sí,no,,Cross-app aprobado; igual al inglés válida.,Total,Total,
crm:e50a20b8e4540eb6,crm,crm,fcrm,fcrm,,Fcrm,Total Holidays,Total Holidays,,,,,Total de días festivos,,Label of the total_holidays (Int) field in DocType 'CRM Holiday List',etiqueta de campo/elemento,,crm/fcrm/doctype/crm_holiday_list/crm_holiday_list.json,crm/fcrm/doctype/crm_holiday_list/crm_holiday_list.json,crm/fcrm/doctype/crm_holiday_list/crm_holiday_list.json,doctype-json,Crm Holiday List,"[""Label of the total_holidays (Int) field in DocType 'CRM Holiday List'""]",,,,,,,traducción propuesta,revisado inicial CRM,sí,sí,no,,crossapp Total Holidays->Total de días festivos,,,
crm:9ba06c1da11217ef,crm,crm,src,src,,Src,Total Leads,Total Leads,,,,,Total de Leads,,,,,frontend/src/components/Dashboard/AddChartModal.vue:72,frontend/src/components/Dashboard/AddChartModal.vue:72,frontend/src/components/Dashboard/AddChartModal.vue:72,client-js,,[],,,,,,,traducción propuesta,revisado inicial CRM,sí,no,no,,Leads protegido,,,
crm:3fe49d55e4b69280,crm,crm,fcrm,fcrm,,Fcrm,Total after discount,Total after discount,,,,,Total después del descuento,,Description of the 'Net Total' (Currency) field in DocType 'CRM Deal',descripción,,crm/fcrm/doctype/crm_deal/crm_deal.json,crm/fcrm/doctype/crm_deal/crm_deal.json || crm/fcrm/doctype/crm_lead/crm_lead.json,crm/fcrm/doctype/crm_deal/crm_deal.json || crm/fcrm/doctype/crm_lead/crm_lead.json,doctype-json,Crm Deal,"[""Description of the 'Net Total' (Currency) field in DocType 'CRM Deal'"", ""Description of the 'Net Total' (Currency) field in DocType 'CRM Lead'""]",,,,,,,traducción propuesta,revisado inicial CRM,sí,sí,no,,,,,
crm:78a5f40454d2c78c,crm,crm,api,api,,Api,Total leads,Total leads,,,,,Total de Leads,,,,,crm/api/dashboard.py:130,crm/api/dashboard.py:130,crm/api/dashboard.py:130,python,,[],,,,,,,traducción propuesta,revisado inicial CRM,sí,sí,no,,reversión Leads,,,
crm:7a25350157eb906d,crm,crm,api,api,,Api,Total number of leads,Total number of leads,,,,,Número total de Leads,,,,,crm/api/dashboard.py:131,crm/api/dashboard.py:131,crm/api/dashboard.py:131,python,,[],,,,,,,traducción propuesta,revisado inicial CRM,sí,sí,no,,reversión Leads,,,
crm:476e3fc2dd3459c8,crm,crm,api,api,,Api,Total number of non won/lost deals,Total number of non won/lost deals,,,,,Número total de Deals que no están ganados ni perdidos,,,,,crm/api/dashboard.py:190,crm/api/dashboard.py:190,crm/api/dashboard.py:190,python,,[],,,,,,,traducción propuesta,revisado inicial CRM,sí,sí,no,,reversión Deals; won/lost->ganados/perdidos,,,
crm:d4355424b0c28a7c,crm,crm,api,api,,Api,Total number of won deals based on its closure date,Total number of won deals based on its closure date,,,,,Número total de Deals ganados según su fecha de cierre,,,,,crm/api/dashboard.py:307,crm/api/dashboard.py:307,crm/api/dashboard.py:307,python,,[],,,,,,,traducción propuesta,revisado inicial CRM,sí,sí,no,,reversión Deals; won->ganados,,,
crm:affe21654bb6436c,crm,crm,lead_syncing,lead_syncing;src,sí,Lead_Syncing,Traceback,Traceback,,,Rastrear,,Traza,,Label of the traceback (Code) field in DocType 'Failed Lead Sync Log',etiqueta de campo/elemento,,crm/lead_syncing/doctype/failed_lead_sync_log/failed_lead_sync_log.json,crm/lead_syncing/doctype/failed_lead_sync_log/failed_lead_sync_log.json || frontend/src/components/Settings/LeadSyncing/FailureLogs.vue:50,crm/lead_syncing/doctype/failed_lead_sync_log/failed_lead_sync_log.json || frontend/src/components/Settings/LeadSyncing/FailureLogs.vue:50,doctype-json,Failed Lead Sync Log,"[""Label of the traceback (Code) field in DocType 'Failed Lead Sync Log'""]",,,,,,,existente mejorable,revisado inicial CRM,sí,sí,no,,"Cross-app aprobado: Traceback->Traza; upstream 'Rastrear' incorrecto (es sustantivo, la traza del error).",,,
crm:0752551bfd629cc4,crm,crm,fcrm,fcrm,,Fcrm,Tuesday,Tuesday,,,Martes,,Martes,,Option for the 'Weekly Off' (Select) field in DocType 'CRM Holiday List',opción de campo select,,crm/fcrm/doctype/crm_holiday_list/crm_holiday_list.json,crm/fcrm/doctype/crm_holiday_list/crm_holiday_list.json || crm/fcrm/doctype/crm_service_day/crm_service_day.json,crm/fcrm/doctype/crm_holiday_list/crm_holiday_list.json || crm/fcrm/doctype/crm_service_day/crm_service_day.json,doctype-json,Crm Holiday List,"[""Option for the 'Weekly Off' (Select) field in DocType 'CRM Holiday List'"", ""Option for the 'Workday' (Select) field in DocType 'CRM Service Day'""]",,,,,,,existente correcta,revisado inicial CRM,sí,sí,no,,crossapp Tuesday->Martes,,,
crm:0e7beb8ed578c77b,crm,crm,src,src,,Src,Turn into a Group,Turn into a Group,,,,,Convertir en grupo,,,,,frontend/src/components/ConditionsFilter/CFCondition.vue:157,frontend/src/components/ConditionsFilter/CFCondition.vue:157,frontend/src/components/ConditionsFilter/CFCondition.vue:156,client-js,,[],,,,,,,traducción propuesta,revisado inicial CRM,sí,sí,no,,,,,
crm:ab86c7549ca02bee,crm,crm,fcrm,fcrm,,Fcrm,TwiML SID,TwiML SID,,,,,TwiML SID,,Label of the twiml_sid (Data) field in DocType 'CRM Twilio Settings',etiqueta de campo/elemento,,crm/fcrm/doctype/crm_twilio_settings/crm_twilio_settings.json,crm/fcrm/doctype/crm_twilio_settings/crm_twilio_settings.json,crm/fcrm/doctype/crm_twilio_settings/crm_twilio_settings.json,doctype-json,Crm Twilio Settings,"[""Label of the twiml_sid (Data) field in DocType 'CRM Twilio Settings'""]",,,,,,,igual al inglés válida,revisado inicial CRM,sí,sí,no,,"Términos técnicos de Twilio (TwiML, SID); no se traducen.",,,
crm:e2403846e51c66f0,crm,crm,src,fcrm;src,sí,Src,Twilio,Twilio,,,,,Twilio,,Option for the 'Default Medium' (Select) field in DocType 'CRM Telephony Agent',opción de campo select,,crm/fcrm/doctype/crm_call_log/crm_call_log.json,crm/fcrm/doctype/crm_call_log/crm_call_log.json || crm/fcrm/doctype/crm_telephony_agent/crm_telephony_agent.json || frontend/src/components/Layouts/AppSidebar.vue:715 || frontend/src/components/Settings/Telephony/TelephonySettings.vue:153 || frontend/src/components/Settings/Telephony/TelephonySettings.vue:51,crm/fcrm/doctype/crm_call_log/crm_call_log.json || crm/fcrm/doctype/crm_telephony_agent/crm_telephony_agent.json || frontend/src/components/Layouts/AppSidebar.vue:631 || frontend/src/components/Settings/Telephony/TelephonySettings.vue:51 || frontend/src/components/Settings/Telephony/TelephonySettings.vue:153,doctype-json,Crm Call Log,"[""Option for the 'Default Medium' (Select) field in DocType 'CRM Telephony Agent'"", ""Option for the 'Telephony Medium' (Select) field in DocType 'CRM Call Log'""]",,,,,,,igual al inglés válida,revisado inicial CRM,sí,sí,no,,nombre propio de proveedor; cross-app aprobado,,,
crm:7064e44e977a7f34,crm,crm,fcrm,fcrm,,Fcrm,Twilio API credential creation error.,Twilio API credential creation error.,,,,,Error al crear la credencial de API de Twilio.,,,,,crm/fcrm/doctype/crm_twilio_settings/crm_twilio_settings.py:85,crm/fcrm/doctype/crm_twilio_settings/crm_twilio_settings.py:85 || crm/fcrm/doctype/crm_twilio_settings/crm_twilio_settings.py:86,crm/fcrm/doctype/crm_twilio_settings/crm_twilio_settings.py:85 || crm/fcrm/doctype/crm_twilio_settings/crm_twilio_settings.py:86,doctype-controller,Crm Twilio Settings,[],,,,,,,traducción propuesta,revisado inicial CRM,sí,sí,no,,,,,
crm:73309ff0cd7ef619,crm,crm,src,src,,Src,Twilio App Name,Twilio App Name,,,,,Nombre de la app de Twilio,,,,,frontend/src/components/Settings/Telephony/TwilioSettings.vue:68,frontend/src/components/Settings/Telephony/TwilioSettings.vue:68,frontend/src/components/Settings/Telephony/TwilioSettings.vue:68,client-js,,[],,,,,,,traducción propuesta,revisado inicial CRM,sí,sí,no,,,,,
crm:1deadaa90660a706,crm,crm,fcrm,fcrm,,Fcrm,Twilio Apps,Twilio Apps,,,,,Aplicaciones de Twilio,,Label of the twilio_apps (Data) field in DocType 'CRM Twilio Settings',etiqueta de campo/elemento,,crm/fcrm/doctype/crm_twilio_settings/crm_twilio_settings.json,crm/fcrm/doctype/crm_twilio_settings/crm_twilio_settings.json,crm/fcrm/doctype/crm_twilio_settings/crm_twilio_settings.json,doctype-json,Crm Twilio Settings,"[""Label of the twilio_apps (Data) field in DocType 'CRM Twilio Settings'""]",,,,,,,traducción propuesta,revisado inicial CRM,sí,sí,no,,Twilio marca propia preservada.,,,
crm:fca9b2bfb8f9ff2c,crm,crm,src,src,,Src,Twilio Integration Disabled,Twilio Integration Disabled,,,,,Integración de Twilio deshabilitada,,,,,frontend/src/components/Settings/Telephony/TwilioSettings.vue:115,frontend/src/components/Settings/Telephony/TwilioSettings.vue:115,frontend/src/components/Settings/Telephony/TwilioSettings.vue:115,client-js,,[],,,,,,,traducción propuesta,revisado inicial CRM,sí,sí,no,,,,,
crm:85d80008ddc423f7,crm,crm,fcrm,fcrm;src,sí,Fcrm,Twilio Number,Twilio Number,,,,,Número de Twilio,,Label of the twilio_number (Data) field in DocType 'CRM Telephony Agent',etiqueta de campo/elemento,,crm/fcrm/doctype/crm_telephony_agent/crm_telephony_agent.json,crm/fcrm/doctype/crm_telephony_agent/crm_telephony_agent.json || frontend/src/components/Settings/Telephony/TelephonySettings.vue:74,crm/fcrm/doctype/crm_telephony_agent/crm_telephony_agent.json || frontend/src/components/Settings/Telephony/TelephonySettings.vue:74,doctype-json,Crm Telephony Agent,"[""Label of the twilio_number (Data) field in DocType 'CRM Telephony Agent'""]",,,,,,,traducción propuesta,revisado inicial CRM,sí,sí,no,,Twilio nombre propio preservado,,,
crm:fa9bc3fa57acb5b5,crm,crm,src,src,,Src,Twilio Settings,Twilio Settings,,,,,Configuración de Twilio,,,,,frontend/src/components/Settings/Telephony/TwilioSettings.vue:8,frontend/src/components/Settings/Telephony/TwilioSettings.vue:8,frontend/src/components/Settings/Telephony/TwilioSettings.vue:8,client-js,,[],,,,,,,traducción propuesta,revisado inicial CRM,sí,sí,no,,,,,
crm:f0ac2bf2bdbc9b02,crm,crm,integrations,integrations,,Integrations,Twilio configuration is missing,Twilio configuration is missing,,,,,Falta la configuración de Twilio,,,,,crm/integrations/twilio/api.py:15,crm/integrations/twilio/api.py:15,crm/integrations/twilio/api.py:15,python,,[],,,,,,,traducción propuesta,revisado inicial CRM,sí,sí,no,,Twilio=nombre propio.,,,
crm:a25fda09fac35ad9,crm,crm,fcrm,fcrm;lead_syncing;src,sí,Fcrm,Type,Type,,,Tipo,,Tipo,,Label of the type (Data) field in DocType 'Facebook Lead Form Question',etiqueta de campo/elemento,,crm/fcrm/doctype/crm_call_log/crm_call_log.json,crm/fcrm/doctype/crm_call_log/crm_call_log.json || crm/fcrm/doctype/crm_deal_status/crm_deal_status.json || crm/fcrm/doctype/crm_dropdown_item/crm_dropdown_item.json || crm/fcrm/doctype/crm_fields_layout/crm_fields_layout.json || crm/fcrm/doctype/crm_global_settings/crm_global_settings.json || crm/fcrm/doctype/crm_lead_status/crm_lead_status.json || crm/fcrm/doctype/crm_notification/crm_notification.json || crm/fcrm/doctype/crm_view_settings/crm_view_settings.json || crm/lead_syncing/doctype/facebook_lead_form_question/facebook_lead_form_question.json || crm/lead_syncing/doctype/failed_lead_sync_log/failed_lead_sync_log.json || crm/lead_syncing/doctype/lead_sync_source/lead_sync_source.json || frontend/src/components/Settings/LeadSyncing/FailureLogs.vue:116,crm/fcrm/doctype/crm_call_log/crm_call_log.json || crm/fcrm/doctype/crm_deal_status/crm_deal_status.json || crm/fcrm/doctype/crm_dropdown_item/crm_dropdown_item.json || crm/fcrm/doctype/crm_fields_layout/crm_fields_layout.json || crm/fcrm/doctype/crm_global_settings/crm_global_settings.json || crm/fcrm/doctype/crm_lead_status/crm_lead_status.json || crm/fcrm/doctype/crm_notification/crm_notification.json || crm/fcrm/doctype/crm_view_settings/crm_view_settings.json || crm/lead_syncing/doctype/facebook_lead_form_question/facebook_lead_form_question.json || crm/lead_syncing/doctype/failed_lead_sync_log/failed_lead_sync_log.json || crm/lead_syncing/doctype/lead_sync_source/lead_sync_source.json || frontend/src/components/Settings/LeadSyncing/FailureLogs.vue:116,doctype-json,Crm Call Log,"[""Label of the type (Data) field in DocType 'Facebook Lead Form Question'"", ""Label of the type (Select) field in DocType 'CRM Call Log'"", ""Label of the type (Select) field in DocType 'CRM Deal Status'"", ""Label of the type (Select) field in DocType 'CRM Dropdown Item'"", ""Label of the type (Select) field in DocType 'CRM Fields Layout'"", ""Label of the type (Select) field in DocType 'CRM Global Settings'"", ""Label of the type (Select) field in DocType 'CRM Lead Status'"", ""Label of the type (Select) field in DocType 'CRM Notification'"", ""Label of the type (Select) field in DocType 'CRM View Settings'"", ""Label of the type (Select) field in DocType 'Failed Lead Sync Log'"", ""Label of the type (Select) field in DocType 'Lead Sync Source'""]",,,,,,,existente correcta,revisado inicial CRM,sí,sí,no,,cross-app aprobado: Type,,,
crm:49d4c4ed21d02b16,crm,crm,src,src,,CRM,Type an email address to invite,Type an email address to invite,,,,,Escriba una dirección de correo para invitar,,,,,frontend/src/components/Controls/MultiSelectEmailInput.vue:73,frontend/src/components/Controls/MultiSelectEmailInput.vue:73 || frontend/src/components/Controls/MultiSelectUserInput.vue:73,,client-js,,[],,,,,,,traducción propuesta,aprobado (lote crm 1.81.2),sí,,,,lote crm 1.81.2: nueva,,,"POT-only: en el universo fresco, sin traducir"
crm:881a26cce58d755d,crm,crm,src,src,,Src,Type your message here...,Type your message here...,,,,,Escriba su mensaje aquí...,,,,,frontend/src/components/Activities/WhatsAppBox.vue:101,frontend/src/components/Activities/WhatsAppBox.vue:101,frontend/src/components/Activities/WhatsAppBox.vue:101,client-js,,[],,,,,,,traducción propuesta,revisado inicial CRM + pase dirigido,sí,,,,registro: 'Escribe tu' -> 'Escriba su'.,,,
crm:ae80a848d5ad68d8,crm,crm,fcrm,fcrm,,Fcrm,Unable to connect to Twilio account to fetch applications.,Unable to connect to Twilio account to fetch applications.,,,,,No se pudo conectar con la cuenta de Twilio para obtener las aplicaciones.,,,,,crm/fcrm/doctype/crm_twilio_settings/crm_twilio_settings.py:117,crm/fcrm/doctype/crm_twilio_settings/crm_twilio_settings.py:117,crm/fcrm/doctype/crm_twilio_settings/crm_twilio_settings.py:117,doctype-controller,Crm Twilio Settings,[],,,,,,,traducción propuesta,revisado inicial CRM,sí,sí,no,,,,,
crm:e360671eb147fa6d,crm,crm,src,src,,CRM,Unassign conditions are invalid,Unassign conditions are invalid,,,,,Las condiciones de desasignación no son válidas,,,,,frontend/src/components/Settings/AssignmentRules/AssignmentRuleView.vue:449,frontend/src/components/Settings/AssignmentRules/AssignmentRuleView.vue:449,,client-js,,[],,,,,,,traducción propuesta,aprobado (lote crm 1.81.2),sí,,,,lote crm 1.81.2: reusar de Unassign Conditions are invalid,,,"POT-only: en el universo fresco, sin traducir"
crm:0a4298ee88ba42be,crm,crm,src,src,,Src,Unassignment Condition,Unassignment Condition,,,,,Condición de desasignación,,,,,frontend/src/components/Settings/AssignmentRules/AssignmentRuleView.vue:224,frontend/src/components/Settings/AssignmentRules/AssignmentRuleView.vue:224 || frontend/src/components/Settings/AssignmentRules/AssignmentRuleView.vue:602,frontend/src/components/Settings/AssignmentRules/AssignmentRuleView.vue:224 || frontend/src/components/Settings/AssignmentRules/AssignmentRuleView.vue:607,client-js,,[],,,,,,,traducción propuesta,revisado inicial CRM,sí,sí,no,,Cross-app 'Unassignment Condition'.,crm:crossapp,Condición de desasignación,
crm:8eecc693567d0ebc,crm,crm,integrations,integrations,,Integrations,Unauthorized request,Unauthorized request,,,,,Solicitud no autorizada,,,,,crm/integrations/exotel/handler.py:169,crm/integrations/exotel/handler.py:169,crm/integrations/exotel/handler.py:169,python,,[],,,,,,,traducción propuesta,revisado inicial CRM,sí,sí,no,,Error de autorización.,,,
crm:6c23751fd85f4e84,crm,crm,src,src,,Src,Uncollapsible,Uncollapsible,,,,,No plegable,,,,,frontend/src/components/FieldLayoutEditor.vue:462,frontend/src/components/FieldLayoutEditor.vue:462,frontend/src/components/FieldLayoutEditor.vue:465,client-js,,[],,,,,,,traducción propuesta,revisado inicial CRM,sí,sí,no,,opuesto de Collapsible=Plegable,,,
crm:5cbd7cf26f70de8a,crm,crm,src,src,,Src,Ungroup Conditions,Ungroup Conditions,,,,,Desagrupar condiciones,,,,,frontend/src/components/ConditionsFilter/CFCondition.vue:167,frontend/src/components/ConditionsFilter/CFCondition.vue:167,frontend/src/components/ConditionsFilter/CFCondition.vue:166,client-js,,[],,,,,,,traducción propuesta,revisado inicial CRM,sí,sí,no,,,,,
crm:23ba04d5352a43b3,crm,crm,src,src,,Src,Unknown,Unknown,,,Desconocido,,Desconocido,,,,,frontend/src/components/Telephony/TwilioCallUI.vue:123,frontend/src/components/Telephony/TwilioCallUI.vue:123 || frontend/src/components/Telephony/TwilioCallUI.vue:24,frontend/src/components/Telephony/TwilioCallUI.vue:24 || frontend/src/components/Telephony/TwilioCallUI.vue:123,client-js,,[],,,,,,,existente correcta,revisado inicial CRM,sí,sí,no,,cross-app aprobado: Unknown,,,
crm:b2cf288329aaa671,crm,crm,src,src,,Src,Unlink,Unlink,,,,,Desvincular,,,,,frontend/src/components/BulkDeleteLinkedDocModal.vue:124,frontend/src/components/BulkDeleteLinkedDocModal.vue:124,frontend/src/components/BulkDeleteLinkedDocModal.vue:124,client-js,,[],,,,,,,traducción propuesta,revisado inicial CRM,sí,sí,no,,acción Unlink,,,
crm:8fbdd20a80437883,crm,crm,src,src,,Src,Unlink & Delete,Unlink & Delete,,,,,Desvincular y eliminar,,,,,frontend/src/components/BulkDeleteLinkedDocModal.vue:74,frontend/src/components/BulkDeleteLinkedDocModal.vue:74,frontend/src/components/BulkDeleteLinkedDocModal.vue:74,client-js,,[],,,,,,,traducción propuesta,revisado inicial CRM,sí,sí,no,,acción Unlink & Delete,,,
crm:e654772a4342d74d,crm,crm,src,src,,Src,Unlink & Delete {0} Users,Unlink & Delete {0} Users,,,,,Desvincular y eliminar {0} usuarios,,,,,frontend/src/components/Settings/Hierarchy/Hierarchy.vue:214,frontend/src/components/Settings/Hierarchy/Hierarchy.vue:214,frontend/src/components/Settings/Hierarchy/Hierarchy.vue:214,client-js,,[],{0},,{0},ok,,,traducción propuesta,revisado inicial CRM,sí,sí,no,,Placeholder {0} preservado.,,,
crm:3b08a8c8f239c043,crm,crm,src,src,,Src,Unlink & Delete {0} items,Unlink & Delete {0} items,,,,,Desvincular y eliminar {0} elementos,,,,,frontend/src/components/BulkDeleteLinkedDocModal.vue:35,frontend/src/components/BulkDeleteLinkedDocModal.vue:35,frontend/src/components/BulkDeleteLinkedDocModal.vue:35,client-js,,[],{0},,{0},ok,,,traducción propuesta,revisado inicial CRM,sí,sí,no,,placeholder {0} preservado,,,
crm:e1e7cc976745e87e,crm,crm,src,src,,Src,Unlink All,Unlink All,,,,,Desvincular todo,,,,,frontend/src/components/DeleteLinkedDocModal.vue:81,frontend/src/components/DeleteLinkedDocModal.vue:81,frontend/src/components/DeleteLinkedDocModal.vue:81,client-js,,[],,,,,,,traducción propuesta,revisado inicial CRM,sí,sí,no,,,,,
crm:b344eba123b08f5c,crm,crm,src,src,,Src,Unlink Linked Item,Unlink Linked Item,,,,,Desvincular elemento vinculado,,,,,frontend/src/components/DeleteLinkedDocModal.vue:236,frontend/src/components/DeleteLinkedDocModal.vue:236,frontend/src/components/DeleteLinkedDocModal.vue:236,client-js,,[],,,,,,,traducción propuesta,revisado inicial CRM,sí,sí,no,,,,,
crm:97acec3fd413f8de,crm,crm,src,src,,Src,Unlink {0} Item(s),Unlink {0} Item(s),,,,,Desvincular {0} elemento(s),,,,,frontend/src/components/DeleteLinkedDocModal.vue:82,frontend/src/components/DeleteLinkedDocModal.vue:82,frontend/src/components/DeleteLinkedDocModal.vue:82,client-js,,[],{0},,{0},ok,,,traducción propuesta,revisado inicial CRM,sí,sí,no,,placeholder {0},,,
crm:87e78ed8a40e0678,crm,crm,src,src,,Src,Unpin View,Unpin View,,,,,Dejar de fijar vista,,,,,frontend/src/components/ViewControls.vue:1120,frontend/src/components/ViewControls.vue:1120,frontend/src/components/ViewControls.vue:1097,client-js,,[],,,,,,,traducción propuesta,revisado inicial CRM,sí,sí,no,,Cross-app aprobado (Unpin View).,,,
crm:f976f5b49e7a5eba,crm,crm,src,src,,Src,Unsaved Changes,Unsaved Changes,,,Cambios no guardados,,Cambios no guardados,,,,,frontend/src/components/Settings/AssignmentRules/AssignmentRuleView.vue:570,frontend/src/components/Settings/AssignmentRules/AssignmentRuleView.vue:570 || frontend/src/components/Settings/Sla/SlaPolicyView.vue:358,frontend/src/components/Settings/AssignmentRules/AssignmentRuleView.vue:575 || frontend/src/components/Settings/Sla/SlaPolicyView.vue:345,client-js,,[],,,,,,,existente correcta,revisado inicial CRM,sí,sí,no,,,,,
crm:d3f6438c12498ed9,crm,crm,src,src,,Src,Untitled,Untitled,,,,,Sin título,,,,,frontend/src/components/CollapsibleSection.vue:21,frontend/src/components/CollapsibleSection.vue:21 || frontend/src/components/FieldLayoutEditor.vue:32 || frontend/src/components/Modals/CreateDocumentModal.vue:8 || frontend/src/components/SidePanelLayoutEditor.vue:19,frontend/src/components/CollapsibleSection.vue:21 || frontend/src/components/FieldLayoutEditor.vue:32 || frontend/src/components/Modals/CreateDocumentModal.vue:8 || frontend/src/components/SidePanelLayoutEditor.vue:19,client-js,,[],,,,,,,traducción propuesta,revisado inicial CRM,sí,sí,no,,Cross-app aprobado exacto.,Untitled,Sin título,
crm:816810cbeb63a215,crm,crm,src,src,,Src,Update,Update,,,Actualizar,,Actualizar,,,,,frontend/src/components/ColumnSettings.vue:129,frontend/src/components/ColumnSettings.vue:129 || frontend/src/components/Modals/AssignmentModal.vue:84 || frontend/src/components/Modals/ChangePasswordModal.vue:58 || frontend/src/components/Modals/DoctypeModal.vue:52 || frontend/src/components/Settings/BrandSettings.vue:16 || frontend/src/components/Settings/DashboardSettings.vue:19 || frontend/src/components/Settings/DefaultsSettings.vue:19 || frontend/src/components/Settings/ERPNextSettings.vue:41 || frontend/src/components/Settings/HomeActions.vue:16 || frontend/src/components/Settings/LeadSyncing/LeadSyncSourceForm.vue:30 || frontend/src/components/Settings/Profile/UserEmailSettings.vue:25 || frontend/src/components/Settings/SettingsPage.vue:32 || frontend/src/components/Settings/Telephony/ExotelSettings.vue:32 || frontend/src/components/Settings/Telephony/TelephonySettings.vue:27 || frontend/src/components/Settings/Telephony/TwilioSettings.vue:32 || frontend/src/components/Telephony/ExotelCallUI.vue:209,frontend/src/components/ColumnSettings.vue:129 || frontend/src/components/Modals/AssignmentModal.vue:84 || frontend/src/components/Modals/ChangePasswordModal.vue:58 || frontend/src/components/Modals/DoctypeModal.vue:52 || frontend/src/components/Modals/EventModal.vue:212 || frontend/src/components/Settings/BrandSettings.vue:16 || frontend/src/components/Settings/CalendarSettings.vue:21 || frontend/src/components/Settings/DashboardSettings.vue:19 || frontend/src/components/Settings/DefaultsSettings.vue:19 || frontend/src/components/Settings/ERPNextSettings.vue:41 || frontend/src/components/Settings/EmailTemplate/EditEmailTemplate.vue:21 || frontend/src/components/Settings/HomeActions.vue:16 || frontend/src/components/Settings/LeadSyncing/LeadSyncSourceForm.vue:30 || frontend/src/components/Settings/Profile/UserEmailSettings.vue:25 || frontend/src/components/Settings/SettingsPage.vue:32 || frontend/src/components/Settings/Telephony/ExotelSettings.vue:32 || frontend/src/components/Settings/Telephony/TelephonySettings.vue:27 || frontend/src/components/Settings/Telephony/TwilioSettings.vue:32 || frontend/src/components/Telephony/ExotelCallUI.vue:209,client-js,,[],,,,,,,existente correcta,revisado inicial CRM,sí,sí,no,,Cross-app aprobado exacto.,Update,Actualizar,
crm:2242621ed806c1a4,crm,crm,src,src,,Src,Update Account,Update Account,,,,,Actualizar cuenta,,,,,frontend/src/components/Settings/EmailEdit.vue:75,frontend/src/components/Settings/EmailEdit.vue:75,frontend/src/components/Settings/EmailEdit.vue:75,client-js,,[],,,,,,,traducción propuesta,revisado inicial CRM,sí,sí,no,,Cross-app 'Update Account'.,crm:crossapp,Actualizar cuenta,
crm:8eea29496bb5647c,crm,crm,src,src,,Src,Update Configuration,Update Configuration,,,,,Actualizar configuración,,,,,frontend/src/components/Settings/Telephony/TelephonySettings.vue:163,frontend/src/components/Settings/Telephony/TelephonySettings.vue:163 || frontend/src/components/Settings/Telephony/TelephonySettings.vue:190,frontend/src/components/Settings/Telephony/TelephonySettings.vue:163 || frontend/src/components/Settings/Telephony/TelephonySettings.vue:190,client-js,,[],,,,,,,traducción propuesta,revisado inicial CRM,sí,sí,no,,,,,
crm:527948e3356939e4,crm,crm,fcrm,fcrm,,Fcrm,Update the modified timestamp on new email communication & comment for leads & deals,Update the modified timestamp on new email communication & comment for leads & deals,,,,,Actualizar la marca de tiempo de modificación en cada nuevo correo o comentario en leads y deals,,Description of the 'Update timestamp on new communication' (Check) field in DocType 'FCRM Settings',descripción,,crm/fcrm/doctype/fcrm_settings/fcrm_settings.json,crm/fcrm/doctype/fcrm_settings/fcrm_settings.json,crm/fcrm/doctype/fcrm_settings/fcrm_settings.json,doctype-json,Fcrm Settings,"[""Description of the 'Update timestamp on new communication' (Check) field in DocType 'FCRM Settings'""]",,,,,,,traducción propuesta,revisado inicial CRM,sí,no,no,,leads/deals protegidos en inglés (plural).,,,
crm:3d7a176cdda9f510,crm,crm,src,src,,Src,Update the modified timestamp on new email communication & comments for leads & deals,Update the modified timestamp on new email communication & comments for leads & deals,,,,,Actualizar la marca de tiempo de modificación en nuevas comunicaciones por correo y comentarios de leads y deals,,,,,frontend/src/components/Settings/GeneralSettings.vue:20,frontend/src/components/Settings/GeneralSettings.vue:20,frontend/src/components/Settings/GeneralSettings.vue:20,client-js,,[],,,,,,,traducción propuesta,revisado inicial CRM,sí,sí,no,,"Lead/Deal preservados en inglés (plural, minúscula como en fuente).",,,
crm:acc2173c10960156,crm,crm,fcrm,fcrm;src,sí,Fcrm,Update timestamp on new communication,Update timestamp on new communication,,,,,Actualizar la marca de tiempo en cada nueva comunicación,,Label of the update_timestamp_on_new_communication (Check) field in DocType 'FCRM Settings',etiqueta de campo/elemento,,crm/fcrm/doctype/fcrm_settings/fcrm_settings.json,crm/fcrm/doctype/fcrm_settings/fcrm_settings.json || frontend/src/components/Settings/GeneralSettings.vue:16,crm/fcrm/doctype/fcrm_settings/fcrm_settings.json || frontend/src/components/Settings/GeneralSettings.vue:16,doctype-json,Fcrm Settings,"[""Label of the update_timestamp_on_new_communication (Check) field in DocType 'FCRM Settings'""]",,,,,,,traducción propuesta,revisado inicial CRM,sí,sí,no,,crossapp: 'Update timestamp on new communication'.,,,
crm:19a16d3dfd1c4d0e,crm,crm,src,src,,Src,Update {0} Records,Update {0} Records,,,,,Actualizar {0} registros,,,,,frontend/src/components/Modals/EditValueModal.vue:31,frontend/src/components/Modals/EditValueModal.vue:31,frontend/src/components/Modals/EditValueModal.vue:29,client-js,,[],{0},,{0},ok,,,traducción propuesta,revisado inicial CRM,sí,sí,no,,Placeholder {0} preservado.,,,
crm:3d5100f3bcd10b14,crm,crm,src,src,,Src,Updated reports to,Updated reports to,,,,,Superior actualizado a,,,,,frontend/src/components/Settings/Hierarchy/Hierarchy.vue:470,frontend/src/components/Settings/Hierarchy/Hierarchy.vue:470,frontend/src/components/Settings/Hierarchy/Hierarchy.vue:466,client-js,,[],,,,,,,traducción propuesta,revisado inicial CRM,sí,sí,no,,Contexto jerarquía 'reports to'; frase truncada en fuente.,,,
crm:daf662042460b3df,crm,crm,src,src,,Src,Upload,Upload,,,Subir,,Subir,,,,,frontend/src/components/Controls/ImageUploader.vue:15,frontend/src/components/Controls/ImageUploader.vue:15 || frontend/src/components/FilesUploader/FilesUploader.vue:77,frontend/src/components/Controls/ImageUploader.vue:15 || frontend/src/components/FilesUploader/FilesUploader.vue:77,client-js,,[],,,,,,,existente correcta,revisado inicial CRM,sí,sí,no,,cross-app Upload=Subir,,,
crm:0f01b4c865f9fd82,crm,crm,src,src,,Src,Upload Attachment,Upload Attachment,,,,,Subir adjunto,,,,,frontend/src/components/Activities/ActivityHeader.vue:141,frontend/src/components/Activities/ActivityHeader.vue:141 || frontend/src/components/Activities/ActivityHeader.vue:45,frontend/src/components/Activities/ActivityHeader.vue:55 || frontend/src/components/Activities/ActivityHeader.vue:157,client-js,,[],,,,,,,traducción propuesta,revisado inicial CRM,sí,sí,no,,,,,
crm:be4670c4bee86325,crm,crm,src,src,,Src,Upload Document,Upload Document,,,,,Subir documento,,,,,frontend/src/components/Activities/WhatsAppBox.vue:152,frontend/src/components/Activities/WhatsAppBox.vue:152,frontend/src/components/Activities/WhatsAppBox.vue:152,client-js,,[],,,,,,,traducción propuesta,revisado inicial CRM,sí,sí,no,,,,,
crm:c6f257afc3b89c70,crm,crm,src,src,,Src,Upload Image,Upload Image,,,Cargar Imagen,,Cargar imagen,,,,,frontend/src/components/Activities/WhatsAppBox.vue:160,frontend/src/components/Activities/WhatsAppBox.vue:160 || frontend/src/pages/Contact.vue:48 || frontend/src/pages/Lead.vue:93 || frontend/src/pages/MobileContact.vue:38 || frontend/src/pages/MobileOrganization.vue:38 || frontend/src/pages/Organization.vue:48,frontend/src/components/Activities/WhatsAppBox.vue:160 || frontend/src/pages/Contact.vue:48 || frontend/src/pages/Lead.vue:93 || frontend/src/pages/MobileContact.vue:38 || frontend/src/pages/MobileOrganization.vue:38 || frontend/src/pages/Organization.vue:48,client-js,,[],,,,,,,existente mejorable,revisado inicial CRM,sí,sí,no,,crossapp 'Upload Image'->'Cargar imagen'. | convergencia global Gettext v0.3.0,,,
crm:c5d3fa42695ad3e8,crm,crm,src,src,,Src,Upload Photo,Upload Photo,,,,,Subir foto,,,,,frontend/src/components/Settings/Profile/ProfileSettings.vue:162,frontend/src/components/Settings/Profile/ProfileSettings.vue:162,frontend/src/components/Settings/Profile/ProfileSettings.vue:162,client-js,,[],,,,,,,traducción propuesta,revisado inicial CRM,sí,sí,no,,Crossapp aprobado: reuso exacto.,Upload Photo,Subir foto,
crm:9cb0244f8c348f8c,crm,crm,src,src,,Src,Upload Video,Upload Video,,,,,Subir video,,,,,frontend/src/components/Activities/WhatsAppBox.vue:168,frontend/src/components/Activities/WhatsAppBox.vue:168,frontend/src/components/Activities/WhatsAppBox.vue:168,client-js,,[],,,,,,,traducción propuesta,revisado inicial CRM,sí,sí,no,,,,,
crm:4ca9dc190b060255,crm,crm,src,src,,Src,Uploading {0}%,Uploading {0}%,,,Subiendo {0}%,,Subiendo {0}%,,,,,frontend/src/components/Controls/ImageUploader.vue:12,frontend/src/components/Controls/ImageUploader.vue:12,frontend/src/components/Controls/ImageUploader.vue:12,client-js,,[],{0},{0},{0},ok,,,existente correcta,revisado inicial CRM,sí,sí,no,,cross-app; placeholder {0},,,
crm:14710fd05f6656df,crm,crm,fcrm,fcrm,,Fcrm,Use ERPNext to Create Products,Use ERPNext to Create Products,,,,,Use ERPNext para crear productos,,,,,crm/fcrm/doctype/crm_product/crm_product.py:45,crm/fcrm/doctype/crm_product/crm_product.py:45,crm/fcrm/doctype/crm_product/crm_product.py:45,doctype-controller,Crm Product,[],,,,,,,traducción propuesta,revisado inicial CRM,sí,sí,no,,ERPNext=nombre propio.,,,
crm:a545a7b1734f662f,crm,crm,fcrm,fcrm,,Fcrm,User,User,,,Usuario,,Usuario,,Label of the user (Link) field in DocType 'CRM Dashboard',etiqueta de campo/elemento,,crm/fcrm/doctype/crm_dashboard/crm_dashboard.json,crm/fcrm/doctype/crm_dashboard/crm_dashboard.json || crm/fcrm/doctype/crm_sales_hierarchy/crm_sales_hierarchy.json || crm/fcrm/doctype/crm_telephony_agent/crm_telephony_agent.json || crm/fcrm/doctype/crm_view_settings/crm_view_settings.json,crm/fcrm/doctype/crm_dashboard/crm_dashboard.json || crm/fcrm/doctype/crm_sales_hierarchy/crm_sales_hierarchy.json || crm/fcrm/doctype/crm_telephony_agent/crm_telephony_agent.json || crm/fcrm/doctype/crm_view_settings/crm_view_settings.json,doctype-json,Crm Dashboard,"[""Label of the user (Link) field in DocType 'CRM Dashboard'"", ""Label of the user (Link) field in DocType 'CRM Sales Hierarchy'"", ""Label of the user (Link) field in DocType 'CRM Telephony Agent'"", ""Label of the user (Link) field in DocType 'CRM View Settings'""]",,,,,,,existente correcta,revisado inicial CRM,sí,sí,no,,Cross-app aprobado (User).,,,
crm:2c83bb9cb4a2e870,crm,crm,src,src,,Src,User Configuration,User Configuration,,,,,Configuración de usuario,,,,,frontend/src/components/Settings/Settings.vue:99,frontend/src/components/Settings/Settings.vue:99,frontend/src/components/Settings/Settings.vue:99,client-js,,[],,,,,,,traducción propuesta,revisado inicial CRM,sí,sí,no,,Sin traducción upstream.,,,
crm:c2980eb41d84f4ef,crm,crm,src,src,,Src,User Management,User Management,,,,,Gestión de usuarios,,,,,frontend/src/components/Settings/Settings.vue:145,frontend/src/components/Settings/Settings.vue:145,frontend/src/components/Settings/Settings.vue:150,client-js,,[],,,,,,,traducción propuesta,revisado inicial CRM,sí,sí,no,,Sin traducción upstream.,,,
crm:6d3b44d76c50a7d6,crm,crm,fcrm,fcrm,,Fcrm,User Name,User Name,,,Nombre de usuario,,Nombre de usuario,,Label of the user_name (Data) field in DocType 'CRM Telephony Agent',etiqueta de campo/elemento,,crm/fcrm/doctype/crm_telephony_agent/crm_telephony_agent.json,crm/fcrm/doctype/crm_telephony_agent/crm_telephony_agent.json,crm/fcrm/doctype/crm_telephony_agent/crm_telephony_agent.json,doctype-json,Crm Telephony Agent,"[""Label of the user_name (Data) field in DocType 'CRM Telephony Agent'""]",,,,,,,existente correcta,revisado inicial CRM,sí,sí,no,,cross-app aprobado: User Name,,,
crm:2286fcb799f203f7,crm,crm,src,src,,Src,User added to hierarchy,User added to hierarchy,,,,,Usuario agregado a la jerarquía,,,,,frontend/src/components/Settings/Hierarchy/Hierarchy.vue:506,frontend/src/components/Settings/Hierarchy/Hierarchy.vue:506,frontend/src/components/Settings/Hierarchy/Hierarchy.vue:502,client-js,,[],,,,,,,traducción propuesta,revisado inicial CRM,sí,sí,no,,Sin traducción upstream.,,,
crm:eea087e996646b94,crm,crm,src,src,,Src,User with email {0} already exists,User with email {0} already exists,,,,,Ya existe un usuario con el correo {0},,,,,frontend/src/components/Settings/InviteUserPage.vue:129,frontend/src/components/Settings/InviteUserPage.vue:129,,client-js,,[],{0},,{0},ok,,,traducción propuesta,revisado inicial CRM,sí,sí,no,,Placeholder {0} preservado.,,,"POT-only: en el universo fresco, sin traducir"
crm:c2746ff8375fddb1,crm,crm,src,src,,Src,User with email {0} already invited,User with email {0} already invited,,,,,El usuario con el correo {0} ya fue invitado,,,,,frontend/src/components/Settings/InviteUserPage.vue:145,frontend/src/components/Settings/InviteUserPage.vue:145,,client-js,,[],{0},,{0},ok,,,traducción propuesta,revisado inicial CRM,sí,sí,no,,Placeholder {0} preservado.,,,"POT-only: en el universo fresco, sin traducir"
crm:6d37573c02917e48,crm,crm,api,api,,Api,User {0} cannot be removed as it has a Role Profile assigned to it.,User {0} cannot be removed as it has a Role Profile assigned to it.,,,,,El usuario {0} no se puede eliminar porque tiene un Perfil de Rol asignado.,,,,,crm/api/user.py:141,crm/api/user.py:141,crm/api/user.py:141,python,,[],{0},,{0},ok,,,traducción propuesta,revisado inicial CRM,sí,sí,no,,Placeholder {0} preservado. Role Profile=Perfil de Rol.,,,
crm:f8ad7dfa58f9f76f,crm,crm,src,src,,Src,User {0} has been removed,User {0} has been removed,,,,,El usuario {0} ha sido eliminado,,,,,frontend/src/components/Settings/Users.vue:291,frontend/src/components/Settings/Users.vue:291,frontend/src/components/Settings/Users.vue:283,client-js,,[],{0},,{0},ok,,,traducción propuesta,revisado inicial CRM,sí,sí,no,,placeholder {0} preservado,,,
crm:c0626b10e217e5f7,crm,crm,api,api,,Api,User {0} has been removed from CRM roles.,User {0} has been removed from CRM roles.,,,,,El usuario {0} ha sido eliminado de los roles de CRM.,,,,,crm/api/user.py:158,crm/api/user.py:158,crm/api/user.py:158,python,,[],{0},,{0},ok,,,traducción propuesta,revisado inicial CRM,sí,sí,no,,Placeholder {0} preservado.,,,
crm:f4caf08a835e04a8,crm,crm,fcrm,fcrm,,Fcrm,User {0} is already mapped to hierarchy node {1}.,User {0} is already mapped to hierarchy node {1}.,,,,,El usuario {0} ya está asignado al nodo de jerarquía {1}.,,,,,crm/fcrm/doctype/crm_sales_hierarchy/crm_sales_hierarchy.py:43,crm/fcrm/doctype/crm_sales_hierarchy/crm_sales_hierarchy.py:43,crm/fcrm/doctype/crm_sales_hierarchy/crm_sales_hierarchy.py:43,doctype-controller,Crm Sales Hierarchy,[],{0};{1},,{0};{1},ok,,,traducción propuesta,revisado inicial CRM,sí,sí,no,,Placeholders {0};{1} preservados.,,,
crm:84dab891d27ded0d,crm,crm,src,src,,Src,Users,Users,,,Usuarios,,Usuarios,,,,,frontend/src/components/Modals/AddExistingUserModal.vue:20,frontend/src/components/Modals/AddExistingUserModal.vue:20 || frontend/src/components/Settings/AssignmentRules/AssignmentRuleView.vue:603 || frontend/src/components/Settings/Settings.vue:148 || frontend/src/components/Settings/Users.vue:7,frontend/src/components/Modals/AddExistingUserModal.vue:20 || frontend/src/components/Settings/AssignmentRules/AssignmentRuleView.vue:608 || frontend/src/components/Settings/Settings.vue:153 || frontend/src/components/Settings/Users.vue:7,client-js,,[],,,,,,,existente correcta,revisado inicial CRM,sí,sí,no,,Cross-app aprobado.,,,
crm:6906ed2a9b552aad,crm,crm,src,src,,Src,Users Added Successfully,Users Added Successfully,,,,,Usuarios agregados correctamente,,,,,frontend/src/components/Modals/AddExistingUserModal.vue:103,frontend/src/components/Modals/AddExistingUserModal.vue:103,frontend/src/components/Modals/AddExistingUserModal.vue:105,client-js,,[],,,,,,,traducción propuesta,revisado inicial CRM,sí,sí,no,,,,,
crm:76550ceb54e8cb09,crm,crm,src,src,,Src,Users are required,Users are required,,,,,Los usuarios son obligatorios,,,,,frontend/src/components/Settings/AssignmentRules/AssignmentRuleView.vue:460,frontend/src/components/Settings/AssignmentRules/AssignmentRuleView.vue:460,frontend/src/components/Settings/AssignmentRules/AssignmentRuleView.vue:465,client-js,,[],,,,,,,traducción propuesta,revisado inicial CRM,sí,sí,no,,,,,
crm:7136ab1e265bf77f,crm,crm,src,src,,Src,Valid From,Valid From,,,Válida desde,,Válida desde,,,,,frontend/src/components/Settings/Sla/SlaPolicyView.vue:168,frontend/src/components/Settings/Sla/SlaPolicyView.vue:168,frontend/src/components/Settings/Sla/SlaPolicyView.vue:168,client-js,,[],,,,,,,existente correcta,revisado inicial CRM,sí,sí,no,,Crossapp aprobado: reuso exacto.,Valid From,Válida desde,
crm:7ead2e05bed2577c,crm,crm,src,src,,Src,Valid conditions are required,Valid conditions are required,,,,,Se requieren condiciones válidas,,,,,frontend/src/components/Settings/Sla/utils.js:187,frontend/src/components/Settings/Sla/utils.js:187,frontend/src/components/Settings/Sla/utils.js:187,client-js,,[],,,,,,,traducción propuesta,revisado inicial CRM,sí,sí,no,,Sin traducción upstream.,,,
crm:c0b865be5641998a,crm,crm,fcrm,fcrm,,Fcrm,Validity,Validity,,,Validez,,Validez,,Label of the section_break_nevd (Section Break) field in DocType 'CRM Service Level Agreement',etiqueta de campo/elemento,,crm/fcrm/doctype/crm_service_level_agreement/crm_service_level_agreement.json,crm/fcrm/doctype/crm_service_level_agreement/crm_service_level_agreement.json,crm/fcrm/doctype/crm_service_level_agreement/crm_service_level_agreement.json,doctype-json,Crm Service Level Agreement,"[""Label of the section_break_nevd (Section Break) field in DocType 'CRM Service Level Agreement'""]",,,,,,,existente correcta,revisado inicial CRM,sí,sí,no,,crossapp Validity->Validez,,,
crm:f5852b5fe690625b,crm,crm,src,src,,Src,Value,Value,,,Valor,,Valor,,,,,frontend/src/components/Modals/EditValueModal.vue:16,frontend/src/components/Modals/EditValueModal.vue:16,frontend/src/components/Modals/EditValueModal.vue:14,client-js,,[],,,,,,,existente correcta,revisado inicial CRM,sí,sí,no,,Cross-app aprobado.,,,
crm:6827fcc812e81e3c,crm,crm,src,src,,Src,Verify Connection,Verify Connection,,,,,Verificar conexión,,,,,frontend/src/components/Settings/ERPNextSettings.vue:110,frontend/src/components/Settings/ERPNextSettings.vue:110,frontend/src/components/Settings/ERPNextSettings.vue:110,client-js,,[],,,,,,,traducción propuesta,revisado inicial CRM,sí,sí,no,,,,,
crm:4730691c8546a680,crm,crm,src,src,,Src,View Contact,View Contact,,,,,Ver contacto,,,,,frontend/src/pages/Deal.vue:229,frontend/src/pages/Deal.vue:229,frontend/src/pages/Deal.vue:229,client-js,,[],,,,,,,traducción propuesta,revisado inicial CRM,sí,sí,no,,,Contact,Contacto,
crm:c34cf59233e99e28,crm,crm,src,src,,Src,View Location,View Location,,,,,Ver ubicación,,,,,frontend/src/components/Controls/GeolocationControl.vue:50,frontend/src/components/Controls/GeolocationControl.vue:50,frontend/src/components/Controls/GeolocationControl.vue:50,client-js,,[],,,,,,,traducción propuesta,revisado inicial CRM,sí,sí,no,,,,,
crm:1eb89b4ed94d1ff8,crm,crm,src,src,,Src,View Name,View Name,,,,,Nombre de la vista,,,,,frontend/src/components/Modals/ViewModal.vue:16,frontend/src/components/Modals/ViewModal.vue:16,frontend/src/components/Modals/ViewModal.vue:14,client-js,,[],,,,,,,traducción propuesta,revisado inicial CRM,sí,sí,no,,,,,
crm:d752fb58c8ee3a80,crm,crm,src,src,,Src,View documentation,View documentation,,,,,Ver documentación,,,,,frontend/src/components/Settings/Hierarchy/Hierarchy.vue:9,frontend/src/components/Settings/Hierarchy/Hierarchy.vue:9,frontend/src/components/Settings/Hierarchy/Hierarchy.vue:9,client-js,,[],,,,,,,traducción propuesta,revisado inicial CRM,sí,sí,no,,Sin traducción upstream.,,,
crm:8ae5bcc6f72e75fb,crm,crm,src,src,,Src,Views,Views,,,Vistas,,Vistas,,,,,frontend/src/components/Layouts/AppSidebar.vue:680,frontend/src/components/Layouts/AppSidebar.vue:680,frontend/src/components/Layouts/AppSidebar.vue:596,client-js,,[],,,,,,,existente correcta,revisado inicial CRM,sí,sí,no,,Cross-app aprobado.,,,
crm:addaedad74334c11,crm,crm,src,src,,Src,Walk-ins,Walk-ins,,,,,Visitas espontáneas,,,,,frontend/src/pages/PersonaForm.vue:80,frontend/src/pages/PersonaForm.vue:80,frontend/src/pages/PersonaForm.vue:80,client-js,,[],,,,,,,traducción propuesta,revisado inicial CRM,sí,sí,no,,Walk-ins: clientes que llegan sin cita.,,,
crm:5d904e7b6df9cf59,crm,crm,src,src,,Src,Web Form,Web Form,,,Formulario Web,,Formulario web,,,,,frontend/src/components/Layouts/AppSidebar.vue:677,frontend/src/components/Layouts/AppSidebar.vue:677,frontend/src/components/Layouts/AppSidebar.vue:593,client-js,,[],,,,,,,existente mejorable,revisado inicial CRM,sí,sí,no,,Cross-app: 'Formulario web' en minúscula.,,,
crm:ef1300dfef9abaf8,crm,crm,fcrm,fcrm;src,sí,Fcrm,Webhook Verify Token,Webhook Verify Token,,,,,Token de verificación del webhook,,Label of the webhook_verify_token (Data) field in DocType 'CRM Exotel Settings',etiqueta de campo/elemento,,crm/fcrm/doctype/crm_exotel_settings/crm_exotel_settings.json,crm/fcrm/doctype/crm_exotel_settings/crm_exotel_settings.json || frontend/src/components/Settings/Telephony/ExotelSettings.vue:67,crm/fcrm/doctype/crm_exotel_settings/crm_exotel_settings.json || frontend/src/components/Settings/Telephony/ExotelSettings.vue:67,doctype-json,Crm Exotel Settings,"[""Label of the webhook_verify_token (Data) field in DocType 'CRM Exotel Settings'""]",,,,,,,traducción propuesta,revisado inicial CRM,sí,sí,no,,"Webhook=término técnico, no se traduce.",,,
crm:57ca6899c7ad7b26,crm,crm,fcrm,fcrm;src,sí,Fcrm,Website,Website,,,Sitio Web,,Sitio web,,Label of the website (Data) field in DocType 'CRM Deal',etiqueta de campo/elemento,,crm/fcrm/doctype/crm_deal/crm_deal.json,crm/fcrm/doctype/crm_deal/crm_deal.json || crm/fcrm/doctype/crm_lead/crm_lead.json || crm/fcrm/doctype/crm_organization/crm_organization.json || frontend/src/components/Modals/AboutModal.vue:50,crm/fcrm/doctype/crm_deal/crm_deal.json || crm/fcrm/doctype/crm_lead/crm_lead.json || crm/fcrm/doctype/crm_organization/crm_organization.json || frontend/src/components/Modals/AboutModal.vue:50,doctype-json,Crm Deal,"[""Label of the website (Data) field in DocType 'CRM Deal'"", ""Label of the website (Data) field in DocType 'CRM Lead'"", ""Label of the website (Data) field in DocType 'CRM Organization'""]",,,,,,,existente mejorable,revisado inicial CRM,sí,sí,no,,'Sitio Web'->'Sitio web' (cross-app aprobado).,Website,Sitio web,
crm:db1d4eb85cd5ee5d,crm,crm,src,src,,Src,Website forms,Website forms,,,,,Formularios del sitio web,,,,,frontend/src/pages/PersonaForm.vue:73,frontend/src/pages/PersonaForm.vue:73,frontend/src/pages/PersonaForm.vue:73,client-js,,[],,,,,,,traducción propuesta,revisado inicial CRM,sí,sí,no,,,,,
crm:5e6d9f59eb22bacb,crm,crm,fcrm,fcrm,,Fcrm,Wednesday,Wednesday,,,Miércoles,,Miércoles,,Option for the 'Weekly Off' (Select) field in DocType 'CRM Holiday List',opción de campo select,,crm/fcrm/doctype/crm_holiday_list/crm_holiday_list.json,crm/fcrm/doctype/crm_holiday_list/crm_holiday_list.json || crm/fcrm/doctype/crm_service_day/crm_service_day.json,crm/fcrm/doctype/crm_holiday_list/crm_holiday_list.json || crm/fcrm/doctype/crm_service_day/crm_service_day.json,doctype-json,Crm Holiday List,"[""Option for the 'Weekly Off' (Select) field in DocType 'CRM Holiday List'"", ""Option for the 'Workday' (Select) field in DocType 'CRM Service Day'""]",,,,,,,existente correcta,revisado inicial CRM,sí,sí,no,,crossapp Wednesday->Miércoles,,,
crm:537938d4834ea13e,crm,crm,fcrm,fcrm,,Fcrm,Weekly Off,Weekly Off,,,Semanal Desactivado,,Descanso semanal,,Label of the weekly_off (Check) field in DocType 'CRM Holiday',etiqueta de campo/elemento,,crm/fcrm/doctype/crm_holiday/crm_holiday.json,crm/fcrm/doctype/crm_holiday/crm_holiday.json || crm/fcrm/doctype/crm_holiday_list/crm_holiday_list.json,crm/fcrm/doctype/crm_holiday/crm_holiday.json || crm/fcrm/doctype/crm_holiday_list/crm_holiday_list.json,doctype-json,Crm Holiday,"[""Label of the weekly_off (Check) field in DocType 'CRM Holiday'"", ""Label of the weekly_off (Select) field in DocType 'CRM Holiday List'""]",,,,,,,existente mejorable,revisado inicial CRM,sí,sí,no,,crossapp Weekly Off->Descanso semanal; corrige 'Semanal Desactivado',,,
crm:85b9587a1d9832ad,crm,crm,src,src,,Src,Welcome Message,Welcome Message,,,,,Mensaje de bienvenida,,,,,frontend/src/components/Modals/WhatsappTemplateSelectorModal.vue:10,frontend/src/components/Modals/WhatsappTemplateSelectorModal.vue:10,frontend/src/components/Modals/WhatsappTemplateSelectorModal.vue:10,client-js,,[],,,,,,,traducción propuesta,revisado inicial CRM,sí,sí,no,,,,,
crm:056bcc21a2178420,crm,crm,src,src,,Src,Welcome to Frappe CRM,Welcome to Frappe CRM,,,,,Bienvenido a Frappe CRM,,,,,frontend/src/pages/PersonaForm.vue:132,frontend/src/pages/PersonaForm.vue:132,frontend/src/pages/PersonaForm.vue:132,client-js,,[],,,,,,,traducción propuesta,revisado inicial CRM,sí,sí,no,,,,,
crm:ce3e38b520850dc9,crm,crm,src,src,,Src,"Welcome {0}, lets add your first lead","Welcome {0}, lets add your first lead",,,,,"Bienvenido {0}, agreguemos su primer lead",,,,,frontend/src/pages/Welcome.vue:4,frontend/src/pages/Welcome.vue:4,frontend/src/pages/Welcome.vue:4,client-js,,[],{0},,{0},ok,,,traducción propuesta,revisado inicial CRM + pase dirigido,sí,,,,registro: 'tu primer' -> 'su primer'. Placeholder {0} conservado. Lead en minuscula tal cual origen ('lead').,,,
crm:74c1f5bf26dc960f,crm,crm,src,src,,Src,What are your biggest challenges with sales today?,What are your biggest challenges with sales today?,,,,,¿Cuáles son sus mayores retos con las ventas actualmente?,,,,,frontend/src/pages/PersonaForm.vue:87,frontend/src/pages/PersonaForm.vue:87,frontend/src/pages/PersonaForm.vue:87,client-js,,[],,,,,,,traducción propuesta,revisado inicial CRM + pase dirigido,sí,,,,registro: 'tus mayores' -> 'sus mayores'.,,,
crm:7eeddef0cc99b376,crm,crm,src,src,,Src,What would you like to accomplish first?,What would you like to accomplish first?,,,,,¿Qué le gustaría lograr primero?,,,,,frontend/src/pages/PersonaForm.vue:118,frontend/src/pages/PersonaForm.vue:118,frontend/src/pages/PersonaForm.vue:118,client-js,,[],,,,,,,traducción propuesta,revisado inicial CRM + pase dirigido,sí,,,,registro: 'te gustaría' -> 'le gustaría'.,,,
crm:f387868fad267245,crm,crm,src,fcrm;src,sí,Src,WhatsApp,WhatsApp,,,WhatsApp,,WhatsApp,,Option for the 'Type' (Select) field in DocType 'CRM Notification',opción de campo select,,crm/fcrm/doctype/crm_notification/crm_notification.json,crm/fcrm/doctype/crm_notification/crm_notification.json || frontend/src/components/Layouts/AppSidebar.vue:717 || frontend/src/components/Settings/Settings.vue:220 || frontend/src/pages/Deal.vue:607 || frontend/src/pages/Lead.vue:459 || frontend/src/pages/MobileDeal.vue:482 || frontend/src/pages/MobileLead.vue:329 || frontend/src/pages/PersonaForm.vue:76,crm/fcrm/doctype/crm_notification/crm_notification.json || frontend/src/components/Layouts/AppSidebar.vue:633 || frontend/src/components/Settings/Settings.vue:225 || frontend/src/pages/Deal.vue:606 || frontend/src/pages/Lead.vue:458 || frontend/src/pages/MobileDeal.vue:478 || frontend/src/pages/MobileLead.vue:325 || frontend/src/pages/PersonaForm.vue:76,doctype-json,Crm Notification,"[""Option for the 'Type' (Select) field in DocType 'CRM Notification'""]",,,,,,,igual al inglés válida,revisado inicial CRM,sí,sí,no,,nombre propio; cross-app aprobado; se elimina 'requiere revisión',,,
crm:a7cc41b2f3b99299,crm,crm,src,src,,Src,WhatsApp Message,WhatsApp Message,,,,,Mensaje de WhatsApp,,,,,frontend/src/components/Activities/ActivityHeader.vue:146,frontend/src/components/Activities/ActivityHeader.vue:146,frontend/src/components/Activities/ActivityHeader.vue:162,client-js,,[],,,,,,,traducción propuesta,revisado inicial CRM,sí,sí,no,,,,,
crm:a4bb64aced5715fa,crm,crm,src,src,,Src,WhatsApp Templates,WhatsApp Templates,,,,,Plantillas de WhatsApp,,,,,frontend/src/components/Modals/WhatsappTemplateSelectorModal.vue:2,frontend/src/components/Modals/WhatsappTemplateSelectorModal.vue:2,frontend/src/components/Modals/WhatsappTemplateSelectorModal.vue:2,client-js,,[],,,,,,,traducción propuesta,revisado inicial CRM,sí,sí,no,,WhatsApp cross-app aprobado.,,,
crm:ac90d53cf5bd579e,crm,crm,src,src,,Src,Where,Where,,,,,Donde,,,,,frontend/src/components/ConditionsFilter/CFCondition.vue:20,frontend/src/components/ConditionsFilter/CFCondition.vue:20 || frontend/src/components/Filter.vue:43 || frontend/src/components/Filter.vue:84,frontend/src/components/ConditionsFilter/CFCondition.vue:20 || frontend/src/components/Filter.vue:43 || frontend/src/components/Filter.vue:83,client-js,,[],,,,,,,traducción propuesta,revisado inicial CRM,sí,sí,no,,cláusula de condición de filtro,,,
crm:bac7676a6c48650c,crm,crm,src,src,,Src,Width,Width,,,Ancho,,Ancho,,,,,frontend/src/components/ColumnSettings.vue:109,frontend/src/components/ColumnSettings.vue:109,frontend/src/components/ColumnSettings.vue:109,client-js,,[],,,,,,,existente correcta,revisado inicial CRM,sí,sí,no,,Cross-app aprobado exacto.,Width,Ancho,
crm:e4a57386d8e7a7e3,crm,crm,src,src,,Src,"Width can be in number, pixel or rem (eg. 3, 30px, 10rem)","Width can be in number, pixel or rem (eg. 3, 30px, 10rem)",,,,,"El ancho puede ser un número, píxeles o rem (ej.: 3, 30px, 10rem)",,,,,frontend/src/components/ColumnSettings.vue:113,frontend/src/components/ColumnSettings.vue:113,frontend/src/components/ColumnSettings.vue:113,client-js,,[],,,,,,,traducción propuesta,revisado inicial CRM,sí,sí,no,,Unidades px/rem preservadas.,,,
crm:e2e450f44f2b67b8,crm,crm,fcrm,fcrm;src,sí,CRM,Won,Won,,,,,Ganado,,Estado de Deal (oportunidad ganada).,estado,comercial,crm/fcrm/doctype/crm_deal_status/crm_deal_status.json,crm/fcrm/doctype/crm_deal_status/crm_deal_status.json || crm/fcrm/doctype/crm_lead_status/crm_lead_status.json || frontend/src/components/Settings/ERPNextSettings.vue:313,crm/fcrm/doctype/crm_deal_status/crm_deal_status.json || crm/fcrm/doctype/crm_lead_status/crm_lead_status.json || frontend/src/components/Settings/ERPNextSettings.vue:254,doctype-json,Crm Deal Status,"[""Option for the 'Type' (Select) field in DocType 'CRM Deal Status'"", ""Option for the 'Type' (Select) field in DocType 'CRM Lead Status'""]",,,,,,,traducción propuesta,revisado inicial CRM,sí,no,sí,,"LOCKED excepción: 'Ganada'->'Ganado' (masculino, estado de Deal).",Won,Ganado,
crm:a4d93ea0894d1d4f,crm,crm,src,src,,Src,Won Deals,Won Deals,,,,,Deals ganados,,,,,frontend/src/components/Dashboard/AddChartModal.vue:75,frontend/src/components/Dashboard/AddChartModal.vue:75,frontend/src/components/Dashboard/AddChartModal.vue:75,client-js,,[],,,,,,,traducción propuesta,revisado inicial CRM,sí,no,no,,Deals protegido; Won=ganado,,,
crm:8aa541eb64e41f1f,crm,crm,api,api,,Api,Won deals,Won deals,,,,,Deals ganados,,,,,crm/api/dashboard.py:306,crm/api/dashboard.py:306,crm/api/dashboard.py:306,python,,[],,,,,,,traducción propuesta,revisado inicial CRM,sí,sí,no,,reversión Deals; won->ganados,,,
crm:10c7cef34b998534,crm,crm,src,src,,Src,Work Schedule & Holidays,Work Schedule & Holidays,,,,,Horario laboral y días festivos,,,,,frontend/src/components/Settings/Sla/SlaHolidays.vue:5,frontend/src/components/Settings/Sla/SlaHolidays.vue:5,frontend/src/components/Settings/Sla/SlaHolidays.vue:5,client-js,,[],,,,,,,traducción propuesta,revisado inicial CRM,sí,sí,no,,Sin traducción upstream.,,,
crm:a853614c55c479b1,crm,crm,fcrm,fcrm;src,sí,Fcrm,Workday,Workday,,,Jornada laboral,,Jornada laboral,,Label of the workday (Select) field in DocType 'CRM Service Day',etiqueta de campo/elemento,,crm/fcrm/doctype/crm_service_day/crm_service_day.json,crm/fcrm/doctype/crm_service_day/crm_service_day.json || frontend/src/components/Settings/Sla/WorkDayModal.vue:16,crm/fcrm/doctype/crm_service_day/crm_service_day.json || frontend/src/components/Settings/Sla/WorkDayModal.vue:16,doctype-json,Crm Service Day,"[""Label of the workday (Select) field in DocType 'CRM Service Day'""]",,,,,,,existente correcta,revisado inicial CRM,sí,sí,no,,Cross-app: Workday=Jornada laboral.,,,
crm:52004daa73ce1432,crm,crm,fcrm,fcrm,,Fcrm,Working Hours,Working Hours,,,Horas de Trabajo,,Horas de Trabajo,,Label of the section_break_rmgo (Section Break) field in DocType 'CRM Service Level Agreement',etiqueta de campo/elemento,,crm/fcrm/doctype/crm_service_level_agreement/crm_service_level_agreement.json,crm/fcrm/doctype/crm_service_level_agreement/crm_service_level_agreement.json,crm/fcrm/doctype/crm_service_level_agreement/crm_service_level_agreement.json,doctype-json,Crm Service Level Agreement,"[""Label of the section_break_rmgo (Section Break) field in DocType 'CRM Service Level Agreement'"", ""Label of the working_hours (Table) field in DocType 'CRM Service Level Agreement'""]",,,,,,,existente correcta,revisado inicial CRM,sí,sí,no,,crossapp Working Hours->Horas de Trabajo,,,
crm:dfb7f9b3b3252c37,crm,crm,src,src,,Src,Yes,Yes,,,Si,,Sí,,,,,frontend/src/components/Filter.vue:627,frontend/src/components/Filter.vue:627,frontend/src/components/Calendar/CalendarEventPanel.vue:531 || frontend/src/components/Filter.vue:601,client-js,,[],,,,,,,existente mejorable,revisado inicial CRM,sí,sí,no,,crossapp 'Yes'->'Sí'; faltaba acento.,,,
crm:0057eb37dc3d5406,crm,crm,src,src,,Src,Yesterday,Yesterday,,,Ayer,,Ayer,,,,,frontend/src/components/Filter.vue:699,frontend/src/components/Filter.vue:699,frontend/src/components/Filter.vue:673,client-js,,[],,,,,,,existente correcta,revisado inicial CRM,sí,sí,no,,cross-app Yesterday=Ayer,,,
crm:dade874360680007,crm,crm,api,api;src,sí,Api,You,You,,,Usted,,Usted,,,,,crm/api/whatsapp.py:226,crm/api/whatsapp.py:226 || crm/api/whatsapp.py:241 || crm/api/whatsapp.py:71 || frontend/src/components/Activities/WhatsAppArea.vue:41 || frontend/src/components/Activities/WhatsAppBox.vue:17,crm/api/whatsapp.py:71 || crm/api/whatsapp.py:226 || crm/api/whatsapp.py:241 || frontend/src/components/Activities/WhatsAppArea.vue:41 || frontend/src/components/Activities/WhatsAppBox.vue:17,python,,[],,,,,,,existente correcta,revisado inicial CRM,sí,sí,no,,Cross-app: You=Usted.,,,
crm:926c8b1ac060178d,crm,crm,api,api,,Api,You are not allowed to invite Sales Managers,You are not allowed to invite Sales Managers,,,,,No tiene permiso para invitar a Gerentes de Ventas,,,,,crm/api/__init__.py:119,crm/api/__init__.py:119,crm/api/__init__.py:106,python,,[],,,,,,,traducción propuesta,revisado inicial CRM,sí,sí,no,,Sales Manager=Gerente de Ventas (cross-app).,,,
crm:4f271ba5f88314a4,crm,crm,api,api,,Api,You are not allowed to invite System Managers,You are not allowed to invite System Managers,,,,,No tiene permiso para invitar a Administradores del Sistema,,,,,crm/api/__init__.py:116,crm/api/__init__.py:116,crm/api/__init__.py:103,python,,[],,,,,,,traducción propuesta,revisado inicial CRM,sí,sí,no,,System Manager=Administrador del Sistema (cross-app).,,,
crm:8899c8113debd733,crm,crm,api,api,,Api,You are not permitted to access CRM resources.,You are not permitted to access CRM resources.,,,,,No tiene permiso para acceder a los recursos del CRM.,,,,,crm/api/session.py:11,crm/api/session.py:11,crm/api/session.py:11,python,,[],,,,,,,traducción propuesta,revisado inicial CRM,sí,sí,no,,Error de permisos.,,,
crm:09a8a24855e902db,crm,crm,utils,utils,,Utils,You are not permitted to access this resource.,You are not permitted to access this resource.,,,No está autorizado a acceder a este recurso.,,No está autorizado a acceder a este recurso.,,,,,crm/utils/__init__.py:134,crm/utils/__init__.py:134,crm/utils/__init__.py:133,python,,[],,,,,,,existente correcta,revisado inicial CRM,sí,sí,no,,Cross-app aprobado exacto.,,,
crm:2ca1e0251968dd6e,crm,crm,fcrm,fcrm,,Fcrm,You are not permitted to create leads.,You are not permitted to create leads.,,,,,No tiene permiso para crear Leads.,,,,,crm/fcrm/doctype/crm_call_log/crm_call_log.py:265,crm/fcrm/doctype/crm_call_log/crm_call_log.py:265,crm/fcrm/doctype/crm_call_log/crm_call_log.py:265,doctype-controller,Crm Call Log,[],,,,,,,traducción propuesta,revisado inicial CRM,sí,sí,no,,reversión Leads: leads->Leads,,,
crm:06e3c3082314adaf,crm,crm,fcrm,fcrm,,Fcrm,You are not permitted to update this call log.,You are not permitted to update this call log.,,,,,No tiene permiso para actualizar este registro de llamada.,,,,,crm/fcrm/doctype/crm_call_log/crm_call_log.py:262,crm/fcrm/doctype/crm_call_log/crm_call_log.py:262,crm/fcrm/doctype/crm_call_log/crm_call_log.py:262,doctype-controller,Crm Call Log,[],,,,,,,traducción propuesta,revisado inicial CRM,sí,sí,no,,mensaje de permiso,,,
crm:d9f9467ae7bc1f13,crm,crm,src,src,,Src,You can change the default calling medium from the settings,You can change the default calling medium from the settings,,,,,Puede cambiar el medio de llamada predeterminado desde la configuración,,,,,frontend/src/components/Telephony/CallUI.vue:37,frontend/src/components/Telephony/CallUI.vue:37,frontend/src/components/Telephony/CallUI.vue:37,client-js,,[],,,,,,,traducción propuesta,revisado inicial CRM,sí,sí,no,,cross-app aprobado exacto,,,
crm:4f95109922ccf953,crm,crm,src,src,,CRM,You can get your access key from ,You can get your access key from ,,,,,Puede obtener su clave de acceso en,,,,,frontend/src/components/Settings/DashboardSettings.vue:145,frontend/src/components/Settings/DashboardSettings.vue:145,,client-js,,[],,,,,,,traducción propuesta,aprobado (lote crm 1.81.2),sí,,,,lote crm 1.81.2: reusar de You can get your Access Key from ,,,"POT-only: en el universo fresco, sin traducir"
crm:5c9b4e519d8858d8,crm,crm,src,src,,Src,You can invite multiple users by comma separating their email addresses,You can invite multiple users by comma separating their email addresses,,,,,Puede invitar a varios usuarios separando sus correos con comas,,,,,frontend/src/components/Settings/InviteUserPage.vue:37,frontend/src/components/Settings/InviteUserPage.vue:37,frontend/src/components/Settings/InviteUserPage.vue:37,client-js,,[],,,,,,,traducción propuesta,revisado inicial CRM,sí,sí,no,,Sin traducción upstream.,,,
crm:d6a74c04cf061cd9,crm,crm,api,api,,Api,You cannot remove yourself.,You cannot remove yourself.,,,,,No puede eliminarse a sí mismo.,,,,,crm/api/user.py:129,crm/api/user.py:129,crm/api/user.py:129,python,,[],,,,,,,traducción propuesta,revisado inicial CRM,sí,sí,no,,Validación.,,,
crm:4650bb9505ca0dc6,crm,crm,integrations,integrations,,Integrations,You do not have Exotel Number set in your Telephony Agent,You do not have Exotel Number set in your Telephony Agent,,,,,No tiene un número de Exotel configurado en su Agente de telefonía,,,,,crm/integrations/exotel/handler.py:84,crm/integrations/exotel/handler.py:84,crm/integrations/exotel/handler.py:84,python,,[],,,,,,,traducción propuesta,revisado inicial CRM,sí,sí,no,,Exotel=nombre propio. Telephony Agent=Agente de telefonía.,,,
crm:e4a8393ab27ed6dd,crm,crm,src,src,,Src,You do not have enough permissions to access Frappe CRM. Please contact your administrator if you believe this is an error.,You do not have enough permissions to access Frappe CRM. Please contact your administrator if you believe this is an error.,,,,,No tiene permisos suficientes para acceder a Frappe CRM. Contacte a su administrador si cree que esto es un error.,,,,,frontend/src/pages/NotPermitted.vue:12,frontend/src/pages/NotPermitted.vue:12,frontend/src/pages/NotPermitted.vue:12,client-js,,[],,,,,,,traducción propuesta,revisado inicial CRM,sí,sí,no,,"Frappe CRM=nombre de producto, no se traduce.",,,
crm:e9689244d350985f,crm,crm,integrations,integrations,,Integrations,You do not have mobile number set in your Telephony Agent,You do not have mobile number set in your Telephony Agent,,,,,No tiene un número de teléfono móvil configurado en su Agente de telefonía,,,,,crm/integrations/exotel/handler.py:92,crm/integrations/exotel/handler.py:92,crm/integrations/exotel/handler.py:92,python,,[],,,,,,,traducción propuesta,revisado inicial CRM,sí,sí,no,,Telephony Agent=Agente de telefonía.,,,
crm:c858b22d9b80f5ce,crm,crm,www,www,,Www,You do not have permission to access Frappe CRM,You do not have permission to access Frappe CRM,,,,,No tiene permiso para acceder a Frappe CRM,,,,,crm/www/crm.py:18,crm/www/crm.py:18,crm/www/crm.py:18,python,,[],,,,,,,traducción propuesta,revisado inicial CRM,sí,sí,no,,Frappe CRM=nombre de producto.,,,
crm:b8ce8a71e283d7e5,crm,crm,src,src,,Src,You do not have permission to access this document,You do not have permission to access this document,,,,,No tienes permiso para acceder a este documento,,,,,frontend/src/data/document.js:45,frontend/src/data/document.js:45,frontend/src/data/document.js:45,client-js,,[],,,,,,,traducción propuesta,revisado inicial CRM,sí,sí,no,,,,,
crm:05c94b7fd87645d8,crm,crm,api,api,,Api,You don't have permission to delete this attachment,You don't have permission to delete this attachment,,,,,No tiene permiso para eliminar este adjunto,,,,,crm/api/__init__.py:155,crm/api/__init__.py:155,crm/api/__init__.py:143,python,,[],,,,,,,traducción propuesta,revisado inicial CRM,sí,sí,no,,Error de permisos.,,,
crm:26b8ab10b76dd0c2,crm,crm,api,api,,Api,You must be logged in to change your password,You must be logged in to change your password,,,,,Debe haber iniciado sesión para cambiar su contraseña,,,,,crm/api/user.py:17,crm/api/user.py:17,crm/api/user.py:17,python,,[],,,,,,,traducción propuesta,revisado inicial CRM,sí,sí,no,,Error de sesión.,,,
crm:e89eee605259490a,crm,crm,fcrm,fcrm,,Fcrm,You need to be in developer mode to edit a Standard Form Script,You need to be in developer mode to edit a Standard Form Script,,,,,Debe estar en modo de desarrollador para editar un Form Script estándar,,,,,crm/fcrm/doctype/crm_form_script/crm_form_script.py:39,crm/fcrm/doctype/crm_form_script/crm_form_script.py:39,crm/fcrm/doctype/crm_form_script/crm_form_script.py:39,doctype-controller,Crm Form Script,[],,,,,,,traducción propuesta,revisado inicial CRM,sí,sí,no,,"Form Script=nombre de DocType, se conserva.",,,
crm:fef2ee581974847a,crm,crm,src,src,,Src,"You will be redirected to invite user page, unsaved changes will be lost.","You will be redirected to invite user page, unsaved changes will be lost.",,,,,Será redirigido a la página de invitación de usuarios; se perderán los cambios no guardados.,,,,,frontend/src/components/Settings/AssignmentRules/AssigneeSearch.vue:152,frontend/src/components/Settings/AssignmentRules/AssigneeSearch.vue:152,frontend/src/components/Settings/AssignmentRules/AssigneeSearch.vue:152,client-js,,[],,,,,,,traducción propuesta,revisado inicial CRM,sí,sí,no,,,,,
crm:a1113766b13260ab,crm,crm,src,src,,Src,You will need a Meta developer account and an access token to sync leads from Facebook. Read more,You will need a Meta developer account and an access token to sync leads from Facebook. Read more,,,Necesitará una cuenta de desarrollador Meta y un token de acceso para sincronizar clientes potenciales desde Facebook. Leer más,,Necesitará una cuenta de desarrollador de Meta y un token de acceso para sincronizar Leads desde Facebook. Leer más,,,,,frontend/src/components/Settings/LeadSyncing/leadSyncSourceConfig.js:8,frontend/src/components/Settings/LeadSyncing/leadSyncSourceConfig.js:8,frontend/src/components/Settings/LeadSyncing/leadSyncSourceConfig.js:8,client-js,,[],,,,,,,existente mejorable,revisado inicial CRM,sí,no,sí,,Revierte 'clientes potenciales'->Leads; 'desarrollador de Meta'.,Leads,Leads,
crm:4eda07794c99496a,crm,crm,api,api,,Api,Your assignment on task {0} has been removed by {1},Your assignment on task {0} has been removed by {1},,,,,Su asignación en la tarea {0} ha sido eliminada por {1},,,,,crm/api/todo.py:110,crm/api/todo.py:110,crm/api/todo.py:110,python,,[],{0};{1},,{0};{1},ok,,,traducción propuesta,revisado inicial CRM + pase dirigido,sí,,,,registro: 'Tu asignación' -> 'Su asignación'. Placeholders {0};{1} conservados.,,,
crm:b5acaa80f19393f4,crm,crm,api,api,,Api,Your assignment on {0} {1} has been removed by {2},Your assignment on {0} {1} has been removed by {2},,,Tu tarea de {0} {1} ha sido eliminada por {2},,Su tarea de {0} {1} ha sido eliminada por {2},,,,,crm/api/todo.py:47,crm/api/todo.py:47 || crm/api/todo.py:88,crm/api/todo.py:47 || crm/api/todo.py:88,python,,[],{0};{1};{2},{0};{1};{2},{0};{1};{2},ok,,,existente mejorable,revisado inicial CRM + pase dirigido,sí,,,,registro: 'Tu tarea' -> 'Su tarea'. Placeholders {0};{1};{2} conservados. Nota: crossapp_approved trae 'Tu tarea...'; aqui se aplica registro usted.,,Tu tarea de {0} {1} ha sido eliminada por {2},
crm:af26329e68f7b2b5,crm,crm,src,src,,Src,Your old condition will be overwritten. Are you sure you want to save?,Your old condition will be overwritten. Are you sure you want to save?,,,,,Se sobrescribirá su condición anterior. ¿Seguro que desea guardar?,,,,,frontend/src/components/Settings/AssignmentRules/AssignmentRuleView.vue:636,frontend/src/components/Settings/AssignmentRules/AssignmentRuleView.vue:636,frontend/src/components/Settings/AssignmentRules/AssignmentRuleView.vue:641,client-js,,[],,,,,,,traducción propuesta,revisado inicial CRM,sí,sí,no,,Basado en cross-app plural; ajustado a singular por msgid.,crm:crossapp,Se sobrescribirán sus condiciones anteriores. ¿Seguro que desea guardar?,
crm:3c77aaa8d977ab8c,crm,crm,src,src,,Src,Your old conditions will be overwritten. Are you sure you want to save?,Your old conditions will be overwritten. Are you sure you want to save?,,,,,Se sobrescribirán sus condiciones anteriores. ¿Seguro que desea guardar?,,,,,frontend/src/components/Settings/Sla/SlaPolicyView.vue:413,frontend/src/components/Settings/Sla/SlaPolicyView.vue:413,frontend/src/components/Settings/Sla/SlaPolicyView.vue:400,client-js,,[],,,,,,,traducción propuesta,revisado inicial CRM,sí,sí,no,,Crossapp aprobado: reuso exacto.,Your old conditions will be overwritten. Are you sure you want to save?,Se sobrescribirán sus condiciones anteriores. ¿Seguro que desea guardar?,
crm:86ed974634d52e65,crm,crm,src,src,,Src,Zoho CRM,Zoho CRM,,,,,Zoho CRM,,,,,frontend/src/pages/PersonaForm.vue:62,frontend/src/pages/PersonaForm.vue:62,frontend/src/pages/PersonaForm.vue:62,client-js,,[],,,,,,,igual al inglés válida,revisado inicial CRM,sí,sí,no,,Nombre de producto; no se traduce.,,,
crm:1e214287dff6daab,crm,crm,src,src,,Src,added a,added a,,,,,agregó un,,,,,frontend/src/components/Activities/CommentArea.vue:9,frontend/src/components/Activities/CommentArea.vue:9,frontend/src/components/Activities/CommentArea.vue:9,client-js,,[],,,,,,,traducción propuesta,revisado inicial CRM,sí,sí,no,,Fragmento 'added a comment'.,,,
crm:7bf3c5c3422e0724,crm,crm,fcrm,fcrm,,Fcrm,amber,amber,,,,,ámbar,,Option for the 'Color' (Select) field in DocType 'CRM Deal Status',opción de campo select,,crm/fcrm/doctype/crm_deal_status/crm_deal_status.json,crm/fcrm/doctype/crm_deal_status/crm_deal_status.json || crm/fcrm/doctype/crm_lead_status/crm_lead_status.json,crm/fcrm/doctype/crm_deal_status/crm_deal_status.json || crm/fcrm/doctype/crm_lead_status/crm_lead_status.json,doctype-json,Crm Deal Status,"[""Option for the 'Color' (Select) field in DocType 'CRM Deal Status'"", ""Option for the 'Color' (Select) field in DocType 'CRM Lead Status'""]",,,,,,,traducción propuesta,revisado inicial CRM,sí,sí,no,,Nombre de color.,,,
crm:d9cdc156b7477b78,crm,crm,api,api,,Api,assigned a new task {0} to you,assigned a new task {0} to you,,,,,le asignó una nueva tarea {0},,,,,crm/api/todo.py:119,crm/api/todo.py:119,crm/api/todo.py:119,python,,[],{0},,{0},ok,,,traducción propuesta,revisado inicial CRM + pase dirigido,sí,,,,registro: 'te asignó' -> 'le asignó'. Placeholder {0} conservado.,,,
crm:c58f93ea6a230fe8,crm,crm,api,api,,Api,assigned a {0} {1} to you,assigned a {0} {1} to you,,,,,le asignó un {0} {1},,,,,crm/api/todo.py:99,crm/api/todo.py:99,crm/api/todo.py:99,python,,[],{0};{1},,{0};{1},ok,,,traducción propuesta,revisado inicial CRM + pase dirigido,sí,,,,registro: 'te asignó' -> 'le asignó'. Placeholders {0};{1} conservados.,,,
crm:43955d03de121c55,crm,crm,fcrm,fcrm,,Fcrm,black,black,,,negro,,negro,,Option for the 'Color' (Select) field in DocType 'CRM Deal Status',opción de campo select,,crm/fcrm/doctype/crm_deal_status/crm_deal_status.json,crm/fcrm/doctype/crm_deal_status/crm_deal_status.json || crm/fcrm/doctype/crm_lead_status/crm_lead_status.json,crm/fcrm/doctype/crm_deal_status/crm_deal_status.json || crm/fcrm/doctype/crm_lead_status/crm_lead_status.json,doctype-json,Crm Deal Status,"[""Option for the 'Color' (Select) field in DocType 'CRM Deal Status'"", ""Option for the 'Color' (Select) field in DocType 'CRM Lead Status'""]",,,,,,,existente correcta,revisado inicial CRM,sí,sí,no,,Nombre de color.,,,
crm:f5753b323ac50551,crm,crm,fcrm,fcrm,,Fcrm,blue,blue,,,azul,,azul,,Option for the 'Color' (Select) field in DocType 'CRM Deal Status',opción de campo select,,crm/fcrm/doctype/crm_deal_status/crm_deal_status.json,crm/fcrm/doctype/crm_deal_status/crm_deal_status.json || crm/fcrm/doctype/crm_lead_status/crm_lead_status.json,crm/fcrm/doctype/crm_deal_status/crm_deal_status.json || crm/fcrm/doctype/crm_lead_status/crm_lead_status.json,doctype-json,Crm Deal Status,"[""Option for the 'Color' (Select) field in DocType 'CRM Deal Status'"", ""Option for the 'Color' (Select) field in DocType 'CRM Lead Status'""]",,,,,,,existente correcta,revisado inicial CRM,sí,sí,no,,Cross-app aprobado exacto.,blue,azul,
crm:21732bb1d959d745,crm,crm,src,src,,Src,changes from,changes from,,,,,cambia de,,,,,frontend/src/components/Activities/Activities.vue:249,frontend/src/components/Activities/Activities.vue:249,frontend/src/components/Activities/Activities.vue:252,client-js,,[],,,,,,,traducción propuesta,revisado inicial CRM,sí,sí,no,,Fragmento de bitácora de cambios (changes from ... to ...).,,,
crm:0b6ae9aeae1e57e5,crm,crm,src,src,,Src,comment,comment,,,comentario,,comentario,,,,,frontend/src/components/Activities/CommentArea.vue:11,frontend/src/components/Activities/CommentArea.vue:11,frontend/src/components/Activities/CommentArea.vue:11,client-js,,[],,,,,,,existente correcta,revisado inicial CRM,sí,sí,no,,,,,
crm:4ac5a6666280fc90,crm,crm,api,api,,Api,converted the lead to this deal,converted the lead to this deal,,,,,convirtió el lead en este deal,,,,,crm/api/activities.py:54,crm/api/activities.py:54,crm/api/activities.py:54,python,,[],,,,,,,traducción propuesta,revisado inicial CRM,sí,no,no,,lead/deal protegidos en inglés.,,,
crm:4025e254cc26bf94,crm,crm,api,api,,Api,created this deal,created this deal,,,,,creó este deal,,,,,crm/api/activities.py:50,crm/api/activities.py:50,crm/api/activities.py:50,python,,[],,,,,,,traducción propuesta,revisado inicial CRM,sí,no,no,,deal protegido en inglés.,,,
crm:0003cc3bdb2ea553,crm,crm,api,api,,Api,created this lead,created this lead,,,,,creó este lead,,,,,crm/api/activities.py:202,crm/api/activities.py:202,crm/api/activities.py:202,python,,[],,,,,,,traducción propuesta,revisado inicial CRM,sí,no,no,,lead protegido en inglés.,,,
crm:f095cc573526c765,crm,crm,fcrm,fcrm,,Fcrm,cyan,cyan,,,cian,,cian,,Option for the 'Color' (Select) field in DocType 'CRM Deal Status',opción de campo select,,crm/fcrm/doctype/crm_deal_status/crm_deal_status.json,crm/fcrm/doctype/crm_deal_status/crm_deal_status.json || crm/fcrm/doctype/crm_lead_status/crm_lead_status.json,crm/fcrm/doctype/crm_deal_status/crm_deal_status.json || crm/fcrm/doctype/crm_lead_status/crm_lead_status.json,doctype-json,Crm Deal Status,"[""Option for the 'Color' (Select) field in DocType 'CRM Deal Status'"", ""Option for the 'Color' (Select) field in DocType 'CRM Lead Status'""]",,,,,,,existente correcta,revisado inicial CRM,sí,sí,no,,Cross-app aprobado exacto.,cyan,cian,
crm:6cef941611c818c9,crm,crm,src,src,,Src,deals,deals,,,operaciones,,deals,,,,,frontend/src/components/Settings/AssignmentRules/AssigneeRules.vue:135,frontend/src/components/Settings/AssignmentRules/AssigneeRules.vue:135 || frontend/src/components/Settings/AssignmentRules/AssignmentRuleView.vue:375,frontend/src/components/Settings/AssignmentRules/AssigneeRules.vue:135 || frontend/src/components/Settings/AssignmentRules/AssignmentRuleView.vue:380,client-js,,[],,,,,,,igual al inglés válida,revisado inicial CRM,sí,no,no,,Protegido Deal/Deals; se revierte 'operaciones'->deals (minúscula por contexto).,,,
crm:b80766156f723f25,crm,crm,src,src,,Src,desk,desk,,,escritorio,,escritorio,,,,,frontend/src/components/Settings/AssignmentRules/AssignmentRuleView.vue:190,frontend/src/components/Settings/AssignmentRules/AssignmentRuleView.vue:190 || frontend/src/components/Settings/AssignmentRules/AssignmentRuleView.vue:274,frontend/src/components/Settings/AssignmentRules/AssignmentRuleView.vue:190 || frontend/src/components/Settings/AssignmentRules/AssignmentRuleView.vue:274,client-js,,[],,,,,,,existente correcta,revisado inicial CRM,sí,sí,no,,'desk' (interfaz Frappe Desk); minúscula por contexto de frase.,,,
crm:32af836b60dadaeb,crm,crm,src,src,,Src,disabled,disabled,,,deshabilitado,,deshabilitado,,,,,frontend/src/components/Settings/Hierarchy/HierarchyRow.vue:47,frontend/src/components/Settings/Hierarchy/HierarchyRow.vue:47,frontend/src/components/Settings/Hierarchy/HierarchyRow.vue:47,client-js,,[],,,,,,,existente correcta,revisado inicial CRM,sí,sí,no,,Actual correcta.,,,
crm:93283eed80d68ad5,crm,crm,src,src,,CRM,email already exists,email already exists,,,,,El correo ya existe,,,,,frontend/src/components/Controls/MultiSelectEmailInput.vue:266,frontend/src/components/Controls/MultiSelectEmailInput.vue:266 || frontend/src/components/Controls/MultiSelectUserInput.vue:241,,client-js,,[],,,,,,,traducción propuesta,aprobado (lote crm 1.81.2),sí,,,,lote crm 1.81.2: reusar de Email Already Exists,,,"POT-only: en el universo fresco, sin traducir"
crm:df0eece8739df02e,crm,crm,fcrm,fcrm,,Fcrm,exchangerate-api,exchangerate-api,,,,,exchangerate-api,,Option for the 'Service Provider' (Select) field in DocType 'FCRM Settings',opción de campo select,,crm/fcrm/doctype/fcrm_settings/fcrm_settings.json,crm/fcrm/doctype/fcrm_settings/fcrm_settings.json,crm/fcrm/doctype/fcrm_settings/fcrm_settings.json,doctype-json,Fcrm Settings,"[""Option for the 'Service Provider' (Select) field in DocType 'FCRM Settings'""]",,,,,,,igual al inglés válida,revisado inicial CRM,sí,sí,no,,"Nombre de proveedor, no se traduce.",,,
crm:3b53132781733de7,crm,crm,fcrm,fcrm,,Fcrm,exchangerate.host,exchangerate.host,,,,,exchangerate.host,,Option for the 'Service Provider' (Select) field in DocType 'FCRM Settings',opción de campo select,,crm/fcrm/doctype/fcrm_settings/fcrm_settings.json,crm/fcrm/doctype/fcrm_settings/fcrm_settings.json,crm/fcrm/doctype/fcrm_settings/fcrm_settings.json,doctype-json,Fcrm Settings,"[""Option for the 'Service Provider' (Select) field in DocType 'FCRM Settings'""]",,,,,,,igual al inglés válida,revisado inicial CRM,sí,sí,no,,crossapp aprobado; nombre de proveedor.,,,
crm:5667f9fc60fbcb29,crm,crm,fcrm,fcrm,,Fcrm,fawazahmed-exchange-api,fawazahmed-exchange-api,,,,,fawazahmed-exchange-api,,Option for the 'Service Provider' (Select) field in DocType 'FCRM Settings',opción de campo select,,crm/fcrm/doctype/fcrm_settings/fcrm_settings.json,crm/fcrm/doctype/fcrm_settings/fcrm_settings.json,crm/fcrm/doctype/fcrm_settings/fcrm_settings.json,doctype-json,Fcrm Settings,"[""Option for the 'Service Provider' (Select) field in DocType 'FCRM Settings'""]",,,,,,,igual al inglés válida,revisado inicial CRM,sí,sí,no,,"Nombre de proveedor, no se traduce.",,,
crm:2935805581d02f0e,crm,crm,src,src,,Src,field,field,,,campo,,campo,,,,,frontend/src/components/FieldLayoutEditor.vue:157,frontend/src/components/FieldLayoutEditor.vue:157,frontend/src/components/FieldLayoutEditor.vue:157,client-js,,[],,,,,,,existente correcta,revisado inicial CRM,sí,sí,no,,"minúscula, conteo inline",,,
crm:892b2ded1865804f,crm,crm,src,src,,Src,fields,fields,,,campos,,campos,,,,,frontend/src/components/FieldLayoutEditor.vue:158,frontend/src/components/FieldLayoutEditor.vue:158,frontend/src/components/FieldLayoutEditor.vue:158,client-js,,[],,,,,,,existente correcta,revisado inicial CRM,sí,sí,no,,"minúscula, conteo inline",,,
crm:8e9abe1a9a235f73,crm,crm,fcrm,fcrm,,Fcrm,frankfurter.app,frankfurter.app,,,,,frankfurter.app,,Option for the 'Service Provider' (Select) field in DocType 'FCRM Settings',opción de campo select,,crm/fcrm/doctype/fcrm_settings/fcrm_settings.json,crm/fcrm/doctype/fcrm_settings/fcrm_settings.json,crm/fcrm/doctype/fcrm_settings/fcrm_settings.json,doctype-json,Fcrm Settings,"[""Option for the 'Service Provider' (Select) field in DocType 'FCRM Settings'""]",,,,,,,igual al inglés válida,revisado inicial CRM,sí,sí,no,,"Nombre de proveedor, no se traduce.",,,
crm:94989eb1ae8f5c0b,crm,crm,fcrm,fcrm,,Fcrm,gray,gray,,,gris,,gris,,Option for the 'Color' (Select) field in DocType 'CRM Deal Status',opción de campo select,,crm/fcrm/doctype/crm_deal_status/crm_deal_status.json,crm/fcrm/doctype/crm_deal_status/crm_deal_status.json || crm/fcrm/doctype/crm_lead_status/crm_lead_status.json,crm/fcrm/doctype/crm_deal_status/crm_deal_status.json || crm/fcrm/doctype/crm_lead_status/crm_lead_status.json,doctype-json,Crm Deal Status,"[""Option for the 'Color' (Select) field in DocType 'CRM Deal Status'"", ""Option for the 'Color' (Select) field in DocType 'CRM Lead Status'""]",,,,,,,existente correcta,revisado inicial CRM,sí,sí,no,,Cross-app aprobado exacto.,gray,gris,
crm:bbd2ba5741e3eebe,crm,crm,fcrm,fcrm,,Fcrm,green,green,,,verde,,verde,,Option for the 'Color' (Select) field in DocType 'CRM Deal Status',opción de campo select,,crm/fcrm/doctype/crm_deal_status/crm_deal_status.json,crm/fcrm/doctype/crm_deal_status/crm_deal_status.json || crm/fcrm/doctype/crm_lead_status/crm_lead_status.json,crm/fcrm/doctype/crm_deal_status/crm_deal_status.json || crm/fcrm/doctype/crm_lead_status/crm_lead_status.json,doctype-json,Crm Deal Status,"[""Option for the 'Color' (Select) field in DocType 'CRM Deal Status'"", ""Option for the 'Color' (Select) field in DocType 'CRM Lead Status'""]",,,,,,,existente correcta,revisado inicial CRM,sí,sí,no,,Cross-app aprobado exacto.,green,verde,
crm:4ad9904100fad3f8,crm,crm,fcrm,fcrm,,Fcrm,group_by,group_by,,,,,group_by,,Option for the 'Type' (Select) field in DocType 'CRM View Settings',opción de campo select,,crm/fcrm/doctype/crm_view_settings/crm_view_settings.json,crm/fcrm/doctype/crm_view_settings/crm_view_settings.json,crm/fcrm/doctype/crm_view_settings/crm_view_settings.json,doctype-json,Crm View Settings,"[""Option for the 'Type' (Select) field in DocType 'CRM View Settings'""]",,,,,,,igual al inglés válida,revisado inicial CRM,sí,sí,no,,crossapp group_by->group_by; valor interno de campo Select,,,
crm:9ce9026f1a5025f3,crm,crm,src,src,,Src,has made a call,has made a call,,,,,hizo una llamada,,,,,frontend/src/components/Activities/CallArea.vue:16,frontend/src/components/Activities/CallArea.vue:16,frontend/src/components/Activities/CallArea.vue:16,client-js,,[],,,,,,,traducción propuesta,revisado inicial CRM,sí,sí,no,,crossapp aprobado.,,,
crm:38e55085fa268955,crm,crm,src,src,,Src,has reached out,has reached out,,,,,se comunicó,,,,,frontend/src/components/Activities/CallArea.vue:15,frontend/src/components/Activities/CallArea.vue:15,frontend/src/components/Activities/CallArea.vue:15,client-js,,[],,,,,,,traducción propuesta,revisado inicial CRM,sí,sí,no,,crossapp aprobado.,,,
crm:d5a5b2b307b58ed2,crm,crm,src,src,,Src,here,here,,,,,aquí,,,,,frontend/src/components/Settings/EmailAdd.vue:36,frontend/src/components/Settings/EmailAdd.vue:36 || frontend/src/components/Settings/EmailEdit.vue:25,frontend/src/components/Settings/EmailAdd.vue:36 || frontend/src/components/Settings/EmailEdit.vue:25,client-js,,[],,,,,,,traducción propuesta,revisado inicial CRM,sí,sí,no,,Cross-app 'here'=aquí.,crm:crossapp,aquí,
crm:9d7e3b44f7c9faad,crm,crm,src,src,,Src,in 1 hour,in 1 hour,,,,,en 1 hora,,,,,frontend/src/utils/index.js:178,frontend/src/utils/index.js:178,frontend/src/utils/index.js:178,client-js,,[],,,,,,,traducción propuesta,revisado inicial CRM,sí,sí,no,,,,,
crm:e2ff69db14c92ef4,crm,crm,src,src,,Src,in 1 minute,in 1 minute,,,,,en 1 minuto,,,,,frontend/src/utils/index.js:174,frontend/src/utils/index.js:174,frontend/src/utils/index.js:174,client-js,,[],,,,,,,traducción propuesta,revisado inicial CRM,sí,sí,no,,,,,
crm:74a78420b5ff89eb,crm,crm,src,src,,Src,in 1 year,in 1 year,,,,,en 1 año,,,,,frontend/src/utils/index.js:192,frontend/src/utils/index.js:192,frontend/src/utils/index.js:192,client-js,,[],,,,,,,traducción propuesta,revisado inicial CRM,sí,sí,no,,,,,
crm:dfc6ae95404095ac,crm,crm,src,src,,Src,in {0} M,in {0} M,,,,,en {0} M,,,,,frontend/src/utils/index.js:143,frontend/src/utils/index.js:143,frontend/src/utils/index.js:143,client-js,,[],{0},,{0},ok,,,traducción propuesta,revisado inicial CRM,sí,sí,no,,Cross-app aprobado exacto; {0} preservado.,in {0} M,en {0} M,
crm:cabb8c0be412df3f,crm,crm,src,src,,Src,in {0} d,in {0} d,,,,,en {0} d,,,,,frontend/src/utils/index.js:139,frontend/src/utils/index.js:139,frontend/src/utils/index.js:139,client-js,,[],{0},,{0},ok,,,traducción propuesta,revisado inicial CRM,sí,sí,no,,Cross-app aprobado exacto; {0} preservado.,in {0} d,en {0} d,
crm:9426155bb24ede39,crm,crm,src,src,,Src,in {0} days,in {0} days,,,,,en {0} días,,,,,frontend/src/utils/index.js:186,frontend/src/utils/index.js:186,frontend/src/utils/index.js:186,client-js,,[],{0},,{0},ok,,,traducción propuesta,revisado inicial CRM,sí,sí,no,,Placeholder {0} preservado.,,,
crm:6aac253689f99d24,crm,crm,src,src,,Src,in {0} h,in {0} h,,,,,en {0} h,,,,,frontend/src/utils/index.js:133,frontend/src/utils/index.js:133,frontend/src/utils/index.js:133,client-js,,[],{0},,{0},ok,,,traducción propuesta,revisado inicial CRM,sí,sí,no,,Cross-app aprobado exacto; {0} preservado.,in {0} h,en {0} h,
crm:60e4fff5df8299e1,crm,crm,src,src,,Src,in {0} hours,in {0} hours,,,,,en {0} horas,,,,,frontend/src/utils/index.js:180,frontend/src/utils/index.js:180,frontend/src/utils/index.js:180,client-js,,[],{0},,{0},ok,,,traducción propuesta,revisado inicial CRM,sí,sí,no,,Placeholder {0} preservado.,,,
crm:9da0d54090119ddf,crm,crm,src,src,,Src,in {0} m,in {0} m,,,,,en {0} m,,,,,frontend/src/utils/index.js:131,frontend/src/utils/index.js:131,frontend/src/utils/index.js:131,client-js,,[],{0},,{0},ok,,,traducción propuesta,revisado inicial CRM,sí,sí,no,,Cross-app aprobado exacto; {0} preservado.,in {0} m,en {0} m,
crm:c71eee99fa07d9f4,crm,crm,src,src,,Src,in {0} minutes,in {0} minutes,,,,,en {0} minutos,,,,,frontend/src/utils/index.js:176,frontend/src/utils/index.js:176,frontend/src/utils/index.js:176,client-js,,[],{0},,{0},ok,,,traducción propuesta,revisado inicial CRM,sí,sí,no,,Placeholder {0} preservado.,,,
crm:004ddc11b13c7296,crm,crm,src,src,,Src,in {0} months,in {0} months,,,,,en {0} meses,,,,,frontend/src/utils/index.js:190,frontend/src/utils/index.js:190,frontend/src/utils/index.js:190,client-js,,[],{0},,{0},ok,,,traducción propuesta,revisado inicial CRM,sí,sí,no,,Placeholder {0} preservado.,,,
crm:b94caf1155b9e245,crm,crm,src,src,,Src,in {0} w,in {0} w,,,,,en {0} sem,,,,,frontend/src/utils/index.js:141,frontend/src/utils/index.js:141,frontend/src/utils/index.js:141,client-js,,[],{0},,{0},ok,,,traducción propuesta,revisado inicial CRM,sí,sí,no,,Cross-app aprobado exacto; {0} preservado.,in {0} w,en {0} sem,
crm:ea360ee0ad2419dc,crm,crm,src,src,,Src,in {0} weeks,in {0} weeks,,,,,en {0} semanas,,,,,frontend/src/utils/index.js:188,frontend/src/utils/index.js:188,frontend/src/utils/index.js:188,client-js,,[],{0},,{0},ok,,,traducción propuesta,revisado inicial CRM,sí,sí,no,,Placeholder {0} preservado.,,,
crm:4bd7519ae8719d21,crm,crm,src,src,,Src,in {0} y,in {0} y,,,,,en {0} a,,,,,frontend/src/utils/index.js:145,frontend/src/utils/index.js:145,frontend/src/utils/index.js:145,client-js,,[],{0},,{0},ok,,,traducción propuesta,revisado inicial CRM,sí,sí,no,,Cross-app aprobado exacto; {0} preservado.,in {0} y,en {0} a,
crm:64a6f56d5d4ed7c0,crm,crm,src,src,,Src,in {0} years,in {0} years,,,,,en {0} años,,,,,frontend/src/utils/index.js:194,frontend/src/utils/index.js:194,frontend/src/utils/index.js:194,client-js,,[],{0},,{0},ok,,,traducción propuesta,revisado inicial CRM,sí,sí,no,,Placeholder {0} preservado.,,,
crm:a72ef2dc09801120,crm,crm,src,src,,CRM,item,item,,,,,artículo,,,,,frontend/src/components/Settings/ERPNextSettings.vue:561,frontend/src/components/Settings/ERPNextSettings.vue:561,,client-js,,[],,,,,,,traducción propuesta,aprobado (lote crm 1.81.2),sí,,,,lote crm 1.81.2: nueva,,,"POT-only: en el universo fresco, sin traducir"
crm:3282ea85817a818d,crm,crm,src,src,,CRM,items,items,,,,,artículos,,,,,frontend/src/components/Settings/ERPNextSettings.vue:561,frontend/src/components/Settings/ERPNextSettings.vue:561,,client-js,,[],,,,,,,traducción propuesta,aprobado (lote crm 1.81.2),sí,,,,lote crm 1.81.2: nueva,,,"POT-only: en el universo fresco, sin traducir"
crm:b1428448a8dde11e,crm,crm,src,src,,Src,john@doe.com,john@doe.com,,,,,john@doe.com,,,,,frontend/src/components/Modals/AddExistingUserModal.vue:29,frontend/src/components/Modals/AddExistingUserModal.vue:29,frontend/src/components/Modals/AddExistingUserModal.vue:29,client-js,,[],,,,,,,igual al inglés válida,revisado inicial CRM,sí,sí,no,,Ejemplo de correo; no se traduce.,,,
crm:1fb95027496581e2,crm,crm,src,src,,Src,just now,just now,,,justo ahora,,justo ahora,,,,,frontend/src/utils/index.js:172,frontend/src/utils/index.js:172 || frontend/src/utils/index.js:198,frontend/src/utils/index.js:172 || frontend/src/utils/index.js:198,client-js,,[],,,,,,,existente correcta,revisado inicial CRM,sí,sí,no,,Cross-app aprobado exacto.,just now,justo ahora,
crm:791be6c44d56a8b3,crm,crm,fcrm,fcrm,,Fcrm,kanban,kanban,,,kanban,,kanban,,Option for the 'Type' (Select) field in DocType 'CRM View Settings',opción de campo select,,crm/fcrm/doctype/crm_view_settings/crm_view_settings.json,crm/fcrm/doctype/crm_view_settings/crm_view_settings.json,crm/fcrm/doctype/crm_view_settings/crm_view_settings.json,doctype-json,Crm View Settings,"[""Option for the 'Type' (Select) field in DocType 'CRM View Settings'""]",,,,,,,igual al inglés válida,revisado inicial CRM,sí,sí,no,,crossapp kanban->kanban; valor interno de campo Select,,,
crm:5d300acfec0b2648,crm,crm,api,api,,Api,label,label,,,etiqueta,,etiqueta,,,,,crm/api/doc.py:157,crm/api/doc.py:157 || crm/api/doc.py:47 || crm/api/doc.py:482,crm/api/doc.py:47 || crm/api/doc.py:157 || crm/api/doc.py:483,python,,[],,,,,,,existente correcta,revisado inicial CRM,sí,sí,no,,Cross-app: label=etiqueta.,,,
crm:b38e93084e889cc6,crm,crm,src,src,,Src,leads,leads,,,clientes potenciales,,leads,,,,,frontend/src/components/Settings/AssignmentRules/AssigneeRules.vue:134,frontend/src/components/Settings/AssignmentRules/AssigneeRules.vue:134 || frontend/src/components/Settings/AssignmentRules/AssignmentRuleView.vue:374,frontend/src/components/Settings/AssignmentRules/AssigneeRules.vue:134 || frontend/src/components/Settings/AssignmentRules/AssignmentRuleView.vue:379,client-js,,[],,,,,,,igual al inglés válida,revisado inicial CRM,sí,no,no,,Protegido Lead/Leads; se revierte 'clientes potenciales'->leads.,,,
crm:0b18b0ec922aa71c,crm,crm,fcrm,fcrm,,Fcrm,list,list,,,lista,,list,,Option for the 'Type' (Select) field in DocType 'CRM View Settings',opción de campo select,,crm/fcrm/doctype/crm_view_settings/crm_view_settings.json,crm/fcrm/doctype/crm_view_settings/crm_view_settings.json,crm/fcrm/doctype/crm_view_settings/crm_view_settings.json,doctype-json,Crm View Settings,"[""Option for the 'Type' (Select) field in DocType 'CRM View Settings'""]",,,,,,,igual al inglés válida,revisado inicial CRM,sí,sí,no,,crossapp list->list; valor interno de campo Select (no traducir),,,
crm:438a0ea8227eb0b0,crm,crm,src,api;src,sí,Src,mentioned you in {0},mentioned you in {0},,,,,le mencionó en {0},,,,,crm/api/comment.py:39,crm/api/comment.py:39 || frontend/src/components/Notifications.vue:63 || frontend/src/pages/MobileNotification.vue:50,crm/api/comment.py:39 || frontend/src/components/Notifications.vue:64 || frontend/src/pages/MobileNotification.vue:50,python,,[],{0},,{0},ok,,,traducción propuesta,revisado inicial CRM + pase dirigido,sí,,,,registro: 'te mencionó' -> 'le mencionó'. Placeholder {0} conservado.,,,
crm:7b0afa8ff9e5952a,crm,crm,src,src,,Src,next,next,,,siguiente,,siguiente,,,,,frontend/src/components/FieldLayoutEditor.vue:510,frontend/src/components/FieldLayoutEditor.vue:510,frontend/src/components/FieldLayoutEditor.vue:513,client-js,,[],,,,,,,existente correcta,revisado inicial CRM,sí,sí,no,,minúscula inline,,,
crm:6ed7463adb7cde87,crm,crm,src,src,,Src,now,now,,,ahora,,ahora,,,,,frontend/src/utils/index.js:129,frontend/src/utils/index.js:129 || frontend/src/utils/index.js:149,frontend/src/utils/index.js:129 || frontend/src/utils/index.js:149,client-js,,[],,,,,,,existente correcta,revisado inicial CRM,sí,sí,no,,Cross-app aprobado exacto.,now,ahora,
crm:32d79e53403a896e,crm,crm,api,api,,Api,old_value,old_value,,,,,old_value,,,,,crm/api/activities.py:109,crm/api/activities.py:109 || crm/api/activities.py:250,crm/api/activities.py:109 || crm/api/activities.py:250,python,,[],,,,,,,igual al inglés válida,revisado inicial CRM,sí,sí,no,,"Identificador de campo interno, no se traduce.",,,
crm:3e2f27d1c25dce16,crm,crm,fcrm,fcrm,,Fcrm,orange,orange,,,naranja,,naranja,,Option for the 'Color' (Select) field in DocType 'CRM Deal Status',opción de campo select,,crm/fcrm/doctype/crm_deal_status/crm_deal_status.json,crm/fcrm/doctype/crm_deal_status/crm_deal_status.json || crm/fcrm/doctype/crm_lead_status/crm_lead_status.json,crm/fcrm/doctype/crm_deal_status/crm_deal_status.json || crm/fcrm/doctype/crm_lead_status/crm_lead_status.json,doctype-json,Crm Deal Status,"[""Option for the 'Color' (Select) field in DocType 'CRM Deal Status'"", ""Option for the 'Color' (Select) field in DocType 'CRM Lead Status'""]",,,,,,,existente correcta,revisado inicial CRM,sí,sí,no,,Cross-app aprobado exacto.,orange,naranja,
crm:3c6a33793e5d410b,crm,crm,fcrm,fcrm,,Fcrm,pink,pink,,,rosa,,rosa,,Option for the 'Color' (Select) field in DocType 'CRM Deal Status',opción de campo select,,crm/fcrm/doctype/crm_deal_status/crm_deal_status.json,crm/fcrm/doctype/crm_deal_status/crm_deal_status.json || crm/fcrm/doctype/crm_lead_status/crm_lead_status.json,crm/fcrm/doctype/crm_deal_status/crm_deal_status.json || crm/fcrm/doctype/crm_lead_status/crm_lead_status.json,doctype-json,Crm Deal Status,"[""Option for the 'Color' (Select) field in DocType 'CRM Deal Status'"", ""Option for the 'Color' (Select) field in DocType 'CRM Lead Status'""]",,,,,,,existente correcta,revisado inicial CRM,sí,sí,no,,Cross-app aprobado exacto.,pink,rosa,
crm:9a3621f547ee0b51,crm,crm,src,src,,Src,previous,previous,,,anterior,,anterior,,,,,frontend/src/components/FieldLayoutEditor.vue:510,frontend/src/components/FieldLayoutEditor.vue:510,frontend/src/components/FieldLayoutEditor.vue:513,client-js,,[],,,,,,,existente correcta,revisado inicial CRM,sí,sí,no,,minúscula inline,,,
crm:c8f612eaaa9c7c7f,crm,crm,src,src,,Src,private,private,,,privado,,privado,,,,,frontend/src/components/Activities/AttachmentArea.vue:97,frontend/src/components/Activities/AttachmentArea.vue:97,frontend/src/components/Activities/AttachmentArea.vue:97,client-js,,[],,,,,,,existente correcta,revisado inicial CRM,sí,sí,no,,,,,
crm:e38db9c246d1f33e,crm,crm,src,src,,CRM,product,product,,,,,producto,,,,,frontend/src/components/Settings/ERPNextSettings.vue:565,frontend/src/components/Settings/ERPNextSettings.vue:565,,client-js,,[],,,,,,,traducción propuesta,aprobado (lote crm 1.81.2),sí,,,,lote crm 1.81.2: nueva,,,"POT-only: en el universo fresco, sin traducir"
crm:3b11b227a24d0f7c,crm,crm,src,src,,CRM,products,products,,,,,productos,,,,,frontend/src/components/Settings/ERPNextSettings.vue:565,frontend/src/components/Settings/ERPNextSettings.vue:565,,client-js,,[],,,,,,,traducción propuesta,aprobado (lote crm 1.81.2),sí,,,,lote crm 1.81.2: nueva,,,"POT-only: en el universo fresco, sin traducir"
crm:778fa3d8361a0523,crm,crm,src,src,,Src,public,public,,,público,,público,,,,,frontend/src/components/Activities/AttachmentArea.vue:97,frontend/src/components/Activities/AttachmentArea.vue:97,frontend/src/components/Activities/AttachmentArea.vue:97,client-js,,[],,,,,,,existente correcta,revisado inicial CRM,sí,sí,no,,,,,
crm:000cb504d57a13bd,crm,crm,fcrm,fcrm,,Fcrm,purple,purple,,,púrpura,,púrpura,,Option for the 'Color' (Select) field in DocType 'CRM Deal Status',opción de campo select,,crm/fcrm/doctype/crm_deal_status/crm_deal_status.json,crm/fcrm/doctype/crm_deal_status/crm_deal_status.json || crm/fcrm/doctype/crm_lead_status/crm_lead_status.json,crm/fcrm/doctype/crm_deal_status/crm_deal_status.json || crm/fcrm/doctype/crm_lead_status/crm_lead_status.json,doctype-json,Crm Deal Status,"[""Option for the 'Color' (Select) field in DocType 'CRM Deal Status'"", ""Option for the 'Color' (Select) field in DocType 'CRM Lead Status'""]",,,,,,,existente correcta,revisado inicial CRM,sí,sí,no,,Cross-app aprobado exacto.,purple,púrpura,
crm:292cb2dc6b93a6ca,crm,crm,api,api,,Api,received a whatsapp message in {0},received a whatsapp message in {0},,,,,recibió un mensaje de WhatsApp en {0},,,,,crm/api/whatsapp.py:72,crm/api/whatsapp.py:72,crm/api/whatsapp.py:72,python,,[],{0},,{0},ok,,,traducción propuesta,revisado inicial CRM,sí,sí,no,,Placeholder {0} preservado. WhatsApp=nombre propio.,,,
crm:0234da85d5f67982,crm,crm,fcrm,fcrm,,Fcrm,red,red,,,rojo,,rojo,,Option for the 'Color' (Select) field in DocType 'CRM Deal Status',opción de campo select,,crm/fcrm/doctype/crm_deal_status/crm_deal_status.json,crm/fcrm/doctype/crm_deal_status/crm_deal_status.json || crm/fcrm/doctype/crm_lead_status/crm_lead_status.json,crm/fcrm/doctype/crm_deal_status/crm_deal_status.json || crm/fcrm/doctype/crm_lead_status/crm_lead_status.json,doctype-json,Crm Deal Status,"[""Option for the 'Color' (Select) field in DocType 'CRM Deal Status'"", ""Option for the 'Color' (Select) field in DocType 'CRM Lead Status'""]",,,,,,,existente correcta,revisado inicial CRM,sí,sí,no,,Cross-app aprobado exacto.,red,rojo,
crm:c97e03baddc4afc2,crm,crm,fcrm,fcrm,,Fcrm,teal,teal,,,,,verde azulado,,Option for the 'Color' (Select) field in DocType 'CRM Deal Status',opción de campo select,,crm/fcrm/doctype/crm_deal_status/crm_deal_status.json,crm/fcrm/doctype/crm_deal_status/crm_deal_status.json || crm/fcrm/doctype/crm_lead_status/crm_lead_status.json,crm/fcrm/doctype/crm_deal_status/crm_deal_status.json || crm/fcrm/doctype/crm_lead_status/crm_lead_status.json,doctype-json,Crm Deal Status,"[""Option for the 'Color' (Select) field in DocType 'CRM Deal Status'"", ""Option for the 'Color' (Select) field in DocType 'CRM Lead Status'""]",,,,,,,traducción propuesta,revisado inicial CRM,sí,sí,no,,teal = verde azulado.,,,
crm:60ee8f45eb8a5bf2,crm,crm,src,src,,Src,to,to,,,a,,a,,,,,frontend/src/components/Activities/Activities.vue:288,frontend/src/components/Activities/Activities.vue:288 || frontend/src/components/Activities/Activities.vue:351,frontend/src/components/Activities/Activities.vue:291 || frontend/src/components/Activities/Activities.vue:354,client-js,,[],,,,,,,existente correcta,revisado inicial CRM,sí,sí,no,,crossapp 'to'->'a'.,,,
crm:99fa36c14588e14e,crm,crm,src,src,,Src,tomorrow,tomorrow,,,,,mañana,,,,,frontend/src/utils/index.js:137,frontend/src/utils/index.js:137 || frontend/src/utils/index.js:184,frontend/src/utils/index.js:137 || frontend/src/utils/index.js:184,client-js,,[],,,,,,,traducción propuesta,revisado inicial CRM,sí,sí,no,,tomorrow (minúscula) -> mañana.,Tomorrow,Mañana,
crm:58094db336f6238a,crm,crm,fcrm,fcrm,,Fcrm,unlinked_orphan,unlinked_orphan,,,,,unlinked_orphan,,Option for the 'Kind' (Select) field in DocType 'CRM Product Sync Issue',opción de campo select,,crm/fcrm/doctype/crm_product_sync_issue/crm_product_sync_issue.json,crm/fcrm/doctype/crm_product_sync_issue/crm_product_sync_issue.json,crm/fcrm/doctype/crm_product_sync_issue/crm_product_sync_issue.json,doctype-json,Crm Product Sync Issue,"[""Option for the 'Kind' (Select) field in DocType 'CRM Product Sync Issue'""]",,,,,,,igual al inglés válida,revisado inicial CRM,sí,sí,no,,"Valor interno de campo select (código), no se traduce.",,,
crm:a65e8d7ef2d3837a,crm,crm,api,api,,Api,value,value,,,valor,,valor,,,,,crm/api/activities.py:106,crm/api/activities.py:106 || crm/api/activities.py:247,crm/api/activities.py:106 || crm/api/activities.py:247,python,,[],,,,,,,existente correcta,revisado inicial CRM,sí,sí,no,,,,,
crm:78e3a23e38b4fa1c,crm,crm,fcrm,fcrm,,Fcrm,violet,violet,,,violeta,,violeta,,Option for the 'Color' (Select) field in DocType 'CRM Deal Status',opción de campo select,,crm/fcrm/doctype/crm_deal_status/crm_deal_status.json,crm/fcrm/doctype/crm_deal_status/crm_deal_status.json || crm/fcrm/doctype/crm_lead_status/crm_lead_status.json,crm/fcrm/doctype/crm_deal_status/crm_deal_status.json || crm/fcrm/doctype/crm_lead_status/crm_lead_status.json,doctype-json,Crm Deal Status,"[""Option for the 'Color' (Select) field in DocType 'CRM Deal Status'"", ""Option for the 'Color' (Select) field in DocType 'CRM Lead Status'""]",,,,,,,existente correcta,revisado inicial CRM,sí,sí,no,,Nombre de color.,,,
crm:676de7fda5aaffe4,crm,crm,src,src,,Src,"which are not compatible with this UI, you will need to recreate the conditions here if you want to manage and add new conditions from this UI.","which are not compatible with this UI, you will need to recreate the conditions here if you want to manage and add new conditions from this UI.",,,,,que no son compatibles con esta interfaz; deberá volver a crear las condiciones aquí si desea gestionar y agregar nuevas condiciones desde esta interfaz.,,,,,frontend/src/components/Settings/AssignmentRules/AssignmentRuleView.vue:193,frontend/src/components/Settings/AssignmentRules/AssignmentRuleView.vue:193 || frontend/src/components/Settings/AssignmentRules/AssignmentRuleView.vue:277,frontend/src/components/Settings/AssignmentRules/AssignmentRuleView.vue:193 || frontend/src/components/Settings/AssignmentRules/AssignmentRuleView.vue:277,client-js,,[],,,,,,,traducción propuesta,revisado inicial CRM,sí,sí,no,,Fragmento de frase.,,,
crm:3f2de926b5b72097,crm,crm,fcrm,fcrm,,Fcrm,yellow,yellow,,,amarillo,,amarillo,,Option for the 'Color' (Select) field in DocType 'CRM Deal Status',opción de campo select,,crm/fcrm/doctype/crm_deal_status/crm_deal_status.json,crm/fcrm/doctype/crm_deal_status/crm_deal_status.json || crm/fcrm/doctype/crm_lead_status/crm_lead_status.json,crm/fcrm/doctype/crm_deal_status/crm_deal_status.json || crm/fcrm/doctype/crm_lead_status/crm_lead_status.json,doctype-json,Crm Deal Status,"[""Option for the 'Color' (Select) field in DocType 'CRM Deal Status'"", ""Option for the 'Color' (Select) field in DocType 'CRM Lead Status'""]",,,,,,,existente correcta,revisado inicial CRM,sí,sí,no,,Cross-app aprobado: yellow->amarillo.,,,
crm:e3fec86b7d563362,crm,crm,src,src,,Src,yesterday,yesterday,,,ayer,,ayer,,,,,frontend/src/utils/index.js:211,frontend/src/utils/index.js:211,frontend/src/utils/index.js:211,client-js,,[],,,,,,,existente correcta,revisado inicial CRM,sí,sí,no,,Cross-app aprobado exacto.,yesterday,ayer,
crm:e30ec393367e5209,crm,crm,src,src,,Src,{0} (Invalid time format),{0} (Invalid time format),,,,,{0} (formato de hora no válido),,,,,frontend/src/components/Settings/Sla/utils.js:254,frontend/src/components/Settings/Sla/utils.js:254,frontend/src/components/Settings/Sla/utils.js:254,client-js,,[],{0},,{0},ok,,,traducción propuesta,revisado inicial CRM,sí,sí,no,,Placeholder {0} preservado.,,,
crm:73063bec86900ce0,crm,crm,src,src,,Src,{0} M,{0} M,,,{0} M,,{0} M,,,,,frontend/src/utils/index.js:162,frontend/src/utils/index.js:162,frontend/src/utils/index.js:162,client-js,,[],{0},{0},{0},ok,,,igual al inglés válida,revisado inicial CRM,sí,sí,no,,Abreviatura de mes (M); cross-app; {0} preservado.,{0} M,{0} M,
crm:6c868eb2b8429461,crm,crm,api,api,,Api,{0} assigned a {1} {2} to you,{0} assigned a {1} {2} to you,,,,,{0} le asignó un {1} {2},,,,,crm/api/todo.py:51,crm/api/todo.py:51,crm/api/todo.py:51,python,,[],{0};{1};{2},,{0};{1};{2},ok,,,traducción propuesta,revisado inicial CRM + pase dirigido,sí,,,,registro: 'te asignó' -> 'le asignó'. Placeholders {0};{1};{2} conservados.,,,
crm:54d0e503d193b2a9,crm,crm,src,src,,Src,{0} d,{0} d,,,{0} d,,{0} d,,,,,frontend/src/utils/index.js:158,frontend/src/utils/index.js:158,frontend/src/utils/index.js:158,client-js,,[],{0},{0},{0},ok,,,igual al inglés válida,revisado inicial CRM,sí,sí,no,,Abreviatura día (d) igual en es; cross-app; {0} preservado.,{0} d,{0} d,
crm:76b390b60d6fb812,crm,crm,src,src,,Src,{0} days ago,{0} days ago,,,Hace {0} días,,Hace {0} días,,,,,frontend/src/utils/index.js:213,frontend/src/utils/index.js:213,frontend/src/utils/index.js:213,client-js,,[],{0},{0},{0},ok,,,existente correcta,revisado inicial CRM,sí,sí,no,,Cross-app aprobado exacto; {0} preservado.,{0} days ago,Hace {0} días,
crm:b9ce84f8f5a4806e,crm,crm,src,src,,Src,{0} h,{0} h,,,{0} h,,{0} h,,,,,frontend/src/utils/index.js:153,frontend/src/utils/index.js:153,frontend/src/utils/index.js:153,client-js,,[],{0},{0},{0},ok,,,igual al inglés válida,revisado inicial CRM,sí,sí,no,,Abreviatura hora (h) igual en es; cross-app; {0} preservado.,{0} h,{0} h,
crm:5840cd9ff9c100c5,crm,crm,src,src,,Src,{0} has been granted {1} access,{0} has been granted {1} access,,,,,Se ha otorgado a {0} el acceso {1},,,,,frontend/src/components/Settings/Users.vue:274,frontend/src/components/Settings/Users.vue:274,,client-js,,[],{0};{1},,{0};{1},ok,,,traducción propuesta,revisado inicial CRM,sí,sí,no,,placeholders {0} {1} preservados,,,"POT-only: en el universo fresco, sin traducir"
crm:674e8b52220c1957,crm,crm,src,src,,Src,{0} hours ago,{0} hours ago,,,Hace {0} horas,,Hace {0} horas,,,,,frontend/src/utils/index.js:206,frontend/src/utils/index.js:206,frontend/src/utils/index.js:206,client-js,,[],{0},{0},{0},ok,,,existente correcta,revisado inicial CRM,sí,sí,no,,Cross-app aprobado exacto; {0} preservado.,{0} hours ago,Hace {0} horas,
crm:ed87401c0339228c,crm,crm,src,src,,Src,{0} is an invalid email address,{0} is an invalid email address,,,,,{0} es una dirección de correo no válida,,,,,frontend/src/components/EmailEditor.vue:37,frontend/src/components/EmailEditor.vue:37 || frontend/src/components/EmailEditor.vue:73 || frontend/src/components/EmailEditor.vue:87 || frontend/src/components/Modals/AddExistingUserModal.vue:36,frontend/src/components/Calendar/CalendarEventPanel.vue:368 || frontend/src/components/EmailEditor.vue:47 || frontend/src/components/EmailEditor.vue:83 || frontend/src/components/EmailEditor.vue:97 || frontend/src/components/Modals/AddExistingUserModal.vue:37 || frontend/src/components/Modals/EventModal.vue:127,client-js,,[],{0},,{0},ok,,,traducción propuesta,revisado inicial CRM,sí,sí,no,,Placeholder {0} preservado.,,,
crm:02f54e60211b0c61,crm,crm,src,src,,Src,{0} is required,{0} is required,,,{0} es requerido,,Se requiere {0},,,,,frontend/src/components/Modals/ContactModal.vue:106,frontend/src/components/Modals/ContactModal.vue:106 || frontend/src/components/Modals/ConvertToDealModal.vue:171,frontend/src/components/Modals/ContactModal.vue:106 || frontend/src/components/Modals/ConvertToDealModal.vue:169,client-js,,[],{0},{0},{0},ok,,,existente mejorable,revisado inicial CRM,sí,sí,no,,crossapp: '{0} is required'->'Se requiere {0}'.,,,
crm:378c331c8079bb4f,crm,crm,src,src,,Src,{0} m,{0} m,,,{0} m,,{0} m,,,,,frontend/src/utils/index.js:151,frontend/src/utils/index.js:151,frontend/src/utils/index.js:151,client-js,,[],{0},{0},{0},ok,,,igual al inglés válida,revisado inicial CRM,sí,sí,no,,Abreviatura minuto (m) igual en es; cross-app; {0} preservado.,{0} m,{0} m,
crm:92780375d0663479,crm,crm,src,src,,Src,{0} minutes ago,{0} minutes ago,,,Hace {0} minutos,,Hace {0} minutos,,,,,frontend/src/utils/index.js:202,frontend/src/utils/index.js:202,frontend/src/utils/index.js:202,client-js,,[],{0},{0},{0},ok,,,existente correcta,revisado inicial CRM,sí,sí,no,,Cross-app aprobado exacto; {0} preservado.,{0} minutes ago,Hace {0} minutos,
crm:af0528eeaec41fd7,crm,crm,src,src,,Src,{0} months ago,{0} months ago,,,Hace {0} meses,,Hace {0} meses,,,,,frontend/src/utils/index.js:221,frontend/src/utils/index.js:221,frontend/src/utils/index.js:221,client-js,,[],{0},{0},{0},ok,,,existente correcta,revisado inicial CRM,sí,sí,no,,Cross-app aprobado exacto; {0} preservado.,{0} months ago,Hace {0} meses,
crm:66ee5b80ada44711,crm,crm,src,src,,CRM,{0} not yet synced,{0} not yet synced,,,,,{0} aún no sincronizado,,,,,frontend/src/components/Settings/ERPNextSettings.vue:569,frontend/src/components/Settings/ERPNextSettings.vue:569,,client-js,,[],{0},,{0},ok,,,traducción propuesta,aprobado (lote crm 1.81.2),sí,,,,lote crm 1.81.2: nueva,,,"POT-only: en el universo fresco, sin traducir"
crm:b69becd205e4885b,crm,crm,src,src,,Src,{0} routing,{0} routing,,,,,Enrutamiento de {0},,,,,frontend/src/components/Settings/AssignmentRules/AssigneeRules.vue:20,frontend/src/components/Settings/AssignmentRules/AssigneeRules.vue:20,,client-js,,[],{0},,{0},ok,,,traducción propuesta,revisado inicial CRM,sí,sí,no,,{0} preservado; routing=enrutamiento.,,,"POT-only: en el universo fresco, sin traducir"
crm:4290d2652fd60528,crm,crm,src,src,,Src,{0} users added to hierarchy,{0} users added to hierarchy,,,,,{0} usuarios agregados a la jerarquía,,,,,frontend/src/components/Settings/Hierarchy/Hierarchy.vue:507,frontend/src/components/Settings/Hierarchy/Hierarchy.vue:507,frontend/src/components/Settings/Hierarchy/Hierarchy.vue:503,client-js,,[],{0},,{0},ok,,,traducción propuesta,revisado inicial CRM,sí,sí,no,,Placeholder {0} preservado.,,,
crm:752a843c46dc4447,crm,crm,src,src,,Src,{0} w,{0} w,,,{0} w,,{0} sem,,,,,frontend/src/utils/index.js:160,frontend/src/utils/index.js:160,frontend/src/utils/index.js:160,client-js,,[],{0},{0},{0},ok,,,existente mejorable,revisado inicial CRM,sí,sí,no,,Cross-app aprobado 'sem' para semana; upstream '{0} w' corregido; {0} preservado.,{0} w,{0} sem,
crm:c9f589555e3fbc1b,crm,crm,src,src,,Src,{0} weeks ago,{0} weeks ago,,,Hace {0} semanas,,Hace {0} semanas,,,,,frontend/src/utils/index.js:217,frontend/src/utils/index.js:217,frontend/src/utils/index.js:217,client-js,,[],{0},{0},{0},ok,,,existente correcta,revisado inicial CRM,sí,sí,no,,Cross-app aprobado exacto; {0} preservado.,{0} weeks ago,Hace {0} semanas,
crm:2d486211d3683ee1,crm,crm,src,src,,Src,{0} y,{0} y,,,{0} años,,{0} a,,,,,frontend/src/utils/index.js:164,frontend/src/utils/index.js:164,frontend/src/utils/index.js:164,client-js,,[],{0},{0},{0},ok,,,existente mejorable,revisado inicial CRM,sí,sí,no,,Cross-app aprobado 'a' para año (abreviatura consistente); upstream '{0} años' es la forma larga; {0} preservado.,{0} y,{0} a,
crm:f76816f7b4a6e43f,crm,crm,src,src,,Src,{0} years ago,{0} years ago,,,Hace {0} años,,Hace {0} años,,,,,frontend/src/utils/index.js:225,frontend/src/utils/index.js:225,frontend/src/utils/index.js:225,client-js,,[],{0},{0},{0},ok,,,existente correcta,revisado inicial CRM,sí,sí,no,,Cross-app aprobado exacto; {0} preservado.,{0} years ago,Hace {0} años,
crm:1605d4bfe5f751c6,crm,crm,src,src,,Src,{0}% complete,{0}% complete,,,,,{0}% completado,,,,,frontend/src/components/Questionnaire.vue:92,frontend/src/components/Questionnaire.vue:92,frontend/src/components/Questionnaire.vue:92,client-js,,[],{0},,{0},ok,python-format,,traducción propuesta,revisado inicial CRM,sí,sí,no,,Placeholder {0} preservado.,,,
crm:313a2ba578d46a98,crm,crm,src,src,,Src,"⚠️ Avoid using ""trigger"" as a field name — it conflicts with the built-in trigger() method.","⚠️ Avoid using ""trigger"" as a field name — it conflicts with the built-in trigger() method.",,,,,"⚠️ Evita usar ""trigger"" como nombre de campo: entra en conflicto con el método integrado trigger().",,,,,frontend/src/utils/scriptHelpers.js:43,frontend/src/utils/scriptHelpers.js:43,frontend/src/utils/scriptHelpers.js:43,client-js,,[],,,,,,,traducción propuesta,revisado inicial CRM,sí,sí,no,,"Emoji, 'trigger' y trigger() preservados (identificadores de código).",,,
crm:3b5f3ece64a9c630,crm,crm,src,src,,Src,"⚠️ Method ""{0}"" not found in class.","⚠️ Method ""{0}"" not found in class.",,,,,"⚠️ No se encontró el método ""{0}"" en la clase.",,,,,frontend/src/utils/scriptHelpers.js:55,frontend/src/utils/scriptHelpers.js:55,frontend/src/utils/scriptHelpers.js:55,client-js,,[],{0},,{0},ok,,,traducción propuesta,revisado inicial CRM,sí,sí,no,,Emoji y {0} preservados.,,,
crm:8f3fa6ddea9fa36b,crm,crm,src,src,,Src,"⚠️ No class found for doctype: {0}, it is mandatory to have a class for the parent doctype. it can be empty, but it should be present.","⚠️ No class found for doctype: {0}, it is mandatory to have a class for the parent doctype. it can be empty, but it should be present.",,,,,"⚠️ No se encontró ninguna clase para el doctype: {0}; es obligatorio tener una clase para el doctype padre. Puede estar vacía, pero debe existir.",,,,,frontend/src/data/script.js:116,frontend/src/data/script.js:116,frontend/src/data/script.js:116,client-js,,[],{0},,{0},ok,,,traducción propuesta,revisado inicial CRM,sí,sí,no,,Emoji y {0} preservados; mensaje de desarrollador.,,,
crm:2a9302643a1b47be,crm,crm,src,src,,Src,⚠️ No data found for parent field: {0},⚠️ No data found for parent field: {0},,,,,⚠️ No se encontraron datos para el campo padre: {0},,,,,frontend/src/data/script.js:249,frontend/src/data/script.js:249,frontend/src/data/script.js:249,client-js,,[],{0},,{0},ok,,,traducción propuesta,revisado inicial CRM,sí,sí,no,,Emoji y {0} preservados.,,,
crm:f215786c4f6c45df,crm,crm,src,src,,Src,⚠️ No row found for idx: {0} in parent field: {1},⚠️ No row found for idx: {0} in parent field: {1},,,,,⚠️ No se encontró ninguna fila para idx: {0} en el campo padre: {1},,,,,frontend/src/data/script.js:257,frontend/src/data/script.js:257,frontend/src/data/script.js:257,client-js,,[],{0};{1},,{0};{1},ok,,,traducción propuesta,revisado inicial CRM,sí,sí,no,,Emoji y {0};{1} preservados; 'idx' técnico conservado.,,,
crm:1a5b1b334b6b1477,crm,crm,src,src,,Src,Integrations,Integrations,,FCRM,Integraciones,,Integraciones,,,,,frontend/src/components/Settings/Settings.vue:212,frontend/src/components/Settings/Settings.vue:212,frontend/src/components/Settings/Settings.vue:217,client-js,,[],,,,,,,existente correcta,revisado inicial CRM,sí,sí,no,,Crossapp aprobado: reuso exacto.,Integrations,Integraciones,
